order_item_id,order_id,product_id,quantity,unit_price,discount
1,1,35,2,482.46,0.0
2,2,175,1,37.24,0.0
3,3,22,1,1492.69,0.05
4,3,8,3,410.45,0.0
5,4,47,3,2343.1,0.0
6,4,104,2,276.16,0.0
7,4,44,1,633.94,0.0
8,5,152,3,38.17,0.0
9,6,131,1,602.2,0.05
10,6,147,1,462.52,0.0
11,7,62,1,759.59,0.0
12,7,12,1,899.67,0.0
13,8,27,1,526.29,0.0
14,8,137,1,641.9,0.0
15,9,30,2,2294.13,0.1
16,9,116,1,351.25,0.0
17,10,14,1,281.59,0.0
18,10,67,1,755.51,0.0
19,10,100,1,92.31,0.0
20,10,117,1,331.2,0.0
21,11,114,1,233.3,0.0
22,11,138,1,569.79,0.0
23,12,5,1,983.84,0.1
24,12,80,1,299.0,0.1
25,12,118,1,227.27,0.1
26,13,54,1,913.58,0.0
27,13,105,1,432.62,0.0
28,14,22,2,1492.69,0.0
29,14,171,1,41.81,0.05
30,14,36,1,1805.42,0.0
31,15,106,1,347.14,0.0
32,15,20,2,1259.83,0.0
33,15,113,1,24.88,0.05
34,15,7,1,1203.99,0.0
35,16,153,1,58.82,0.0
36,17,158,2,28.13,0.0
37,17,47,1,2343.1,0.0
38,17,28,1,784.32,0.0
39,18,17,2,1330.67,0.0
40,18,24,1,496.62,0.0
41,18,170,1,27.31,0.1
42,19,16,1,1438.96,0.2
43,19,43,1,1099.47,0.05
44,20,54,1,913.58,0.0
45,20,24,1,496.62,0.1
46,20,7,1,1203.99,0.0
47,20,17,1,1330.67,0.05
48,21,109,2,214.58,0.1
49,21,60,2,228.38,0.0
50,22,6,2,580.13,0.0
51,23,164,1,30.98,0.0
52,24,169,1,43.99,0.1
53,24,1,1,231.51,0.0
54,24,167,1,60.83,0.05
55,24,104,1,276.16,0.0
56,25,170,1,27.31,0.05
57,25,9,1,893.38,0.1
58,26,113,1,24.88,0.1
59,26,67,2,755.51,0.0
60,26,100,1,92.31,0.05
61,27,107,1,206.43,0.0
62,28,45,2,1559.3,0.05
63,28,153,1,58.82,0.0
64,28,134,2,448.79,0.05
65,28,88,2,46.08,0.05
66,29,80,1,299.0,0.0
67,30,43,1,1099.47,0.0
68,30,53,1,656.09,0.0
69,31,57,1,714.19,0.1
70,31,42,1,926.35,0.0
71,32,91,1,261.69,0.0
72,33,167,1,60.83,0.0
73,33,2,2,240.32,0.0
74,34,164,1,30.98,0.0
75,35,32,1,856.17,0.1
76,36,28,1,784.32,0.0
77,36,46,1,1831.34,0.05
78,37,88,3,46.08,0.0
79,38,5,1,983.84,0.2
80,38,103,2,220.54,0.1
81,39,46,1,1831.34,0.15
82,39,146,2,78.96,0.0
83,40,110,1,301.79,0.0
84,41,124,1,394.12,0.1
85,42,97,1,274.08,0.0
86,42,82,1,159.8,0.0
87,43,45,1,1559.3,0.05
88,43,48,1,775.66,0.2
89,44,28,2,784.32,0.0
90,44,8,1,410.45,0.0
91,45,73,2,264.34,0.0
92,46,107,1,206.43,0.0
93,46,78,1,274.78,0.2
94,46,35,1,482.46,0.0
95,47,168,1,35.65,0.05
96,47,17,1,1330.67,0.0
97,48,109,2,214.58,0.05
98,49,174,1,64.3,0.15
99,50,9,2,893.38,0.0
100,50,128,1,367.46,0.05
101,51,39,2,730.27,0.0
102,52,53,1,656.09,0.0
103,53,149,1,559.5,0.1
104,53,21,2,543.57,0.1
105,53,164,2,30.98,0.1
106,53,12,1,899.67,0.0
107,54,37,2,2349.94,0.0
108,54,171,2,41.81,0.0
109,55,130,1,690.85,0.0
110,55,17,1,1330.67,0.0
111,56,169,3,43.99,0.0
112,57,49,1,2052.49,0.0
113,58,15,1,1175.14,0.05
114,58,6,3,580.13,0.0
115,59,24,1,496.62,0.0
116,59,14,1,281.59,0.0
117,59,12,2,899.67,0.2
118,59,32,1,856.17,0.0
119,60,13,1,861.38,0.1
120,61,144,2,623.37,0.05
121,62,2,2,240.32,0.0
122,63,2,3,240.32,0.0
123,64,11,1,475.41,0.0
124,65,15,1,1175.14,0.0
125,66,56,2,580.05,0.05
126,67,114,1,233.3,0.0
127,68,57,1,714.19,0.1
128,68,104,1,276.16,0.0
129,68,108,1,387.83,0.0
130,69,4,1,560.23,0.05
131,69,9,1,893.38,0.0
132,70,31,2,1861.84,0.0
133,71,10,2,496.76,0.05
134,72,169,2,43.99,0.0
135,73,12,2,899.67,0.0
136,74,170,1,27.31,0.05
137,75,126,1,635.26,0.05
138,75,140,2,424.81,0.0
139,76,49,2,2052.49,0.0
140,77,156,1,38.57,0.0
141,78,161,2,31.02,0.0
142,78,25,2,900.0,0.05
143,78,128,1,367.46,0.05
144,79,5,2,983.84,0.05
145,79,16,1,1438.96,0.0
146,79,13,1,861.38,0.1
147,80,31,1,1861.84,0.0
148,81,16,1,1438.96,0.0
149,81,57,3,714.19,0.05
150,82,21,1,543.57,0.05
151,82,84,1,292.46,0.0
152,83,129,1,632.28,0.0
153,84,35,1,482.46,0.0
154,85,53,2,656.09,0.05
155,86,116,1,351.25,0.0
156,87,93,1,340.41,0.0
157,88,85,2,180.1,0.05
158,88,96,2,285.92,0.0
159,89,36,1,1805.42,0.05
160,90,14,1,281.59,0.0
161,91,124,1,394.12,0.15
162,91,175,1,37.24,0.0
163,92,146,1,78.96,0.0
164,93,36,1,1805.42,0.0
165,94,31,1,1861.84,0.15
166,95,19,1,344.43,0.0
167,95,138,1,569.79,0.0
168,95,56,1,580.05,0.0
169,96,98,2,218.62,0.0
170,97,6,1,580.13,0.0
171,98,28,1,784.32,0.05
172,99,4,2,560.23,0.0
173,100,38,1,846.62,0.1
174,101,165,1,11.79,0.0
175,101,5,3,983.84,0.05
176,102,87,3,255.5,0.0
177,103,15,1,1175.14,0.0
178,104,11,1,475.41,0.1
179,105,8,1,410.45,0.0
180,106,110,1,301.79,0.05
181,106,57,1,714.19,0.0
182,106,46,1,1831.34,0.1
183,107,26,1,597.08,0.0
184,108,154,2,67.7,0.1
185,109,132,1,684.44,0.15
186,109,3,1,744.38,0.0
187,109,7,2,1203.99,0.05
188,109,57,2,714.19,0.0
189,110,30,1,2294.13,0.05
190,111,160,1,54.58,0.0
191,112,151,1,6.17,0.15
192,113,19,1,344.43,0.1
193,114,8,1,410.45,0.1
194,114,155,1,28.84,0.2
195,115,16,1,1438.96,0.0
196,115,155,1,28.84,0.0
197,116,8,2,410.45,0.1
198,116,123,1,287.0,0.0
199,116,19,1,344.43,0.0
200,117,66,1,862.88,0.1
201,118,10,1,496.76,0.0
202,118,24,1,496.62,0.0
203,119,147,3,462.52,0.0
204,120,35,1,482.46,0.0
205,120,114,1,233.3,0.1
206,121,115,1,215.42,0.0
207,121,71,1,564.0,0.0
208,122,130,2,690.85,0.0
209,122,135,1,635.25,0.05
210,122,109,1,214.58,0.0
211,123,42,1,926.35,0.2
212,124,161,1,31.02,0.1
213,124,29,2,2154.66,0.15
214,125,122,1,25.6,0.1
215,125,32,1,856.17,0.05
216,125,144,1,623.37,0.0
217,125,29,1,2154.66,0.0
218,126,31,1,1861.84,0.05
219,127,94,1,206.74,0.0
220,127,157,2,70.72,0.0
221,128,151,1,6.17,0.0
222,128,74,2,435.88,0.0
223,128,7,2,1203.99,0.05
224,128,145,1,182.4,0.1
225,129,49,1,2052.49,0.05
226,130,103,1,220.54,0.05
227,130,94,1,206.74,0.0
228,131,167,1,60.83,0.05
229,131,96,1,285.92,0.0
230,132,5,1,983.84,0.0
231,133,20,1,1259.83,0.0
232,134,1,1,231.51,0.0
233,135,89,2,157.12,0.0
234,135,71,1,564.0,0.0
235,136,70,1,554.43,0.1
236,137,28,1,784.32,0.0
237,138,97,3,274.08,0.1
238,138,33,1,1625.77,0.1
239,139,6,1,580.13,0.0
240,140,40,1,1027.7,0.0
241,141,39,1,730.27,0.15
242,142,1,1,231.51,0.15
243,142,104,1,276.16,0.1
244,143,78,1,274.78,0.0
245,144,90,1,92.0,0.0
246,145,107,1,206.43,0.05
247,145,148,1,174.44,0.05
248,146,137,2,641.9,0.1
249,147,91,1,261.69,0.0
250,148,16,1,1438.96,0.0
251,149,3,1,744.38,0.0
252,150,33,1,1625.77,0.05
253,151,55,1,458.59,0.0
254,151,114,1,233.3,0.2
255,151,14,1,281.59,0.0
256,151,64,1,262.34,0.0
257,152,30,1,2294.13,0.15
258,153,96,3,285.92,0.0
259,153,144,1,623.37,0.0
260,153,173,1,47.43,0.0
261,154,129,1,632.28,0.1
262,155,6,1,580.13,0.0
263,156,91,1,261.69,0.0
264,157,175,1,37.24,0.1
265,158,44,1,633.94,0.0
266,159,159,2,11.9,0.0
267,159,121,2,434.1,0.0
268,159,78,2,274.78,0.0
269,159,153,1,58.82,0.15
270,160,152,1,38.17,0.0
271,161,43,1,1099.47,0.0
272,161,71,3,564.0,0.1
273,162,89,1,157.12,0.0
274,162,168,1,35.65,0.1
275,163,155,1,28.84,0.0
276,164,61,1,188.28,0.05
277,165,39,1,730.27,0.1
278,166,175,2,37.24,0.05
279,167,145,2,182.4,0.0
280,167,125,1,205.61,0.05
281,168,9,1,893.38,0.0
282,168,64,1,262.34,0.0
283,169,166,1,58.4,0.2
284,169,7,1,1203.99,0.0
285,170,5,1,983.84,0.0
286,170,7,1,1203.99,0.0
287,171,159,1,11.9,0.0
288,172,96,1,285.92,0.1
289,172,39,1,730.27,0.0
290,172,106,1,347.14,0.0
291,172,12,1,899.67,0.05
292,173,83,2,220.71,0.0
293,173,73,1,264.34,0.0
294,174,6,1,580.13,0.0
295,174,126,1,635.26,0.0
296,175,146,1,78.96,0.0
297,176,39,2,730.27,0.0
298,177,49,1,2052.49,0.2
299,177,159,1,11.9,0.05
300,177,41,1,970.93,0.0
301,178,119,3,264.87,0.05
302,179,31,1,1861.84,0.05
303,179,10,1,496.76,0.0
304,180,56,1,580.05,0.0
305,181,47,1,2343.1,0.1
306,181,143,1,624.59,0.05
307,182,97,1,274.08,0.0
308,182,31,1,1861.84,0.05
309,183,20,1,1259.83,0.0
310,183,156,1,38.57,0.0
311,184,2,1,240.32,0.0
312,184,42,1,926.35,0.0
313,184,36,1,1805.42,0.0
314,185,169,1,43.99,0.0
315,186,74,1,435.88,0.0
316,186,171,2,41.81,0.05
317,187,31,1,1861.84,0.05
318,188,31,3,1861.84,0.0
319,189,134,1,448.79,0.0
320,189,133,1,588.67,0.0
321,189,56,1,580.05,0.0
322,190,168,2,35.65,0.15
323,191,8,1,410.45,0.0
324,191,40,1,1027.7,0.05
325,191,23,2,282.23,0.0
326,191,20,1,1259.83,0.0
327,192,160,1,54.58,0.0
328,193,14,1,281.59,0.0
329,194,77,1,173.17,0.0
330,194,24,1,496.62,0.1
331,194,68,1,345.57,0.0
332,194,112,1,71.21,0.0
333,195,147,2,462.52,0.2
334,196,20,1,1259.83,0.2
335,196,167,1,60.83,0.0
336,196,175,1,37.24,0.0
337,196,119,3,264.87,0.0
338,197,166,2,58.4,0.2
339,197,168,1,35.65,0.0
340,197,74,1,435.88,0.05
341,198,87,1,255.5,0.05
342,199,162,1,67.56,0.0
343,200,122,1,25.6,0.0
344,200,10,1,496.76,0.05
345,200,48,1,775.66,0.0
346,201,129,1,632.28,0.0
347,202,90,1,92.0,0.0
348,202,39,1,730.27,0.05
349,202,135,2,635.25,0.0
350,202,25,1,900.0,0.0
351,203,17,1,1330.67,0.1
352,204,91,2,261.69,0.0
353,205,166,1,58.4,0.05
354,205,157,1,70.72,0.0
355,205,47,1,2343.1,0.0
356,206,7,2,1203.99,0.0
357,207,146,2,78.96,0.05
358,207,36,1,1805.42,0.05
359,208,48,1,775.66,0.0
360,209,74,3,435.88,0.0
361,210,23,1,282.23,0.0
362,211,125,1,205.61,0.0
363,211,148,1,174.44,0.0
364,212,158,3,28.13,0.1
365,213,109,1,214.58,0.0
366,213,8,2,410.45,0.0
367,214,27,1,526.29,0.0
368,215,72,1,930.61,0.0
369,216,119,1,264.87,0.15
370,216,57,2,714.19,0.05
371,217,37,3,2349.94,0.0
372,218,87,1,255.5,0.0
373,218,166,2,58.4,0.0
374,219,146,1,78.96,0.0
375,220,118,1,227.27,0.1
376,221,120,1,444.02,0.1
377,222,13,1,861.38,0.1
378,223,111,1,287.93,0.0
379,223,137,2,641.9,0.1
380,223,25,1,900.0,0.0
381,224,32,1,856.17,0.0
382,225,7,1,1203.99,0.05
383,226,6,2,580.13,0.0
384,227,20,1,1259.83,0.05
385,227,47,1,2343.1,0.0
386,228,73,3,264.34,0.0
387,229,117,1,331.2,0.0
388,229,47,1,2343.1,0.0
389,230,108,1,387.83,0.2
390,231,31,1,1861.84,0.0
391,231,9,3,893.38,0.0
392,231,95,1,53.11,0.0
393,231,101,1,303.31,0.05
394,232,152,1,38.17,0.0
395,232,166,1,58.4,0.15
396,233,117,1,331.2,0.0
397,233,113,1,24.88,0.0
398,234,146,1,78.96,0.0
399,235,49,1,2052.49,0.0
400,236,49,1,2052.49,0.05
401,237,24,1,496.62,0.0
402,237,119,1,264.87,0.1
403,238,28,1,784.32,0.0
404,239,111,2,287.93,0.2
405,239,8,2,410.45,0.1
406,240,100,1,92.31,0.05
407,241,161,1,31.02,0.0
408,242,110,1,301.79,0.0
409,242,135,1,635.25,0.05
410,242,55,1,458.59,0.0
411,243,30,1,2294.13,0.0
412,243,52,1,947.35,0.0
413,244,130,1,690.85,0.0
414,245,7,1,1203.99,0.0
415,246,11,1,475.41,0.0
416,246,30,1,2294.13,0.0
417,247,135,3,635.25,0.15
418,247,32,1,856.17,0.0
419,248,10,1,496.76,0.0
420,248,43,1,1099.47,0.1
421,248,84,2,292.46,0.1
422,249,16,1,1438.96,0.0
423,249,111,1,287.93,0.0
424,250,123,1,287.0,0.0
425,250,72,1,930.61,0.0
426,251,10,1,496.76,0.0
427,252,43,1,1099.47,0.0
428,253,46,1,1831.34,0.0
429,253,48,1,775.66,0.05
430,254,103,1,220.54,0.0
431,254,78,1,274.78,0.0
432,254,11,1,475.41,0.05
433,255,70,1,554.43,0.0
434,256,85,1,180.1,0.0
435,257,78,2,274.78,0.1
436,257,146,1,78.96,0.0
437,258,151,1,6.17,0.1
438,259,158,2,28.13,0.0
439,259,21,1,543.57,0.0
440,260,8,1,410.45,0.1
441,260,41,1,970.93,0.2
442,261,41,1,970.93,0.0
443,262,118,1,227.27,0.0
444,262,1,1,231.51,0.0
445,263,7,1,1203.99,0.05
446,264,73,1,264.34,0.05
447,264,14,1,281.59,0.05
448,265,159,1,11.9,0.0
449,265,129,1,632.28,0.1
450,266,120,1,444.02,0.0
451,267,48,1,775.66,0.15
452,268,42,2,926.35,0.05
453,268,142,1,116.01,0.0
454,269,35,1,482.46,0.0
455,269,28,1,784.32,0.0
456,270,133,1,588.67,0.0
457,270,129,1,632.28,0.05
458,271,4,1,560.23,0.1
459,272,34,1,542.89,0.1
460,272,157,3,70.72,0.15
461,273,90,1,92.0,0.0
462,274,139,1,280.41,0.2
463,274,151,1,6.17,0.0
464,275,134,1,448.79,0.0
465,276,130,2,690.85,0.0
466,277,87,1,255.5,0.1
467,277,101,3,303.31,0.0
468,278,43,2,1099.47,0.0
469,278,23,1,282.23,0.15
470,279,173,1,47.43,0.0
471,279,106,1,347.14,0.0
472,279,139,1,280.41,0.05
473,279,120,1,444.02,0.15
474,280,106,1,347.14,0.0
475,280,28,1,784.32,0.0
476,281,146,2,78.96,0.0
477,281,17,1,1330.67,0.0
478,282,78,1,274.78,0.0
479,282,64,1,262.34,0.15
480,282,45,1,1559.3,0.0
481,282,15,1,1175.14,0.0
482,283,155,2,28.84,0.0
483,283,107,1,206.43,0.1
484,284,175,1,37.24,0.1
485,284,3,1,744.38,0.2
486,285,7,2,1203.99,0.2
487,286,43,1,1099.47,0.0
488,287,10,1,496.76,0.0
489,288,49,1,2052.49,0.0
490,288,29,1,2154.66,0.0
491,288,137,1,641.9,0.0
492,288,35,1,482.46,0.0
493,289,152,1,38.17,0.0
494,290,139,1,280.41,0.0
495,290,13,1,861.38,0.0
496,291,56,2,580.05,0.0
497,292,122,1,25.6,0.0
498,293,79,3,147.48,0.1
499,294,65,1,854.98,0.05
500,295,151,1,6.17,0.0
501,296,20,1,1259.83,0.2
502,297,105,1,432.62,0.0
503,298,89,1,157.12,0.0
504,299,30,1,2294.13,0.2
505,299,162,1,67.56,0.0
506,300,84,2,292.46,0.1
507,301,22,1,1492.69,0.1
508,302,136,1,639.35,0.0
509,302,102,1,49.71,0.0
510,302,127,2,389.57,0.0
511,303,24,1,496.62,0.15
512,304,64,1,262.34,0.0
513,305,144,1,623.37,0.0
514,306,99,1,73.05,0.15
515,307,83,2,220.71,0.0
516,308,24,1,496.62,0.0
517,309,17,2,1330.67,0.0
518,310,132,1,684.44,0.0
519,311,7,2,1203.99,0.0
520,312,37,3,2349.94,0.0
521,313,98,1,218.62,0.05
522,314,124,1,394.12,0.0
523,314,29,1,2154.66,0.05
524,314,169,1,43.99,0.2
525,315,26,2,597.08,0.0
526,316,162,1,67.56,0.0
527,317,169,1,43.99,0.0
528,318,127,2,389.57,0.0
529,318,128,2,367.46,0.1
530,319,109,1,214.58,0.0
531,320,33,1,1625.77,0.0
532,320,115,1,215.42,0.0
533,320,28,1,784.32,0.1
534,321,66,1,862.88,0.0
535,322,82,1,159.8,0.15
536,323,142,1,116.01,0.1
537,323,88,1,46.08,0.0
538,323,108,2,387.83,0.1
539,324,12,1,899.67,0.2
540,325,4,1,560.23,0.0
541,325,108,1,387.83,0.0
542,326,173,1,47.43,0.2
543,326,26,1,597.08,0.0
544,327,23,1,282.23,0.0
545,328,142,1,116.01,0.0
546,328,61,1,188.28,0.1
547,329,63,1,335.01,0.1
548,330,42,2,926.35,0.0
549,330,56,2,580.05,0.0
550,331,61,1,188.28,0.0
551,332,120,1,444.02,0.0
552,332,7,2,1203.99,0.0
553,333,83,2,220.71,0.0
554,334,26,1,597.08,0.0
555,335,7,1,1203.99,0.0
556,335,44,1,633.94,0.1
557,336,84,3,292.46,0.05
558,336,23,2,282.23,0.0
559,336,68,2,345.57,0.15
560,337,127,1,389.57,0.0
561,338,14,2,281.59,0.0
562,338,145,1,182.4,0.0
563,339,63,1,335.01,0.0
564,339,72,1,930.61,0.0
565,339,33,3,1625.77,0.0
566,340,37,2,2349.94,0.1
567,340,111,2,287.93,0.0
568,341,96,1,285.92,0.05
569,342,101,1,303.31,0.0
570,343,17,2,1330.67,0.0
571,344,10,1,496.76,0.0
572,345,3,3,744.38,0.1
573,346,162,1,67.56,0.0
574,346,47,1,2343.1,0.0
575,346,5,1,983.84,0.0
576,347,93,3,340.41,0.0
577,348,28,1,784.32,0.0
578,348,158,1,28.13,0.0
579,349,23,2,282.23,0.1
580,350,153,1,58.82,0.0
581,351,51,1,385.81,0.0
582,352,139,1,280.41,0.0
583,352,129,1,632.28,0.0
584,353,4,1,560.23,0.0
585,354,156,1,38.57,0.1
586,355,111,1,287.93,0.1
587,356,124,1,394.12,0.0
588,357,15,1,1175.14,0.05
589,357,174,1,64.3,0.1
590,357,171,1,41.81,0.0
591,357,136,1,639.35,0.0
592,358,21,1,543.57,0.1
593,358,164,1,30.98,0.05
594,358,114,1,233.3,0.1
595,359,21,1,543.57,0.05
596,360,171,2,41.81,0.05
597,361,96,1,285.92,0.0
598,361,113,2,24.88,0.0
599,362,101,1,303.31,0.05
600,363,148,1,174.44,0.05
601,363,5,2,983.84,0.0
602,364,8,1,410.45,0.0
603,365,17,1,1330.67,0.0
604,366,90,1,92.0,0.0
605,366,87,1,255.5,0.0
606,366,68,1,345.57,0.15
607,367,75,2,548.76,0.05
608,368,166,1,58.4,0.0
609,368,31,1,1861.84,0.0
610,369,122,1,25.6,0.0
611,370,9,2,893.38,0.1
612,371,122,1,25.6,0.05
613,372,26,1,597.08,0.0
614,373,72,1,930.61,0.0
615,373,9,1,893.38,0.0
616,374,10,3,496.76,0.0
617,375,175,1,37.24,0.0
618,375,91,1,261.69,0.0
619,375,140,1,424.81,0.05
620,376,90,1,92.0,0.05
621,377,123,1,287.0,0.0
622,378,100,1,92.31,0.1
623,379,61,1,188.28,0.0
624,380,92,1,113.95,0.0
625,381,67,1,755.51,0.05
626,382,140,1,424.81,0.0
627,382,92,1,113.95,0.0
628,382,123,1,287.0,0.05
629,383,34,2,542.89,0.0
630,384,44,1,633.94,0.0
631,384,128,1,367.46,0.15
632,385,42,1,926.35,0.0
633,385,6,1,580.13,0.2
634,385,37,1,2349.94,0.0
635,385,69,2,502.41,0.0
636,386,51,2,385.81,0.0
637,386,106,1,347.14,0.15
638,387,96,1,285.92,0.0
639,388,16,1,1438.96,0.05
640,389,153,2,58.82,0.0
641,389,90,1,92.0,0.0
642,390,31,1,1861.84,0.0
643,391,165,1,11.79,0.05
644,392,102,2,49.71,0.1
645,393,154,1,67.7,0.2
646,394,72,2,930.61,0.0
647,395,167,1,60.83,0.2
648,395,3,1,744.38,0.1
649,396,42,2,926.35,0.0
650,396,6,1,580.13,0.0
651,397,143,2,624.59,0.0
652,397,93,2,340.41,0.0
653,398,46,1,1831.34,0.0
654,398,168,1,35.65,0.0
655,399,97,1,274.08,0.05
656,400,51,1,385.81,0.0
657,401,44,1,633.94,0.0
658,402,69,1,502.41,0.0
659,403,85,1,180.1,0.0
660,403,168,1,35.65,0.0
661,403,5,1,983.84,0.0
662,404,8,1,410.45,0.0
663,405,39,1,730.27,0.2
664,406,84,1,292.46,0.0
665,407,65,1,854.98,0.0
666,408,168,1,35.65,0.0
667,409,10,2,496.76,0.0
668,410,161,1,31.02,0.0
669,411,24,1,496.62,0.0
670,411,154,1,67.7,0.2
671,411,144,1,623.37,0.05
672,411,23,1,282.23,0.05
673,412,152,1,38.17,0.05
674,412,6,1,580.13,0.0
675,413,13,2,861.38,0.15
676,413,112,3,71.21,0.15
677,413,44,1,633.94,0.0
678,413,16,1,1438.96,0.05
679,414,90,1,92.0,0.0
680,414,16,1,1438.96,0.0
681,415,133,1,588.67,0.0
682,416,124,1,394.12,0.0
683,416,98,1,218.62,0.0
684,417,1,1,231.51,0.0
685,418,165,1,11.79,0.0
686,418,17,1,1330.67,0.0
687,419,20,2,1259.83,0.0
688,419,3,2,744.38,0.0
689,419,152,1,38.17,0.0
690,420,27,1,526.29,0.0
691,421,48,1,775.66,0.0
692,421,99,1,73.05,0.0
693,422,140,1,424.81,0.0
694,423,2,1,240.32,0.0
695,423,15,1,1175.14,0.05
696,423,156,3,38.57,0.15
697,424,5,1,983.84,0.0
698,424,23,2,282.23,0.0
699,424,157,1,70.72,0.0
700,425,33,3,1625.77,0.0
701,425,46,2,1831.34,0.0
702,426,115,1,215.42,0.0
703,426,169,1,43.99,0.05
704,427,33,1,1625.77,0.0
705,428,27,2,526.29,0.0
706,429,157,3,70.72,0.0
707,429,148,1,174.44,0.0
708,430,25,2,900.0,0.0
709,431,151,2,6.17,0.05
710,431,130,1,690.85,0.05
711,431,14,1,281.59,0.0
712,432,138,1,569.79,0.1
713,433,127,1,389.57,0.15
714,433,140,1,424.81,0.1
715,434,25,1,900.0,0.0
716,434,153,1,58.82,0.05
717,435,146,1,78.96,0.0
718,436,57,1,714.19,0.1
719,436,144,2,623.37,0.0
720,437,154,1,67.7,0.05
721,438,168,1,35.65,0.05
722,439,31,1,1861.84,0.0
723,439,132,3,684.44,0.0
724,439,43,1,1099.47,0.0
725,440,155,1,28.84,0.0
726,441,7,1,1203.99,0.05
727,442,20,1,1259.83,0.0
728,442,142,1,116.01,0.0
729,443,95,1,53.11,0.2
730,444,21,1,543.57,0.0
731,445,125,1,205.61,0.0
732,445,16,1,1438.96,0.15
733,445,12,1,899.67,0.0
734,446,120,3,444.02,0.0
735,446,11,1,475.41,0.0
736,447,138,1,569.79,0.0
737,448,152,3,38.17,0.0
738,448,1,3,231.51,0.0
739,448,133,1,588.67,0.05
740,449,10,1,496.76,0.0
741,449,118,2,227.27,0.0
742,449,37,2,2349.94,0.0
743,450,24,1,496.62,0.0
744,451,41,2,970.93,0.1
745,452,167,1,60.83,0.0
746,453,134,1,448.79,0.0
747,454,19,3,344.43,0.0
748,454,142,2,116.01,0.0
749,454,80,2,299.0,0.0
750,455,164,2,30.98,0.1
751,455,159,1,11.9,0.0
752,456,80,1,299.0,0.0
753,457,137,1,641.9,0.05
754,458,41,1,970.93,0.0
755,459,38,1,846.62,0.15
756,459,5,1,983.84,0.05
757,459,17,1,1330.67,0.2
758,459,43,1,1099.47,0.05
759,460,165,2,11.79,0.15
760,461,36,1,1805.42,0.0
761,462,141,1,622.59,0.0
762,462,42,1,926.35,0.0
763,463,40,1,1027.7,0.0
764,463,143,1,624.59,0.1
765,464,113,1,24.88,0.0
766,465,24,1,496.62,0.0
767,465,43,1,1099.47,0.0
768,466,12,2,899.67,0.0
769,467,125,2,205.61,0.0
770,468,16,1,1438.96,0.15
771,469,167,1,60.83,0.05
772,470,58,1,407.29,0.0
773,471,168,1,35.65,0.0
774,472,129,1,632.28,0.0
775,472,140,1,424.81,0.1
776,473,125,1,205.61,0.1
777,473,139,1,280.41,0.0
778,474,39,1,730.27,0.0
779,474,103,1,220.54,0.0
780,475,22,1,1492.69,0.2
781,476,157,1,70.72,0.0
782,477,21,1,543.57,0.0
783,478,146,1,78.96,0.0
784,478,83,1,220.71,0.0
785,479,37,2,2349.94,0.0
786,479,106,1,347.14,0.0
787,480,60,1,228.38,0.1
788,481,148,1,174.44,0.0
789,481,19,1,344.43,0.05
790,482,4,1,560.23,0.0
791,483,167,2,60.83,0.05
792,484,122,1,25.6,0.0
793,485,16,3,1438.96,0.0
794,485,42,2,926.35,0.05
795,486,110,1,301.79,0.0
796,487,73,2,264.34,0.0
797,488,108,1,387.83,0.0
798,489,161,1,31.02,0.05
799,489,68,1,345.57,0.0
800,489,35,1,482.46,0.15
801,490,9,1,893.38,0.2
802,491,48,1,775.66,0.0
803,492,69,1,502.41,0.05
804,493,5,1,983.84,0.1
805,494,27,1,526.29,0.0
806,494,47,1,2343.1,0.0
807,494,4,1,560.23,0.0
808,495,169,1,43.99,0.1
809,495,170,1,27.31,0.05
810,496,128,1,367.46,0.0
811,497,160,1,54.58,0.0
812,498,85,3,180.1,0.0
813,498,72,1,930.61,0.0
814,498,10,1,496.76,0.0
815,499,91,1,261.69,0.05
816,500,101,2,303.31,0.0
817,500,13,1,861.38,0.05
818,500,33,1,1625.77,0.0
819,501,99,1,73.05,0.0
820,502,21,1,543.57,0.0
821,502,13,1,861.38,0.0
822,502,131,2,602.2,0.1
823,502,49,1,2052.49,0.0
824,503,13,2,861.38,0.05
825,503,164,1,30.98,0.05
826,504,117,2,331.2,0.05
827,505,7,1,1203.99,0.0
828,505,43,1,1099.47,0.2
829,506,138,2,569.79,0.0
830,507,35,1,482.46,0.05
831,508,23,1,282.23,0.0
832,508,6,1,580.13,0.0
833,509,155,1,28.84,0.0
834,509,15,1,1175.14,0.0
835,510,115,1,215.42,0.05
836,511,68,1,345.57,0.15
837,512,55,1,458.59,0.2
838,512,61,2,188.28,0.0
839,512,43,1,1099.47,0.0
840,513,21,3,543.57,0.0
841,513,143,1,624.59,0.0
842,513,85,2,180.1,0.0
843,514,31,1,1861.84,0.05
844,515,165,3,11.79,0.0
845,516,56,1,580.05,0.0
846,516,119,1,264.87,0.05
847,516,173,1,47.43,0.0
848,517,58,1,407.29,0.0
849,518,129,1,632.28,0.1
850,519,156,1,38.57,0.1
851,520,70,1,554.43,0.0
852,520,54,1,913.58,0.0
853,520,29,3,2154.66,0.0
854,520,168,1,35.65,0.0
855,521,71,1,564.0,0.0
856,522,166,2,58.4,0.0
857,522,36,1,1805.42,0.15
858,522,89,3,157.12,0.0
859,522,159,1,11.9,0.0
860,523,123,1,287.0,0.0
861,523,175,1,37.24,0.0
862,524,67,1,755.51,0.0
863,524,96,3,285.92,0.0
864,524,23,1,282.23,0.0
865,525,38,2,846.62,0.0
866,526,37,1,2349.94,0.0
867,526,140,1,424.81,0.0
868,527,52,1,947.35,0.2
869,528,153,1,58.82,0.05
870,528,92,1,113.95,0.0
871,529,169,1,43.99,0.2
872,530,52,1,947.35,0.0
873,530,34,1,542.89,0.0
874,530,75,1,548.76,0.0
875,530,114,1,233.3,0.0
876,531,171,1,41.81,0.0
877,532,113,1,24.88,0.05
878,533,95,1,53.11,0.05
879,534,56,1,580.05,0.2
880,534,22,1,1492.69,0.0
881,534,13,1,861.38,0.0
882,535,22,1,1492.69,0.0
883,536,171,2,41.81,0.2
884,537,27,2,526.29,0.0
885,538,114,1,233.3,0.0
886,539,35,2,482.46,0.05
887,540,52,1,947.35,0.05
888,541,98,2,218.62,0.0
889,541,160,1,54.58,0.0
890,542,156,1,38.57,0.0
891,542,88,1,46.08,0.0
892,543,69,1,502.41,0.0
893,544,153,2,58.82,0.05
894,544,118,1,227.27,0.05
895,544,11,2,475.41,0.0
896,545,77,1,173.17,0.0
897,546,82,1,159.8,0.0
898,547,14,1,281.59,0.1
899,548,153,1,58.82,0.0
900,548,144,1,623.37,0.0
901,549,42,1,926.35,0.15
902,550,124,1,394.12,0.0
903,551,29,1,2154.66,0.15
904,552,170,1,27.31,0.1
905,552,171,1,41.81,0.0
906,552,7,3,1203.99,0.05
907,553,40,1,1027.7,0.1
908,554,59,1,723.28,0.15
909,555,170,1,27.31,0.0
910,556,120,1,444.02,0.0
911,556,27,1,526.29,0.05
912,557,53,2,656.09,0.05
913,557,56,1,580.05,0.0
914,557,8,2,410.45,0.1
915,558,10,2,496.76,0.15
916,559,49,2,2052.49,0.0
917,559,37,1,2349.94,0.0
918,559,82,1,159.8,0.0
919,560,2,1,240.32,0.1
920,560,5,1,983.84,0.0
921,560,89,1,157.12,0.0
922,561,125,1,205.61,0.0
923,561,112,1,71.21,0.0
924,562,102,1,49.71,0.0
925,562,19,1,344.43,0.05
926,562,10,1,496.76,0.1
927,562,140,2,424.81,0.05
928,563,168,1,35.65,0.0
929,564,24,2,496.62,0.0
930,565,68,1,345.57,0.0
931,565,160,1,54.58,0.0
932,566,33,3,1625.77,0.0
933,566,53,1,656.09,0.0
934,567,160,2,54.58,0.0
935,568,16,1,1438.96,0.15
936,568,170,1,27.31,0.0
937,568,54,1,913.58,0.0
938,569,137,1,641.9,0.0
939,570,16,2,1438.96,0.15
940,571,112,1,71.21,0.05
941,572,156,2,38.57,0.0
942,573,111,1,287.93,0.2
943,573,171,2,41.81,0.0
944,574,42,1,926.35,0.0
945,574,102,2,49.71,0.05
946,574,48,1,775.66,0.15
947,575,7,2,1203.99,0.0
948,576,120,1,444.02,0.0
949,577,24,1,496.62,0.0
950,577,107,1,206.43,0.0
951,578,175,1,37.24,0.0
952,578,22,2,1492.69,0.2
953,579,171,1,41.81,0.2
954,580,141,1,622.59,0.0
955,581,46,2,1831.34,0.2
956,581,16,1,1438.96,0.0
957,582,162,1,67.56,0.1
958,582,67,1,755.51,0.05
959,583,7,3,1203.99,0.0
960,583,39,2,730.27,0.0
961,584,156,1,38.57,0.0
962,584,46,1,1831.34,0.0
963,585,24,1,496.62,0.0
964,585,22,3,1492.69,0.0
965,585,124,2,394.12,0.1
966,586,1,1,231.51,0.0
967,587,47,1,2343.1,0.05
968,588,93,1,340.41,0.0
969,588,21,1,543.57,0.1
970,589,53,1,656.09,0.0
971,589,64,3,262.34,0.0
972,590,160,1,54.58,0.0
973,590,138,1,569.79,0.0
974,591,160,3,54.58,0.0
975,592,13,1,861.38,0.0
976,593,22,2,1492.69,0.0
977,593,16,1,1438.96,0.05
978,594,110,1,301.79,0.2
979,594,30,1,2294.13,0.0
980,594,92,2,113.95,0.05
981,594,11,1,475.41,0.05
982,595,25,1,900.0,0.2
983,596,24,1,496.62,0.0
984,597,169,1,43.99,0.0
985,597,37,1,2349.94,0.1
986,597,36,2,1805.42,0.0
987,598,33,2,1625.77,0.05
988,598,40,2,1027.7,0.0
989,599,157,1,70.72,0.15
990,600,21,1,543.57,0.1
991,600,139,1,280.41,0.2
992,601,105,1,432.62,0.2
993,601,2,1,240.32,0.0
994,602,143,1,624.59,0.0
995,602,2,1,240.32,0.0
996,603,63,1,335.01,0.0
997,603,15,1,1175.14,0.1
998,604,7,1,1203.99,0.0
999,605,68,1,345.57,0.0
1000,605,55,1,458.59,0.0
1001,605,128,2,367.46,0.1
1002,605,13,1,861.38,0.0
1003,606,121,1,434.1,0.0
1004,607,104,1,276.16,0.0
1005,608,94,1,206.74,0.0
1006,608,13,1,861.38,0.05
1007,608,48,2,775.66,0.0
1008,609,78,1,274.78,0.0
1009,609,44,2,633.94,0.1
1010,609,148,1,174.44,0.0
1011,609,66,1,862.88,0.0
1012,610,36,1,1805.42,0.0
1013,611,56,1,580.05,0.0
1014,612,39,1,730.27,0.2
1015,612,53,1,656.09,0.0
1016,613,118,1,227.27,0.0
1017,614,21,2,543.57,0.0
1018,614,125,2,205.61,0.0
1019,615,159,1,11.9,0.0
1020,616,166,1,58.4,0.2
1021,617,117,3,331.2,0.05
1022,618,11,3,475.41,0.0
1023,619,31,1,1861.84,0.0
1024,620,8,1,410.45,0.0
1025,621,138,1,569.79,0.0
1026,621,58,2,407.29,0.1
1027,622,101,1,303.31,0.15
1028,623,19,1,344.43,0.0
1029,624,15,1,1175.14,0.0
1030,624,32,1,856.17,0.0
1031,624,25,1,900.0,0.2
1032,625,6,1,580.13,0.0
1033,625,146,1,78.96,0.0
1034,626,21,1,543.57,0.2
1035,626,12,2,899.67,0.1
1036,627,116,2,351.25,0.0
1037,628,25,1,900.0,0.1
1038,629,161,1,31.02,0.05
1039,630,45,1,1559.3,0.0
1040,631,132,1,684.44,0.1
1041,632,137,1,641.9,0.05
1042,633,12,1,899.67,0.05
1043,633,173,2,47.43,0.0
1044,634,147,1,462.52,0.0
1045,635,9,1,893.38,0.05
1046,635,80,2,299.0,0.0
1047,635,125,1,205.61,0.05
1048,636,2,1,240.32,0.0
1049,637,22,3,1492.69,0.0
1050,637,12,1,899.67,0.1
1051,637,149,1,559.5,0.2
1052,638,162,1,67.56,0.0
1053,639,40,1,1027.7,0.1
1054,640,119,2,264.87,0.0
1055,640,21,3,543.57,0.0
1056,641,167,2,60.83,0.0
1057,642,122,2,25.6,0.0
1058,643,42,1,926.35,0.0
1059,643,51,2,385.81,0.0
1060,644,28,1,784.32,0.15
1061,644,29,1,2154.66,0.0
1062,645,82,1,159.8,0.0
1063,646,58,1,407.29,0.0
1064,647,24,1,496.62,0.05
1065,648,25,1,900.0,0.0
1066,649,28,1,784.32,0.2
1067,650,4,2,560.23,0.0
1068,651,166,1,58.4,0.05
1069,652,55,1,458.59,0.0
1070,653,109,1,214.58,0.15
1071,653,36,1,1805.42,0.0
1072,653,164,3,30.98,0.1
1073,654,3,1,744.38,0.0
1074,655,29,1,2154.66,0.0
1075,655,87,1,255.5,0.05
1076,656,35,2,482.46,0.0
1077,657,154,2,67.7,0.0
1078,658,165,1,11.79,0.0
1079,659,48,2,775.66,0.0
1080,660,58,2,407.29,0.0
1081,660,6,1,580.13,0.05
1082,660,27,1,526.29,0.0
1083,660,49,2,2052.49,0.15
1084,661,83,1,220.71,0.0
1085,661,11,1,475.41,0.0
1086,662,79,1,147.48,0.0
1087,662,170,2,27.31,0.0
1088,663,159,1,11.9,0.0
1089,664,27,2,526.29,0.05
1090,665,79,2,147.48,0.0
1091,666,106,2,347.14,0.05
1092,666,170,1,27.31,0.0
1093,667,63,1,335.01,0.0
1094,667,101,3,303.31,0.0
1095,668,96,1,285.92,0.0
1096,668,31,1,1861.84,0.2
1097,669,133,1,588.67,0.0
1098,670,139,2,280.41,0.05
1099,671,134,2,448.79,0.1
1100,672,122,1,25.6,0.0
1101,672,171,1,41.81,0.05
1102,672,15,3,1175.14,0.0
1103,673,147,2,462.52,0.0
1104,674,25,2,900.0,0.05
1105,675,139,1,280.41,0.2
1106,676,68,1,345.57,0.0
1107,676,14,1,281.59,0.0
1108,677,40,3,1027.7,0.05
1109,677,6,1,580.13,0.0
1110,678,39,1,730.27,0.05
1111,679,1,1,231.51,0.1
1112,679,8,2,410.45,0.05
1113,680,155,1,28.84,0.05
1114,680,165,1,11.79,0.05
1115,681,136,1,639.35,0.0
1116,682,28,2,784.32,0.0
1117,682,12,1,899.67,0.0
1118,683,74,1,435.88,0.0
1119,683,12,1,899.67,0.15
1120,684,4,1,560.23,0.0
1121,685,122,1,25.6,0.0
1122,686,17,1,1330.67,0.05
1123,686,139,1,280.41,0.05
1124,687,104,2,276.16,0.0
1125,688,128,1,367.46,0.05
1126,689,158,1,28.13,0.1
1127,690,34,1,542.89,0.0
1128,690,17,1,1330.67,0.0
1129,690,24,1,496.62,0.0
1130,691,157,1,70.72,0.0
1131,691,128,1,367.46,0.0
1132,692,6,2,580.13,0.0
1133,693,75,2,548.76,0.0
1134,693,108,1,387.83,0.0
1135,694,80,2,299.0,0.0
1136,695,87,1,255.5,0.05
1137,695,125,1,205.61,0.1
1138,696,32,2,856.17,0.0
1139,697,158,1,28.13,0.0
1140,697,10,2,496.76,0.1
1141,698,23,2,282.23,0.0
1142,699,95,1,53.11,0.0
1143,700,56,1,580.05,0.15
1144,700,23,1,282.23,0.0
1145,701,165,1,11.79,0.0
1146,702,175,1,37.24,0.05
1147,703,85,1,180.1,0.0
1148,704,89,1,157.12,0.0
1149,704,175,1,37.24,0.0
1150,704,30,2,2294.13,0.05
1151,705,35,1,482.46,0.0
1152,705,11,1,475.41,0.0
1153,705,153,1,58.82,0.05
1154,706,62,1,759.59,0.0
1155,707,139,1,280.41,0.1
1156,707,149,1,559.5,0.0
1157,707,83,1,220.71,0.0
1158,708,75,1,548.76,0.0
1159,709,138,1,569.79,0.05
1160,710,5,1,983.84,0.05
1161,710,2,1,240.32,0.0
1162,711,63,3,335.01,0.2
1163,711,73,2,264.34,0.0
1164,712,45,1,1559.3,0.0
1165,712,164,2,30.98,0.15
1166,713,16,1,1438.96,0.15
1167,713,169,1,43.99,0.0
1168,714,53,1,656.09,0.0
1169,715,134,1,448.79,0.0
1170,715,2,1,240.32,0.15
1171,715,35,2,482.46,0.0
1172,716,32,1,856.17,0.0
1173,717,8,1,410.45,0.0
1174,718,20,1,1259.83,0.05
1175,719,58,2,407.29,0.15
1176,720,70,2,554.43,0.0
1177,721,157,1,70.72,0.1
1178,722,20,1,1259.83,0.0
1179,723,138,1,569.79,0.1
1180,724,22,1,1492.69,0.0
1181,725,46,1,1831.34,0.0
1182,725,164,1,30.98,0.0
1183,726,116,1,351.25,0.0
1184,726,104,1,276.16,0.0
1185,727,130,1,690.85,0.0
1186,728,5,1,983.84,0.05
1187,728,88,2,46.08,0.0
1188,729,52,2,947.35,0.0
1189,730,117,1,331.2,0.0
1190,730,168,1,35.65,0.2
1191,731,39,1,730.27,0.0
1192,731,109,1,214.58,0.0
1193,731,59,1,723.28,0.0
1194,732,4,2,560.23,0.0
1195,732,20,2,1259.83,0.1
1196,733,15,2,1175.14,0.0
1197,734,162,1,67.56,0.0
1198,735,4,2,560.23,0.1
1199,735,19,1,344.43,0.0
1200,736,21,2,543.57,0.0
1201,737,152,1,38.17,0.0
1202,738,141,1,622.59,0.05
1203,738,168,1,35.65,0.0
1204,739,110,1,301.79,0.0
1205,740,27,2,526.29,0.05
1206,740,53,1,656.09,0.0
1207,740,79,2,147.48,0.0
1208,741,21,2,543.57,0.0
1209,742,65,2,854.98,0.0
1210,743,166,1,58.4,0.05
1211,743,73,1,264.34,0.0
1212,743,112,1,71.21,0.0
1213,744,101,1,303.31,0.0
1214,745,84,2,292.46,0.0
1215,745,124,1,394.12,0.0
1216,746,100,1,92.31,0.0
1217,746,33,1,1625.77,0.15
1218,747,145,2,182.4,0.0
1219,747,5,1,983.84,0.0
1220,748,7,1,1203.99,0.0
1221,749,161,1,31.02,0.0
1222,749,45,2,1559.3,0.15
1223,750,159,2,11.9,0.0
1224,750,12,1,899.67,0.0
1225,751,166,1,58.4,0.0
1226,752,124,1,394.12,0.1
1227,753,13,1,861.38,0.15
1228,753,132,1,684.44,0.05
1229,753,27,1,526.29,0.0
1230,754,156,1,38.57,0.0
1231,754,28,1,784.32,0.0
1232,754,143,1,624.59,0.0
1233,754,73,1,264.34,0.05
1234,755,27,1,526.29,0.0
1235,756,10,2,496.76,0.2
1236,756,61,1,188.28,0.0
1237,757,131,1,602.2,0.15
1238,757,23,1,282.23,0.0
1239,758,69,2,502.41,0.0
1240,759,164,1,30.98,0.0
1241,759,166,1,58.4,0.0
1242,760,45,2,1559.3,0.0
1243,761,70,1,554.43,0.0
1244,762,160,1,54.58,0.0
1245,762,166,3,58.4,0.1
1246,762,25,1,900.0,0.1
1247,763,51,1,385.81,0.0
1248,764,153,2,58.82,0.0
1249,764,109,1,214.58,0.15
1250,765,110,1,301.79,0.1
1251,766,27,1,526.29,0.0
1252,766,158,1,28.13,0.0
1253,766,34,1,542.89,0.0
1254,767,139,1,280.41,0.0
1255,768,34,1,542.89,0.2
1256,769,32,1,856.17,0.0
1257,769,9,1,893.38,0.0
1258,769,129,1,632.28,0.0
1259,770,166,1,58.4,0.1
1260,771,16,1,1438.96,0.2
1261,772,13,2,861.38,0.0
1262,772,48,2,775.66,0.0
1263,773,3,1,744.38,0.0
1264,773,169,1,43.99,0.0
1265,774,51,1,385.81,0.0
1266,774,166,1,58.4,0.0
1267,775,124,1,394.12,0.0
1268,776,73,1,264.34,0.0
1269,776,38,1,846.62,0.05
1270,776,24,1,496.62,0.15
1271,777,27,1,526.29,0.0
1272,778,4,1,560.23,0.0
1273,779,166,1,58.4,0.0
1274,779,20,1,1259.83,0.1
1275,779,154,1,67.7,0.0
1276,779,117,1,331.2,0.0
1277,780,10,1,496.76,0.0
1278,780,97,1,274.08,0.0
1279,781,17,1,1330.67,0.2
1280,782,171,1,41.81,0.0
1281,783,79,1,147.48,0.0
1282,783,29,1,2154.66,0.1
1283,784,89,1,157.12,0.0
1284,784,45,3,1559.3,0.05
1285,785,52,2,947.35,0.0
1286,786,19,1,344.43,0.0
1287,787,46,1,1831.34,0.0
1288,788,110,1,301.79,0.0
1289,788,30,1,2294.13,0.0
1290,789,29,1,2154.66,0.0
1291,790,37,1,2349.94,0.0
1292,790,118,1,227.27,0.05
1293,791,97,3,274.08,0.1
1294,792,26,1,597.08,0.0
1295,793,42,1,926.35,0.1
1296,794,4,1,560.23,0.0
1297,794,153,1,58.82,0.0
1298,795,37,1,2349.94,0.0
1299,796,47,2,2343.1,0.0
1300,796,168,1,35.65,0.0
1301,797,8,1,410.45,0.0
1302,797,7,2,1203.99,0.0
1303,797,149,1,559.5,0.0
1304,798,35,2,482.46,0.0
1305,799,11,2,475.41,0.0
1306,800,6,1,580.13,0.0
1307,800,40,1,1027.7,0.05
1308,801,104,1,276.16,0.0
1309,802,147,2,462.52,0.05
1310,803,20,1,1259.83,0.0
1311,804,133,2,588.67,0.0
1312,805,109,1,214.58,0.0
1313,806,77,1,173.17,0.1
1314,807,68,1,345.57,0.15
1315,807,157,1,70.72,0.1
1316,808,126,1,635.26,0.0
1317,809,118,1,227.27,0.0
1318,809,111,1,287.93,0.0
1319,809,44,1,633.94,0.0
1320,810,146,2,78.96,0.05
1321,811,2,1,240.32,0.2
1322,812,158,1,28.13,0.05
1323,812,34,1,542.89,0.0
1324,813,158,1,28.13,0.0
1325,814,170,1,27.31,0.1
1326,814,49,1,2052.49,0.0
1327,815,51,1,385.81,0.0
1328,815,158,3,28.13,0.0
1329,815,127,1,389.57,0.05
1330,816,3,1,744.38,0.0
1331,817,114,1,233.3,0.0
1332,818,14,2,281.59,0.0
1333,819,110,1,301.79,0.0
1334,819,61,2,188.28,0.0
1335,820,105,2,432.62,0.05
1336,821,155,1,28.84,0.0
1337,821,75,3,548.76,0.05
1338,822,77,2,173.17,0.0
1339,822,99,1,73.05,0.05
1340,822,63,2,335.01,0.0
1341,823,94,1,206.74,0.15
1342,824,29,2,2154.66,0.2
1343,825,3,2,744.38,0.0
1344,826,40,1,1027.7,0.0
1345,827,161,3,31.02,0.0
1346,828,126,1,635.26,0.15
1347,829,80,2,299.0,0.0
1348,829,75,1,548.76,0.0
1349,829,14,1,281.59,0.15
1350,830,16,1,1438.96,0.0
1351,830,124,1,394.12,0.0
1352,831,15,1,1175.14,0.0
1353,831,114,1,233.3,0.0
1354,832,20,1,1259.83,0.0
1355,832,99,1,73.05,0.05
1356,832,9,1,893.38,0.0
1357,833,118,1,227.27,0.0
1358,834,138,1,569.79,0.1
1359,835,2,2,240.32,0.0
1360,835,166,1,58.4,0.0
1361,835,65,1,854.98,0.0
1362,836,1,1,231.51,0.0
1363,836,165,1,11.79,0.0
1364,837,11,1,475.41,0.0
1365,838,23,1,282.23,0.0
1366,839,25,2,900.0,0.15
1367,840,46,1,1831.34,0.05
1368,841,85,1,180.1,0.0
1369,842,15,1,1175.14,0.05
1370,842,55,1,458.59,0.1
1371,842,97,1,274.08,0.0
1372,843,145,1,182.4,0.0
1373,843,66,1,862.88,0.0
1374,844,47,1,2343.1,0.0
1375,845,20,1,1259.83,0.0
1376,846,37,1,2349.94,0.0
1377,847,156,1,38.57,0.05
1378,847,78,1,274.78,0.0
1379,847,80,1,299.0,0.0
1380,848,143,1,624.59,0.0
1381,849,69,1,502.41,0.1
1382,850,65,1,854.98,0.1
1383,850,26,1,597.08,0.0
1384,851,13,1,861.38,0.1
1385,851,137,1,641.9,0.0
1386,851,44,1,633.94,0.0
1387,851,65,1,854.98,0.05
1388,852,119,2,264.87,0.0
1389,852,17,2,1330.67,0.0
1390,853,142,1,116.01,0.05
1391,854,70,1,554.43,0.0
1392,855,158,1,28.13,0.0
1393,855,16,1,1438.96,0.0
1394,856,6,2,580.13,0.05
1395,856,96,1,285.92,0.0
1396,856,157,1,70.72,0.1
1397,856,77,1,173.17,0.0
1398,857,4,2,560.23,0.0
1399,858,159,1,11.9,0.0
1400,859,118,1,227.27,0.0
1401,859,20,1,1259.83,0.0
1402,860,136,1,639.35,0.1
1403,861,12,1,899.67,0.0
1404,862,121,1,434.1,0.05
1405,863,128,1,367.46,0.0
1406,864,104,1,276.16,0.0
1407,865,55,2,458.59,0.0
1408,865,157,1,70.72,0.1
1409,866,23,1,282.23,0.1
1410,866,75,1,548.76,0.0
1411,867,28,1,784.32,0.1
1412,868,4,1,560.23,0.05
1413,869,153,1,58.82,0.0
1414,870,138,1,569.79,0.0
1415,870,44,1,633.94,0.0
1416,871,17,1,1330.67,0.0
1417,871,169,1,43.99,0.0
1418,871,2,1,240.32,0.0
1419,872,25,1,900.0,0.0
1420,872,98,1,218.62,0.0
1421,872,92,1,113.95,0.0
1422,873,123,1,287.0,0.0
1423,873,5,1,983.84,0.2
1424,873,155,1,28.84,0.15
1425,873,152,1,38.17,0.0
1426,874,43,1,1099.47,0.0
1427,874,5,2,983.84,0.05
1428,874,138,1,569.79,0.0
1429,874,97,1,274.08,0.2
1430,875,24,1,496.62,0.0
1431,875,17,1,1330.67,0.0
1432,876,13,2,861.38,0.15
1433,877,170,1,27.31,0.05
1434,877,41,3,970.93,0.0
1435,878,117,1,331.2,0.0
1436,879,161,1,31.02,0.0
1437,880,166,1,58.4,0.05
1438,881,134,1,448.79,0.2
1439,882,40,1,1027.7,0.0
1440,883,138,1,569.79,0.0
1441,883,64,1,262.34,0.0
1442,884,1,1,231.51,0.0
1443,885,24,1,496.62,0.15
1444,886,36,1,1805.42,0.0
1445,887,90,1,92.0,0.0
1446,888,109,1,214.58,0.0
1447,889,17,1,1330.67,0.05
1448,890,87,1,255.5,0.0
1449,891,10,1,496.76,0.1
1450,892,93,1,340.41,0.0
1451,893,10,2,496.76,0.05
1452,893,82,1,159.8,0.0
1453,894,46,1,1831.34,0.0
1454,895,137,1,641.9,0.0
1455,895,161,2,31.02,0.0
1456,895,171,3,41.81,0.0
1457,896,19,1,344.43,0.05
1458,897,40,1,1027.7,0.05
1459,897,98,1,218.62,0.0
1460,898,70,1,554.43,0.0
1461,898,47,3,2343.1,0.0
1462,899,148,1,174.44,0.0
1463,899,51,3,385.81,0.0
1464,900,131,1,602.2,0.1
1465,901,135,1,635.25,0.05
1466,901,26,1,597.08,0.0
1467,902,70,1,554.43,0.0
1468,903,31,1,1861.84,0.1
1469,904,116,1,351.25,0.0
1470,905,158,1,28.13,0.1
1471,906,48,2,775.66,0.0
1472,906,135,1,635.25,0.0
1473,907,19,2,344.43,0.2
1474,907,58,1,407.29,0.1
1475,908,5,1,983.84,0.0
1476,908,149,1,559.5,0.0
1477,908,82,1,159.8,0.0
1478,909,54,2,913.58,0.0
1479,910,11,1,475.41,0.0
1480,910,15,1,1175.14,0.05
1481,911,90,1,92.0,0.0
1482,912,26,1,597.08,0.0
1483,912,65,1,854.98,0.0
1484,912,171,3,41.81,0.0
1485,913,93,3,340.41,0.1
1486,913,53,2,656.09,0.0
1487,914,21,1,543.57,0.0
1488,915,171,1,41.81,0.0
1489,916,89,1,157.12,0.0
1490,916,129,1,632.28,0.0
1491,917,12,1,899.67,0.2
1492,918,7,1,1203.99,0.2
1493,918,152,1,38.17,0.0
1494,919,21,1,543.57,0.05
1495,920,151,1,6.17,0.05
1496,920,12,1,899.67,0.0
1497,921,105,3,432.62,0.0
1498,922,28,1,784.32,0.0
1499,922,138,1,569.79,0.0
1500,922,175,1,37.24,0.0
1501,923,154,1,67.7,0.05
1502,924,1,2,231.51,0.05
1503,924,25,1,900.0,0.0
1504,924,162,1,67.56,0.0
1505,924,164,1,30.98,0.1
1506,925,171,1,41.81,0.2
1507,926,33,3,1625.77,0.0
1508,927,95,1,53.11,0.15
1509,928,114,3,233.3,0.0
1510,928,34,1,542.89,0.15
1511,929,15,1,1175.14,0.0
1512,930,112,1,71.21,0.15
1513,930,103,2,220.54,0.0
1514,931,156,2,38.57,0.0
1515,932,108,2,387.83,0.0
1516,932,44,1,633.94,0.0
1517,933,106,1,347.14,0.0
1518,934,132,2,684.44,0.0
1519,934,144,2,623.37,0.05
1520,935,158,1,28.13,0.0
1521,935,53,1,656.09,0.0
1522,935,28,1,784.32,0.1
1523,936,6,2,580.13,0.0
1524,937,59,2,723.28,0.1
1525,938,1,1,231.51,0.05
1526,938,45,1,1559.3,0.0
1527,938,159,1,11.9,0.0
1528,939,15,1,1175.14,0.05
1529,939,54,2,913.58,0.0
1530,939,45,2,1559.3,0.0
1531,940,167,1,60.83,0.2
1532,941,19,1,344.43,0.0
1533,941,68,1,345.57,0.1
1534,941,148,1,174.44,0.05
1535,941,2,1,240.32,0.0
1536,942,138,1,569.79,0.0
1537,942,55,1,458.59,0.1
1538,943,53,1,656.09,0.0
1539,944,46,1,1831.34,0.0
1540,945,21,2,543.57,0.0
1541,946,67,1,755.51,0.0
1542,947,140,1,424.81,0.15
1543,948,35,1,482.46,0.0
1544,949,139,1,280.41,0.0
1545,950,9,1,893.38,0.0
1546,951,2,1,240.32,0.0
1547,952,89,2,157.12,0.15
1548,953,69,1,502.41,0.05
1549,954,30,2,2294.13,0.0
1550,954,109,1,214.58,0.1
1551,955,33,1,1625.77,0.05
1552,956,45,1,1559.3,0.0
1553,956,22,1,1492.69,0.0
1554,957,173,1,47.43,0.0
1555,958,47,1,2343.1,0.0
1556,958,48,1,775.66,0.0
1557,959,98,1,218.62,0.0
1558,960,23,1,282.23,0.0
1559,960,35,1,482.46,0.05
1560,960,21,1,543.57,0.1
1561,961,44,1,633.94,0.0
1562,962,166,3,58.4,0.0
1563,963,14,1,281.59,0.1
1564,964,66,1,862.88,0.05
1565,965,14,1,281.59,0.05
1566,966,12,2,899.67,0.0
1567,967,114,1,233.3,0.0
1568,967,147,1,462.52,0.0
1569,967,46,1,1831.34,0.1
1570,967,131,1,602.2,0.05
1571,968,37,1,2349.94,0.2
1572,968,8,2,410.45,0.0
1573,969,43,1,1099.47,0.0
1574,970,166,1,58.4,0.0
1575,971,89,1,157.12,0.1
1576,972,164,1,30.98,0.0
1577,972,108,1,387.83,0.15
1578,973,12,1,899.67,0.0
1579,974,141,1,622.59,0.1
1580,975,87,1,255.5,0.0
1581,976,1,1,231.51,0.0
1582,976,162,1,67.56,0.0
1583,977,4,2,560.23,0.0
1584,978,33,2,1625.77,0.0
1585,978,10,1,496.76,0.2
1586,979,91,2,261.69,0.0
1587,980,128,1,367.46,0.0
1588,980,97,1,274.08,0.0
1589,981,153,1,58.82,0.0
1590,981,22,2,1492.69,0.0
1591,982,4,2,560.23,0.0
1592,983,16,1,1438.96,0.2
1593,983,12,1,899.67,0.0
1594,984,9,1,893.38,0.0
1595,984,157,1,70.72,0.0
1596,985,152,2,38.17,0.05
1597,986,143,1,624.59,0.0
1598,987,149,1,559.5,0.1
1599,987,98,1,218.62,0.0
1600,988,94,1,206.74,0.0
1601,988,124,1,394.12,0.0
1602,989,84,1,292.46,0.0
1603,990,106,1,347.14,0.0
1604,990,104,1,276.16,0.05
1605,991,25,1,900.0,0.0
1606,991,21,1,543.57,0.0
1607,992,164,1,30.98,0.15
1608,993,37,1,2349.94,0.0
1609,993,32,1,856.17,0.0
1610,994,25,1,900.0,0.0
1611,995,28,1,784.32,0.0
1612,995,153,1,58.82,0.0
1613,996,48,1,775.66,0.1
1614,996,38,1,846.62,0.05
1615,996,119,1,264.87,0.1
1616,996,40,1,1027.7,0.0
1617,997,55,1,458.59,0.0
1618,998,142,1,116.01,0.0
1619,999,151,2,6.17,0.15
1620,999,23,1,282.23,0.05
1621,999,22,1,1492.69,0.0
1622,999,21,1,543.57,0.0
1623,1000,127,1,389.57,0.0
1624,1000,47,2,2343.1,0.05
1625,1000,72,1,930.61,0.05
1626,1001,128,1,367.46,0.0
1627,1002,98,1,218.62,0.0
1628,1003,153,1,58.82,0.0
1629,1004,136,1,639.35,0.05
1630,1004,35,1,482.46,0.0
1631,1005,166,1,58.4,0.0
1632,1005,75,1,548.76,0.0
1633,1006,152,2,38.17,0.05
1634,1006,156,3,38.57,0.0
1635,1006,58,1,407.29,0.0
1636,1007,126,1,635.26,0.0
1637,1008,34,1,542.89,0.0
1638,1008,62,3,759.59,0.0
1639,1009,39,1,730.27,0.0
1640,1010,13,1,861.38,0.0
1641,1011,108,1,387.83,0.15
1642,1011,45,1,1559.3,0.05
1643,1012,17,2,1330.67,0.0
1644,1012,28,1,784.32,0.0
1645,1012,30,1,2294.13,0.0
1646,1013,1,1,231.51,0.0
1647,1013,48,1,775.66,0.05
1648,1014,167,2,60.83,0.1
1649,1015,146,3,78.96,0.05
1650,1015,9,1,893.38,0.05
1651,1016,61,1,188.28,0.0
1652,1016,164,2,30.98,0.05
1653,1017,7,1,1203.99,0.0
1654,1017,45,2,1559.3,0.15
1655,1017,3,1,744.38,0.0
1656,1018,158,1,28.13,0.15
1657,1019,61,1,188.28,0.15
1658,1019,12,1,899.67,0.05
1659,1020,115,1,215.42,0.0
1660,1021,160,1,54.58,0.0
1661,1022,103,1,220.54,0.0
1662,1023,16,1,1438.96,0.05
1663,1024,103,1,220.54,0.0
1664,1024,140,1,424.81,0.0
1665,1025,109,1,214.58,0.0
1666,1026,3,1,744.38,0.0
1667,1027,148,1,174.44,0.05
1668,1028,71,1,564.0,0.0
1669,1029,154,1,67.7,0.0
1670,1029,138,2,569.79,0.0
1671,1029,166,1,58.4,0.0
1672,1030,16,1,1438.96,0.0
1673,1030,38,1,846.62,0.05
1674,1031,40,1,1027.7,0.05
1675,1031,106,1,347.14,0.1
1676,1032,128,1,367.46,0.1
1677,1032,21,1,543.57,0.05
1678,1032,36,1,1805.42,0.05
1679,1033,33,2,1625.77,0.1
1680,1033,57,3,714.19,0.0
1681,1033,111,2,287.93,0.05
1682,1033,80,2,299.0,0.05
1683,1034,21,1,543.57,0.1
1684,1034,8,1,410.45,0.1
1685,1034,135,2,635.25,0.0
1686,1035,69,2,502.41,0.0
1687,1036,20,1,1259.83,0.1
1688,1036,5,1,983.84,0.0
1689,1037,2,1,240.32,0.0
1690,1038,160,2,54.58,0.0
1691,1038,27,1,526.29,0.2
1692,1038,57,1,714.19,0.05
1693,1039,64,1,262.34,0.0
1694,1040,16,1,1438.96,0.0
1695,1041,15,2,1175.14,0.05
1696,1042,95,1,53.11,0.0
1697,1043,92,2,113.95,0.0
1698,1044,49,1,2052.49,0.0
1699,1044,144,1,623.37,0.0
1700,1044,143,1,624.59,0.0
1701,1045,17,1,1330.67,0.0
1702,1045,10,1,496.76,0.0
1703,1046,34,1,542.89,0.0
1704,1047,26,1,597.08,0.05
1705,1047,42,1,926.35,0.05
1706,1047,153,1,58.82,0.05
1707,1048,159,1,11.9,0.0
1708,1048,71,1,564.0,0.1
1709,1048,39,2,730.27,0.15
1710,1049,11,1,475.41,0.0
1711,1050,101,1,303.31,0.0
1712,1050,1,1,231.51,0.0
1713,1050,19,1,344.43,0.0
1714,1051,48,1,775.66,0.2
1715,1052,162,1,67.56,0.0
1716,1052,42,1,926.35,0.0
1717,1053,8,1,410.45,0.05
1718,1054,77,1,173.17,0.0
1719,1054,44,1,633.94,0.15
1720,1055,9,2,893.38,0.0
1721,1055,174,2,64.3,0.0
1722,1055,166,1,58.4,0.0
1723,1056,94,1,206.74,0.0
1724,1057,11,1,475.41,0.0
1725,1058,166,1,58.4,0.05
1726,1059,69,1,502.41,0.05
1727,1060,78,1,274.78,0.0
1728,1060,42,1,926.35,0.1
1729,1061,6,1,580.13,0.0
1730,1062,5,1,983.84,0.0
1731,1062,22,1,1492.69,0.0
1732,1063,45,2,1559.3,0.0
1733,1064,44,1,633.94,0.0
1734,1064,27,1,526.29,0.0
1735,1065,17,2,1330.67,0.05
1736,1065,5,1,983.84,0.1
1737,1066,25,3,900.0,0.0
1738,1066,158,1,28.13,0.1
1739,1067,51,1,385.81,0.0
1740,1068,94,1,206.74,0.1
1741,1069,11,1,475.41,0.0
1742,1069,109,1,214.58,0.15
1743,1070,68,1,345.57,0.0
1744,1071,77,1,173.17,0.0
1745,1071,93,1,340.41,0.0
1746,1072,166,2,58.4,0.0
1747,1072,20,1,1259.83,0.0
1748,1073,126,1,635.26,0.0
1749,1074,116,1,351.25,0.0
1750,1075,7,1,1203.99,0.0
1751,1075,70,2,554.43,0.0
1752,1075,35,1,482.46,0.0
1753,1076,145,1,182.4,0.2
1754,1077,83,1,220.71,0.0
1755,1078,22,1,1492.69,0.1
1756,1078,120,1,444.02,0.0
1757,1079,19,1,344.43,0.0
1758,1079,151,1,6.17,0.0
1759,1080,120,1,444.02,0.05
1760,1081,169,1,43.99,0.1
1761,1082,126,2,635.26,0.0
1762,1083,2,1,240.32,0.0
1763,1083,33,2,1625.77,0.0
1764,1084,136,2,639.35,0.0
1765,1084,32,1,856.17,0.0
1766,1085,28,3,784.32,0.0
1767,1086,14,1,281.59,0.1
1768,1086,170,2,27.31,0.0
1769,1086,166,1,58.4,0.2
1770,1087,47,1,2343.1,0.05
1771,1088,99,1,73.05,0.0
1772,1089,131,1,602.2,0.0
1773,1090,73,1,264.34,0.0
1774,1091,105,1,432.62,0.05
1775,1091,46,1,1831.34,0.0
1776,1091,164,2,30.98,0.0
1777,1092,78,3,274.78,0.05
1778,1092,11,1,475.41,0.05
1779,1092,144,1,623.37,0.0
1780,1092,25,1,900.0,0.0
1781,1093,66,1,862.88,0.05
1782,1094,46,3,1831.34,0.0
1783,1094,157,1,70.72,0.0
1784,1095,140,1,424.81,0.2
1785,1095,151,1,6.17,0.05
1786,1096,93,1,340.41,0.0
1787,1097,152,1,38.17,0.0
1788,1097,62,1,759.59,0.0
1789,1098,139,1,280.41,0.0
1790,1098,115,1,215.42,0.15
1791,1098,1,1,231.51,0.0
1792,1099,9,1,893.38,0.0
1793,1099,6,1,580.13,0.0
1794,1100,6,1,580.13,0.1
1795,1100,111,1,287.93,0.0
1796,1100,156,2,38.57,0.0
1797,1101,120,2,444.02,0.05
1798,1102,15,2,1175.14,0.0
1799,1103,16,1,1438.96,0.0
1800,1104,54,1,913.58,0.0
1801,1104,165,1,11.79,0.0
1802,1105,99,1,73.05,0.0
1803,1105,77,2,173.17,0.2
1804,1106,23,1,282.23,0.0
1805,1107,154,1,67.7,0.15
1806,1107,127,1,389.57,0.0
1807,1108,28,1,784.32,0.0
1808,1109,25,1,900.0,0.0
1809,1110,24,1,496.62,0.0
1810,1110,93,1,340.41,0.0
1811,1111,127,1,389.57,0.0
1812,1112,51,1,385.81,0.0
1813,1113,38,2,846.62,0.0
1814,1113,96,1,285.92,0.1
1815,1114,141,1,622.59,0.0
1816,1115,151,2,6.17,0.1
1817,1116,36,1,1805.42,0.0
1818,1117,105,2,432.62,0.05
1819,1118,36,1,1805.42,0.0
1820,1118,69,1,502.41,0.0
1821,1118,2,1,240.32,0.0
1822,1119,15,1,1175.14,0.1
1823,1119,160,1,54.58,0.05
1824,1120,108,1,387.83,0.0
1825,1120,37,2,2349.94,0.0
1826,1120,157,1,70.72,0.0
1827,1121,23,3,282.23,0.05
1828,1121,1,1,231.51,0.1
1829,1122,61,2,188.28,0.0
1830,1123,4,1,560.23,0.0
1831,1124,127,2,389.57,0.1
1832,1124,69,1,502.41,0.1
1833,1125,21,1,543.57,0.0
1834,1126,108,1,387.83,0.0
1835,1126,67,1,755.51,0.05
1836,1127,16,2,1438.96,0.0
1837,1128,121,3,434.1,0.0
1838,1128,24,3,496.62,0.0
1839,1129,26,1,597.08,0.0
1840,1130,117,1,331.2,0.0
1841,1131,9,1,893.38,0.0
1842,1131,128,1,367.46,0.1
1843,1132,148,1,174.44,0.0
1844,1133,56,1,580.05,0.0
1845,1133,4,1,560.23,0.0
1846,1134,162,1,67.56,0.0
1847,1135,151,2,6.17,0.0
1848,1136,137,1,641.9,0.0
1849,1137,84,2,292.46,0.0
1850,1137,99,1,73.05,0.0
1851,1137,60,1,228.38,0.0
1852,1138,71,1,564.0,0.0
1853,1139,102,1,49.71,0.05
1854,1140,104,2,276.16,0.0
1855,1141,102,1,49.71,0.0
1856,1142,120,1,444.02,0.0
1857,1142,130,1,690.85,0.0
1858,1142,21,1,543.57,0.0
1859,1143,3,3,744.38,0.0
1860,1144,159,1,11.9,0.0
1861,1144,134,1,448.79,0.0
1862,1145,26,1,597.08,0.05
1863,1145,2,1,240.32,0.0
1864,1145,82,2,159.8,0.0
1865,1145,118,2,227.27,0.0
1866,1146,145,1,182.4,0.0
1867,1147,27,1,526.29,0.2
1868,1148,116,1,351.25,0.0
1869,1149,93,2,340.41,0.0
1870,1150,110,1,301.79,0.1
1871,1150,165,1,11.79,0.0
1872,1151,49,1,2052.49,0.2
1873,1152,144,1,623.37,0.0
1874,1152,39,2,730.27,0.0
1875,1153,48,1,775.66,0.0
1876,1154,34,1,542.89,0.05
1877,1155,5,2,983.84,0.1
1878,1156,26,1,597.08,0.15
1879,1156,121,1,434.1,0.2
1880,1156,159,1,11.9,0.2
1881,1156,24,1,496.62,0.05
1882,1157,20,3,1259.83,0.0
1883,1157,83,1,220.71,0.0
1884,1158,65,1,854.98,0.1
1885,1159,16,1,1438.96,0.0
1886,1159,135,2,635.25,0.0
1887,1160,118,1,227.27,0.15
1888,1161,64,1,262.34,0.0
1889,1162,7,1,1203.99,0.05
1890,1163,156,1,38.57,0.0
1891,1163,168,1,35.65,0.1
1892,1163,153,1,58.82,0.0
1893,1164,58,1,407.29,0.2
1894,1165,133,1,588.67,0.05
1895,1165,135,2,635.25,0.1
1896,1166,153,1,58.82,0.0
1897,1166,157,1,70.72,0.0
1898,1166,156,1,38.57,0.0
1899,1166,80,1,299.0,0.0
1900,1167,20,1,1259.83,0.2
1901,1168,15,1,1175.14,0.05
1902,1168,136,2,639.35,0.0
1903,1169,47,1,2343.1,0.0
1904,1170,134,1,448.79,0.1
1905,1171,15,2,1175.14,0.0
1906,1171,8,1,410.45,0.0
1907,1171,105,1,432.62,0.0
1908,1172,149,1,559.5,0.0
1909,1172,170,1,27.31,0.0
1910,1173,167,2,60.83,0.15
1911,1173,145,1,182.4,0.0
1912,1174,69,3,502.41,0.0
1913,1175,47,2,2343.1,0.0
1914,1176,139,1,280.41,0.0
1915,1176,13,1,861.38,0.0
1916,1176,119,1,264.87,0.0
1917,1177,5,1,983.84,0.1
1918,1178,25,1,900.0,0.0
1919,1179,77,1,173.17,0.0
1920,1180,124,2,394.12,0.0
1921,1181,119,1,264.87,0.0
1922,1182,106,1,347.14,0.0
1923,1183,78,1,274.78,0.1
1924,1183,112,2,71.21,0.0
1925,1184,3,1,744.38,0.2
1926,1184,126,1,635.26,0.0
1927,1184,129,1,632.28,0.0
1928,1185,99,2,73.05,0.05
1929,1186,152,1,38.17,0.0
1930,1186,31,1,1861.84,0.0
1931,1186,16,1,1438.96,0.0
1932,1186,49,1,2052.49,0.1
1933,1187,9,1,893.38,0.1
1934,1187,23,1,282.23,0.15
1935,1187,5,2,983.84,0.0
1936,1187,118,1,227.27,0.0
1937,1188,158,1,28.13,0.2
1938,1188,13,1,861.38,0.0
1939,1188,143,1,624.59,0.0
1940,1188,46,2,1831.34,0.1
1941,1189,46,1,1831.34,0.1
1942,1189,26,1,597.08,0.0
1943,1190,21,2,543.57,0.05
1944,1191,153,1,58.82,0.1
1945,1191,126,1,635.26,0.05
1946,1192,162,1,67.56,0.1
1947,1193,99,3,73.05,0.15
1948,1194,21,1,543.57,0.0
1949,1195,40,1,1027.7,0.2
1950,1196,89,1,157.12,0.1
1951,1197,156,3,38.57,0.1
1952,1198,147,2,462.52,0.0
1953,1198,88,1,46.08,0.0
1954,1199,5,1,983.84,0.1
1955,1200,25,1,900.0,0.05
1956,1201,19,2,344.43,0.0
1957,1202,30,3,2294.13,0.0
1958,1203,31,1,1861.84,0.0
1959,1204,7,2,1203.99,0.0
1960,1204,167,3,60.83,0.1
1961,1205,19,1,344.43,0.0
1962,1206,102,1,49.71,0.05
1963,1206,79,1,147.48,0.0
1964,1207,4,1,560.23,0.0
1965,1207,30,1,2294.13,0.0
1966,1207,20,1,1259.83,0.1
1967,1207,2,1,240.32,0.0
1968,1208,40,1,1027.7,0.05
1969,1208,149,1,559.5,0.0
1970,1209,20,2,1259.83,0.0
1971,1210,91,2,261.69,0.1
1972,1211,97,1,274.08,0.0
1973,1212,127,1,389.57,0.0
1974,1213,23,1,282.23,0.0
1975,1213,137,1,641.9,0.0
1976,1214,49,1,2052.49,0.0
1977,1214,21,1,543.57,0.0
1978,1215,68,1,345.57,0.0
1979,1215,160,1,54.58,0.0
1980,1215,118,2,227.27,0.0
1981,1215,121,2,434.1,0.0
1982,1216,45,2,1559.3,0.0
1983,1217,7,1,1203.99,0.0
1984,1217,165,2,11.79,0.0
1985,1217,173,1,47.43,0.0
1986,1218,118,1,227.27,0.05
1987,1218,90,1,92.0,0.0
1988,1218,156,3,38.57,0.0
1989,1219,3,2,744.38,0.15
1990,1220,40,1,1027.7,0.0
1991,1221,107,2,206.43,0.0
1992,1221,61,1,188.28,0.0
1993,1221,151,1,6.17,0.1
1994,1222,68,1,345.57,0.0
1995,1223,118,1,227.27,0.1
1996,1223,13,1,861.38,0.15
1997,1224,170,2,27.31,0.0
1998,1225,101,1,303.31,0.0
1999,1226,80,2,299.0,0.0
2000,1227,96,1,285.92,0.0
2001,1228,8,2,410.45,0.0
2002,1228,151,1,6.17,0.0
2003,1229,13,1,861.38,0.0
2004,1230,98,1,218.62,0.0
2005,1230,46,1,1831.34,0.1
2006,1231,156,1,38.57,0.1
2007,1232,28,1,784.32,0.0
2008,1232,120,2,444.02,0.0
2009,1233,90,2,92.0,0.1
2010,1234,49,1,2052.49,0.15
2011,1234,20,1,1259.83,0.0
2012,1235,34,1,542.89,0.0
2013,1236,175,2,37.24,0.0
2014,1237,151,2,6.17,0.0
2015,1237,45,1,1559.3,0.0
2016,1237,117,1,331.2,0.0
2017,1238,90,1,92.0,0.05
2018,1239,110,1,301.79,0.05
2019,1240,88,1,46.08,0.05
2020,1241,22,1,1492.69,0.0
2021,1242,99,2,73.05,0.0
2022,1242,148,2,174.44,0.0
2023,1243,78,1,274.78,0.0
2024,1243,14,2,281.59,0.0
2025,1244,39,3,730.27,0.05
2026,1244,71,2,564.0,0.0
2027,1245,44,2,633.94,0.0
2028,1245,167,1,60.83,0.0
2029,1245,117,1,331.2,0.0
2030,1246,28,1,784.32,0.0
2031,1247,98,1,218.62,0.05
2032,1247,26,2,597.08,0.05
2033,1247,162,1,67.56,0.05
2034,1248,45,1,1559.3,0.0
2035,1249,174,2,64.3,0.0
2036,1249,37,1,2349.94,0.0
2037,1250,141,1,622.59,0.0
2038,1250,4,1,560.23,0.0
2039,1250,9,2,893.38,0.0
2040,1251,77,1,173.17,0.0
2041,1252,35,2,482.46,0.0
2042,1252,42,1,926.35,0.0
2043,1252,100,3,92.31,0.0
2044,1252,120,1,444.02,0.05
2045,1253,117,1,331.2,0.1
2046,1254,130,2,690.85,0.0
2047,1254,39,1,730.27,0.0
2048,1254,123,1,287.0,0.05
2049,1255,88,2,46.08,0.1
2050,1256,126,1,635.26,0.0
2051,1257,145,2,182.4,0.0
2052,1257,44,1,633.94,0.05
2053,1258,16,1,1438.96,0.1
2054,1258,33,2,1625.77,0.2
2055,1259,2,1,240.32,0.0
2056,1259,111,2,287.93,0.1
2057,1260,46,1,1831.34,0.1
2058,1261,111,2,287.93,0.0
2059,1261,25,1,900.0,0.05
2060,1262,64,2,262.34,0.0
2061,1263,165,3,11.79,0.0
2062,1263,84,1,292.46,0.0
2063,1264,92,1,113.95,0.2
2064,1264,111,1,287.93,0.05
2065,1265,21,1,543.57,0.0
2066,1266,64,1,262.34,0.15
2067,1267,158,1,28.13,0.05
2068,1267,160,1,54.58,0.0
2069,1268,5,1,983.84,0.0
2070,1268,146,1,78.96,0.05
2071,1269,130,1,690.85,0.15
2072,1270,27,1,526.29,0.0
2073,1270,51,1,385.81,0.0
2074,1270,137,1,641.9,0.0
2075,1271,23,1,282.23,0.1
2076,1272,60,2,228.38,0.0
2077,1272,38,1,846.62,0.0
2078,1273,167,1,60.83,0.0
2079,1274,32,1,856.17,0.0
2080,1275,21,1,543.57,0.0
2081,1275,164,1,30.98,0.0
2082,1276,29,2,2154.66,0.0
2083,1277,169,2,43.99,0.0
2084,1278,51,1,385.81,0.05
2085,1279,5,1,983.84,0.0
2086,1279,2,1,240.32,0.05
2087,1280,11,1,475.41,0.0
2088,1281,7,1,1203.99,0.0
2089,1281,11,2,475.41,0.2
2090,1282,39,1,730.27,0.15
2091,1283,166,1,58.4,0.0
2092,1284,145,2,182.4,0.0
2093,1285,33,1,1625.77,0.1
2094,1285,17,1,1330.67,0.0
2095,1286,167,1,60.83,0.15
2096,1287,1,1,231.51,0.0
2097,1288,161,1,31.02,0.05
2098,1289,41,1,970.93,0.05
2099,1289,25,1,900.0,0.2
2100,1290,137,2,641.9,0.0
2101,1291,23,1,282.23,0.0
2102,1292,29,2,2154.66,0.0
2103,1292,62,1,759.59,0.2
2104,1293,98,2,218.62,0.0
2105,1293,135,1,635.25,0.05
2106,1294,155,2,28.84,0.0
2107,1295,69,1,502.41,0.0
2108,1295,44,1,633.94,0.0
2109,1296,41,1,970.93,0.05
2110,1296,128,1,367.46,0.15
2111,1296,77,1,173.17,0.1
2112,1297,61,1,188.28,0.0
2113,1298,70,2,554.43,0.15
2114,1298,66,1,862.88,0.05
2115,1299,63,2,335.01,0.1
2116,1300,17,3,1330.67,0.0
2117,1300,101,1,303.31,0.0
2118,1300,3,2,744.38,0.0
2119,1301,102,1,49.71,0.0
2120,1302,22,1,1492.69,0.0
2121,1302,151,1,6.17,0.2
2122,1303,122,1,25.6,0.1
2123,1303,33,1,1625.77,0.0
2124,1304,37,2,2349.94,0.0
2125,1305,46,1,1831.34,0.05
2126,1306,28,1,784.32,0.2
2127,1307,80,2,299.0,0.1
2128,1308,4,2,560.23,0.0
2129,1309,41,2,970.93,0.05
2130,1309,14,1,281.59,0.05
2131,1310,128,1,367.46,0.1
2132,1310,11,3,475.41,0.05
2133,1311,43,2,1099.47,0.1
2134,1312,145,1,182.4,0.1
2135,1312,12,1,899.67,0.0
2136,1313,167,1,60.83,0.0
2137,1314,87,1,255.5,0.1
2138,1314,152,1,38.17,0.1
2139,1315,140,1,424.81,0.0
2140,1316,28,1,784.32,0.0
2141,1316,52,1,947.35,0.05
2142,1317,140,2,424.81,0.0
2143,1317,11,1,475.41,0.05
2144,1318,134,1,448.79,0.05
2145,1319,153,1,58.82,0.05
2146,1320,42,2,926.35,0.15
2147,1320,146,2,78.96,0.0
2148,1321,43,1,1099.47,0.15
2149,1322,135,1,635.25,0.0
2150,1323,28,1,784.32,0.0
2151,1323,7,2,1203.99,0.0
2152,1324,162,1,67.56,0.15
2153,1325,99,1,73.05,0.0
2154,1326,49,1,2052.49,0.0
2155,1326,122,1,25.6,0.0
2156,1327,91,1,261.69,0.0
2157,1328,175,1,37.24,0.2
2158,1328,41,2,970.93,0.05
2159,1328,31,1,1861.84,0.0
2160,1328,151,1,6.17,0.1
2161,1329,24,1,496.62,0.15
2162,1330,78,1,274.78,0.0
2163,1330,22,1,1492.69,0.0
2164,1331,122,1,25.6,0.0
2165,1332,162,1,67.56,0.0
2166,1332,26,2,597.08,0.15
2167,1333,11,1,475.41,0.0
2168,1334,41,1,970.93,0.05
2169,1334,95,1,53.11,0.0
2170,1334,151,1,6.17,0.0
2171,1334,12,1,899.67,0.0
2172,1335,89,1,157.12,0.0
2173,1336,10,1,496.76,0.05
2174,1337,118,1,227.27,0.0
2175,1338,49,3,2052.49,0.0
2176,1339,5,1,983.84,0.0
2177,1340,22,2,1492.69,0.0
2178,1340,44,2,633.94,0.1
2179,1341,87,1,255.5,0.0
2180,1342,1,1,231.51,0.0
2181,1343,173,1,47.43,0.0
2182,1344,31,1,1861.84,0.05
2183,1344,85,2,180.1,0.05
2184,1345,105,1,432.62,0.1
2185,1346,153,1,58.82,0.0
2186,1347,40,3,1027.7,0.0
2187,1348,5,3,983.84,0.0
2188,1348,3,1,744.38,0.15
2189,1349,88,2,46.08,0.0
2190,1350,49,1,2052.49,0.1
2191,1350,135,2,635.25,0.0
2192,1351,138,2,569.79,0.05
2193,1352,133,1,588.67,0.0
2194,1352,9,2,893.38,0.0
2195,1353,158,1,28.13,0.1
2196,1354,155,1,28.84,0.0
2197,1354,128,2,367.46,0.0
2198,1354,87,2,255.5,0.05
2199,1355,135,1,635.25,0.0
2200,1355,13,3,861.38,0.0
2201,1355,8,1,410.45,0.0
2202,1356,138,1,569.79,0.1
2203,1356,48,1,775.66,0.0
2204,1356,103,1,220.54,0.0
2205,1357,85,1,180.1,0.0
2206,1358,36,1,1805.42,0.0
2207,1359,7,1,1203.99,0.2
2208,1360,133,1,588.67,0.0
2209,1360,61,1,188.28,0.15
2210,1361,174,2,64.3,0.0
2211,1361,154,1,67.7,0.1
2212,1361,175,3,37.24,0.0
2213,1362,2,1,240.32,0.0
2214,1363,16,1,1438.96,0.0
2215,1364,63,1,335.01,0.0
2216,1365,143,1,624.59,0.0
2217,1365,36,1,1805.42,0.2
2218,1365,28,1,784.32,0.0
2219,1366,167,3,60.83,0.15
2220,1366,71,1,564.0,0.1
2221,1367,154,1,67.7,0.0
2222,1368,43,1,1099.47,0.0
2223,1369,58,1,407.29,0.0
2224,1369,28,1,784.32,0.0
2225,1369,14,1,281.59,0.0
2226,1370,10,3,496.76,0.0
2227,1370,15,2,1175.14,0.0
2228,1370,168,2,35.65,0.0
2229,1371,24,1,496.62,0.05
2230,1372,53,2,656.09,0.0
2231,1372,171,1,41.81,0.1
2232,1372,168,1,35.65,0.0
2233,1373,44,2,633.94,0.0
2234,1374,127,1,389.57,0.0
2235,1375,128,2,367.46,0.0
2236,1376,84,2,292.46,0.0
2237,1376,21,1,543.57,0.0
2238,1376,101,1,303.31,0.0
2239,1377,29,1,2154.66,0.0
2240,1378,140,1,424.81,0.0
2241,1379,91,1,261.69,0.15
2242,1379,106,3,347.14,0.0
2243,1380,46,3,1831.34,0.0
2244,1381,82,2,159.8,0.0
2245,1382,21,1,543.57,0.0
2246,1383,83,1,220.71,0.0
2247,1383,28,1,784.32,0.1
2248,1384,125,3,205.61,0.0
2249,1384,108,1,387.83,0.05
2250,1384,45,2,1559.3,0.1
2251,1385,11,1,475.41,0.05
2252,1386,60,2,228.38,0.1
2253,1387,94,1,206.74,0.2
2254,1388,111,1,287.93,0.0
2255,1388,57,1,714.19,0.0
2256,1388,99,1,73.05,0.05
2257,1388,28,2,784.32,0.0
2258,1389,17,1,1330.67,0.0
2259,1389,60,1,228.38,0.0
2260,1390,14,1,281.59,0.05
2261,1391,43,1,1099.47,0.0
2262,1392,37,2,2349.94,0.0
2263,1393,40,1,1027.7,0.1
2264,1394,4,1,560.23,0.0
2265,1394,97,2,274.08,0.0
2266,1395,119,1,264.87,0.05
2267,1396,24,1,496.62,0.0
2268,1396,165,2,11.79,0.0
2269,1397,33,2,1625.77,0.0
2270,1397,136,1,639.35,0.0
2271,1398,24,1,496.62,0.0
2272,1399,51,1,385.81,0.05
2273,1399,65,1,854.98,0.0
2274,1400,134,1,448.79,0.0
2275,1401,99,1,73.05,0.2
2276,1402,132,1,684.44,0.0
2277,1402,157,2,70.72,0.1
2278,1402,36,1,1805.42,0.0
2279,1402,174,1,64.3,0.0
2280,1403,133,2,588.67,0.0
2281,1403,132,1,684.44,0.0
2282,1404,173,1,47.43,0.05
2283,1404,46,1,1831.34,0.05
2284,1405,12,2,899.67,0.0
2285,1405,162,1,67.56,0.05
2286,1406,111,3,287.93,0.0
2287,1406,43,1,1099.47,0.0
2288,1407,30,1,2294.13,0.0
2289,1407,8,3,410.45,0.0
2290,1408,65,2,854.98,0.0
2291,1408,95,1,53.11,0.0
2292,1408,10,2,496.76,0.0
2293,1409,17,1,1330.67,0.0
2294,1409,121,1,434.1,0.05
2295,1409,99,1,73.05,0.0
2296,1409,112,3,71.21,0.0
2297,1410,93,2,340.41,0.0
2298,1411,20,3,1259.83,0.1
2299,1411,99,1,73.05,0.0
2300,1411,173,1,47.43,0.0
2301,1412,35,1,482.46,0.05
2302,1412,37,1,2349.94,0.1
2303,1413,108,1,387.83,0.1
2304,1414,140,1,424.81,0.05
2305,1415,103,1,220.54,0.0
2306,1416,29,1,2154.66,0.1
2307,1417,160,1,54.58,0.05
2308,1418,33,1,1625.77,0.0
2309,1418,89,2,157.12,0.0
2310,1418,68,3,345.57,0.0
2311,1419,109,1,214.58,0.0
2312,1419,153,1,58.82,0.0
2313,1419,144,1,623.37,0.0
2314,1420,175,1,37.24,0.0
2315,1421,107,1,206.43,0.0
2316,1421,155,1,28.84,0.0
2317,1421,22,1,1492.69,0.05
2318,1421,170,1,27.31,0.2
2319,1422,145,1,182.4,0.0
2320,1422,56,3,580.05,0.0
2321,1423,25,1,900.0,0.0
2322,1423,167,1,60.83,0.0
2323,1424,23,3,282.23,0.0
2324,1424,12,1,899.67,0.05
2325,1424,1,2,231.51,0.1
2326,1425,15,1,1175.14,0.0
2327,1426,129,2,632.28,0.2
2328,1427,13,1,861.38,0.0
2329,1428,35,1,482.46,0.05
2330,1429,9,2,893.38,0.1
2331,1430,22,1,1492.69,0.0
2332,1430,44,2,633.94,0.05
2333,1431,8,1,410.45,0.2
2334,1432,139,1,280.41,0.05
2335,1432,2,1,240.32,0.2
2336,1432,19,1,344.43,0.2
2337,1433,15,3,1175.14,0.0
2338,1433,72,1,930.61,0.0
2339,1433,136,2,639.35,0.0
2340,1433,49,1,2052.49,0.0
2341,1434,1,1,231.51,0.0
2342,1435,33,1,1625.77,0.0
2343,1436,9,1,893.38,0.0
2344,1437,10,1,496.76,0.0
2345,1438,13,1,861.38,0.0
2346,1439,104,2,276.16,0.0
2347,1439,155,1,28.84,0.0
2348,1440,122,1,25.6,0.0
2349,1440,6,2,580.13,0.2
2350,1441,37,1,2349.94,0.0
2351,1441,4,2,560.23,0.0
2352,1442,22,2,1492.69,0.0
2353,1442,27,1,526.29,0.15
2354,1443,48,1,775.66,0.0
2355,1444,85,1,180.1,0.0
2356,1444,29,2,2154.66,0.0
2357,1445,152,1,38.17,0.0
2358,1445,156,2,38.57,0.0
2359,1445,28,1,784.32,0.0
2360,1446,124,1,394.12,0.15
2361,1446,151,1,6.17,0.0
2362,1447,124,1,394.12,0.0
2363,1447,65,1,854.98,0.0
2364,1448,46,1,1831.34,0.0
2365,1448,126,3,635.26,0.05
2366,1449,21,2,543.57,0.05
2367,1450,55,1,458.59,0.0
2368,1451,136,1,639.35,0.0
2369,1452,37,2,2349.94,0.1
2370,1453,9,1,893.38,0.0
2371,1454,130,1,690.85,0.05
2372,1455,21,2,543.57,0.0
2373,1456,48,1,775.66,0.05
2374,1456,94,1,206.74,0.1
2375,1457,164,2,30.98,0.0
2376,1457,13,1,861.38,0.05
2377,1457,64,1,262.34,0.1
2378,1458,15,1,1175.14,0.0
2379,1459,7,1,1203.99,0.05
2380,1460,158,1,28.13,0.15
2381,1461,88,1,46.08,0.0
2382,1461,32,1,856.17,0.0
2383,1462,93,1,340.41,0.15
2384,1463,19,1,344.43,0.1
2385,1464,41,1,970.93,0.0
2386,1465,146,1,78.96,0.1
2387,1465,41,1,970.93,0.0
2388,1466,129,2,632.28,0.0
2389,1466,82,1,159.8,0.0
2390,1467,41,1,970.93,0.0
2391,1468,62,1,759.59,0.1
2392,1468,113,1,24.88,0.0
2393,1469,55,3,458.59,0.05
2394,1469,39,3,730.27,0.0
2395,1469,31,1,1861.84,0.1
2396,1469,17,1,1330.67,0.05
2397,1470,5,1,983.84,0.1
2398,1470,141,1,622.59,0.0
2399,1471,31,1,1861.84,0.0
2400,1471,6,3,580.13,0.05
2401,1472,83,1,220.71,0.0
2402,1473,3,1,744.38,0.0
2403,1473,41,1,970.93,0.0
2404,1474,161,1,31.02,0.0
2405,1474,44,1,633.94,0.1
2406,1475,29,2,2154.66,0.15
2407,1476,46,1,1831.34,0.1
2408,1477,101,1,303.31,0.0
2409,1477,59,1,723.28,0.2
2410,1478,37,1,2349.94,0.0
2411,1478,17,2,1330.67,0.05
2412,1479,49,2,2052.49,0.0
2413,1479,101,1,303.31,0.1
2414,1479,110,1,301.79,0.0
2415,1479,82,1,159.8,0.0
2416,1480,108,3,387.83,0.0
2417,1480,73,1,264.34,0.0
2418,1481,2,2,240.32,0.0
2419,1481,156,1,38.57,0.1
2420,1481,28,2,784.32,0.0
2421,1482,169,2,43.99,0.0
2422,1482,175,1,37.24,0.0
2423,1483,153,1,58.82,0.0
2424,1484,51,1,385.81,0.0
2425,1485,78,1,274.78,0.05
2426,1485,36,1,1805.42,0.0
2427,1486,111,2,287.93,0.0
2428,1487,22,1,1492.69,0.1
2429,1488,30,3,2294.13,0.05
2430,1488,47,1,2343.1,0.1
2431,1489,143,1,624.59,0.0
2432,1490,101,2,303.31,0.0
2433,1490,24,1,496.62,0.1
2434,1491,4,1,560.23,0.0
2435,1492,161,2,31.02,0.0
2436,1493,3,1,744.38,0.15
2437,1494,165,2,11.79,0.05
2438,1495,2,3,240.32,0.05
2439,1495,166,1,58.4,0.2
2440,1495,40,1,1027.7,0.0
2441,1495,1,1,231.51,0.0
2442,1496,148,3,174.44,0.0
2443,1496,79,2,147.48,0.0
2444,1497,1,1,231.51,0.0
2445,1498,39,1,730.27,0.0
2446,1499,52,2,947.35,0.0
2447,1500,146,3,78.96,0.0
2448,1500,48,2,775.66,0.0
2449,1500,105,3,432.62,0.0
2450,1500,17,1,1330.67,0.0
2451,1501,142,2,116.01,0.0
2452,1502,39,1,730.27,0.15
2453,1502,96,2,285.92,0.0
2454,1502,98,1,218.62,0.0
2455,1502,85,1,180.1,0.2
2456,1503,166,1,58.4,0.0
2457,1503,28,1,784.32,0.0
2458,1503,17,3,1330.67,0.0
2459,1504,39,1,730.27,0.0
2460,1505,6,1,580.13,0.0
2461,1506,132,1,684.44,0.05
2462,1507,17,1,1330.67,0.0
2463,1507,23,1,282.23,0.0
2464,1507,75,3,548.76,0.0
2465,1507,9,1,893.38,0.0
2466,1508,10,1,496.76,0.0
2467,1508,3,1,744.38,0.05
2468,1509,46,2,1831.34,0.2
2469,1509,107,2,206.43,0.0
2470,1510,42,1,926.35,0.0
2471,1511,120,1,444.02,0.0
2472,1511,129,1,632.28,0.0
2473,1512,12,1,899.67,0.15
2474,1513,10,1,496.76,0.0
2475,1514,115,1,215.42,0.0
2476,1514,78,1,274.78,0.1
2477,1515,31,1,1861.84,0.0
2478,1516,69,1,502.41,0.1
2479,1517,146,2,78.96,0.0
2480,1517,40,1,1027.7,0.2
2481,1517,7,1,1203.99,0.0
2482,1517,88,1,46.08,0.0
2483,1518,160,2,54.58,0.0
2484,1519,17,1,1330.67,0.15
2485,1519,19,1,344.43,0.0
2486,1520,48,2,775.66,0.2
2487,1521,46,1,1831.34,0.05
2488,1522,144,1,623.37,0.0
2489,1523,171,1,41.81,0.0
2490,1523,169,1,43.99,0.0
2491,1524,17,1,1330.67,0.0
2492,1525,31,1,1861.84,0.0
2493,1526,19,1,344.43,0.05
2494,1527,168,3,35.65,0.05
2495,1527,3,1,744.38,0.1
2496,1528,119,1,264.87,0.0
2497,1528,34,2,542.89,0.0
2498,1529,24,2,496.62,0.2
2499,1529,85,1,180.1,0.0
2500,1530,83,1,220.71,0.0
2501,1531,38,1,846.62,0.0
2502,1531,9,2,893.38,0.0
2503,1532,162,1,67.56,0.15
2504,1533,104,1,276.16,0.0
2505,1534,88,1,46.08,0.0
2506,1534,113,1,24.88,0.05
2507,1534,37,1,2349.94,0.0
2508,1535,33,2,1625.77,0.0
2509,1536,33,1,1625.77,0.1
2510,1536,43,1,1099.47,0.0
2511,1536,39,1,730.27,0.0
2512,1537,68,1,345.57,0.15
2513,1538,122,3,25.6,0.0
2514,1539,42,1,926.35,0.0
2515,1540,148,1,174.44,0.1
2516,1541,100,1,92.31,0.0
2517,1542,130,1,690.85,0.0
2518,1542,8,1,410.45,0.0
2519,1543,102,1,49.71,0.0
2520,1544,6,1,580.13,0.0
2521,1544,17,3,1330.67,0.0
2522,1544,82,1,159.8,0.05
2523,1545,106,1,347.14,0.1
2524,1546,4,2,560.23,0.0
2525,1547,154,1,67.7,0.1
2526,1547,128,2,367.46,0.1
2527,1547,164,2,30.98,0.0
2528,1547,22,1,1492.69,0.0
2529,1548,73,3,264.34,0.0
2530,1549,49,2,2052.49,0.15
2531,1549,42,2,926.35,0.0
2532,1549,126,1,635.26,0.0
2533,1550,95,1,53.11,0.0
2534,1550,157,1,70.72,0.1
2535,1551,171,1,41.81,0.0
2536,1552,77,1,173.17,0.0
2537,1552,147,1,462.52,0.0
2538,1553,3,1,744.38,0.0
2539,1554,1,2,231.51,0.0
2540,1554,100,1,92.31,0.2
2541,1555,151,1,6.17,0.0
2542,1556,162,1,67.56,0.0
2543,1557,16,2,1438.96,0.0
2544,1557,6,2,580.13,0.0
2545,1558,166,1,58.4,0.05
2546,1559,162,1,67.56,0.0
2547,1560,151,2,6.17,0.0
2548,1561,8,1,410.45,0.15
2549,1562,25,2,900.0,0.0
2550,1563,154,2,67.7,0.0
2551,1564,83,1,220.71,0.0
2552,1564,151,2,6.17,0.0
2553,1565,19,1,344.43,0.05
2554,1566,96,1,285.92,0.0
2555,1567,167,1,60.83,0.1
2556,1568,79,1,147.48,0.05
2557,1569,15,2,1175.14,0.0
2558,1569,13,1,861.38,0.0
2559,1570,24,1,496.62,0.0
2560,1571,46,1,1831.34,0.0
2561,1572,20,1,1259.83,0.0
2562,1573,113,1,24.88,0.0
2563,1574,13,1,861.38,0.0
2564,1575,4,1,560.23,0.0
2565,1576,45,1,1559.3,0.0
2566,1577,12,1,899.67,0.0
2567,1578,53,1,656.09,0.05
2568,1578,99,1,73.05,0.0
2569,1579,120,1,444.02,0.0
2570,1579,105,1,432.62,0.0
2571,1580,170,1,27.31,0.0
2572,1580,39,2,730.27,0.0
2573,1581,59,1,723.28,0.0
2574,1581,154,2,67.7,0.1
2575,1582,30,1,2294.13,0.2
2576,1583,33,2,1625.77,0.15
2577,1584,17,1,1330.67,0.2
2578,1584,89,1,157.12,0.05
2579,1585,103,2,220.54,0.0
2580,1586,166,1,58.4,0.05
2581,1587,85,3,180.1,0.0
2582,1588,134,1,448.79,0.0
2583,1589,33,1,1625.77,0.0
2584,1589,9,1,893.38,0.0
2585,1590,139,3,280.41,0.0
2586,1590,19,1,344.43,0.05
2587,1590,22,2,1492.69,0.0
2588,1590,37,1,2349.94,0.1
2589,1591,108,1,387.83,0.05
2590,1592,123,1,287.0,0.0
2591,1592,22,1,1492.69,0.0
2592,1593,142,1,116.01,0.0
2593,1594,171,1,41.81,0.05
2594,1595,20,2,1259.83,0.1
2595,1595,88,2,46.08,0.1
2596,1596,136,1,639.35,0.2
2597,1596,116,1,351.25,0.0
2598,1597,9,1,893.38,0.05
2599,1597,125,1,205.61,0.0
2600,1598,169,2,43.99,0.1
2601,1598,91,3,261.69,0.0
2602,1598,159,2,11.9,0.0
2603,1599,30,2,2294.13,0.0
2604,1600,93,1,340.41,0.0
2605,1601,17,3,1330.67,0.0
2606,1602,65,1,854.98,0.0
2607,1603,114,1,233.3,0.2
2608,1604,57,1,714.19,0.0
2609,1604,124,1,394.12,0.0
2610,1604,13,1,861.38,0.0
2611,1605,14,3,281.59,0.0
2612,1606,7,1,1203.99,0.0
2613,1606,154,1,67.7,0.0
2614,1606,74,1,435.88,0.1
2615,1607,100,2,92.31,0.0
2616,1608,45,1,1559.3,0.0
2617,1608,7,1,1203.99,0.2
2618,1608,72,1,930.61,0.0
2619,1609,110,2,301.79,0.05
2620,1609,2,1,240.32,0.1
2621,1609,21,1,543.57,0.15
2622,1610,169,1,43.99,0.0
2623,1611,72,2,930.61,0.0
2624,1611,41,2,970.93,0.0
2625,1611,161,1,31.02,0.0
2626,1612,139,1,280.41,0.15
2627,1612,124,1,394.12,0.0
2628,1613,19,2,344.43,0.0
2629,1613,4,1,560.23,0.0
2630,1614,99,2,73.05,0.0
2631,1614,19,1,344.43,0.0
2632,1614,112,1,71.21,0.0
2633,1614,130,2,690.85,0.0
2634,1615,158,2,28.13,0.2
2635,1616,118,1,227.27,0.0
2636,1616,8,2,410.45,0.0
2637,1616,45,2,1559.3,0.0
2638,1616,106,3,347.14,0.05
2639,1617,21,2,543.57,0.0
2640,1618,95,1,53.11,0.0
2641,1619,26,1,597.08,0.0
2642,1619,29,1,2154.66,0.0
2643,1619,168,1,35.65,0.0
2644,1620,152,2,38.17,0.0
2645,1621,7,1,1203.99,0.05
2646,1621,9,2,893.38,0.05
2647,1622,173,2,47.43,0.1
2648,1623,21,1,543.57,0.15
2649,1624,28,1,784.32,0.0
2650,1624,38,1,846.62,0.0
2651,1625,47,2,2343.1,0.1
2652,1626,30,1,2294.13,0.0
2653,1626,46,1,1831.34,0.0
2654,1627,36,1,1805.42,0.0
2655,1628,42,1,926.35,0.0
2656,1628,111,1,287.93,0.1
2657,1629,131,2,602.2,0.05
2658,1629,169,1,43.99,0.2
2659,1629,72,1,930.61,0.05
2660,1629,60,1,228.38,0.0
2661,1630,103,1,220.54,0.0
2662,1631,138,1,569.79,0.2
2663,1632,29,3,2154.66,0.0
2664,1632,2,1,240.32,0.0
2665,1633,87,2,255.5,0.05
2666,1633,170,1,27.31,0.05
2667,1634,31,2,1861.84,0.0
2668,1634,87,2,255.5,0.0
2669,1635,29,1,2154.66,0.0
2670,1636,109,1,214.58,0.0
2671,1637,115,1,215.42,0.05
2672,1637,11,1,475.41,0.0
2673,1638,33,1,1625.77,0.05
2674,1638,6,1,580.13,0.0
2675,1639,104,1,276.16,0.05
2676,1640,153,2,58.82,0.0
2677,1640,46,2,1831.34,0.1
2678,1641,11,1,475.41,0.0
2679,1642,33,1,1625.77,0.1
2680,1643,111,2,287.93,0.1
2681,1644,8,1,410.45,0.0
2682,1644,26,1,597.08,0.1
2683,1645,170,1,27.31,0.0
2684,1646,141,1,622.59,0.0
2685,1647,87,2,255.5,0.1
2686,1647,59,2,723.28,0.1
2687,1648,162,1,67.56,0.2
2688,1648,3,1,744.38,0.1
2689,1648,5,1,983.84,0.0
2690,1649,117,1,331.2,0.2
2691,1650,73,1,264.34,0.0
2692,1651,21,3,543.57,0.15
2693,1651,157,1,70.72,0.15
2694,1652,156,2,38.57,0.0
2695,1652,149,1,559.5,0.0
2696,1653,10,2,496.76,0.1
2697,1653,151,2,6.17,0.0
2698,1653,62,1,759.59,0.0
2699,1653,144,2,623.37,0.0
2700,1654,21,2,543.57,0.0
2701,1654,166,1,58.4,0.0
2702,1655,20,1,1259.83,0.0
2703,1656,157,1,70.72,0.05
2704,1656,104,1,276.16,0.0
2705,1657,25,1,900.0,0.0
2706,1657,131,2,602.2,0.0
2707,1658,68,1,345.57,0.05
2708,1659,61,1,188.28,0.05
2709,1660,23,1,282.23,0.0
2710,1661,12,1,899.67,0.1
2711,1661,5,1,983.84,0.0
2712,1662,156,1,38.57,0.0
2713,1662,46,1,1831.34,0.0
2714,1662,41,1,970.93,0.0
2715,1662,31,1,1861.84,0.2
2716,1663,35,1,482.46,0.0
2717,1664,15,1,1175.14,0.0
2718,1665,28,1,784.32,0.0
2719,1666,154,3,67.7,0.1
2720,1667,8,3,410.45,0.05
2721,1667,57,2,714.19,0.05
2722,1667,174,2,64.3,0.05
2723,1668,147,1,462.52,0.0
2724,1668,111,1,287.93,0.15
2725,1669,146,1,78.96,0.0
2726,1669,141,1,622.59,0.0
2727,1670,69,1,502.41,0.15
2728,1670,75,1,548.76,0.05
2729,1671,135,1,635.25,0.0
2730,1672,49,1,2052.49,0.05
2731,1672,84,1,292.46,0.0
2732,1673,170,1,27.31,0.2
2733,1673,20,1,1259.83,0.05
2734,1674,4,3,560.23,0.0
2735,1674,82,1,159.8,0.1
2736,1675,120,1,444.02,0.0
2737,1676,14,1,281.59,0.1
2738,1677,80,2,299.0,0.2
2739,1678,41,3,970.93,0.05
2740,1678,20,1,1259.83,0.05
2741,1678,11,3,475.41,0.0
2742,1678,126,1,635.26,0.0
2743,1679,156,1,38.57,0.2
2744,1680,160,1,54.58,0.2
2745,1681,2,1,240.32,0.0
2746,1681,46,2,1831.34,0.0
2747,1682,126,1,635.26,0.05
2748,1682,22,1,1492.69,0.05
2749,1682,7,1,1203.99,0.0
2750,1683,74,1,435.88,0.0
2751,1684,102,1,49.71,0.0
2752,1684,164,1,30.98,0.0
2753,1684,128,1,367.46,0.0
2754,1685,165,1,11.79,0.0
2755,1685,154,1,67.7,0.0
2756,1686,74,1,435.88,0.2
2757,1687,98,2,218.62,0.0
2758,1688,19,1,344.43,0.0
2759,1688,30,1,2294.13,0.0
2760,1689,12,2,899.67,0.05
2761,1690,78,1,274.78,0.05
2762,1691,144,1,623.37,0.0
2763,1692,46,1,1831.34,0.15
2764,1692,19,1,344.43,0.1
2765,1693,14,1,281.59,0.0
2766,1694,133,3,588.67,0.0
2767,1695,123,2,287.0,0.2
2768,1696,164,1,30.98,0.2
2769,1696,174,1,64.3,0.0
2770,1696,44,2,633.94,0.0
2771,1697,72,2,930.61,0.0
2772,1697,118,1,227.27,0.05
2773,1698,42,1,926.35,0.05
2774,1699,156,1,38.57,0.0
2775,1700,12,1,899.67,0.05
2776,1700,154,1,67.7,0.05
2777,1701,116,1,351.25,0.0
2778,1702,135,1,635.25,0.1
2779,1702,36,1,1805.42,0.1
2780,1703,116,2,351.25,0.0
2781,1704,173,2,47.43,0.1
2782,1705,79,1,147.48,0.0
2783,1706,154,2,67.7,0.0
2784,1707,130,2,690.85,0.0
2785,1708,11,1,475.41,0.0
2786,1708,135,3,635.25,0.05
2787,1709,139,1,280.41,0.05
2788,1710,21,3,543.57,0.0
2789,1711,160,1,54.58,0.0
2790,1711,69,1,502.41,0.0
2791,1712,32,2,856.17,0.0
2792,1712,78,1,274.78,0.1
2793,1713,39,2,730.27,0.0
2794,1714,164,3,30.98,0.15
2795,1715,80,2,299.0,0.0
2796,1715,2,1,240.32,0.1
2797,1716,48,1,775.66,0.0
2798,1716,11,1,475.41,0.0
2799,1717,75,1,548.76,0.0
2800,1718,121,2,434.1,0.0
2801,1718,3,1,744.38,0.0
2802,1719,173,1,47.43,0.0
2803,1720,72,1,930.61,0.1
2804,1721,151,3,6.17,0.1
2805,1722,132,1,684.44,0.05
2806,1723,40,1,1027.7,0.0
2807,1724,19,1,344.43,0.0
2808,1725,14,2,281.59,0.0
2809,1725,7,3,1203.99,0.05
2810,1725,85,1,180.1,0.0
2811,1726,52,1,947.35,0.0
2812,1726,39,1,730.27,0.0
2813,1727,13,1,861.38,0.0
2814,1728,73,1,264.34,0.1
2815,1729,129,1,632.28,0.0
2816,1730,91,2,261.69,0.05
2817,1731,44,1,633.94,0.05
2818,1731,145,1,182.4,0.0
2819,1732,93,1,340.41,0.0
2820,1732,147,1,462.52,0.0
2821,1733,46,1,1831.34,0.0
2822,1733,12,1,899.67,0.0
2823,1734,3,1,744.38,0.05
2824,1734,164,1,30.98,0.1
2825,1735,156,1,38.57,0.0
2826,1736,58,1,407.29,0.05
2827,1736,9,1,893.38,0.0
2828,1737,13,1,861.38,0.0
2829,1738,54,1,913.58,0.0
2830,1738,69,1,502.41,0.0
2831,1739,12,1,899.67,0.05
2832,1740,159,1,11.9,0.0
2833,1740,161,2,31.02,0.0
2834,1741,13,1,861.38,0.0
2835,1742,132,1,684.44,0.05
2836,1742,146,1,78.96,0.0
2837,1742,40,1,1027.7,0.0
2838,1743,54,1,913.58,0.0
2839,1744,94,2,206.74,0.05
2840,1745,69,2,502.41,0.05
2841,1746,48,1,775.66,0.0
2842,1746,36,1,1805.42,0.2
2843,1747,85,1,180.1,0.0
2844,1748,37,1,2349.94,0.2
2845,1749,131,2,602.2,0.1
2846,1749,110,1,301.79,0.0
2847,1750,17,1,1330.67,0.05
2848,1750,5,1,983.84,0.0
2849,1751,22,1,1492.69,0.0
2850,1752,17,1,1330.67,0.2
2851,1753,118,1,227.27,0.0
2852,1754,132,2,684.44,0.0
2853,1755,40,2,1027.7,0.0
2854,1756,139,2,280.41,0.0
2855,1756,42,1,926.35,0.0
2856,1757,120,1,444.02,0.0
2857,1757,91,1,261.69,0.0
2858,1758,156,1,38.57,0.0
2859,1759,49,1,2052.49,0.0
2860,1760,115,1,215.42,0.0
2861,1761,23,1,282.23,0.15
2862,1761,99,1,73.05,0.0
2863,1761,3,1,744.38,0.0
2864,1762,12,1,899.67,0.0
2865,1763,37,1,2349.94,0.0
2866,1763,23,1,282.23,0.0
2867,1764,110,1,301.79,0.0
2868,1764,3,1,744.38,0.0
2869,1765,47,1,2343.1,0.0
2870,1766,1,2,231.51,0.05
2871,1766,22,1,1492.69,0.0
2872,1766,144,1,623.37,0.0
2873,1767,28,1,784.32,0.0
2874,1768,173,1,47.43,0.15
2875,1769,28,2,784.32,0.0
2876,1770,47,1,2343.1,0.2
2877,1770,116,2,351.25,0.05
2878,1771,167,1,60.83,0.05
2879,1771,21,1,543.57,0.0
2880,1771,69,1,502.41,0.0
2881,1772,31,1,1861.84,0.0
2882,1773,17,1,1330.67,0.05
2883,1773,11,1,475.41,0.2
2884,1774,8,1,410.45,0.0
2885,1775,111,1,287.93,0.0
2886,1776,7,2,1203.99,0.0
2887,1776,29,1,2154.66,0.15
2888,1776,24,1,496.62,0.0
2889,1776,25,1,900.0,0.0
2890,1777,137,1,641.9,0.05
2891,1778,151,1,6.17,0.0
2892,1779,24,2,496.62,0.0
2893,1780,1,2,231.51,0.1
2894,1780,5,1,983.84,0.0
2895,1780,14,1,281.59,0.15
2896,1780,38,1,846.62,0.0
2897,1781,2,1,240.32,0.2
2898,1782,19,1,344.43,0.1
2899,1783,72,2,930.61,0.0
2900,1784,19,1,344.43,0.0
2901,1784,138,1,569.79,0.1
2902,1785,19,1,344.43,0.0
2903,1786,39,1,730.27,0.0
2904,1786,127,1,389.57,0.0
2905,1787,148,1,174.44,0.0
2906,1787,161,2,31.02,0.05
2907,1787,53,3,656.09,0.05
2908,1788,115,2,215.42,0.05
2909,1788,35,1,482.46,0.0
2910,1789,23,1,282.23,0.0
2911,1790,149,1,559.5,0.05
2912,1790,7,1,1203.99,0.0
2913,1790,174,1,64.3,0.1
2914,1791,134,2,448.79,0.0
2915,1791,126,1,635.26,0.0
2916,1792,64,1,262.34,0.05
2917,1792,6,1,580.13,0.1
2918,1792,165,1,11.79,0.0
2919,1792,92,1,113.95,0.0
2920,1793,121,1,434.1,0.1
2921,1794,2,2,240.32,0.0
2922,1794,64,2,262.34,0.0
2923,1795,34,1,542.89,0.1
2924,1796,2,1,240.32,0.0
2925,1796,152,1,38.17,0.0
2926,1796,54,1,913.58,0.05
2927,1797,121,1,434.1,0.1
2928,1797,144,2,623.37,0.0
2929,1797,20,1,1259.83,0.15
2930,1798,157,2,70.72,0.0
2931,1799,48,1,775.66,0.0
2932,1799,40,1,1027.7,0.0
2933,1799,138,1,569.79,0.1
2934,1800,29,1,2154.66,0.0
2935,1800,34,2,542.89,0.0
2936,1801,15,1,1175.14,0.0
2937,1801,44,1,633.94,0.0
2938,1802,87,1,255.5,0.1
2939,1802,98,3,218.62,0.0
2940,1802,7,1,1203.99,0.0
2941,1803,4,2,560.23,0.0
2942,1803,117,1,331.2,0.0
2943,1804,58,1,407.29,0.0
2944,1805,174,1,64.3,0.0
2945,1806,112,1,71.21,0.0
2946,1807,144,2,623.37,0.0
2947,1808,6,1,580.13,0.0
2948,1808,132,1,684.44,0.0
2949,1808,99,3,73.05,0.0
2950,1809,99,1,73.05,0.05
2951,1810,37,1,2349.94,0.05
2952,1811,43,1,1099.47,0.1
2953,1812,168,1,35.65,0.15
2954,1812,114,2,233.3,0.1
2955,1812,40,1,1027.7,0.0
2956,1813,157,1,70.72,0.0
2957,1813,122,1,25.6,0.0
2958,1814,174,2,64.3,0.0
2959,1815,119,1,264.87,0.0
2960,1815,75,2,548.76,0.05
2961,1816,29,1,2154.66,0.0
2962,1816,107,1,206.43,0.0
2963,1816,78,1,274.78,0.05
2964,1817,3,1,744.38,0.1
2965,1818,38,2,846.62,0.1
2966,1819,75,1,548.76,0.0
2967,1819,22,1,1492.69,0.0
2968,1819,137,1,641.9,0.0
2969,1820,154,1,67.7,0.0
2970,1820,20,1,1259.83,0.0
2971,1821,44,1,633.94,0.0
2972,1821,21,1,543.57,0.0
2973,1821,83,1,220.71,0.0
2974,1822,109,1,214.58,0.0
2975,1822,11,1,475.41,0.1
2976,1823,94,1,206.74,0.05
2977,1823,138,1,569.79,0.05
2978,1823,27,1,526.29,0.0
2979,1823,21,1,543.57,0.0
2980,1824,117,1,331.2,0.2
2981,1825,123,1,287.0,0.0
2982,1825,57,2,714.19,0.1
2983,1826,171,1,41.81,0.05
2984,1827,145,1,182.4,0.05
2985,1828,25,2,900.0,0.15
2986,1829,3,2,744.38,0.0
2987,1830,44,1,633.94,0.2
2988,1831,65,1,854.98,0.0
2989,1832,100,1,92.31,0.0
2990,1833,159,1,11.9,0.0
2991,1833,141,1,622.59,0.15
2992,1834,129,2,632.28,0.05
2993,1835,158,1,28.13,0.0
2994,1836,73,1,264.34,0.1
2995,1837,12,1,899.67,0.0
2996,1838,5,1,983.84,0.0
2997,1839,151,2,6.17,0.0
2998,1840,124,1,394.12,0.0
2999,1841,5,1,983.84,0.0
3000,1841,62,2,759.59,0.05
3001,1841,121,1,434.1,0.15
3002,1842,127,1,389.57,0.0
3003,1843,110,1,301.79,0.0
3004,1843,60,1,228.38,0.0
3005,1843,133,2,588.67,0.0
3006,1844,146,1,78.96,0.0
3007,1844,109,1,214.58,0.0
3008,1844,27,1,526.29,0.0
3009,1845,99,1,73.05,0.0
3010,1845,83,1,220.71,0.0
3011,1846,160,3,54.58,0.0
3012,1846,105,1,432.62,0.0
3013,1847,49,1,2052.49,0.0
3014,1847,25,2,900.0,0.2
3015,1848,15,2,1175.14,0.0
3016,1848,21,1,543.57,0.0
3017,1849,54,1,913.58,0.0
3018,1849,49,2,2052.49,0.1
3019,1850,98,1,218.62,0.05
3020,1851,7,1,1203.99,0.05
3021,1851,20,1,1259.83,0.0
3022,1851,153,1,58.82,0.0
3023,1852,31,2,1861.84,0.0
3024,1852,54,2,913.58,0.0
3025,1853,90,1,92.0,0.0
3026,1853,164,1,30.98,0.0
3027,1853,34,1,542.89,0.05
3028,1854,15,1,1175.14,0.0
3029,1854,158,1,28.13,0.1
3030,1855,173,1,47.43,0.0
3031,1856,162,1,67.56,0.0
3032,1856,154,1,67.7,0.0
3033,1857,16,1,1438.96,0.0
3034,1857,1,1,231.51,0.0
3035,1857,7,2,1203.99,0.0
3036,1858,71,1,564.0,0.15
3037,1859,28,2,784.32,0.05
3038,1859,44,1,633.94,0.0
3039,1860,22,1,1492.69,0.0
3040,1861,25,2,900.0,0.15
3041,1862,45,2,1559.3,0.1
3042,1862,27,2,526.29,0.1
3043,1862,90,1,92.0,0.0
3044,1863,152,1,38.17,0.0
3045,1864,3,1,744.38,0.0
3046,1864,45,1,1559.3,0.1
3047,1864,41,1,970.93,0.0
3048,1865,24,1,496.62,0.05
3049,1866,36,1,1805.42,0.0
3050,1867,79,1,147.48,0.0
3051,1868,110,1,301.79,0.0
3052,1869,155,1,28.84,0.15
3053,1869,1,2,231.51,0.05
3054,1870,16,2,1438.96,0.05
3055,1871,36,1,1805.42,0.2
3056,1872,44,2,633.94,0.0
3057,1872,169,1,43.99,0.0
3058,1873,1,1,231.51,0.2
3059,1873,60,1,228.38,0.0
3060,1873,4,1,560.23,0.0
3061,1874,174,1,64.3,0.0
3062,1875,170,2,27.31,0.0
3063,1875,65,1,854.98,0.0
3064,1875,116,1,351.25,0.05
3065,1875,11,1,475.41,0.1
3066,1876,127,1,389.57,0.0
3067,1877,11,1,475.41,0.1
3068,1878,161,2,31.02,0.0
3069,1878,15,1,1175.14,0.05
3070,1879,129,1,632.28,0.0
3071,1879,38,1,846.62,0.0
3072,1879,175,1,37.24,0.0
3073,1880,21,1,543.57,0.0
3074,1881,154,1,67.7,0.05
3075,1881,17,1,1330.67,0.0
3076,1881,27,3,526.29,0.0
3077,1881,8,2,410.45,0.05
3078,1882,166,1,58.4,0.0
3079,1882,29,2,2154.66,0.0
3080,1883,60,1,228.38,0.1
3081,1884,133,1,588.67,0.0
3082,1885,44,1,633.94,0.0
3083,1886,165,2,11.79,0.0
3084,1886,37,1,2349.94,0.05
3085,1886,31,1,1861.84,0.0
3086,1887,159,1,11.9,0.0
3087,1888,21,1,543.57,0.0
3088,1889,54,2,913.58,0.0
3089,1890,134,1,448.79,0.05
3090,1891,87,1,255.5,0.0
3091,1891,31,1,1861.84,0.0
3092,1892,96,1,285.92,0.0
3093,1893,174,1,64.3,0.0
3094,1894,165,1,11.79,0.0
3095,1894,175,1,37.24,0.0
3096,1894,29,2,2154.66,0.1
3097,1895,113,2,24.88,0.0
3098,1896,5,3,983.84,0.0
3099,1896,164,1,30.98,0.0
3100,1897,133,3,588.67,0.0
3101,1897,131,1,602.2,0.2
3102,1898,36,1,1805.42,0.0
3103,1898,169,1,43.99,0.0
3104,1899,171,1,41.81,0.1
3105,1899,139,1,280.41,0.0
3106,1900,158,2,28.13,0.0
3107,1901,29,1,2154.66,0.0
3108,1901,119,1,264.87,0.15
3109,1902,32,1,856.17,0.0
3110,1902,20,1,1259.83,0.0
3111,1903,46,1,1831.34,0.0
3112,1904,9,1,893.38,0.05
3113,1904,2,2,240.32,0.05
3114,1905,168,1,35.65,0.05
3115,1905,91,1,261.69,0.0
3116,1906,17,1,1330.67,0.0
3117,1906,22,1,1492.69,0.0
3118,1907,19,3,344.43,0.0
3119,1908,34,2,542.89,0.0
3120,1909,24,1,496.62,0.15
3121,1910,43,1,1099.47,0.0
3122,1910,37,1,2349.94,0.0
3123,1911,160,1,54.58,0.0
3124,1911,4,1,560.23,0.0
3125,1912,155,2,28.84,0.2
3126,1912,159,1,11.9,0.15
3127,1913,165,1,11.79,0.0
3128,1913,19,1,344.43,0.15
3129,1914,80,1,299.0,0.0
3130,1915,37,1,2349.94,0.0
3131,1915,74,1,435.88,0.0
3132,1916,168,3,35.65,0.0
3133,1917,147,1,462.52,0.0
3134,1918,43,1,1099.47,0.05
3135,1919,128,1,367.46,0.0
3136,1919,46,1,1831.34,0.0
3137,1920,7,2,1203.99,0.0
3138,1920,96,1,285.92,0.0
3139,1920,75,1,548.76,0.05
3140,1921,100,1,92.31,0.0
3141,1922,5,1,983.84,0.0
3142,1922,167,2,60.83,0.1
3143,1922,91,1,261.69,0.0
3144,1922,137,2,641.9,0.0
3145,1923,133,3,588.67,0.0
3146,1923,87,1,255.5,0.0
3147,1924,25,1,900.0,0.05
3148,1925,52,1,947.35,0.0
3149,1925,95,1,53.11,0.1
3150,1926,117,1,331.2,0.0
3151,1926,113,1,24.88,0.0
3152,1927,144,2,623.37,0.0
3153,1927,151,1,6.17,0.0
3154,1927,159,1,11.9,0.05
3155,1928,25,2,900.0,0.0
3156,1928,111,1,287.93,0.0
3157,1929,17,1,1330.67,0.05
3158,1930,42,1,926.35,0.1
3159,1931,80,2,299.0,0.0
3160,1932,106,1,347.14,0.2
3161,1933,16,1,1438.96,0.0
3162,1934,12,2,899.67,0.0
3163,1935,48,1,775.66,0.0
3164,1935,24,1,496.62,0.0
3165,1936,101,2,303.31,0.0
3166,1937,121,2,434.1,0.05
3167,1937,11,1,475.41,0.0
3168,1937,17,1,1330.67,0.0
3169,1938,127,1,389.57,0.0
3170,1938,103,1,220.54,0.0
3171,1938,34,2,542.89,0.0
3172,1938,16,1,1438.96,0.0
3173,1939,72,1,930.61,0.0
3174,1939,174,1,64.3,0.0
3175,1940,166,1,58.4,0.1
3176,1940,36,2,1805.42,0.0
3177,1940,104,1,276.16,0.05
3178,1940,78,2,274.78,0.15
3179,1941,31,1,1861.84,0.05
3180,1941,35,1,482.46,0.2
3181,1941,19,1,344.43,0.1
3182,1941,157,1,70.72,0.0
3183,1942,41,1,970.93,0.0
3184,1942,148,1,174.44,0.0
3185,1943,49,1,2052.49,0.0
3186,1943,107,1,206.43,0.0
3187,1944,113,1,24.88,0.0
3188,1944,169,3,43.99,0.0
3189,1945,75,1,548.76,0.0
3190,1946,35,3,482.46,0.0
3191,1947,158,1,28.13,0.0
3192,1948,28,1,784.32,0.0
3193,1948,14,1,281.59,0.0
3194,1949,38,1,846.62,0.1
3195,1950,67,2,755.51,0.2
3196,1951,3,1,744.38,0.0
3197,1952,87,1,255.5,0.0
3198,1953,153,1,58.82,0.0
3199,1954,120,3,444.02,0.0
3200,1954,38,1,846.62,0.05
3201,1954,93,1,340.41,0.0
3202,1955,164,1,30.98,0.0
3203,1956,31,1,1861.84,0.0
3204,1957,134,2,448.79,0.0
3205,1958,110,2,301.79,0.0
3206,1959,125,3,205.61,0.15
3207,1959,8,1,410.45,0.0
3208,1960,160,2,54.58,0.2
3209,1961,51,1,385.81,0.0
3210,1962,141,2,622.59,0.0
3211,1962,4,1,560.23,0.0
3212,1963,151,1,6.17,0.0
3213,1963,160,1,54.58,0.1
3214,1964,159,2,11.9,0.0
3215,1964,22,2,1492.69,0.0
3216,1965,20,1,1259.83,0.05
3217,1965,60,2,228.38,0.0
3218,1966,161,1,31.02,0.0
3219,1967,24,1,496.62,0.05
3220,1968,122,1,25.6,0.0
3221,1968,83,1,220.71,0.15
3222,1969,7,1,1203.99,0.0
3223,1970,154,1,67.7,0.0
3224,1970,167,1,60.83,0.2
3225,1971,16,2,1438.96,0.0
3226,1972,136,1,639.35,0.2
3227,1972,155,1,28.84,0.2
3228,1973,159,1,11.9,0.0
3229,1973,41,1,970.93,0.0
3230,1974,75,1,548.76,0.0
3231,1975,3,1,744.38,0.0
3232,1975,11,1,475.41,0.0
3233,1976,94,1,206.74,0.05
3234,1977,143,2,624.59,0.05
3235,1977,126,1,635.26,0.05
3236,1977,103,2,220.54,0.0
3237,1978,118,1,227.27,0.1
3238,1978,175,1,37.24,0.0
3239,1978,114,1,233.3,0.0
3240,1978,4,1,560.23,0.0
3241,1979,110,2,301.79,0.05
3242,1980,101,1,303.31,0.0
3243,1981,140,1,424.81,0.05
3244,1982,85,1,180.1,0.0
3245,1982,26,1,597.08,0.1
3246,1982,23,1,282.23,0.05
3247,1982,98,2,218.62,0.0
3248,1983,53,1,656.09,0.0
3249,1984,157,3,70.72,0.0
3250,1985,4,1,560.23,0.0
3251,1986,109,1,214.58,0.05
3252,1986,16,2,1438.96,0.0
3253,1987,137,1,641.9,0.0
3254,1988,54,1,913.58,0.0
3255,1989,4,1,560.23,0.0
3256,1989,40,2,1027.7,0.0
3257,1990,168,1,35.65,0.0
3258,1991,16,2,1438.96,0.0
3259,1992,125,1,205.61,0.1
3260,1992,109,1,214.58,0.0
3261,1993,138,2,569.79,0.05
3262,1994,158,1,28.13,0.0
3263,1995,149,3,559.5,0.1
3264,1995,31,1,1861.84,0.0
3265,1995,1,1,231.51,0.0
3266,1995,30,1,2294.13,0.0
3267,1996,13,2,861.38,0.05
3268,1996,141,2,622.59,0.0
3269,1997,164,2,30.98,0.05
3270,1998,30,1,2294.13,0.2
3271,1999,30,1,2294.13,0.0
3272,1999,31,1,1861.84,0.05
3273,2000,35,1,482.46,0.0
3274,2000,72,1,930.61,0.1
3275,2001,171,1,41.81,0.0
3276,2002,9,2,893.38,0.0
3277,2002,89,1,157.12,0.0
3278,2003,3,1,744.38,0.0
3279,2004,8,2,410.45,0.05
3280,2004,23,2,282.23,0.0
3281,2005,126,1,635.26,0.0
3282,2005,149,1,559.5,0.0
3283,2005,38,1,846.62,0.0
3284,2005,84,2,292.46,0.05
3285,2006,158,2,28.13,0.0
3286,2007,168,1,35.65,0.0
3287,2008,164,1,30.98,0.0
3288,2008,126,2,635.26,0.1
3289,2008,23,1,282.23,0.0
3290,2009,160,1,54.58,0.1
3291,2009,123,1,287.0,0.0
3292,2010,8,1,410.45,0.0
3293,2011,17,1,1330.67,0.1
3294,2012,46,2,1831.34,0.1
3295,2013,174,1,64.3,0.2
3296,2014,117,1,331.2,0.0
3297,2014,168,1,35.65,0.1
3298,2015,14,1,281.59,0.0
3299,2016,36,1,1805.42,0.0
3300,2016,145,1,182.4,0.0
3301,2017,157,2,70.72,0.2
3302,2017,170,1,27.31,0.0
3303,2017,110,1,301.79,0.0
3304,2018,48,2,775.66,0.05
3305,2018,33,1,1625.77,0.2
3306,2019,22,3,1492.69,0.0
3307,2020,120,1,444.02,0.0
3308,2021,78,2,274.78,0.0
3309,2022,42,1,926.35,0.0
3310,2023,145,1,182.4,0.0
3311,2023,127,1,389.57,0.0
3312,2024,99,2,73.05,0.0
3313,2024,39,3,730.27,0.0
3314,2024,3,1,744.38,0.0
3315,2025,92,1,113.95,0.0
3316,2026,22,3,1492.69,0.05
3317,2026,45,1,1559.3,0.0
3318,2027,97,2,274.08,0.0
3319,2028,94,1,206.74,0.0
3320,2029,170,2,27.31,0.1
3321,2030,43,1,1099.47,0.0
3322,2030,158,1,28.13,0.0
3323,2031,74,1,435.88,0.0
3324,2031,40,1,1027.7,0.05
3325,2031,25,1,900.0,0.0
3326,2032,35,1,482.46,0.0
3327,2032,68,1,345.57,0.05
3328,2033,155,1,28.84,0.0
3329,2034,127,1,389.57,0.0
3330,2034,49,2,2052.49,0.0
3331,2035,1,1,231.51,0.0
3332,2035,29,1,2154.66,0.05
3333,2036,98,1,218.62,0.1
3334,2037,3,1,744.38,0.1
3335,2037,69,2,502.41,0.0
3336,2038,17,3,1330.67,0.0
3337,2038,159,1,11.9,0.0
3338,2039,115,1,215.42,0.0
3339,2039,136,1,639.35,0.05
3340,2040,134,1,448.79,0.05
3341,2041,29,2,2154.66,0.0
3342,2042,161,2,31.02,0.0
3343,2043,107,1,206.43,0.0
3344,2043,22,2,1492.69,0.0
3345,2043,21,1,543.57,0.0
3346,2043,35,1,482.46,0.2
3347,2044,68,2,345.57,0.0
3348,2045,24,2,496.62,0.1
3349,2045,128,1,367.46,0.05
3350,2046,16,2,1438.96,0.05
3351,2046,171,2,41.81,0.0
3352,2047,65,1,854.98,0.0
3353,2048,23,2,282.23,0.0
3354,2049,102,1,49.71,0.15
3355,2050,3,1,744.38,0.0
3356,2051,175,1,37.24,0.0
3357,2051,96,1,285.92,0.0
3358,2051,4,2,560.23,0.0
3359,2052,14,1,281.59,0.0
3360,2052,23,1,282.23,0.0
3361,2052,11,1,475.41,0.2
3362,2053,75,1,548.76,0.15
3363,2054,23,1,282.23,0.0
3364,2055,2,1,240.32,0.2
3365,2056,43,1,1099.47,0.0
3366,2057,14,1,281.59,0.1
3367,2057,93,2,340.41,0.0
3368,2058,149,2,559.5,0.15
3369,2059,27,1,526.29,0.0
3370,2060,24,1,496.62,0.0
3371,2060,28,1,784.32,0.05
3372,2060,161,1,31.02,0.05
3373,2061,8,1,410.45,0.0
3374,2062,164,1,30.98,0.0
3375,2063,19,2,344.43,0.15
3376,2063,84,1,292.46,0.0
3377,2063,121,1,434.1,0.0
3378,2064,14,1,281.59,0.0
3379,2064,149,1,559.5,0.05
3380,2064,166,1,58.4,0.2
3381,2065,151,1,6.17,0.0
3382,2066,161,1,31.02,0.0
3383,2066,25,3,900.0,0.05
3384,2067,9,1,893.38,0.0
3385,2067,123,2,287.0,0.1
3386,2068,91,1,261.69,0.0
3387,2068,11,1,475.41,0.0
3388,2068,56,1,580.05,0.0
3389,2068,135,1,635.25,0.0
3390,2069,85,1,180.1,0.0
3391,2069,40,1,1027.7,0.05
3392,2070,19,2,344.43,0.1
3393,2070,11,1,475.41,0.0
3394,2071,43,1,1099.47,0.0
3395,2072,39,1,730.27,0.05
3396,2073,87,1,255.5,0.2
3397,2074,174,1,64.3,0.0
3398,2074,63,2,335.01,0.0
3399,2074,59,1,723.28,0.05
3400,2075,56,1,580.05,0.0
3401,2076,74,1,435.88,0.0
3402,2077,121,3,434.1,0.0
3403,2078,145,1,182.4,0.05
3404,2078,20,1,1259.83,0.15
3405,2079,170,1,27.31,0.2
3406,2080,72,1,930.61,0.0
3407,2081,89,1,157.12,0.0
3408,2082,70,1,554.43,0.05
3409,2083,15,1,1175.14,0.0
3410,2083,149,1,559.5,0.15
3411,2083,117,1,331.2,0.0
3412,2083,132,2,684.44,0.0
3413,2084,11,1,475.41,0.05
3414,2084,42,1,926.35,0.2
3415,2085,14,2,281.59,0.05
3416,2086,37,1,2349.94,0.0
3417,2087,19,1,344.43,0.1
3418,2088,80,1,299.0,0.0
3419,2089,108,1,387.83,0.0
3420,2090,46,1,1831.34,0.0
3421,2091,173,1,47.43,0.0
3422,2092,90,1,92.0,0.0
3423,2093,12,2,899.67,0.0
3424,2093,16,1,1438.96,0.0
3425,2094,131,2,602.2,0.0
3426,2095,19,1,344.43,0.2
3427,2096,125,1,205.61,0.0
3428,2097,30,1,2294.13,0.0
3429,2098,58,1,407.29,0.15
3430,2098,43,1,1099.47,0.0
3431,2098,121,2,434.1,0.0
3432,2099,23,1,282.23,0.2
3433,2100,27,1,526.29,0.1
3434,2101,12,2,899.67,0.0
3435,2101,60,2,228.38,0.0
3436,2102,11,1,475.41,0.05
3437,2103,24,1,496.62,0.0
3438,2103,19,1,344.43,0.0
3439,2104,120,3,444.02,0.0
3440,2104,152,3,38.17,0.0
3441,2105,39,1,730.27,0.1
3442,2106,9,1,893.38,0.2
3443,2107,165,1,11.79,0.0
3444,2108,8,1,410.45,0.0
3445,2109,167,1,60.83,0.0
3446,2109,29,1,2154.66,0.0
3447,2109,123,2,287.0,0.0
3448,2109,90,1,92.0,0.0
3449,2110,75,2,548.76,0.05
3450,2111,101,2,303.31,0.0
3451,2111,15,1,1175.14,0.0
3452,2111,112,1,71.21,0.0
3453,2112,164,1,30.98,0.0
3454,2113,2,2,240.32,0.0
3455,2114,140,2,424.81,0.0
3456,2115,108,1,387.83,0.05
3457,2115,40,1,1027.7,0.0
3458,2116,89,2,157.12,0.0
3459,2117,169,1,43.99,0.1
3460,2118,44,1,633.94,0.0
3461,2118,32,1,856.17,0.0
3462,2119,40,2,1027.7,0.1
3463,2120,168,1,35.65,0.0
3464,2121,137,1,641.9,0.1
3465,2122,105,1,432.62,0.0
3466,2123,19,2,344.43,0.0
3467,2124,19,1,344.43,0.0
3468,2124,124,1,394.12,0.1
3469,2125,2,2,240.32,0.0
3470,2125,82,1,159.8,0.05
3471,2125,122,1,25.6,0.1
3472,2126,154,2,67.7,0.0
3473,2126,28,1,784.32,0.0
3474,2127,126,1,635.26,0.1
3475,2127,21,1,543.57,0.1
3476,2128,120,1,444.02,0.2
3477,2129,147,1,462.52,0.0
3478,2129,119,1,264.87,0.05
3479,2130,117,1,331.2,0.05
3480,2131,6,1,580.13,0.1
3481,2132,164,2,30.98,0.0
3482,2133,110,1,301.79,0.1
3483,2134,156,3,38.57,0.1
3484,2135,110,2,301.79,0.0
3485,2136,153,1,58.82,0.0
3486,2136,7,1,1203.99,0.0
3487,2136,148,1,174.44,0.0
3488,2137,54,1,913.58,0.0
3489,2137,43,3,1099.47,0.0
3490,2138,82,1,159.8,0.0
3491,2139,8,1,410.45,0.0
3492,2140,11,1,475.41,0.0
3493,2140,33,1,1625.77,0.0
3494,2141,10,2,496.76,0.0
3495,2142,170,1,27.31,0.0
3496,2142,130,3,690.85,0.05
3497,2142,98,1,218.62,0.0
3498,2143,69,1,502.41,0.0
3499,2144,157,1,70.72,0.0
3500,2145,41,1,970.93,0.05
3501,2146,157,1,70.72,0.0
3502,2146,49,1,2052.49,0.0
3503,2147,111,2,287.93,0.1
3504,2147,123,1,287.0,0.05
3505,2148,31,2,1861.84,0.05
3506,2149,160,1,54.58,0.05
3507,2149,28,1,784.32,0.1
3508,2149,41,1,970.93,0.0
3509,2150,128,2,367.46,0.0
3510,2151,24,1,496.62,0.0
3511,2152,53,3,656.09,0.0
3512,2152,156,1,38.57,0.1
3513,2153,83,1,220.71,0.0
3514,2153,135,1,635.25,0.0
3515,2154,5,1,983.84,0.05
3516,2154,10,2,496.76,0.05
3517,2155,123,2,287.0,0.05
3518,2156,125,1,205.61,0.0
3519,2156,34,1,542.89,0.0
3520,2157,39,1,730.27,0.0
3521,2157,2,1,240.32,0.05
3522,2158,17,1,1330.67,0.0
3523,2159,14,2,281.59,0.0
3524,2160,8,1,410.45,0.15
3525,2161,9,1,893.38,0.0
3526,2162,114,1,233.3,0.0
3527,2162,111,1,287.93,0.0
3528,2163,61,1,188.28,0.1
3529,2164,13,1,861.38,0.0
3530,2164,161,2,31.02,0.0
3531,2165,14,2,281.59,0.0
3532,2165,126,1,635.26,0.0
3533,2165,104,1,276.16,0.0
3534,2165,19,1,344.43,0.0
3535,2166,22,2,1492.69,0.15
3536,2167,16,2,1438.96,0.05
3537,2167,24,1,496.62,0.0
3538,2168,10,2,496.76,0.05
3539,2169,43,2,1099.47,0.2
3540,2170,99,2,73.05,0.0
3541,2171,127,1,389.57,0.0
3542,2171,133,2,588.67,0.1
3543,2171,168,1,35.65,0.15
3544,2172,15,1,1175.14,0.0
3545,2173,34,2,542.89,0.0
3546,2174,106,1,347.14,0.15
3547,2174,119,2,264.87,0.2
3548,2174,104,1,276.16,0.0
3549,2175,168,1,35.65,0.0
3550,2176,124,1,394.12,0.05
3551,2177,11,1,475.41,0.0
3552,2178,137,3,641.9,0.0
3553,2179,155,1,28.84,0.1
3554,2180,167,2,60.83,0.0
3555,2180,173,3,47.43,0.05
3556,2180,152,1,38.17,0.0
3557,2180,159,1,11.9,0.0
3558,2181,41,2,970.93,0.15
3559,2181,13,2,861.38,0.0
3560,2182,97,2,274.08,0.0
3561,2183,24,1,496.62,0.0
3562,2183,120,1,444.02,0.0
3563,2183,14,1,281.59,0.0
3564,2183,35,2,482.46,0.0
3565,2184,59,2,723.28,0.0
3566,2184,67,1,755.51,0.0
3567,2185,11,1,475.41,0.0
3568,2185,41,1,970.93,0.1
3569,2186,88,1,46.08,0.0
3570,2186,27,3,526.29,0.0
3571,2187,57,1,714.19,0.0
3572,2188,14,2,281.59,0.0
3573,2188,70,1,554.43,0.2
3574,2188,106,1,347.14,0.0
3575,2189,45,1,1559.3,0.05
3576,2189,102,1,49.71,0.0
3577,2190,158,2,28.13,0.15
3578,2191,24,1,496.62,0.0
3579,2192,33,1,1625.77,0.0
3580,2192,158,1,28.13,0.0
3581,2192,23,1,282.23,0.0
3582,2192,20,1,1259.83,0.05
3583,2193,123,3,287.0,0.05
3584,2194,112,1,71.21,0.0
3585,2195,149,3,559.5,0.0
3586,2195,69,1,502.41,0.0
3587,2195,65,2,854.98,0.05
3588,2196,41,2,970.93,0.0
3589,2197,70,1,554.43,0.0
3590,2197,15,1,1175.14,0.05
3591,2198,13,1,861.38,0.0
3592,2199,129,1,632.28,0.05
3593,2199,19,1,344.43,0.05
3594,2200,136,2,639.35,0.05
3595,2201,29,1,2154.66,0.0
3596,2201,36,1,1805.42,0.0
3597,2202,164,2,30.98,0.0
3598,2203,132,1,684.44,0.0
3599,2204,97,1,274.08,0.0
3600,2205,11,1,475.41,0.2
3601,2205,22,1,1492.69,0.15
3602,2206,83,1,220.71,0.0
3603,2207,138,1,569.79,0.1
3604,2207,64,1,262.34,0.0
3605,2207,42,1,926.35,0.0
3606,2208,133,1,588.67,0.05
3607,2208,135,1,635.25,0.2
3608,2208,101,1,303.31,0.15
3609,2208,146,1,78.96,0.0
3610,2209,171,2,41.81,0.0
3611,2209,169,1,43.99,0.0
3612,2209,38,2,846.62,0.2
3613,2209,174,2,64.3,0.05
3614,2210,9,1,893.38,0.0
3615,2210,11,1,475.41,0.0
3616,2211,113,1,24.88,0.0
3617,2211,72,1,930.61,0.1
3618,2212,148,1,174.44,0.0
3619,2213,141,1,622.59,0.2
3620,2214,140,1,424.81,0.0
3621,2214,8,2,410.45,0.15
3622,2214,119,3,264.87,0.05
3623,2214,78,1,274.78,0.1
3624,2215,22,2,1492.69,0.0
3625,2216,68,2,345.57,0.0
3626,2216,156,1,38.57,0.0
3627,2216,55,1,458.59,0.0
3628,2217,1,1,231.51,0.05
3629,2217,40,1,1027.7,0.0
3630,2217,16,2,1438.96,0.0
3631,2218,92,1,113.95,0.05
3632,2219,155,1,28.84,0.05
3633,2220,94,1,206.74,0.0
3634,2220,134,1,448.79,0.05
3635,2220,127,2,389.57,0.05
3636,2221,10,2,496.76,0.05
3637,2222,174,1,64.3,0.05
3638,2222,49,1,2052.49,0.2
3639,2222,94,1,206.74,0.0
3640,2223,71,2,564.0,0.0
3641,2223,144,1,623.37,0.2
3642,2223,48,2,775.66,0.0
3643,2223,47,3,2343.1,0.0
3644,2224,9,1,893.38,0.0
3645,2225,29,1,2154.66,0.0
3646,2225,52,2,947.35,0.1
3647,2225,158,2,28.13,0.0
3648,2225,112,1,71.21,0.0
3649,2226,4,2,560.23,0.0
3650,2226,44,2,633.94,0.2
3651,2226,166,1,58.4,0.0
3652,2227,173,1,47.43,0.2
3653,2227,114,1,233.3,0.0
3654,2228,171,1,41.81,0.0
3655,2229,15,1,1175.14,0.05
3656,2230,49,1,2052.49,0.0
3657,2231,159,1,11.9,0.0
3658,2231,10,1,496.76,0.0
3659,2231,174,1,64.3,0.0
3660,2232,123,1,287.0,0.15
3661,2233,80,1,299.0,0.0
3662,2234,61,1,188.28,0.0
3663,2235,49,2,2052.49,0.1
3664,2236,87,1,255.5,0.2
3665,2237,141,3,622.59,0.0
3666,2238,5,1,983.84,0.0
3667,2238,25,1,900.0,0.0
3668,2239,67,1,755.51,0.05
3669,2239,118,1,227.27,0.15
3670,2239,22,1,1492.69,0.0
3671,2240,49,1,2052.49,0.05
3672,2240,173,3,47.43,0.0
3673,2240,6,2,580.13,0.0
3674,2241,48,1,775.66,0.1
3675,2241,141,1,622.59,0.0
3676,2241,43,1,1099.47,0.0
3677,2242,79,1,147.48,0.0
3678,2243,39,1,730.27,0.0
3679,2243,155,1,28.84,0.0
3680,2244,41,1,970.93,0.05
3681,2245,10,1,496.76,0.0
3682,2246,6,2,580.13,0.0
3683,2246,23,1,282.23,0.0
3684,2246,26,1,597.08,0.0
3685,2247,113,2,24.88,0.0
3686,2247,13,1,861.38,0.05
3687,2248,1,1,231.51,0.0
3688,2249,92,1,113.95,0.05
3689,2249,164,1,30.98,0.0
3690,2249,37,2,2349.94,0.0
3691,2250,35,1,482.46,0.0
3692,2251,118,1,227.27,0.0
3693,2252,21,1,543.57,0.0
3694,2253,170,1,27.31,0.15
3695,2254,12,1,899.67,0.15
3696,2255,5,1,983.84,0.0
3697,2256,16,1,1438.96,0.0
3698,2257,165,2,11.79,0.0
3699,2257,11,2,475.41,0.0
3700,2258,103,2,220.54,0.05
3701,2258,11,2,475.41,0.0
3702,2258,157,1,70.72,0.0
3703,2259,97,2,274.08,0.05
3704,2259,11,1,475.41,0.0
3705,2260,38,3,846.62,0.0
3706,2261,79,1,147.48,0.0
3707,2262,84,1,292.46,0.1
3708,2263,144,1,623.37,0.2
3709,2263,95,1,53.11,0.0
3710,2263,162,1,67.56,0.0
3711,2263,52,1,947.35,0.0
3712,2264,155,1,28.84,0.05
3713,2264,170,1,27.31,0.0
3714,2264,120,2,444.02,0.0
3715,2265,120,1,444.02,0.0
3716,2266,20,1,1259.83,0.0
3717,2267,12,1,899.67,0.05
3718,2267,138,1,569.79,0.0
3719,2268,24,1,496.62,0.0
3720,2268,55,1,458.59,0.0
3721,2268,19,2,344.43,0.0
3722,2269,161,1,31.02,0.0
3723,2269,133,3,588.67,0.05
3724,2269,140,1,424.81,0.0
3725,2269,89,3,157.12,0.05
3726,2270,17,1,1330.67,0.0
3727,2271,129,3,632.28,0.2
3728,2272,126,1,635.26,0.0
3729,2273,39,3,730.27,0.0
3730,2273,102,3,49.71,0.05
3731,2273,16,1,1438.96,0.0
3732,2274,123,1,287.0,0.0
3733,2275,62,2,759.59,0.0
3734,2275,75,1,548.76,0.15
3735,2276,175,3,37.24,0.0
3736,2276,149,2,559.5,0.0
3737,2277,14,2,281.59,0.0
3738,2278,45,1,1559.3,0.2
3739,2279,4,1,560.23,0.05
3740,2279,127,1,389.57,0.2
3741,2279,108,1,387.83,0.0
3742,2280,5,3,983.84,0.0
3743,2280,45,1,1559.3,0.0
3744,2281,24,1,496.62,0.05
3745,2281,154,2,67.7,0.2
3746,2282,67,1,755.51,0.0
3747,2283,175,1,37.24,0.05
3748,2283,26,1,597.08,0.0
3749,2284,82,1,159.8,0.0
3750,2284,22,1,1492.69,0.2
3751,2285,61,2,188.28,0.0
3752,2285,169,1,43.99,0.0
3753,2285,44,1,633.94,0.0
3754,2285,3,2,744.38,0.0
3755,2286,170,1,27.31,0.0
3756,2286,70,2,554.43,0.0
3757,2287,20,1,1259.83,0.0
3758,2287,106,3,347.14,0.05
3759,2288,44,2,633.94,0.1
3760,2289,9,2,893.38,0.0
3761,2290,42,1,926.35,0.2
3762,2291,125,1,205.61,0.0
3763,2292,91,1,261.69,0.05
3764,2292,30,2,2294.13,0.0
3765,2293,52,2,947.35,0.0
3766,2293,70,1,554.43,0.05
3767,2293,46,3,1831.34,0.0
3768,2294,38,1,846.62,0.05
3769,2294,41,1,970.93,0.0
3770,2295,30,1,2294.13,0.0
3771,2296,40,1,1027.7,0.0
3772,2297,113,1,24.88,0.15
3773,2298,55,1,458.59,0.0
3774,2299,9,2,893.38,0.0
3775,2299,35,1,482.46,0.0
3776,2299,52,2,947.35,0.05
3777,2300,22,1,1492.69,0.0
3778,2301,27,1,526.29,0.0
3779,2302,24,1,496.62,0.0
3780,2302,8,1,410.45,0.0
3781,2303,149,1,559.5,0.1
3782,2303,29,1,2154.66,0.0
3783,2304,37,1,2349.94,0.0
3784,2305,152,1,38.17,0.0
3785,2306,29,1,2154.66,0.2
3786,2307,173,1,47.43,0.0
3787,2307,141,2,622.59,0.1
3788,2307,33,1,1625.77,0.0
3789,2308,42,2,926.35,0.0
3790,2308,39,3,730.27,0.1
3791,2309,175,1,37.24,0.0
3792,2310,22,2,1492.69,0.05
3793,2311,124,1,394.12,0.05
3794,2312,136,2,639.35,0.0
3795,2312,22,1,1492.69,0.0
3796,2313,22,1,1492.69,0.15
3797,2314,20,1,1259.83,0.05
3798,2314,98,2,218.62,0.0
3799,2314,47,2,2343.1,0.0
3800,2314,155,1,28.84,0.0
3801,2315,38,1,846.62,0.0
3802,2316,40,1,1027.7,0.0
3803,2316,121,2,434.1,0.2
3804,2316,8,2,410.45,0.0
3805,2317,38,1,846.62,0.0
3806,2318,9,2,893.38,0.05
3807,2319,127,1,389.57,0.0
3808,2319,15,1,1175.14,0.0
3809,2320,115,1,215.42,0.0
3810,2320,21,3,543.57,0.05
3811,2321,114,1,233.3,0.0
3812,2322,126,1,635.26,0.0
3813,2323,132,2,684.44,0.0
3814,2323,75,1,548.76,0.0
3815,2324,107,2,206.43,0.0
3816,2324,46,1,1831.34,0.0
3817,2325,45,1,1559.3,0.0
3818,2326,114,1,233.3,0.2
3819,2327,31,1,1861.84,0.0
3820,2328,53,1,656.09,0.1
3821,2328,152,1,38.17,0.2
3822,2329,102,1,49.71,0.0
3823,2329,61,2,188.28,0.1
3824,2330,21,1,543.57,0.05
3825,2330,48,3,775.66,0.0
3826,2331,161,1,31.02,0.0
3827,2331,10,2,496.76,0.0
3828,2332,5,1,983.84,0.0
3829,2333,26,1,597.08,0.05
3830,2333,96,1,285.92,0.0
3831,2334,57,1,714.19,0.0
3832,2335,1,1,231.51,0.0
3833,2336,21,1,543.57,0.0
3834,2336,79,1,147.48,0.0
3835,2336,29,1,2154.66,0.0
3836,2337,58,1,407.29,0.0
3837,2338,115,1,215.42,0.05
3838,2339,54,1,913.58,0.1
3839,2340,104,3,276.16,0.0
3840,2340,169,1,43.99,0.0
3841,2340,15,1,1175.14,0.0
3842,2340,5,1,983.84,0.0
3843,2341,35,1,482.46,0.0
3844,2342,155,1,28.84,0.15
3845,2343,43,1,1099.47,0.0
3846,2344,28,1,784.32,0.0
3847,2344,2,1,240.32,0.0
3848,2345,71,1,564.0,0.0
3849,2346,21,2,543.57,0.0
3850,2346,152,1,38.17,0.0
3851,2347,102,1,49.71,0.0
3852,2347,2,3,240.32,0.0
3853,2348,34,2,542.89,0.05
3854,2349,44,1,633.94,0.15
3855,2350,35,1,482.46,0.15
3856,2351,170,1,27.31,0.0
3857,2352,156,1,38.57,0.2
3858,2353,5,1,983.84,0.0
3859,2353,15,1,1175.14,0.0
3860,2354,28,1,784.32,0.05
3861,2355,123,3,287.0,0.0
3862,2355,164,1,30.98,0.05
3863,2356,100,1,92.31,0.0
3864,2356,118,1,227.27,0.0
3865,2357,66,2,862.88,0.0
3866,2358,96,3,285.92,0.0
3867,2359,15,1,1175.14,0.0
3868,2359,2,1,240.32,0.05
3869,2359,115,2,215.42,0.0
3870,2360,13,1,861.38,0.0
3871,2361,153,1,58.82,0.0
3872,2361,134,1,448.79,0.05
3873,2362,22,2,1492.69,0.1
3874,2363,123,3,287.0,0.0
3875,2363,6,2,580.13,0.0
3876,2364,24,1,496.62,0.05
3877,2364,124,2,394.12,0.05
3878,2365,90,2,92.0,0.2
3879,2366,16,1,1438.96,0.0
3880,2367,97,2,274.08,0.2
3881,2367,13,1,861.38,0.1
3882,2368,114,1,233.3,0.15
3883,2369,101,1,303.31,0.05
3884,2370,130,1,690.85,0.0
3885,2370,153,2,58.82,0.0
3886,2370,2,2,240.32,0.0
3887,2371,48,1,775.66,0.15
3888,2371,135,1,635.25,0.05
3889,2371,24,2,496.62,0.0
3890,2372,52,1,947.35,0.0
3891,2373,63,1,335.01,0.2
3892,2373,124,1,394.12,0.05
3893,2374,34,2,542.89,0.0
3894,2375,24,1,496.62,0.0
3895,2375,35,1,482.46,0.05
3896,2376,22,2,1492.69,0.0
3897,2377,7,1,1203.99,0.1
3898,2378,21,1,543.57,0.05
3899,2379,33,1,1625.77,0.15
3900,2379,20,1,1259.83,0.05
3901,2379,72,1,930.61,0.0
3902,2380,160,1,54.58,0.05
3903,2381,161,1,31.02,0.0
3904,2381,48,1,775.66,0.0
3905,2382,115,1,215.42,0.05
3906,2383,46,1,1831.34,0.0
3907,2383,116,1,351.25,0.05
3908,2384,68,1,345.57,0.0
3909,2385,103,1,220.54,0.0
3910,2386,159,1,11.9,0.0
3911,2387,155,1,28.84,0.1
3912,2388,67,1,755.51,0.0
3913,2388,117,1,331.2,0.0
3914,2388,88,1,46.08,0.0
3915,2389,97,1,274.08,0.05
3916,2389,19,1,344.43,0.0
3917,2390,33,1,1625.77,0.0
3918,2390,6,1,580.13,0.05
3919,2390,8,1,410.45,0.1
3920,2391,96,1,285.92,0.0
3921,2391,162,1,67.56,0.1
3922,2392,26,1,597.08,0.0
3923,2392,19,1,344.43,0.0
3924,2393,134,1,448.79,0.0
3925,2393,40,1,1027.7,0.1
3926,2394,5,1,983.84,0.0
3927,2395,34,2,542.89,0.0
3928,2396,67,1,755.51,0.05
3929,2396,24,1,496.62,0.0
3930,2396,20,1,1259.83,0.0
3931,2396,23,2,282.23,0.0
3932,2397,167,1,60.83,0.0
3933,2397,6,2,580.13,0.0
3934,2398,95,1,53.11,0.0
3935,2398,20,1,1259.83,0.0
3936,2399,49,1,2052.49,0.2
3937,2399,134,1,448.79,0.1
3938,2400,23,1,282.23,0.0
3939,2401,144,1,623.37,0.05
3940,2402,146,2,78.96,0.05
3941,2402,31,1,1861.84,0.05
3942,2402,30,1,2294.13,0.0
3943,2403,145,2,182.4,0.0
3944,2404,7,1,1203.99,0.0
3945,2404,166,2,58.4,0.1
3946,2405,11,1,475.41,0.0
3947,2406,143,3,624.59,0.0
3948,2407,36,1,1805.42,0.1
3949,2408,23,2,282.23,0.1
3950,2408,22,1,1492.69,0.0
3951,2409,73,1,264.34,0.0
3952,2409,160,1,54.58,0.05
3953,2410,31,1,1861.84,0.0
3954,2410,107,1,206.43,0.0
3955,2410,4,2,560.23,0.0
3956,2411,166,1,58.4,0.0
3957,2412,173,1,47.43,0.0
3958,2413,30,2,2294.13,0.0
3959,2414,107,1,206.43,0.05
3960,2415,4,3,560.23,0.2
3961,2415,83,1,220.71,0.0
3962,2416,42,1,926.35,0.15
3963,2416,11,1,475.41,0.0
3964,2417,151,1,6.17,0.0
3965,2417,56,1,580.05,0.2
3966,2417,143,3,624.59,0.0
3967,2418,71,1,564.0,0.0
3968,2418,1,1,231.51,0.05
3969,2418,41,1,970.93,0.0
3970,2419,142,1,116.01,0.0
3971,2420,23,2,282.23,0.0
3972,2420,161,1,31.02,0.0
3973,2421,4,2,560.23,0.0
3974,2421,49,1,2052.49,0.0
3975,2421,12,2,899.67,0.0
3976,2422,161,1,31.02,0.0
3977,2423,97,1,274.08,0.0
3978,2423,68,2,345.57,0.05
3979,2424,140,1,424.81,0.0
3980,2425,4,1,560.23,0.0
3981,2426,148,1,174.44,0.0
3982,2427,6,1,580.13,0.0
3983,2428,112,1,71.21,0.0
3984,2429,170,1,27.31,0.0
3985,2429,107,1,206.43,0.0
3986,2429,112,1,71.21,0.0
3987,2430,7,1,1203.99,0.2
3988,2431,13,1,861.38,0.0
3989,2432,139,1,280.41,0.0
3990,2433,9,1,893.38,0.1
3991,2433,151,2,6.17,0.0
3992,2433,63,1,335.01,0.05
3993,2434,95,3,53.11,0.05
3994,2435,30,1,2294.13,0.0
3995,2435,49,1,2052.49,0.0
3996,2436,21,1,543.57,0.0
3997,2437,97,2,274.08,0.0
3998,2437,46,1,1831.34,0.2
3999,2438,130,1,690.85,0.1
4000,2439,66,1,862.88,0.0
4001,2439,25,1,900.0,0.0
4002,2439,91,1,261.69,0.0
4003,2440,6,1,580.13,0.0
4004,2440,169,2,43.99,0.05
4005,2441,85,1,180.1,0.0
4006,2441,63,1,335.01,0.05
4007,2441,5,1,983.84,0.05
4008,2442,80,1,299.0,0.05
4009,2443,39,1,730.27,0.0
4010,2444,165,1,11.79,0.05
4011,2444,98,1,218.62,0.0
4012,2445,23,2,282.23,0.0
4013,2446,72,1,930.61,0.0
4014,2446,78,1,274.78,0.0
4015,2446,152,1,38.17,0.0
4016,2447,33,1,1625.77,0.0
4017,2447,169,1,43.99,0.0
4018,2447,114,1,233.3,0.1
4019,2448,103,3,220.54,0.0
4020,2448,44,1,633.94,0.0
4021,2448,12,2,899.67,0.0
4022,2449,3,2,744.38,0.15
4023,2450,113,1,24.88,0.0
4024,2450,147,3,462.52,0.0
4025,2451,36,1,1805.42,0.0
4026,2452,6,1,580.13,0.05
4027,2452,31,1,1861.84,0.0
4028,2452,1,1,231.51,0.0
4029,2453,25,1,900.0,0.0
4030,2454,169,2,43.99,0.1
4031,2455,8,1,410.45,0.0
4032,2456,40,1,1027.7,0.0
4033,2457,61,1,188.28,0.0
4034,2458,144,1,623.37,0.0
4035,2459,115,1,215.42,0.2
4036,2459,42,1,926.35,0.1
4037,2459,29,2,2154.66,0.0
4038,2459,109,3,214.58,0.05
4039,2460,158,1,28.13,0.0
4040,2461,125,1,205.61,0.0
4041,2462,37,2,2349.94,0.0
4042,2462,168,1,35.65,0.05
4043,2462,21,1,543.57,0.2
4044,2463,53,1,656.09,0.0
4045,2464,22,1,1492.69,0.1
4046,2465,173,1,47.43,0.0
4047,2465,33,2,1625.77,0.0
4048,2466,69,2,502.41,0.0
4049,2466,16,1,1438.96,0.1
4050,2467,127,1,389.57,0.0
4051,2468,13,1,861.38,0.0
4052,2468,14,2,281.59,0.0
4053,2469,119,2,264.87,0.15
4054,2470,114,2,233.3,0.0
4055,2470,13,2,861.38,0.0
4056,2471,33,2,1625.77,0.05
4057,2471,121,1,434.1,0.0
4058,2472,1,2,231.51,0.0
4059,2472,29,1,2154.66,0.0
4060,2472,79,1,147.48,0.1
4061,2473,14,1,281.59,0.05
4062,2474,162,2,67.56,0.0
4063,2475,169,1,43.99,0.0
4064,2476,174,1,64.3,0.05
4065,2477,129,1,632.28,0.0
4066,2478,167,1,60.83,0.0
4067,2478,165,1,11.79,0.0
4068,2478,140,3,424.81,0.0
4069,2478,22,1,1492.69,0.15
4070,2479,114,3,233.3,0.0
4071,2479,29,1,2154.66,0.0
4072,2479,53,2,656.09,0.1
4073,2480,87,1,255.5,0.0
4074,2480,7,2,1203.99,0.0
4075,2481,33,2,1625.77,0.0
4076,2482,161,2,31.02,0.0
4077,2483,17,1,1330.67,0.0
4078,2483,161,1,31.02,0.1
4079,2484,14,2,281.59,0.1
4080,2484,82,1,159.8,0.05
4081,2484,119,1,264.87,0.0
4082,2485,2,1,240.32,0.0
4083,2485,67,1,755.51,0.05
4084,2486,24,2,496.62,0.15
4085,2486,34,1,542.89,0.0
4086,2487,92,1,113.95,0.05
4087,2487,103,1,220.54,0.0
4088,2488,141,1,622.59,0.1
4089,2488,127,1,389.57,0.05
4090,2489,30,3,2294.13,0.2
4091,2490,170,2,27.31,0.05
4092,2491,15,1,1175.14,0.15
4093,2491,166,1,58.4,0.05
4094,2491,70,1,554.43,0.0
4095,2492,159,1,11.9,0.0
4096,2493,26,2,597.08,0.15
4097,2494,8,1,410.45,0.05
4098,2494,143,1,624.59,0.05
4099,2494,82,1,159.8,0.05
4100,2495,33,2,1625.77,0.0
4101,2495,55,2,458.59,0.0
4102,2496,166,1,58.4,0.0
4103,2496,8,1,410.45,0.0
4104,2497,31,1,1861.84,0.0
4105,2498,119,1,264.87,0.0
4106,2499,93,1,340.41,0.0
4107,2500,2,1,240.32,0.0
4108,2501,24,3,496.62,0.0
4109,2501,118,2,227.27,0.2
4110,2502,168,1,35.65,0.0
4111,2502,3,1,744.38,0.0
4112,2503,83,1,220.71,0.0
4113,2503,148,1,174.44,0.0
4114,2503,34,1,542.89,0.0
4115,2503,49,1,2052.49,0.0
4116,2504,4,1,560.23,0.0
4117,2505,6,2,580.13,0.15
4118,2505,49,2,2052.49,0.0
4119,2506,153,1,58.82,0.0
4120,2506,58,2,407.29,0.0
4121,2506,110,2,301.79,0.0
4122,2506,111,1,287.93,0.0
4123,2507,47,1,2343.1,0.0
4124,2508,16,2,1438.96,0.0
4125,2509,1,1,231.51,0.0
4126,2510,46,2,1831.34,0.0
4127,2510,24,2,496.62,0.1
4128,2511,124,1,394.12,0.15
4129,2512,17,1,1330.67,0.0
4130,2512,170,2,27.31,0.0
4131,2513,96,2,285.92,0.0
4132,2513,114,1,233.3,0.2
4133,2514,113,1,24.88,0.0
4134,2514,23,3,282.23,0.05
4135,2515,125,1,205.61,0.0
4136,2516,152,2,38.17,0.0
4137,2517,174,1,64.3,0.05
4138,2518,15,1,1175.14,0.1
4139,2519,70,1,554.43,0.0
4140,2520,60,2,228.38,0.0
4141,2521,121,1,434.1,0.0
4142,2521,9,1,893.38,0.1
4143,2522,121,1,434.1,0.0
4144,2522,17,1,1330.67,0.0
4145,2523,113,2,24.88,0.2
4146,2524,149,3,559.5,0.0
4147,2524,112,1,71.21,0.0
4148,2525,9,2,893.38,0.05
4149,2526,2,2,240.32,0.0
4150,2526,32,1,856.17,0.0
4151,2527,165,1,11.79,0.05
4152,2527,19,1,344.43,0.0
4153,2527,16,1,1438.96,0.0
4154,2528,171,1,41.81,0.0
4155,2529,116,1,351.25,0.0
4156,2530,19,1,344.43,0.0
4157,2531,94,1,206.74,0.0
4158,2532,148,1,174.44,0.15
4159,2532,31,1,1861.84,0.0
4160,2533,35,2,482.46,0.0
4161,2534,49,1,2052.49,0.0
4162,2535,10,1,496.76,0.0
4163,2535,138,2,569.79,0.15
4164,2536,98,2,218.62,0.0
4165,2536,99,1,73.05,0.0
4166,2536,128,1,367.46,0.0
4167,2536,23,1,282.23,0.2
4168,2537,71,1,564.0,0.0
4169,2537,159,1,11.9,0.05
4170,2537,45,1,1559.3,0.05
4171,2538,20,1,1259.83,0.0
4172,2539,144,1,623.37,0.1
4173,2539,175,1,37.24,0.0
4174,2540,15,1,1175.14,0.05
4175,2541,35,1,482.46,0.0
4176,2541,37,1,2349.94,0.0
4177,2542,77,1,173.17,0.1
4178,2543,21,2,543.57,0.0
4179,2543,126,2,635.26,0.0
4180,2544,43,1,1099.47,0.0
4181,2544,147,1,462.52,0.0
4182,2545,145,2,182.4,0.0
4183,2545,15,1,1175.14,0.05
4184,2545,102,1,49.71,0.05
4185,2546,151,1,6.17,0.15
4186,2546,123,1,287.0,0.05
4187,2546,164,1,30.98,0.0
4188,2546,38,3,846.62,0.0
4189,2547,21,1,543.57,0.0
4190,2547,63,1,335.01,0.05
4191,2548,161,1,31.02,0.1
4192,2549,80,1,299.0,0.1
4193,2550,117,1,331.2,0.0
4194,2551,153,2,58.82,0.0
4195,2552,113,1,24.88,0.0
4196,2552,4,1,560.23,0.05
4197,2552,13,2,861.38,0.05
4198,2553,2,1,240.32,0.0
4199,2553,40,1,1027.7,0.0
4200,2553,122,1,25.6,0.2
4201,2554,2,1,240.32,0.0
4202,2555,157,1,70.72,0.0
4203,2555,165,1,11.79,0.05
4204,2556,167,1,60.83,0.05
4205,2556,124,1,394.12,0.15
4206,2557,144,2,623.37,0.0
4207,2558,110,2,301.79,0.0
4208,2558,40,1,1027.7,0.0
4209,2559,14,2,281.59,0.0
4210,2560,11,1,475.41,0.0
4211,2561,138,1,569.79,0.0
4212,2562,152,1,38.17,0.0
4213,2563,64,2,262.34,0.0
4214,2563,151,1,6.17,0.1
4215,2564,85,1,180.1,0.0
4216,2564,39,1,730.27,0.0
4217,2565,42,1,926.35,0.0
4218,2565,126,1,635.26,0.0
4219,2565,17,1,1330.67,0.0
4220,2566,2,1,240.32,0.05
4221,2567,48,1,775.66,0.0
4222,2568,87,1,255.5,0.0
4223,2569,19,1,344.43,0.0
4224,2569,96,1,285.92,0.0
4225,2570,171,1,41.81,0.05
4226,2570,132,2,684.44,0.0
4227,2570,168,2,35.65,0.0
4228,2570,153,1,58.82,0.0
4229,2571,152,1,38.17,0.05
4230,2572,61,1,188.28,0.0
4231,2573,19,1,344.43,0.1
4232,2573,144,2,623.37,0.15
4233,2574,28,1,784.32,0.0
4234,2575,170,1,27.31,0.0
4235,2576,148,1,174.44,0.0
4236,2576,3,1,744.38,0.0
4237,2576,166,1,58.4,0.05
4238,2576,121,1,434.1,0.0
4239,2577,37,2,2349.94,0.0
4240,2578,112,1,71.21,0.0
4241,2578,22,1,1492.69,0.05
4242,2578,39,2,730.27,0.0
4243,2579,6,1,580.13,0.1
4244,2579,118,1,227.27,0.0
4245,2580,107,1,206.43,0.0
4246,2580,31,3,1861.84,0.0
4247,2580,162,2,67.56,0.0
4248,2580,125,2,205.61,0.0
4249,2581,40,1,1027.7,0.15
4250,2581,132,2,684.44,0.0
4251,2581,127,1,389.57,0.05
4252,2582,21,1,543.57,0.0
4253,2582,30,1,2294.13,0.0
4254,2583,44,2,633.94,0.0
4255,2583,69,1,502.41,0.05
4256,2584,170,1,27.31,0.0
4257,2585,10,1,496.76,0.0
4258,2586,173,1,47.43,0.0
4259,2587,85,1,180.1,0.05
4260,2588,133,1,588.67,0.2
4261,2588,6,1,580.13,0.0
4262,2588,40,3,1027.7,0.0
4263,2589,66,3,862.88,0.0
4264,2590,73,1,264.34,0.2
4265,2591,161,2,31.02,0.2
4266,2592,79,1,147.48,0.0
4267,2592,118,1,227.27,0.0
4268,2593,3,1,744.38,0.15
4269,2594,58,1,407.29,0.1
4270,2595,14,1,281.59,0.0
4271,2596,97,1,274.08,0.0
4272,2597,1,1,231.51,0.0
4273,2597,137,1,641.9,0.0
4274,2597,38,1,846.62,0.05
4275,2598,40,2,1027.7,0.2
4276,2599,43,1,1099.47,0.0
4277,2600,132,1,684.44,0.1
4278,2601,5,1,983.84,0.0
4279,2602,14,1,281.59,0.0
4280,2602,122,1,25.6,0.0
4281,2602,72,1,930.61,0.15
4282,2603,59,1,723.28,0.0
4283,2604,59,1,723.28,0.0
4284,2605,78,2,274.78,0.0
4285,2606,107,2,206.43,0.05
4286,2607,173,1,47.43,0.1
4287,2608,10,1,496.76,0.0
4288,2609,116,1,351.25,0.05
4289,2610,92,1,113.95,0.1
4290,2610,25,1,900.0,0.05
4291,2611,51,1,385.81,0.1
4292,2611,15,1,1175.14,0.0
4293,2612,63,1,335.01,0.1
4294,2612,29,2,2154.66,0.05
4295,2612,120,1,444.02,0.0
4296,2613,11,1,475.41,0.0
4297,2613,141,2,622.59,0.0
4298,2613,131,1,602.2,0.0
4299,2614,98,2,218.62,0.0
4300,2614,159,1,11.9,0.05
4301,2614,91,1,261.69,0.2
4302,2615,139,2,280.41,0.0
4303,2615,169,1,43.99,0.15
4304,2616,174,3,64.3,0.0
4305,2616,105,1,432.62,0.0
4306,2616,156,1,38.57,0.0
4307,2616,20,1,1259.83,0.0
4308,2617,49,1,2052.49,0.05
4309,2618,24,1,496.62,0.0
4310,2619,130,1,690.85,0.0
4311,2620,105,1,432.62,0.15
4312,2621,89,1,157.12,0.0
4313,2621,4,1,560.23,0.05
4314,2622,47,1,2343.1,0.1
4315,2622,64,1,262.34,0.0
4316,2623,6,1,580.13,0.15
4317,2623,94,1,206.74,0.0
4318,2623,113,1,24.88,0.0
4319,2623,173,1,47.43,0.05
4320,2624,14,2,281.59,0.0
4321,2624,16,2,1438.96,0.0
4322,2625,92,1,113.95,0.15
4323,2625,21,1,543.57,0.0
4324,2625,29,1,2154.66,0.0
4325,2626,135,2,635.25,0.1
4326,2627,20,1,1259.83,0.0
4327,2627,1,2,231.51,0.0
4328,2627,153,2,58.82,0.0
4329,2628,25,1,900.0,0.0
4330,2629,47,1,2343.1,0.05
4331,2630,94,1,206.74,0.05
4332,2630,98,2,218.62,0.0
4333,2631,41,1,970.93,0.0
4334,2632,164,2,30.98,0.0
4335,2633,34,1,542.89,0.1
4336,2633,169,2,43.99,0.2
4337,2633,140,1,424.81,0.05
4338,2634,44,1,633.94,0.1
4339,2635,32,1,856.17,0.0
4340,2636,31,2,1861.84,0.0
4341,2637,96,1,285.92,0.05
4342,2638,16,1,1438.96,0.0
4343,2638,175,1,37.24,0.05
4344,2638,43,1,1099.47,0.0
4345,2638,121,1,434.1,0.0
4346,2639,15,1,1175.14,0.0
4347,2640,133,1,588.67,0.0
4348,2641,164,1,30.98,0.0
4349,2642,45,2,1559.3,0.0
4350,2643,23,1,282.23,0.0
4351,2644,101,1,303.31,0.0
4352,2645,108,1,387.83,0.0
4353,2645,7,1,1203.99,0.0
4354,2645,43,1,1099.47,0.0
4355,2646,6,1,580.13,0.15
4356,2646,125,1,205.61,0.05
4357,2646,122,1,25.6,0.0
4358,2647,75,1,548.76,0.0
4359,2648,15,2,1175.14,0.15
4360,2648,104,2,276.16,0.0
4361,2648,156,2,38.57,0.0
4362,2649,91,2,261.69,0.1
4363,2650,99,1,73.05,0.05
4364,2651,11,2,475.41,0.05
4365,2652,117,1,331.2,0.0
4366,2653,165,1,11.79,0.0
4367,2654,31,1,1861.84,0.05
4368,2654,175,1,37.24,0.0
4369,2655,146,2,78.96,0.05
4370,2655,143,1,624.59,0.0
4371,2656,11,2,475.41,0.0
4372,2657,29,1,2154.66,0.05
4373,2657,136,2,639.35,0.0
4374,2657,64,3,262.34,0.0
4375,2658,12,1,899.67,0.2
4376,2658,72,1,930.61,0.05
4377,2659,171,1,41.81,0.0
4378,2660,68,2,345.57,0.15
4379,2660,2,1,240.32,0.0
4380,2661,158,1,28.13,0.0
4381,2661,15,1,1175.14,0.0
4382,2661,160,1,54.58,0.0
4383,2661,154,1,67.7,0.0
4384,2662,160,2,54.58,0.1
4385,2663,13,1,861.38,0.2
4386,2664,128,1,367.46,0.0
4387,2664,111,1,287.93,0.1
4388,2664,58,2,407.29,0.0
4389,2665,141,2,622.59,0.1
4390,2665,6,1,580.13,0.0
4391,2665,25,3,900.0,0.0
4392,2666,24,1,496.62,0.0
4393,2666,165,1,11.79,0.0
4394,2667,156,3,38.57,0.0
4395,2668,79,1,147.48,0.0
4396,2669,8,1,410.45,0.05
4397,2669,75,1,548.76,0.1
4398,2670,105,1,432.62,0.15
4399,2670,88,1,46.08,0.0
4400,2670,72,1,930.61,0.0
4401,2670,3,1,744.38,0.0
4402,2671,2,1,240.32,0.0
4403,2672,32,1,856.17,0.0
4404,2672,154,1,67.7,0.15
4405,2672,96,1,285.92,0.0
4406,2672,54,1,913.58,0.2
4407,2673,149,1,559.5,0.05
4408,2674,170,2,27.31,0.1
4409,2674,91,3,261.69,0.0
4410,2675,36,1,1805.42,0.1
4411,2675,106,1,347.14,0.1
4412,2675,87,1,255.5,0.0
4413,2675,129,1,632.28,0.05
4414,2676,4,2,560.23,0.0
4415,2676,110,2,301.79,0.05
4416,2677,153,1,58.82,0.05
4417,2678,167,2,60.83,0.0
4418,2678,35,1,482.46,0.0
4419,2678,47,2,2343.1,0.05
4420,2678,11,1,475.41,0.0
4421,2679,145,1,182.4,0.05
4422,2679,62,1,759.59,0.05
4423,2679,154,1,67.7,0.0
4424,2679,38,1,846.62,0.0
4425,2680,107,1,206.43,0.0
4426,2680,129,1,632.28,0.15
4427,2681,117,1,331.2,0.15
4428,2682,149,2,559.5,0.1
4429,2683,43,1,1099.47,0.0
4430,2683,38,2,846.62,0.0
4431,2684,49,1,2052.49,0.1
4432,2684,55,1,458.59,0.1
4433,2685,3,1,744.38,0.0
4434,2686,109,1,214.58,0.0
4435,2687,73,2,264.34,0.0
4436,2688,110,1,301.79,0.0
4437,2688,35,1,482.46,0.2
4438,2689,70,2,554.43,0.0
4439,2690,91,2,261.69,0.0
4440,2690,175,3,37.24,0.0
4441,2691,21,2,543.57,0.05
4442,2691,69,1,502.41,0.0
4443,2692,110,1,301.79,0.0
4444,2693,7,1,1203.99,0.0
4445,2694,151,3,6.17,0.1
4446,2695,126,1,635.26,0.0
4447,2696,21,1,543.57,0.05
4448,2696,3,1,744.38,0.2
4449,2697,60,2,228.38,0.0
4450,2698,33,1,1625.77,0.0
4451,2699,113,2,24.88,0.0
4452,2699,149,1,559.5,0.1
4453,2700,29,1,2154.66,0.0
4454,2700,87,1,255.5,0.0
4455,2701,15,2,1175.14,0.0
4456,2701,143,1,624.59,0.0
4457,2701,26,1,597.08,0.0
4458,2702,154,1,67.7,0.1
4459,2702,126,1,635.26,0.15
4460,2703,124,1,394.12,0.05
4461,2703,175,1,37.24,0.0
4462,2704,82,2,159.8,0.15
4463,2705,26,1,597.08,0.0
4464,2706,36,2,1805.42,0.05
4465,2707,13,1,861.38,0.0
4466,2708,3,1,744.38,0.0
4467,2708,84,1,292.46,0.1
4468,2709,60,1,228.38,0.1
4469,2709,47,1,2343.1,0.0
4470,2710,137,3,641.9,0.05
4471,2710,173,1,47.43,0.0
4472,2710,116,2,351.25,0.05
4473,2711,79,1,147.48,0.0
4474,2711,1,1,231.51,0.0
4475,2711,2,1,240.32,0.15
4476,2712,53,1,656.09,0.05
4477,2713,13,1,861.38,0.0
4478,2714,162,1,67.56,0.05
4479,2714,134,2,448.79,0.0
4480,2715,136,1,639.35,0.0
4481,2716,160,1,54.58,0.0
4482,2716,80,2,299.0,0.0
4483,2717,60,1,228.38,0.0
4484,2718,159,1,11.9,0.0
4485,2719,165,2,11.79,0.0
4486,2720,44,1,633.94,0.05
4487,2720,42,1,926.35,0.05
4488,2721,170,1,27.31,0.1
4489,2722,148,1,174.44,0.0
4490,2723,30,1,2294.13,0.0
4491,2724,14,1,281.59,0.0
4492,2725,11,2,475.41,0.0
4493,2726,49,1,2052.49,0.0
4494,2727,9,3,893.38,0.05
4495,2727,116,1,351.25,0.05
4496,2728,133,2,588.67,0.05
4497,2728,99,1,73.05,0.0
4498,2728,8,2,410.45,0.0
4499,2728,122,1,25.6,0.0
4500,2729,11,3,475.41,0.15
4501,2729,108,2,387.83,0.0
4502,2730,7,2,1203.99,0.0
4503,2730,45,1,1559.3,0.0
4504,2731,48,1,775.66,0.1
4505,2731,121,1,434.1,0.0
4506,2731,144,1,623.37,0.0
4507,2732,110,2,301.79,0.0
4508,2733,13,1,861.38,0.0
4509,2733,137,1,641.9,0.0
4510,2733,12,1,899.67,0.0
4511,2734,36,1,1805.42,0.1
4512,2735,31,1,1861.84,0.0
4513,2736,34,1,542.89,0.2
4514,2737,141,1,622.59,0.0
4515,2738,6,2,580.13,0.2
4516,2738,95,1,53.11,0.0
4517,2738,120,1,444.02,0.05
4518,2739,10,1,496.76,0.05
4519,2740,12,1,899.67,0.0
4520,2740,111,1,287.93,0.0
4521,2741,24,1,496.62,0.0
4522,2741,74,1,435.88,0.0
4523,2742,48,1,775.66,0.0
4524,2742,165,1,11.79,0.05
4525,2742,174,2,64.3,0.0
4526,2743,123,1,287.0,0.0
4527,2743,12,2,899.67,0.0
4528,2744,14,1,281.59,0.0
4529,2745,127,1,389.57,0.05
4530,2746,21,1,543.57,0.0
4531,2746,117,1,331.2,0.0
4532,2746,147,1,462.52,0.15
4533,2746,79,1,147.48,0.0
4534,2747,159,1,11.9,0.0
4535,2748,36,1,1805.42,0.0
4536,2749,155,1,28.84,0.0
4537,2750,67,1,755.51,0.0
4538,2750,122,1,25.6,0.05
4539,2751,41,1,970.93,0.0
4540,2751,90,1,92.0,0.1
4541,2751,9,1,893.38,0.05
4542,2752,3,1,744.38,0.0
4543,2753,26,1,597.08,0.0
4544,2753,127,2,389.57,0.05
4545,2754,12,2,899.67,0.0
4546,2755,79,1,147.48,0.0
4547,2756,17,1,1330.67,0.0
4548,2757,102,2,49.71,0.1
4549,2758,170,1,27.31,0.0
4550,2759,26,2,597.08,0.1
4551,2759,43,1,1099.47,0.0
4552,2759,69,3,502.41,0.0
4553,2760,77,1,173.17,0.0
4554,2761,37,2,2349.94,0.0
4555,2762,136,2,639.35,0.0
4556,2762,165,1,11.79,0.0
4557,2763,133,1,588.67,0.0
4558,2763,144,1,623.37,0.0
4559,2764,16,1,1438.96,0.0
4560,2765,7,1,1203.99,0.0
4561,2766,44,1,633.94,0.0
4562,2767,104,2,276.16,0.0
4563,2768,22,1,1492.69,0.0
4564,2768,158,1,28.13,0.0
4565,2769,41,1,970.93,0.0
4566,2770,37,1,2349.94,0.0
4567,2771,4,1,560.23,0.0
4568,2772,41,1,970.93,0.1
4569,2773,136,1,639.35,0.05
4570,2774,159,2,11.9,0.0
4571,2774,17,3,1330.67,0.0
4572,2775,7,1,1203.99,0.1
4573,2776,171,1,41.81,0.0
4574,2776,11,1,475.41,0.05
4575,2777,154,1,67.7,0.0
4576,2777,71,1,564.0,0.05
4577,2778,94,1,206.74,0.0
4578,2778,80,1,299.0,0.2
4579,2779,58,1,407.29,0.15
4580,2780,147,1,462.52,0.0
4581,2780,161,1,31.02,0.0
4582,2781,34,1,542.89,0.2
4583,2782,61,1,188.28,0.0
4584,2783,16,1,1438.96,0.15
4585,2784,101,1,303.31,0.0
4586,2785,142,1,116.01,0.05
4587,2786,125,3,205.61,0.2
4588,2786,70,2,554.43,0.0
4589,2787,89,2,157.12,0.15
4590,2788,24,1,496.62,0.0
4591,2789,30,2,2294.13,0.0
4592,2790,175,1,37.24,0.0
4593,2790,122,2,25.6,0.2
4594,2791,2,1,240.32,0.0
4595,2792,15,2,1175.14,0.0
4596,2792,79,1,147.48,0.0
4597,2793,160,3,54.58,0.0
4598,2793,161,1,31.02,0.0
4599,2793,8,1,410.45,0.05
4600,2794,28,1,784.32,0.0
4601,2794,45,1,1559.3,0.0
4602,2795,73,2,264.34,0.05
4603,2795,23,1,282.23,0.0
4604,2796,160,3,54.58,0.1
4605,2796,90,1,92.0,0.0
4606,2796,117,1,331.2,0.0
4607,2797,157,1,70.72,0.0
4608,2797,5,2,983.84,0.0
4609,2798,47,1,2343.1,0.05
4610,2799,170,2,27.31,0.2
4611,2799,144,1,623.37,0.1
4612,2800,19,1,344.43,0.15
4613,2800,6,1,580.13,0.2
4614,2801,25,1,900.0,0.1
4615,2801,131,1,602.2,0.0
4616,2802,42,1,926.35,0.0
4617,2802,155,2,28.84,0.0
4618,2803,33,1,1625.77,0.05
4619,2803,8,1,410.45,0.0
4620,2803,52,1,947.35,0.15
4621,2804,124,2,394.12,0.0
4622,2805,173,1,47.43,0.0
4623,2806,134,1,448.79,0.15
4624,2807,170,1,27.31,0.05
4625,2808,67,1,755.51,0.0
4626,2809,93,1,340.41,0.15
4627,2810,10,1,496.76,0.0
4628,2811,1,2,231.51,0.0
4629,2811,169,1,43.99,0.0
4630,2812,104,1,276.16,0.1
4631,2813,49,1,2052.49,0.2
4632,2813,89,1,157.12,0.1
4633,2813,169,1,43.99,0.0
4634,2814,23,1,282.23,0.0
4635,2815,160,1,54.58,0.0
4636,2816,31,3,1861.84,0.0
4637,2816,27,2,526.29,0.0
4638,2817,105,1,432.62,0.0
4639,2818,100,1,92.31,0.0
4640,2819,77,1,173.17,0.05
4641,2820,1,1,231.51,0.0
4642,2820,10,1,496.76,0.0
4643,2821,66,1,862.88,0.2
4644,2822,106,1,347.14,0.0
4645,2823,57,2,714.19,0.0
4646,2824,7,1,1203.99,0.0
4647,2825,103,1,220.54,0.0
4648,2826,40,1,1027.7,0.0
4649,2826,171,1,41.81,0.0
4650,2826,80,3,299.0,0.0
4651,2826,24,2,496.62,0.05
4652,2827,157,1,70.72,0.0
4653,2828,23,1,282.23,0.0
4654,2828,41,2,970.93,0.0
4655,2828,136,1,639.35,0.2
4656,2829,2,1,240.32,0.05
4657,2830,71,1,564.0,0.1
4658,2830,48,3,775.66,0.2
4659,2830,30,1,2294.13,0.0
4660,2830,61,1,188.28,0.0
4661,2831,120,1,444.02,0.0
4662,2832,65,2,854.98,0.05
4663,2832,133,2,588.67,0.0
4664,2833,162,1,67.56,0.2
4665,2834,52,1,947.35,0.2
4666,2835,134,1,448.79,0.0
4667,2835,23,2,282.23,0.0
4668,2835,32,1,856.17,0.0
4669,2835,10,1,496.76,0.0
4670,2836,35,2,482.46,0.05
4671,2836,42,2,926.35,0.2
4672,2836,134,2,448.79,0.0
4673,2837,23,1,282.23,0.0
4674,2838,92,1,113.95,0.15
4675,2838,147,1,462.52,0.0
4676,2838,19,1,344.43,0.0
4677,2839,27,1,526.29,0.2
4678,2840,43,1,1099.47,0.0
4679,2840,154,1,67.7,0.0
4680,2840,37,1,2349.94,0.05
4681,2841,85,1,180.1,0.05
4682,2842,171,1,41.81,0.05
4683,2843,48,1,775.66,0.0
4684,2844,52,1,947.35,0.05
4685,2845,94,1,206.74,0.0
4686,2846,22,1,1492.69,0.0
4687,2847,166,1,58.4,0.0
4688,2848,126,2,635.26,0.1
4689,2849,110,1,301.79,0.2
4690,2849,129,1,632.28,0.0
4691,2850,33,1,1625.77,0.1
4692,2850,114,1,233.3,0.15
4693,2851,31,2,1861.84,0.0
4694,2852,14,1,281.59,0.2
4695,2852,59,2,723.28,0.15
4696,2853,2,1,240.32,0.05
4697,2854,13,1,861.38,0.0
4698,2855,136,1,639.35,0.0
4699,2855,51,1,385.81,0.05
4700,2855,122,1,25.6,0.0
4701,2856,16,1,1438.96,0.0
4702,2856,155,2,28.84,0.0
4703,2856,37,1,2349.94,0.0
4704,2857,97,1,274.08,0.05
4705,2858,12,1,899.67,0.0
4706,2858,6,1,580.13,0.0
4707,2858,33,3,1625.77,0.05
4708,2859,26,1,597.08,0.0
4709,2860,123,2,287.0,0.0
4710,2860,2,1,240.32,0.0
4711,2861,141,1,622.59,0.0
4712,2862,33,1,1625.77,0.0
4713,2863,170,1,27.31,0.0
4714,2863,38,1,846.62,0.05
4715,2864,155,1,28.84,0.0
4716,2864,135,1,635.25,0.0
4717,2864,61,1,188.28,0.0
4718,2865,49,2,2052.49,0.0
4719,2866,112,3,71.21,0.0
4720,2867,28,3,784.32,0.0
4721,2867,142,2,116.01,0.0
4722,2868,107,1,206.43,0.0
4723,2868,20,1,1259.83,0.0
4724,2869,20,1,1259.83,0.2
4725,2870,23,1,282.23,0.0
4726,2871,171,1,41.81,0.0
4727,2871,48,1,775.66,0.0
4728,2871,99,1,73.05,0.1
4729,2872,19,1,344.43,0.05
4730,2873,154,1,67.7,0.0
4731,2874,21,3,543.57,0.2
4732,2875,5,1,983.84,0.05
4733,2876,48,1,775.66,0.0
4734,2876,39,1,730.27,0.0
4735,2876,175,1,37.24,0.0
4736,2876,77,1,173.17,0.0
4737,2877,166,1,58.4,0.0
4738,2878,127,1,389.57,0.05
4739,2878,107,1,206.43,0.05
4740,2879,169,1,43.99,0.0
4741,2880,17,1,1330.67,0.0
4742,2881,4,3,560.23,0.0
4743,2882,33,1,1625.77,0.0
4744,2882,120,1,444.02,0.0
4745,2883,162,1,67.56,0.0
4746,2884,97,1,274.08,0.0
4747,2885,104,1,276.16,0.05
4748,2886,23,1,282.23,0.0
4749,2887,104,1,276.16,0.0
4750,2888,2,3,240.32,0.0
4751,2889,123,1,287.0,0.0
4752,2890,99,1,73.05,0.15
4753,2890,94,1,206.74,0.0
4754,2891,13,1,861.38,0.0
4755,2892,129,1,632.28,0.0
4756,2892,36,1,1805.42,0.15
4757,2893,2,2,240.32,0.0
4758,2893,80,3,299.0,0.05
4759,2894,43,1,1099.47,0.0
4760,2895,152,1,38.17,0.0
4761,2895,73,1,264.34,0.0
4762,2895,38,1,846.62,0.2
4763,2896,88,1,46.08,0.0
4764,2896,118,1,227.27,0.2
4765,2897,167,1,60.83,0.05
4766,2898,98,1,218.62,0.0
4767,2899,154,2,67.7,0.0
4768,2899,122,1,25.6,0.0
4769,2900,132,1,684.44,0.1
4770,2900,165,1,11.79,0.0
4771,2900,32,1,856.17,0.05
4772,2901,16,1,1438.96,0.0
4773,2902,167,1,60.83,0.0
4774,2903,43,1,1099.47,0.0
4775,2904,90,2,92.0,0.0
4776,2904,168,1,35.65,0.1
4777,2905,11,2,475.41,0.0
4778,2905,87,3,255.5,0.0
4779,2905,35,1,482.46,0.0
4780,2905,48,1,775.66,0.0
4781,2906,49,1,2052.49,0.05
4782,2907,7,1,1203.99,0.0
4783,2908,36,1,1805.42,0.0
4784,2909,100,1,92.31,0.0
4785,2910,110,3,301.79,0.1
4786,2911,77,1,173.17,0.0
4787,2912,110,1,301.79,0.0
4788,2913,106,1,347.14,0.0
4789,2914,15,2,1175.14,0.0
4790,2915,111,1,287.93,0.0
4791,2916,98,1,218.62,0.0
4792,2916,110,1,301.79,0.0
4793,2917,51,2,385.81,0.0
4794,2917,110,1,301.79,0.0
4795,2918,137,1,641.9,0.0
4796,2919,93,2,340.41,0.0
4797,2920,104,1,276.16,0.0
4798,2921,147,1,462.52,0.0
4799,2921,42,1,926.35,0.15
4800,2922,115,2,215.42,0.0
4801,2923,133,3,588.67,0.15
4802,2923,105,2,432.62,0.15
4803,2924,28,1,784.32,0.0
4804,2925,139,2,280.41,0.1
4805,2925,7,3,1203.99,0.15
4806,2925,25,1,900.0,0.2
4807,2926,139,2,280.41,0.0
4808,2927,166,2,58.4,0.15
4809,2927,27,2,526.29,0.05
4810,2928,152,1,38.17,0.05
4811,2929,77,1,173.17,0.0
4812,2930,45,1,1559.3,0.0
4813,2931,138,1,569.79,0.0
4814,2932,40,1,1027.7,0.0
4815,2932,16,1,1438.96,0.0
4816,2933,119,1,264.87,0.0
4817,2933,102,1,49.71,0.0
4818,2934,114,2,233.3,0.1
4819,2934,41,2,970.93,0.0
4820,2935,69,1,502.41,0.15
4821,2935,44,1,633.94,0.0
4822,2936,152,3,38.17,0.0
4823,2937,14,2,281.59,0.0
4824,2938,115,1,215.42,0.1
4825,2938,22,3,1492.69,0.1
4826,2939,152,1,38.17,0.0
4827,2939,92,1,113.95,0.0
4828,2940,168,2,35.65,0.1
4829,2941,161,1,31.02,0.05
4830,2941,166,1,58.4,0.0
4831,2942,58,1,407.29,0.0
4832,2942,109,1,214.58,0.0
4833,2942,3,1,744.38,0.05
4834,2943,31,1,1861.84,0.0
4835,2943,137,1,641.9,0.15
4836,2944,31,1,1861.84,0.0
4837,2944,66,2,862.88,0.0
4838,2945,33,1,1625.77,0.0
4839,2945,117,3,331.2,0.2
4840,2945,152,1,38.17,0.0
4841,2946,100,1,92.31,0.1
4842,2947,69,1,502.41,0.0
4843,2948,32,2,856.17,0.0
4844,2948,5,1,983.84,0.0
4845,2949,123,1,287.0,0.0
4846,2950,65,2,854.98,0.1
4847,2950,73,1,264.34,0.0
4848,2951,106,1,347.14,0.0
4849,2951,29,1,2154.66,0.0
4850,2951,77,1,173.17,0.0
4851,2951,102,2,49.71,0.0
4852,2952,6,1,580.13,0.0
4853,2953,162,1,67.56,0.0
4854,2954,58,2,407.29,0.1
4855,2955,94,2,206.74,0.0
4856,2956,11,1,475.41,0.0
4857,2956,26,1,597.08,0.0
4858,2957,10,1,496.76,0.0
4859,2958,52,1,947.35,0.05
4860,2958,49,1,2052.49,0.1
4861,2958,68,1,345.57,0.0
4862,2959,63,2,335.01,0.05
4863,2960,148,2,174.44,0.0
4864,2960,26,2,597.08,0.05
4865,2960,20,1,1259.83,0.0
4866,2960,33,1,1625.77,0.0
4867,2961,106,2,347.14,0.0
4868,2961,140,2,424.81,0.2
4869,2962,123,1,287.0,0.05
4870,2963,85,1,180.1,0.0
4871,2964,80,1,299.0,0.0
4872,2964,1,1,231.51,0.0
4873,2965,149,1,559.5,0.0
4874,2965,168,1,35.65,0.0
4875,2966,71,3,564.0,0.0
4876,2967,13,1,861.38,0.05
4877,2968,105,1,432.62,0.0
4878,2968,169,1,43.99,0.0
4879,2969,15,2,1175.14,0.0
4880,2970,46,2,1831.34,0.05
4881,2971,171,1,41.81,0.0
4882,2972,116,1,351.25,0.05
4883,2973,95,1,53.11,0.0
4884,2973,110,1,301.79,0.0
4885,2974,25,1,900.0,0.0
4886,2975,156,1,38.57,0.2
4887,2976,145,1,182.4,0.05
4888,2976,174,1,64.3,0.0
4889,2976,101,1,303.31,0.1
4890,2977,155,1,28.84,0.1
4891,2978,38,1,846.62,0.0
4892,2979,48,3,775.66,0.0
4893,2980,153,1,58.82,0.05
4894,2981,89,1,157.12,0.0
4895,2981,157,1,70.72,0.1
4896,2982,3,2,744.38,0.15
4897,2982,1,1,231.51,0.0
4898,2982,29,1,2154.66,0.0
4899,2983,103,1,220.54,0.0
4900,2984,31,3,1861.84,0.0
4901,2985,143,1,624.59,0.0
4902,2985,9,3,893.38,0.0
4903,2986,119,1,264.87,0.0
4904,2987,23,3,282.23,0.0
4905,2988,14,1,281.59,0.0
4906,2988,94,1,206.74,0.0
4907,2989,122,2,25.6,0.0
4908,2989,8,3,410.45,0.05
4909,2990,101,1,303.31,0.0
4910,2991,100,1,92.31,0.1
4911,2992,11,1,475.41,0.2
4912,2993,85,1,180.1,0.0
4913,2994,27,1,526.29,0.1
4914,2995,12,1,899.67,0.0
4915,2996,4,2,560.23,0.0
4916,2996,162,1,67.56,0.0
4917,2996,19,1,344.43,0.0
4918,2996,160,3,54.58,0.05
4919,2997,102,2,49.71,0.0
4920,2998,26,1,597.08,0.0
4921,2999,7,1,1203.99,0.0
4922,2999,156,1,38.57,0.0
4923,2999,12,1,899.67,0.0
4924,3000,143,1,624.59,0.05
4925,3001,22,1,1492.69,0.15
4926,3002,161,1,31.02,0.2
4927,3002,104,1,276.16,0.0
4928,3003,22,1,1492.69,0.0
4929,3004,111,1,287.93,0.0
4930,3005,154,1,67.7,0.1
4931,3006,30,1,2294.13,0.0
4932,3007,79,1,147.48,0.05
4933,3008,22,2,1492.69,0.05
4934,3008,54,1,913.58,0.2
4935,3009,15,1,1175.14,0.0
4936,3010,95,1,53.11,0.0
4937,3011,33,1,1625.77,0.0
4938,3011,71,1,564.0,0.05
4939,3011,11,1,475.41,0.0
4940,3012,72,1,930.61,0.2
4941,3012,24,1,496.62,0.1
4942,3012,20,1,1259.83,0.2
4943,3013,171,2,41.81,0.05
4944,3013,118,1,227.27,0.0
4945,3013,128,1,367.46,0.0
4946,3013,87,1,255.5,0.1
4947,3014,67,1,755.51,0.15
4948,3015,96,1,285.92,0.2
4949,3015,4,2,560.23,0.0
4950,3015,103,1,220.54,0.0
4951,3016,5,1,983.84,0.0
4952,3016,127,1,389.57,0.0
4953,3017,154,1,67.7,0.15
4954,3017,74,1,435.88,0.0
4955,3017,155,2,28.84,0.0
4956,3018,14,3,281.59,0.0
4957,3019,100,2,92.31,0.0
4958,3020,167,1,60.83,0.0
4959,3021,166,1,58.4,0.05
4960,3021,79,1,147.48,0.15
4961,3021,162,1,67.56,0.0
4962,3022,143,3,624.59,0.0
4963,3022,122,1,25.6,0.0
4964,3023,101,3,303.31,0.1
4965,3024,147,1,462.52,0.05
4966,3024,58,1,407.29,0.0
4967,3025,89,3,157.12,0.15
4968,3026,46,2,1831.34,0.0
4969,3026,3,1,744.38,0.05
4970,3027,75,1,548.76,0.0
4971,3028,42,1,926.35,0.0
4972,3028,1,1,231.51,0.0
4973,3029,65,2,854.98,0.15
4974,3030,171,2,41.81,0.05
4975,3030,61,2,188.28,0.0
4976,3031,166,1,58.4,0.0
4977,3032,118,1,227.27,0.2
4978,3033,41,1,970.93,0.0
4979,3034,35,2,482.46,0.05
4980,3034,114,1,233.3,0.0
4981,3034,26,1,597.08,0.0
4982,3034,162,1,67.56,0.0
4983,3035,17,1,1330.67,0.0
4984,3035,14,1,281.59,0.0
4985,3036,38,1,846.62,0.0
4986,3036,125,1,205.61,0.0
4987,3036,26,1,597.08,0.0
4988,3036,70,2,554.43,0.05
4989,3037,24,1,496.62,0.05
4990,3038,21,1,543.57,0.05
4991,3038,36,2,1805.42,0.0
4992,3039,99,1,73.05,0.1
4993,3040,118,1,227.27,0.15
4994,3041,10,1,496.76,0.0
4995,3042,87,1,255.5,0.05
4996,3043,4,1,560.23,0.05
4997,3044,133,1,588.67,0.05
4998,3045,42,1,926.35,0.0
4999,3045,146,1,78.96,0.05
5000,3046,156,1,38.57,0.1
5001,3046,111,1,287.93,0.0
5002,3047,58,1,407.29,0.05
5003,3048,173,2,47.43,0.0
5004,3048,31,2,1861.84,0.0
5005,3049,173,2,47.43,0.1
5006,3050,152,1,38.17,0.0
5007,3051,63,1,335.01,0.1
5008,3051,116,1,351.25,0.0
5009,3052,107,3,206.43,0.0
5010,3053,6,1,580.13,0.05
5011,3053,116,2,351.25,0.0
5012,3054,46,1,1831.34,0.1
5013,3055,162,2,67.56,0.0
5014,3056,1,1,231.51,0.0
5015,3056,164,1,30.98,0.0
5016,3056,14,1,281.59,0.0
5017,3057,29,1,2154.66,0.0
5018,3057,22,1,1492.69,0.0
5019,3058,170,2,27.31,0.0
5020,3059,128,1,367.46,0.0
5021,3059,113,2,24.88,0.1
5022,3059,45,2,1559.3,0.0
5023,3059,84,1,292.46,0.05
5024,3060,146,2,78.96,0.0
5025,3060,9,1,893.38,0.05
5026,3061,48,1,775.66,0.1
5027,3062,24,1,496.62,0.0
5028,3063,72,1,930.61,0.05
5029,3063,56,2,580.05,0.0
5030,3063,49,1,2052.49,0.0
5031,3064,138,1,569.79,0.05
5032,3065,90,1,92.0,0.0
5033,3066,49,1,2052.49,0.0
5034,3066,37,1,2349.94,0.0
5035,3067,138,1,569.79,0.0
5036,3068,6,1,580.13,0.0
5037,3068,22,1,1492.69,0.0
5038,3068,157,1,70.72,0.0
5039,3069,104,1,276.16,0.0
5040,3069,68,1,345.57,0.05
5041,3070,26,2,597.08,0.15
5042,3071,158,1,28.13,0.1
5043,3072,124,2,394.12,0.0
5044,3073,35,1,482.46,0.0
5045,3074,96,1,285.92,0.0
5046,3074,107,1,206.43,0.0
5047,3075,175,1,37.24,0.1
5048,3075,10,1,496.76,0.05
5049,3076,9,2,893.38,0.0
5050,3077,155,1,28.84,0.0
5051,3078,12,1,899.67,0.0
5052,3079,161,2,31.02,0.05
5053,3079,92,1,113.95,0.0
5054,3080,60,1,228.38,0.0
5055,3081,82,1,159.8,0.0
5056,3081,60,1,228.38,0.05
5057,3081,42,1,926.35,0.05
5058,3082,47,3,2343.1,0.0
5059,3083,14,1,281.59,0.0
5060,3084,158,1,28.13,0.15
5061,3085,134,2,448.79,0.0
5062,3086,73,2,264.34,0.0
5063,3086,9,3,893.38,0.0
5064,3086,16,1,1438.96,0.05
5065,3086,35,1,482.46,0.0
5066,3087,114,2,233.3,0.0
5067,3088,117,1,331.2,0.2
5068,3089,35,1,482.46,0.0
5069,3090,151,3,6.17,0.0
5070,3091,115,1,215.42,0.0
5071,3092,138,1,569.79,0.0
5072,3093,47,1,2343.1,0.0
5073,3094,41,1,970.93,0.1
5074,3095,5,3,983.84,0.0
5075,3095,20,1,1259.83,0.0
5076,3096,137,1,641.9,0.0
5077,3097,33,1,1625.77,0.05
5078,3098,157,1,70.72,0.0
5079,3099,137,1,641.9,0.2
5080,3100,17,1,1330.67,0.1
5081,3100,136,1,639.35,0.0
5082,3100,6,1,580.13,0.1
5083,3101,36,1,1805.42,0.15
5084,3101,9,1,893.38,0.0
5085,3102,155,1,28.84,0.1
5086,3102,4,1,560.23,0.05
5087,3103,166,2,58.4,0.0
5088,3104,21,1,543.57,0.0
5089,3104,152,1,38.17,0.05
5090,3105,20,2,1259.83,0.1
5091,3106,70,1,554.43,0.2
5092,3106,47,2,2343.1,0.0
5093,3107,28,1,784.32,0.1
5094,3108,83,1,220.71,0.0
5095,3108,27,1,526.29,0.0
5096,3109,32,1,856.17,0.0
5097,3109,28,1,784.32,0.15
5098,3110,53,2,656.09,0.0
5099,3110,118,2,227.27,0.0
5100,3111,96,1,285.92,0.2
5101,3111,3,1,744.38,0.0
5102,3112,51,1,385.81,0.0
5103,3113,1,1,231.51,0.15
5104,3114,138,3,569.79,0.0
5105,3115,143,1,624.59,0.0
5106,3115,122,1,25.6,0.0
5107,3115,19,1,344.43,0.05
5108,3115,131,1,602.2,0.0
5109,3116,12,3,899.67,0.0
5110,3117,2,2,240.32,0.0
5111,3117,158,1,28.13,0.0
5112,3118,2,2,240.32,0.1
5113,3118,105,1,432.62,0.0
5114,3118,13,1,861.38,0.0
5115,3119,156,1,38.57,0.0
5116,3119,94,1,206.74,0.15
5117,3119,79,1,147.48,0.0
5118,3119,175,1,37.24,0.0
5119,3120,22,1,1492.69,0.05
5120,3120,41,1,970.93,0.0
5121,3120,13,1,861.38,0.0
5122,3120,97,1,274.08,0.0
5123,3121,156,1,38.57,0.15
5124,3121,124,1,394.12,0.0
5125,3122,34,1,542.89,0.0
5126,3123,145,1,182.4,0.0
5127,3123,155,2,28.84,0.0
5128,3124,166,2,58.4,0.0
5129,3125,175,2,37.24,0.15
5130,3125,73,1,264.34,0.05
5131,3126,168,1,35.65,0.2
5132,3126,126,1,635.26,0.1
5133,3126,31,2,1861.84,0.0
5134,3126,25,1,900.0,0.0
5135,3127,128,1,367.46,0.0
5136,3127,6,1,580.13,0.0
5137,3128,1,2,231.51,0.0
5138,3128,6,1,580.13,0.0
5139,3129,160,1,54.58,0.0
5140,3130,9,1,893.38,0.0
5141,3131,156,2,38.57,0.0
5142,3132,142,1,116.01,0.0
5143,3133,13,1,861.38,0.0
5144,3134,83,1,220.71,0.0
5145,3135,19,1,344.43,0.0
5146,3135,26,3,597.08,0.0
5147,3136,106,2,347.14,0.1
5148,3136,167,1,60.83,0.2
5149,3137,171,3,41.81,0.0
5150,3137,10,1,496.76,0.0
5151,3138,42,1,926.35,0.05
5152,3138,3,2,744.38,0.0
5153,3138,157,1,70.72,0.1
5154,3139,168,1,35.65,0.0
5155,3140,23,2,282.23,0.0
5156,3141,13,1,861.38,0.0
5157,3142,162,1,67.56,0.05
5158,3142,46,1,1831.34,0.0
5159,3143,106,1,347.14,0.0
5160,3144,24,1,496.62,0.0
5161,3145,141,1,622.59,0.0
5162,3146,119,1,264.87,0.0
5163,3146,6,2,580.13,0.05
5164,3147,10,1,496.76,0.0
5165,3148,16,1,1438.96,0.0
5166,3149,74,1,435.88,0.0
5167,3149,80,2,299.0,0.0
5168,3149,39,1,730.27,0.0
5169,3149,115,1,215.42,0.0
5170,3150,45,1,1559.3,0.05
5171,3150,134,1,448.79,0.0
5172,3151,6,1,580.13,0.0
5173,3151,123,2,287.0,0.0
5174,3152,157,2,70.72,0.0
5175,3152,123,1,287.0,0.0
5176,3153,71,1,564.0,0.05
5177,3154,143,2,624.59,0.05
5178,3154,19,1,344.43,0.0
5179,3155,39,1,730.27,0.0
5180,3156,109,1,214.58,0.05
5181,3157,106,1,347.14,0.1
5182,3157,6,3,580.13,0.1
5183,3158,155,2,28.84,0.0
5184,3159,131,1,602.2,0.0
5185,3160,45,1,1559.3,0.0
5186,3161,39,1,730.27,0.2
5187,3162,153,1,58.82,0.05
5188,3162,37,1,2349.94,0.0
5189,3163,7,1,1203.99,0.0
5190,3163,9,1,893.38,0.0
5191,3164,17,1,1330.67,0.0
5192,3164,164,1,30.98,0.0
5193,3165,24,1,496.62,0.05
5194,3165,137,1,641.9,0.05
5195,3166,8,1,410.45,0.0
5196,3166,111,1,287.93,0.1
5197,3167,28,1,784.32,0.2
5198,3168,173,3,47.43,0.1
5199,3168,30,1,2294.13,0.0
5200,3169,54,1,913.58,0.0
5201,3170,96,1,285.92,0.0
5202,3171,6,2,580.13,0.0
5203,3172,151,2,6.17,0.15
5204,3172,45,1,1559.3,0.0
5205,3173,164,1,30.98,0.0
5206,3173,5,2,983.84,0.0
5207,3173,94,1,206.74,0.0
5208,3174,48,2,775.66,0.0
5209,3175,149,2,559.5,0.0
5210,3175,24,1,496.62,0.0
5211,3176,48,2,775.66,0.05
5212,3177,128,1,367.46,0.0
5213,3178,17,1,1330.67,0.2
5214,3179,125,1,205.61,0.05
5215,3180,80,1,299.0,0.0
5216,3180,60,1,228.38,0.0
5217,3181,95,1,53.11,0.0
5218,3181,105,1,432.62,0.2
5219,3182,136,2,639.35,0.0
5220,3183,99,1,73.05,0.1
5221,3184,64,1,262.34,0.0
5222,3185,97,1,274.08,0.0
5223,3185,141,1,622.59,0.15
5224,3185,74,1,435.88,0.0
5225,3186,20,1,1259.83,0.15
5226,3186,12,2,899.67,0.0
5227,3187,9,1,893.38,0.0
5228,3187,36,1,1805.42,0.0
5229,3188,23,3,282.23,0.0
5230,3189,105,1,432.62,0.05
5231,3189,40,2,1027.7,0.0
5232,3189,157,1,70.72,0.0
5233,3190,25,1,900.0,0.0
5234,3191,117,1,331.2,0.0
5235,3192,114,2,233.3,0.1
5236,3192,42,1,926.35,0.0
5237,3192,13,1,861.38,0.0
5238,3193,22,1,1492.69,0.0
5239,3194,110,1,301.79,0.0
5240,3195,29,1,2154.66,0.0
5241,3195,3,1,744.38,0.0
5242,3195,107,2,206.43,0.15
5243,3196,59,2,723.28,0.05
5244,3197,164,1,30.98,0.0
5245,3198,43,2,1099.47,0.15
5246,3198,72,1,930.61,0.1
5247,3198,58,1,407.29,0.05
5248,3199,41,1,970.93,0.05
5249,3199,153,1,58.82,0.05
5250,3200,55,1,458.59,0.0
5251,3200,140,1,424.81,0.05
5252,3200,134,2,448.79,0.1
5253,3201,160,2,54.58,0.0
5254,3202,28,2,784.32,0.0
5255,3203,158,1,28.13,0.1
5256,3203,11,1,475.41,0.05
5257,3204,47,1,2343.1,0.15
5258,3205,124,1,394.12,0.0
5259,3205,144,1,623.37,0.0
5260,3205,10,1,496.76,0.0
5261,3205,92,1,113.95,0.0
5262,3206,129,2,632.28,0.0
5263,3207,45,2,1559.3,0.0
5264,3208,30,1,2294.13,0.0
5265,3209,108,1,387.83,0.0
5266,3209,1,2,231.51,0.2
5267,3209,39,1,730.27,0.0
5268,3209,71,2,564.0,0.1
5269,3210,60,1,228.38,0.1
5270,3210,21,1,543.57,0.0
5271,3211,174,1,64.3,0.0
5272,3212,156,1,38.57,0.0
5273,3213,168,3,35.65,0.05
5274,3214,134,1,448.79,0.0
5275,3215,108,1,387.83,0.2
5276,3215,118,2,227.27,0.0
5277,3216,5,1,983.84,0.0
5278,3216,17,1,1330.67,0.0
5279,3216,10,1,496.76,0.0
5280,3217,47,1,2343.1,0.0
5281,3218,165,1,11.79,0.0
5282,3218,73,1,264.34,0.05
5283,3219,161,1,31.02,0.0
5284,3219,166,1,58.4,0.1
5285,3220,170,1,27.31,0.0
5286,3220,92,1,113.95,0.1
5287,3221,42,1,926.35,0.05
5288,3221,115,1,215.42,0.0
5289,3222,173,1,47.43,0.0
5290,3223,24,1,496.62,0.05
5291,3224,41,2,970.93,0.0
5292,3224,88,1,46.08,0.1
5293,3225,87,1,255.5,0.05
5294,3226,16,2,1438.96,0.0
5295,3226,91,1,261.69,0.0
5296,3227,4,1,560.23,0.0
5297,3227,87,1,255.5,0.05
5298,3228,9,1,893.38,0.0
5299,3228,90,1,92.0,0.0
5300,3229,144,2,623.37,0.0
5301,3229,175,1,37.24,0.2
5302,3230,91,1,261.69,0.05
5303,3230,21,1,543.57,0.1
5304,3231,121,1,434.1,0.0
5305,3232,7,3,1203.99,0.0
5306,3232,12,2,899.67,0.0
5307,3233,133,1,588.67,0.0
5308,3233,43,2,1099.47,0.05
5309,3234,5,1,983.84,0.15
5310,3234,124,1,394.12,0.0
5311,3234,147,1,462.52,0.0
5312,3235,134,1,448.79,0.0
5313,3236,24,2,496.62,0.1
5314,3236,1,1,231.51,0.05
5315,3237,20,2,1259.83,0.0
5316,3238,96,1,285.92,0.0
5317,3238,106,1,347.14,0.0
5318,3239,24,1,496.62,0.0
5319,3239,95,2,53.11,0.0
5320,3240,8,2,410.45,0.0
5321,3241,17,1,1330.67,0.0
5322,3241,25,1,900.0,0.0
5323,3242,144,1,623.37,0.0
5324,3242,152,1,38.17,0.05
5325,3242,88,2,46.08,0.0
5326,3243,28,1,784.32,0.0
5327,3244,27,2,526.29,0.05
5328,3245,9,1,893.38,0.05
5329,3246,16,1,1438.96,0.05
5330,3246,25,1,900.0,0.0
5331,3246,13,1,861.38,0.0
5332,3247,87,2,255.5,0.0
5333,3247,21,1,543.57,0.0
5334,3248,87,2,255.5,0.0
5335,3248,13,1,861.38,0.1
5336,3248,45,2,1559.3,0.0
5337,3248,35,1,482.46,0.0
5338,3249,118,2,227.27,0.0
5339,3249,169,1,43.99,0.0
5340,3250,148,1,174.44,0.0
5341,3251,3,1,744.38,0.05
5342,3251,151,1,6.17,0.0
5343,3252,152,2,38.17,0.0
5344,3253,158,2,28.13,0.05
5345,3254,64,2,262.34,0.0
5346,3255,15,1,1175.14,0.0
5347,3255,152,3,38.17,0.0
5348,3255,47,1,2343.1,0.1
5349,3255,123,1,287.0,0.2
5350,3256,110,1,301.79,0.0
5351,3257,169,1,43.99,0.0
5352,3258,128,2,367.46,0.0
5353,3258,4,1,560.23,0.15
5354,3259,126,1,635.26,0.0
5355,3260,57,1,714.19,0.05
5356,3261,99,1,73.05,0.0
5357,3262,65,1,854.98,0.05
5358,3263,49,3,2052.49,0.0
5359,3264,6,2,580.13,0.0
5360,3265,143,1,624.59,0.05
5361,3265,134,1,448.79,0.0
5362,3265,152,2,38.17,0.0
5363,3266,23,1,282.23,0.1
5364,3267,128,3,367.46,0.15
5365,3267,84,1,292.46,0.2
5366,3268,159,1,11.9,0.0
5367,3268,158,2,28.13,0.0
5368,3268,144,1,623.37,0.0
5369,3269,109,1,214.58,0.1
5370,3269,135,2,635.25,0.0
5371,3269,91,1,261.69,0.05
5372,3270,12,1,899.67,0.0
5373,3270,55,3,458.59,0.0
5374,3271,102,1,49.71,0.0
5375,3271,7,2,1203.99,0.0
5376,3272,14,2,281.59,0.0
5377,3272,44,2,633.94,0.2
5378,3272,109,1,214.58,0.0
5379,3272,32,1,856.17,0.0
5380,3273,128,1,367.46,0.0
5381,3273,113,3,24.88,0.1
5382,3273,167,1,60.83,0.0
5383,3274,29,1,2154.66,0.15
5384,3275,166,1,58.4,0.0
5385,3276,49,1,2052.49,0.05
5386,3277,2,2,240.32,0.0
5387,3278,7,2,1203.99,0.0
5388,3278,3,2,744.38,0.0
5389,3279,169,1,43.99,0.0
5390,3280,2,1,240.32,0.0
5391,3281,49,1,2052.49,0.0
5392,3282,44,2,633.94,0.0
5393,3282,67,3,755.51,0.0
5394,3282,25,1,900.0,0.0
5395,3283,133,1,588.67,0.0
5396,3284,159,1,11.9,0.0
5397,3285,12,1,899.67,0.05
5398,3286,133,1,588.67,0.0
5399,3286,33,3,1625.77,0.05
5400,3287,34,2,542.89,0.0
5401,3288,140,1,424.81,0.0
5402,3289,154,2,67.7,0.0
5403,3289,8,1,410.45,0.2
5404,3290,117,1,331.2,0.0
5405,3290,151,3,6.17,0.0
5406,3291,158,1,28.13,0.1
5407,3291,159,1,11.9,0.0
5408,3291,157,1,70.72,0.0
5409,3292,33,1,1625.77,0.0
5410,3292,136,1,639.35,0.1
5411,3293,141,3,622.59,0.0
5412,3294,166,1,58.4,0.05
5413,3294,23,2,282.23,0.0
5414,3294,14,1,281.59,0.0
5415,3295,121,1,434.1,0.0
5416,3295,36,1,1805.42,0.0
5417,3296,16,1,1438.96,0.05
5418,3296,127,1,389.57,0.0
5419,3297,16,1,1438.96,0.2
5420,3298,122,1,25.6,0.0
5421,3298,29,1,2154.66,0.0
5422,3299,147,2,462.52,0.0
5423,3300,161,1,31.02,0.0
5424,3301,48,2,775.66,0.1
5425,3302,2,1,240.32,0.15
5426,3303,88,1,46.08,0.0
5427,3304,3,1,744.38,0.0
5428,3305,134,2,448.79,0.0
5429,3306,16,1,1438.96,0.0
5430,3306,80,1,299.0,0.05
5431,3306,34,1,542.89,0.05
5432,3306,75,1,548.76,0.0
5433,3307,36,2,1805.42,0.1
5434,3308,73,1,264.34,0.05
5435,3308,171,2,41.81,0.0
5436,3309,11,2,475.41,0.0
5437,3310,69,2,502.41,0.0
5438,3310,71,1,564.0,0.0
5439,3311,19,1,344.43,0.05
5440,3311,11,2,475.41,0.0
5441,3312,1,1,231.51,0.0
5442,3312,119,2,264.87,0.05
5443,3313,102,1,49.71,0.05
5444,3314,98,2,218.62,0.0
5445,3315,142,1,116.01,0.0
5446,3316,14,1,281.59,0.0
5447,3316,156,1,38.57,0.0
5448,3316,35,1,482.46,0.1
5449,3316,2,1,240.32,0.0
5450,3317,27,1,526.29,0.1
5451,3318,22,1,1492.69,0.2
5452,3318,105,1,432.62,0.0
5453,3318,13,1,861.38,0.0
5454,3319,155,2,28.84,0.0
5455,3320,120,1,444.02,0.05
5456,3321,37,1,2349.94,0.0
5457,3322,131,1,602.2,0.0
5458,3323,49,1,2052.49,0.05
5459,3324,42,1,926.35,0.0
5460,3324,26,1,597.08,0.1
5461,3324,73,1,264.34,0.0
5462,3325,171,1,41.81,0.0
5463,3326,20,1,1259.83,0.0
5464,3326,164,1,30.98,0.1
5465,3327,19,1,344.43,0.0
5466,3327,32,3,856.17,0.1
5467,3327,104,1,276.16,0.0
5468,3327,123,1,287.0,0.0
5469,3328,84,1,292.46,0.05
5470,3329,54,1,913.58,0.0
5471,3329,126,1,635.26,0.0
5472,3329,32,1,856.17,0.0
5473,3330,88,1,46.08,0.0
5474,3331,14,3,281.59,0.0
5475,3332,5,2,983.84,0.1
5476,3332,24,1,496.62,0.0
5477,3333,26,1,597.08,0.0
5478,3334,7,1,1203.99,0.0
5479,3335,20,1,1259.83,0.15
5480,3336,13,1,861.38,0.0
5481,3337,21,2,543.57,0.05
5482,3338,6,1,580.13,0.0
5483,3338,16,1,1438.96,0.0
5484,3338,46,2,1831.34,0.0
5485,3339,30,1,2294.13,0.0
5486,3339,25,1,900.0,0.1
5487,3340,164,1,30.98,0.0
5488,3341,142,1,116.01,0.0
5489,3341,17,1,1330.67,0.0
5490,3341,121,1,434.1,0.0
5491,3341,64,1,262.34,0.0
5492,3342,3,1,744.38,0.0
5493,3342,10,1,496.76,0.0
5494,3342,11,1,475.41,0.1
5495,3343,38,1,846.62,0.0
5496,3344,111,1,287.93,0.0
5497,3344,35,2,482.46,0.0
5498,3345,8,2,410.45,0.0
5499,3345,21,1,543.57,0.1
5500,3346,162,1,67.56,0.0
5501,3346,20,2,1259.83,0.0
5502,3347,37,2,2349.94,0.0
5503,3348,1,1,231.51,0.0
5504,3349,69,2,502.41,0.0
5505,3349,42,1,926.35,0.0
5506,3350,161,1,31.02,0.05
5507,3350,96,2,285.92,0.0
5508,3351,20,2,1259.83,0.1
5509,3351,10,2,496.76,0.0
5510,3351,115,1,215.42,0.05
5511,3352,44,1,633.94,0.0
5512,3353,60,2,228.38,0.05
5513,3354,30,1,2294.13,0.05
5514,3354,6,1,580.13,0.1
5515,3355,139,1,280.41,0.0
5516,3355,132,1,684.44,0.0
5517,3356,153,1,58.82,0.0
5518,3356,120,2,444.02,0.0
5519,3356,3,1,744.38,0.15
5520,3357,3,1,744.38,0.05
5521,3357,15,1,1175.14,0.0
5522,3358,156,1,38.57,0.0
5523,3358,136,2,639.35,0.1
5524,3358,115,1,215.42,0.0
5525,3358,89,1,157.12,0.0
5526,3359,11,2,475.41,0.2
5527,3359,73,3,264.34,0.0
5528,3359,40,1,1027.7,0.0
5529,3360,165,1,11.79,0.0
5530,3360,135,1,635.25,0.0
5531,3361,127,1,389.57,0.0
5532,3361,6,1,580.13,0.0
5533,3362,55,1,458.59,0.1
5534,3362,126,1,635.26,0.0
5535,3362,14,1,281.59,0.0
5536,3363,90,2,92.0,0.0
5537,3364,126,1,635.26,0.0
5538,3364,13,1,861.38,0.1
5539,3365,42,1,926.35,0.15
5540,3366,151,2,6.17,0.0
5541,3367,26,1,597.08,0.0
5542,3367,17,1,1330.67,0.0
5543,3368,67,1,755.51,0.0
5544,3369,133,1,588.67,0.0
5545,3370,103,1,220.54,0.0
5546,3371,92,1,113.95,0.0
5547,3372,127,2,389.57,0.0
5548,3372,161,1,31.02,0.15
5549,3373,42,1,926.35,0.0
5550,3373,136,1,639.35,0.0
5551,3374,33,1,1625.77,0.0
5552,3374,90,1,92.0,0.1
5553,3375,11,1,475.41,0.05
5554,3376,60,2,228.38,0.0
5555,3377,110,2,301.79,0.05
5556,3378,126,1,635.26,0.15
5557,3379,62,2,759.59,0.15
5558,3380,160,2,54.58,0.2
5559,3381,43,1,1099.47,0.0
5560,3381,103,1,220.54,0.15
5561,3382,112,1,71.21,0.0
5562,3382,1,1,231.51,0.0
5563,3383,91,1,261.69,0.05
5564,3384,119,1,264.87,0.0
5565,3385,5,1,983.84,0.0
5566,3385,10,1,496.76,0.05
5567,3386,129,1,632.28,0.0
5568,3387,23,2,282.23,0.0
5569,3387,104,2,276.16,0.0
5570,3387,29,1,2154.66,0.1
5571,3387,107,1,206.43,0.0
5572,3388,80,1,299.0,0.0
5573,3389,78,1,274.78,0.0
5574,3390,45,1,1559.3,0.0
5575,3391,166,1,58.4,0.0
5576,3391,87,1,255.5,0.15
5577,3392,119,1,264.87,0.0
5578,3392,29,1,2154.66,0.1
5579,3392,95,1,53.11,0.0
5580,3393,45,1,1559.3,0.0
5581,3393,19,1,344.43,0.0
5582,3393,99,1,73.05,0.0
5583,3393,24,1,496.62,0.05
5584,3394,169,1,43.99,0.0
5585,3395,13,1,861.38,0.0
5586,3396,138,1,569.79,0.0
5587,3397,167,1,60.83,0.0
5588,3397,147,2,462.52,0.0
5589,3398,147,1,462.52,0.0
5590,3398,24,2,496.62,0.0
5591,3399,45,1,1559.3,0.05
5592,3400,61,1,188.28,0.2
5593,3401,89,2,157.12,0.0
5594,3402,135,2,635.25,0.0
5595,3403,173,1,47.43,0.0
5596,3404,71,1,564.0,0.0
5597,3405,6,1,580.13,0.0
5598,3405,44,1,633.94,0.0
5599,3406,21,1,543.57,0.0
5600,3407,171,2,41.81,0.0
5601,3408,41,3,970.93,0.0
5602,3409,78,3,274.78,0.0
5603,3409,15,1,1175.14,0.0
5604,3410,36,1,1805.42,0.0
5605,3411,20,1,1259.83,0.0
5606,3411,128,2,367.46,0.05
5607,3411,38,1,846.62,0.0
5608,3412,9,1,893.38,0.0
5609,3412,100,1,92.31,0.0
5610,3413,9,1,893.38,0.2
5611,3414,95,1,53.11,0.0
5612,3415,26,1,597.08,0.0
5613,3416,36,1,1805.42,0.1
5614,3416,24,1,496.62,0.0
5615,3416,145,1,182.4,0.05
5616,3417,127,1,389.57,0.0
5617,3418,124,1,394.12,0.0
5618,3418,170,1,27.31,0.2
5619,3419,13,2,861.38,0.1
5620,3420,93,1,340.41,0.0
5621,3421,98,2,218.62,0.0
5622,3422,159,1,11.9,0.0
5623,3423,21,1,543.57,0.1
5624,3424,167,1,60.83,0.0
5625,3425,95,1,53.11,0.0
5626,3426,28,1,784.32,0.0
5627,3427,164,1,30.98,0.0
5628,3427,90,1,92.0,0.2
5629,3427,173,1,47.43,0.0
5630,3427,174,1,64.3,0.0
5631,3428,155,1,28.84,0.0
5632,3429,14,1,281.59,0.0
5633,3429,10,1,496.76,0.0
5634,3429,49,1,2052.49,0.15
5635,3429,87,2,255.5,0.0
5636,3430,115,1,215.42,0.0
5637,3430,28,2,784.32,0.0
5638,3430,55,1,458.59,0.0
5639,3430,31,1,1861.84,0.0
5640,3431,43,1,1099.47,0.0
5641,3431,120,2,444.02,0.0
5642,3432,56,1,580.05,0.0
5643,3433,105,2,432.62,0.0
5644,3433,166,1,58.4,0.15
5645,3434,92,1,113.95,0.0
5646,3435,97,1,274.08,0.0
5647,3436,157,1,70.72,0.0
5648,3437,70,1,554.43,0.05
5649,3438,58,1,407.29,0.0
5650,3439,15,1,1175.14,0.0
5651,3439,31,1,1861.84,0.0
5652,3439,131,1,602.2,0.15
5653,3439,46,1,1831.34,0.05
5654,3440,93,1,340.41,0.0
5655,3441,161,1,31.02,0.0
5656,3442,137,1,641.9,0.0
5657,3443,28,1,784.32,0.0
5658,3444,133,1,588.67,0.0
5659,3444,119,1,264.87,0.0
5660,3445,128,3,367.46,0.0
5661,3446,87,1,255.5,0.05
5662,3447,166,1,58.4,0.0
5663,3448,133,1,588.67,0.1
5664,3448,140,1,424.81,0.0
5665,3449,67,1,755.51,0.0
5666,3449,96,1,285.92,0.05
5667,3450,145,1,182.4,0.0
5668,3450,46,1,1831.34,0.0
5669,3450,99,2,73.05,0.0
5670,3450,12,2,899.67,0.0
5671,3451,23,2,282.23,0.1
5672,3452,58,2,407.29,0.0
5673,3452,105,1,432.62,0.05
5674,3453,8,2,410.45,0.05
5675,3454,9,2,893.38,0.0
5676,3455,89,2,157.12,0.0
5677,3455,4,2,560.23,0.0
5678,3456,146,2,78.96,0.0
5679,3457,47,1,2343.1,0.0
5680,3457,138,2,569.79,0.05
5681,3458,42,1,926.35,0.0
5682,3459,144,1,623.37,0.0
5683,3460,126,2,635.26,0.0
5684,3461,93,1,340.41,0.0
5685,3462,22,1,1492.69,0.0
5686,3462,143,1,624.59,0.1
5687,3463,33,3,1625.77,0.0
5688,3464,22,1,1492.69,0.05
5689,3465,4,1,560.23,0.2
5690,3466,105,1,432.62,0.05
5691,3467,16,1,1438.96,0.0
5692,3468,7,3,1203.99,0.0
5693,3469,3,1,744.38,0.1
5694,3470,145,2,182.4,0.05
5695,3471,39,1,730.27,0.0
5696,3471,110,1,301.79,0.2
5697,3472,30,1,2294.13,0.1
5698,3473,38,2,846.62,0.05
5699,3474,38,1,846.62,0.0
5700,3475,40,2,1027.7,0.0
5701,3475,69,1,502.41,0.0
5702,3476,12,1,899.67,0.0
5703,3477,102,1,49.71,0.0
5704,3478,22,1,1492.69,0.05
5705,3478,158,1,28.13,0.0
5706,3479,160,1,54.58,0.0
5707,3480,99,2,73.05,0.1
5708,3480,23,1,282.23,0.1
5709,3480,153,1,58.82,0.0
5710,3481,94,1,206.74,0.05
5711,3481,161,1,31.02,0.05
5712,3481,39,1,730.27,0.0
5713,3482,48,2,775.66,0.0
5714,3483,87,3,255.5,0.1
5715,3484,3,2,744.38,0.1
5716,3485,34,2,542.89,0.0
5717,3485,54,1,913.58,0.0
5718,3486,162,2,67.56,0.0
5719,3486,10,1,496.76,0.0
5720,3487,30,1,2294.13,0.1
5721,3488,20,1,1259.83,0.05
5722,3488,144,1,623.37,0.15
5723,3489,36,1,1805.42,0.0
5724,3489,37,1,2349.94,0.05
5725,3490,29,1,2154.66,0.0
5726,3491,44,3,633.94,0.1
5727,3491,166,1,58.4,0.1
5728,3492,96,1,285.92,0.05
5729,3492,70,1,554.43,0.0
5730,3493,135,2,635.25,0.0
5731,3493,2,1,240.32,0.0
5732,3493,160,1,54.58,0.05
5733,3494,28,1,784.32,0.0
5734,3495,45,1,1559.3,0.0
5735,3496,120,1,444.02,0.0
5736,3496,62,1,759.59,0.1
5737,3496,43,1,1099.47,0.0
5738,3497,53,2,656.09,0.0
5739,3497,97,2,274.08,0.05
5740,3498,6,1,580.13,0.0
5741,3498,15,1,1175.14,0.05
5742,3498,47,1,2343.1,0.0
5743,3499,30,1,2294.13,0.05
5744,3500,32,1,856.17,0.1
5745,3500,10,1,496.76,0.05
5746,3501,156,1,38.57,0.0
5747,3502,117,1,331.2,0.0
5748,3502,160,3,54.58,0.0
5749,3503,130,2,690.85,0.0
5750,3504,94,2,206.74,0.0
5751,3505,1,2,231.51,0.05
5752,3506,24,3,496.62,0.0
5753,3507,110,1,301.79,0.1
5754,3507,25,1,900.0,0.15
5755,3508,75,1,548.76,0.05
5756,3509,170,1,27.31,0.1
5757,3510,90,1,92.0,0.0
5758,3511,25,1,900.0,0.05
5759,3512,37,1,2349.94,0.05
5760,3512,48,1,775.66,0.0
5761,3513,20,1,1259.83,0.0
5762,3514,170,1,27.31,0.0
5763,3515,4,1,560.23,0.0
5764,3515,17,2,1330.67,0.1
5765,3516,33,1,1625.77,0.1
5766,3517,43,1,1099.47,0.0
5767,3518,129,1,632.28,0.0
5768,3518,109,1,214.58,0.0
5769,3518,67,1,755.51,0.0
5770,3519,149,1,559.5,0.0
5771,3520,35,2,482.46,0.0
5772,3521,16,1,1438.96,0.0
5773,3521,15,2,1175.14,0.0
5774,3521,166,2,58.4,0.1
5775,3522,97,1,274.08,0.05
5776,3523,20,1,1259.83,0.0
5777,3523,15,1,1175.14,0.05
5778,3524,2,2,240.32,0.0
5779,3524,24,1,496.62,0.0
5780,3524,166,1,58.4,0.0
5781,3525,149,1,559.5,0.0
5782,3525,148,2,174.44,0.0
5783,3525,109,2,214.58,0.05
5784,3525,143,1,624.59,0.0
5785,3526,74,1,435.88,0.0
5786,3526,105,1,432.62,0.0
5787,3526,154,1,67.7,0.0
5788,3527,166,1,58.4,0.15
5789,3528,9,1,893.38,0.05
5790,3529,84,1,292.46,0.1
5791,3530,97,1,274.08,0.0
5792,3531,6,1,580.13,0.0
5793,3532,103,1,220.54,0.0
5794,3533,154,1,67.7,0.0
5795,3534,19,1,344.43,0.0
5796,3534,38,1,846.62,0.0
5797,3535,168,3,35.65,0.1
5798,3536,112,1,71.21,0.0
5799,3537,9,1,893.38,0.0
5800,3538,136,1,639.35,0.0
5801,3539,16,1,1438.96,0.0
5802,3539,73,1,264.34,0.0
5803,3540,8,1,410.45,0.0
5804,3540,156,1,38.57,0.0
5805,3541,4,3,560.23,0.15
5806,3542,117,1,331.2,0.1
5807,3543,3,1,744.38,0.1
5808,3544,48,1,775.66,0.0
5809,3545,111,1,287.93,0.0
5810,3546,2,1,240.32,0.1
5811,3546,19,1,344.43,0.05
5812,3546,98,1,218.62,0.0
5813,3547,108,1,387.83,0.0
5814,3548,26,1,597.08,0.0
5815,3549,103,1,220.54,0.1
5816,3550,40,1,1027.7,0.0
5817,3550,105,1,432.62,0.0
5818,3551,11,1,475.41,0.0
5819,3551,174,1,64.3,0.0
5820,3552,39,1,730.27,0.0
5821,3552,43,1,1099.47,0.0
5822,3553,36,1,1805.42,0.0
5823,3553,159,1,11.9,0.0
5824,3554,106,1,347.14,0.05
5825,3554,114,1,233.3,0.0
5826,3555,107,1,206.43,0.05
5827,3556,11,1,475.41,0.0
5828,3556,7,1,1203.99,0.1
5829,3556,5,1,983.84,0.0
5830,3556,48,1,775.66,0.0
5831,3557,152,1,38.17,0.05
5832,3558,66,1,862.88,0.05
5833,3558,36,1,1805.42,0.15
5834,3559,10,1,496.76,0.0
5835,3559,55,1,458.59,0.0
5836,3560,171,1,41.81,0.2
5837,3560,77,1,173.17,0.0
5838,3560,72,1,930.61,0.0
5839,3560,30,1,2294.13,0.05
5840,3561,1,2,231.51,0.05
5841,3561,36,1,1805.42,0.0
5842,3562,48,1,775.66,0.0
5843,3563,164,2,30.98,0.0
5844,3564,34,1,542.89,0.0
5845,3564,42,2,926.35,0.05
5846,3565,4,1,560.23,0.0
5847,3565,2,1,240.32,0.0
5848,3565,48,1,775.66,0.0
5849,3566,113,1,24.88,0.0
5850,3567,15,1,1175.14,0.0
5851,3568,1,2,231.51,0.0
5852,3568,37,1,2349.94,0.1
5853,3569,22,1,1492.69,0.0
5854,3570,151,2,6.17,0.0
5855,3570,97,1,274.08,0.05
5856,3571,30,1,2294.13,0.0
5857,3572,62,1,759.59,0.05
5858,3573,174,2,64.3,0.0
5859,3573,103,1,220.54,0.2
5860,3573,136,1,639.35,0.05
5861,3574,91,1,261.69,0.1
5862,3574,108,1,387.83,0.0
5863,3575,141,1,622.59,0.0
5864,3575,110,2,301.79,0.0
5865,3575,38,1,846.62,0.05
5866,3576,46,1,1831.34,0.1
5867,3577,80,2,299.0,0.0
5868,3578,171,2,41.81,0.0
5869,3579,10,2,496.76,0.0
5870,3579,112,2,71.21,0.2
5871,3580,12,1,899.67,0.0
5872,3581,59,1,723.28,0.2
5873,3581,109,1,214.58,0.0
5874,3582,11,1,475.41,0.1
5875,3582,14,1,281.59,0.0
5876,3583,37,1,2349.94,0.2
5877,3583,148,1,174.44,0.0
5878,3584,21,1,543.57,0.0
5879,3585,98,1,218.62,0.0
5880,3586,117,1,331.2,0.0
5881,3586,37,1,2349.94,0.0
5882,3587,7,1,1203.99,0.0
5883,3587,89,1,157.12,0.1
5884,3587,90,2,92.0,0.1
5885,3588,75,1,548.76,0.0
5886,3588,169,1,43.99,0.0
5887,3589,149,1,559.5,0.0
5888,3590,166,1,58.4,0.0
5889,3591,7,2,1203.99,0.1
5890,3592,117,2,331.2,0.1
5891,3593,169,1,43.99,0.15
5892,3594,144,1,623.37,0.0
5893,3595,77,1,173.17,0.0
5894,3595,12,1,899.67,0.0
5895,3595,25,2,900.0,0.05
5896,3596,105,1,432.62,0.0
5897,3596,111,1,287.93,0.1
5898,3596,121,1,434.1,0.1
5899,3597,146,2,78.96,0.0
5900,3598,14,2,281.59,0.15
5901,3598,124,1,394.12,0.0
5902,3598,146,1,78.96,0.0
5903,3598,94,1,206.74,0.0
5904,3599,139,1,280.41,0.0
5905,3599,134,1,448.79,0.2
5906,3599,2,1,240.32,0.0
5907,3600,58,1,407.29,0.05
5908,3601,99,1,73.05,0.15
5909,3601,149,2,559.5,0.0
5910,3602,161,2,31.02,0.0
5911,3603,27,2,526.29,0.0
5912,3604,154,1,67.7,0.0
5913,3604,109,1,214.58,0.05
5914,3605,67,3,755.51,0.0
5915,3606,22,3,1492.69,0.0
5916,3607,34,2,542.89,0.0
5917,3608,32,2,856.17,0.1
5918,3608,128,1,367.46,0.15
5919,3608,60,1,228.38,0.05
5920,3609,26,2,597.08,0.0
5921,3610,19,1,344.43,0.1
5922,3610,46,1,1831.34,0.0
5923,3610,22,1,1492.69,0.0
5924,3611,112,1,71.21,0.0
5925,3611,29,1,2154.66,0.0
5926,3611,24,1,496.62,0.05
5927,3612,44,1,633.94,0.0
5928,3613,130,1,690.85,0.0
5929,3613,113,1,24.88,0.0
5930,3613,55,1,458.59,0.0
5931,3614,44,1,633.94,0.0
5932,3615,7,1,1203.99,0.05
5933,3616,24,2,496.62,0.2
5934,3617,10,1,496.76,0.05
5935,3618,171,1,41.81,0.05
5936,3618,135,1,635.25,0.0
5937,3619,14,1,281.59,0.05
5938,3619,31,1,1861.84,0.15
5939,3619,17,2,1330.67,0.0
5940,3619,61,2,188.28,0.0
5941,3620,158,2,28.13,0.0
5942,3620,90,2,92.0,0.0
5943,3621,25,1,900.0,0.0
5944,3622,106,1,347.14,0.05
5945,3622,37,1,2349.94,0.0
5946,3623,156,1,38.57,0.0
5947,3623,125,1,205.61,0.15
5948,3624,162,2,67.56,0.15
5949,3624,109,1,214.58,0.0
5950,3624,1,1,231.51,0.1
5951,3624,44,2,633.94,0.1
5952,3625,8,1,410.45,0.15
5953,3626,140,1,424.81,0.05
5954,3627,102,1,49.71,0.0
5955,3628,5,1,983.84,0.1
5956,3628,30,1,2294.13,0.0
5957,3629,39,1,730.27,0.0
5958,3629,43,1,1099.47,0.0
5959,3629,12,1,899.67,0.1
5960,3629,113,1,24.88,0.0
5961,3630,26,2,597.08,0.0
5962,3631,167,1,60.83,0.05
5963,3632,56,1,580.05,0.0
5964,3632,169,2,43.99,0.05
5965,3633,49,2,2052.49,0.1
5966,3634,3,1,744.38,0.05
5967,3634,10,1,496.76,0.2
5968,3635,61,1,188.28,0.05
5969,3635,22,1,1492.69,0.0
5970,3636,173,1,47.43,0.2
5971,3636,36,1,1805.42,0.0
5972,3637,35,1,482.46,0.0
5973,3638,160,1,54.58,0.2
5974,3638,40,1,1027.7,0.2
5975,3639,91,1,261.69,0.1
5976,3640,141,1,622.59,0.0
5977,3641,12,1,899.67,0.0
5978,3641,14,1,281.59,0.0
5979,3641,40,1,1027.7,0.0
5980,3641,146,2,78.96,0.1
5981,3642,12,1,899.67,0.05
5982,3643,113,2,24.88,0.05
5983,3643,27,1,526.29,0.15
5984,3644,33,1,1625.77,0.0
5985,3644,19,1,344.43,0.05
5986,3645,17,1,1330.67,0.0
5987,3646,14,1,281.59,0.0
5988,3646,20,1,1259.83,0.0
5989,3647,151,2,6.17,0.1
5990,3648,12,2,899.67,0.0
5991,3649,159,2,11.9,0.15
5992,3650,35,1,482.46,0.05
5993,3650,47,1,2343.1,0.0
5994,3650,120,1,444.02,0.0
5995,3650,32,1,856.17,0.1
5996,3651,24,1,496.62,0.0
5997,3652,15,2,1175.14,0.1
5998,3652,89,2,157.12,0.0
5999,3652,168,1,35.65,0.15
6000,3652,152,1,38.17,0.0
6001,3653,87,2,255.5,0.0
6002,3653,57,1,714.19,0.0
6003,3654,39,1,730.27,0.05
6004,3655,156,1,38.57,0.1
6005,3655,106,2,347.14,0.05
6006,3656,158,2,28.13,0.0
6007,3657,17,1,1330.67,0.0
6008,3657,109,1,214.58,0.0
6009,3657,143,1,624.59,0.0
6010,3658,125,2,205.61,0.0
6011,3659,149,2,559.5,0.05
6012,3660,143,1,624.59,0.0
6013,3661,2,3,240.32,0.0
6014,3662,166,1,58.4,0.0
6015,3662,155,1,28.84,0.0
6016,3662,157,1,70.72,0.05
6017,3662,30,1,2294.13,0.1
6018,3663,167,1,60.83,0.0
6019,3664,30,1,2294.13,0.0
6020,3665,42,2,926.35,0.0
6021,3666,146,1,78.96,0.0
6022,3667,52,1,947.35,0.1
6023,3668,144,1,623.37,0.0
6024,3669,173,1,47.43,0.0
6025,3669,45,1,1559.3,0.1
6026,3669,142,1,116.01,0.0
6027,3670,175,1,37.24,0.0
6028,3671,100,1,92.31,0.0
6029,3672,162,2,67.56,0.05
6030,3673,159,3,11.9,0.0
6031,3674,35,1,482.46,0.0
6032,3675,118,1,227.27,0.0
6033,3676,161,1,31.02,0.0
6034,3676,71,1,564.0,0.0
6035,3677,133,3,588.67,0.0
6036,3677,112,1,71.21,0.0
6037,3678,17,1,1330.67,0.0
6038,3678,2,1,240.32,0.0
6039,3679,147,1,462.52,0.1
6040,3679,47,1,2343.1,0.0
6041,3680,13,1,861.38,0.0
6042,3681,30,2,2294.13,0.0
6043,3682,157,1,70.72,0.05
6044,3682,84,2,292.46,0.1
6045,3683,162,2,67.56,0.0
6046,3683,109,1,214.58,0.0
6047,3683,1,1,231.51,0.0
6048,3684,130,1,690.85,0.15
6049,3685,136,1,639.35,0.1
6050,3685,121,1,434.1,0.0
6051,3686,137,1,641.9,0.05
6052,3686,117,2,331.2,0.0
6053,3686,6,1,580.13,0.1
6054,3686,11,1,475.41,0.05
6055,3687,1,3,231.51,0.0
6056,3687,35,1,482.46,0.05
6057,3688,141,1,622.59,0.2
6058,3688,30,1,2294.13,0.0
6059,3689,90,1,92.0,0.0
6060,3689,16,2,1438.96,0.05
6061,3690,161,1,31.02,0.0
6062,3691,136,1,639.35,0.2
6063,3692,7,1,1203.99,0.1
6064,3692,149,1,559.5,0.0
6065,3693,16,1,1438.96,0.05
6066,3694,127,1,389.57,0.0
6067,3695,2,1,240.32,0.05
6068,3695,168,1,35.65,0.0
6069,3696,52,1,947.35,0.0
6070,3697,166,1,58.4,0.0
6071,3698,91,1,261.69,0.0
6072,3698,66,1,862.88,0.0
6073,3699,27,1,526.29,0.2
6074,3699,68,1,345.57,0.0
6075,3700,105,1,432.62,0.1
6076,3700,154,2,67.7,0.0
6077,3700,35,2,482.46,0.0
6078,3701,128,1,367.46,0.0
6079,3702,47,1,2343.1,0.0
6080,3703,49,1,2052.49,0.2
6081,3704,120,1,444.02,0.0
6082,3704,122,1,25.6,0.05
6083,3705,46,3,1831.34,0.05
6084,3705,165,1,11.79,0.15
6085,3706,135,1,635.25,0.0
6086,3706,15,2,1175.14,0.1
6087,3707,33,2,1625.77,0.0
6088,3707,5,1,983.84,0.05
6089,3708,109,1,214.58,0.15
6090,3708,48,2,775.66,0.0
6091,3708,12,1,899.67,0.2
6092,3709,20,1,1259.83,0.0
6093,3710,71,1,564.0,0.0
6094,3711,104,1,276.16,0.0
6095,3711,12,2,899.67,0.1
6096,3712,173,1,47.43,0.0
6097,3713,23,1,282.23,0.0
6098,3714,44,1,633.94,0.0
6099,3714,31,1,1861.84,0.0
6100,3715,9,2,893.38,0.05
6101,3715,166,1,58.4,0.0
6102,3715,145,1,182.4,0.0
6103,3716,42,1,926.35,0.0
6104,3717,40,1,1027.7,0.05
6105,3718,170,1,27.31,0.15
6106,3719,43,1,1099.47,0.0
6107,3720,20,3,1259.83,0.1
6108,3720,7,1,1203.99,0.05
6109,3720,105,2,432.62,0.2
6110,3721,51,1,385.81,0.0
6111,3721,173,1,47.43,0.0
6112,3722,167,1,60.83,0.05
6113,3723,142,1,116.01,0.05
6114,3723,25,1,900.0,0.0
6115,3724,67,1,755.51,0.05
6116,3724,137,1,641.9,0.0
6117,3725,74,2,435.88,0.0
6118,3725,23,1,282.23,0.0
6119,3726,38,1,846.62,0.0
6120,3727,173,3,47.43,0.0
6121,3727,61,2,188.28,0.0
6122,3728,43,1,1099.47,0.0
6123,3728,24,1,496.62,0.05
6124,3728,23,1,282.23,0.0
6125,3729,155,2,28.84,0.0
6126,3729,29,1,2154.66,0.0
6127,3730,173,2,47.43,0.0
6128,3731,8,2,410.45,0.05
6129,3732,128,1,367.46,0.05
6130,3733,37,1,2349.94,0.05
6131,3733,102,2,49.71,0.05
6132,3733,2,1,240.32,0.0
6133,3734,122,1,25.6,0.0
6134,3734,113,1,24.88,0.05
6135,3735,32,1,856.17,0.15
6136,3736,168,1,35.65,0.1
6137,3736,11,2,475.41,0.1
6138,3737,10,2,496.76,0.0
6139,3737,128,1,367.46,0.0
6140,3738,64,2,262.34,0.0
6141,3739,74,1,435.88,0.0
6142,3740,7,1,1203.99,0.0
6143,3741,37,1,2349.94,0.0
6144,3742,92,1,113.95,0.0
6145,3742,28,2,784.32,0.15
6146,3743,35,1,482.46,0.0
6147,3744,44,1,633.94,0.05
6148,3744,106,1,347.14,0.0
6149,3745,12,2,899.67,0.1
6150,3746,160,1,54.58,0.05
6151,3746,134,1,448.79,0.1
6152,3746,21,1,543.57,0.05
6153,3747,118,1,227.27,0.0
6154,3748,75,1,548.76,0.05
6155,3748,131,1,602.2,0.2
6156,3749,55,1,458.59,0.2
6157,3750,158,1,28.13,0.0
6158,3751,142,1,116.01,0.05
6159,3751,136,1,639.35,0.0
6160,3752,84,1,292.46,0.0
6161,3753,111,1,287.93,0.1
6162,3753,144,1,623.37,0.05
6163,3754,39,1,730.27,0.0
6164,3755,15,1,1175.14,0.05
6165,3756,115,3,215.42,0.05
6166,3757,12,1,899.67,0.0
6167,3758,170,2,27.31,0.1
6168,3759,49,1,2052.49,0.15
6169,3759,71,2,564.0,0.0
6170,3760,101,2,303.31,0.0
6171,3761,3,1,744.38,0.0
6172,3762,21,1,543.57,0.1
6173,3763,153,2,58.82,0.1
6174,3763,157,1,70.72,0.15
6175,3763,6,1,580.13,0.15
6176,3764,82,2,159.8,0.0
6177,3765,170,1,27.31,0.05
6178,3766,75,1,548.76,0.0
6179,3767,15,1,1175.14,0.2
6180,3768,43,1,1099.47,0.0
6181,3768,168,3,35.65,0.15
6182,3769,94,1,206.74,0.0
6183,3770,19,3,344.43,0.0
6184,3771,90,2,92.0,0.0
6185,3771,13,1,861.38,0.2
6186,3771,82,1,159.8,0.0
6187,3772,7,3,1203.99,0.0
6188,3772,146,1,78.96,0.0
6189,3773,61,2,188.28,0.0
6190,3773,158,1,28.13,0.2
6191,3774,152,1,38.17,0.0
6192,3775,139,1,280.41,0.0
6193,3776,40,1,1027.7,0.0
6194,3776,106,1,347.14,0.15
6195,3776,98,1,218.62,0.2
6196,3776,114,1,233.3,0.2
6197,3777,82,2,159.8,0.0
6198,3777,113,1,24.88,0.0
6199,3777,9,2,893.38,0.0
6200,3778,108,1,387.83,0.0
6201,3779,5,1,983.84,0.0
6202,3780,155,1,28.84,0.1
6203,3780,29,1,2154.66,0.0
6204,3781,173,1,47.43,0.05
6205,3782,66,1,862.88,0.05
6206,3783,44,1,633.94,0.05
6207,3784,14,1,281.59,0.0
6208,3784,42,1,926.35,0.1
6209,3785,27,3,526.29,0.0
6210,3785,153,1,58.82,0.2
6211,3785,107,1,206.43,0.1
6212,3786,66,1,862.88,0.0
6213,3787,46,1,1831.34,0.0
6214,3788,158,1,28.13,0.0
6215,3789,165,1,11.79,0.0
6216,3790,37,1,2349.94,0.0
6217,3790,5,1,983.84,0.0
6218,3790,32,1,856.17,0.0
6219,3791,120,1,444.02,0.0
6220,3791,17,1,1330.67,0.0
6221,3792,5,1,983.84,0.1
6222,3793,110,1,301.79,0.05
6223,3794,53,1,656.09,0.0
6224,3795,21,3,543.57,0.1
6225,3796,175,1,37.24,0.0
6226,3796,37,1,2349.94,0.05
6227,3796,128,2,367.46,0.0
6228,3797,152,1,38.17,0.2
6229,3798,10,1,496.76,0.0
6230,3799,137,1,641.9,0.0
6231,3799,41,1,970.93,0.0
6232,3800,59,1,723.28,0.05
6233,3800,24,1,496.62,0.05
6234,3800,166,1,58.4,0.0
6235,3801,151,1,6.17,0.0
6236,3802,125,1,205.61,0.1
6237,3803,23,2,282.23,0.0
6238,3804,8,1,410.45,0.05
6239,3805,29,1,2154.66,0.05
6240,3806,115,1,215.42,0.0
6241,3806,155,1,28.84,0.05
6242,3807,132,3,684.44,0.0
6243,3808,27,2,526.29,0.0
6244,3809,70,1,554.43,0.1
6245,3810,139,1,280.41,0.0
6246,3810,134,3,448.79,0.2
6247,3811,53,2,656.09,0.05
6248,3811,13,1,861.38,0.0
6249,3811,110,3,301.79,0.0
6250,3811,168,1,35.65,0.0
6251,3812,82,1,159.8,0.2
6252,3812,10,1,496.76,0.1
6253,3812,99,1,73.05,0.0
6254,3813,142,1,116.01,0.0
6255,3814,154,1,67.7,0.0
6256,3815,25,1,900.0,0.0
6257,3815,16,1,1438.96,0.0
6258,3815,66,1,862.88,0.0
6259,3816,91,1,261.69,0.05
6260,3817,156,1,38.57,0.0
6261,3818,33,1,1625.77,0.1
6262,3818,31,1,1861.84,0.0
6263,3819,158,2,28.13,0.0
6264,3820,63,1,335.01,0.05
6265,3820,34,1,542.89,0.1
6266,3820,96,1,285.92,0.0
6267,3821,102,1,49.71,0.0
6268,3821,166,1,58.4,0.0
6269,3821,121,1,434.1,0.2
6270,3821,122,1,25.6,0.0
6271,3822,140,1,424.81,0.0
6272,3823,168,1,35.65,0.0
6273,3824,46,1,1831.34,0.1
6274,3825,104,1,276.16,0.0
6275,3826,91,1,261.69,0.05
6276,3827,143,1,624.59,0.0
6277,3827,156,1,38.57,0.0
6278,3828,157,1,70.72,0.0
6279,3828,4,1,560.23,0.0
6280,3828,87,3,255.5,0.0
6281,3828,135,1,635.25,0.0
6282,3829,17,1,1330.67,0.0
6283,3829,158,1,28.13,0.0
6284,3829,15,1,1175.14,0.05
6285,3830,5,2,983.84,0.0
6286,3831,107,1,206.43,0.2
6287,3832,13,1,861.38,0.0
6288,3832,170,1,27.31,0.1
6289,3832,51,1,385.81,0.0
6290,3832,167,2,60.83,0.05
6291,3833,107,1,206.43,0.05
6292,3833,138,2,569.79,0.2
6293,3833,157,1,70.72,0.1
6294,3834,32,2,856.17,0.0
6295,3834,9,2,893.38,0.1
6296,3835,41,1,970.93,0.05
6297,3836,3,1,744.38,0.0
6298,3837,174,2,64.3,0.0
6299,3837,82,1,159.8,0.0
6300,3838,1,2,231.51,0.0
6301,3838,149,3,559.5,0.15
6302,3839,21,1,543.57,0.0
6303,3839,157,1,70.72,0.15
6304,3840,106,1,347.14,0.1
6305,3840,110,1,301.79,0.0
6306,3841,6,1,580.13,0.0
6307,3842,133,1,588.67,0.1
6308,3843,175,2,37.24,0.0
6309,3844,169,1,43.99,0.05
6310,3844,42,2,926.35,0.0
6311,3844,167,1,60.83,0.0
6312,3844,14,1,281.59,0.0
6313,3845,27,1,526.29,0.0
6314,3845,43,1,1099.47,0.0
6315,3845,31,1,1861.84,0.1
6316,3846,21,1,543.57,0.0
6317,3847,43,1,1099.47,0.0
6318,3848,25,1,900.0,0.0
6319,3848,42,1,926.35,0.0
6320,3849,125,2,205.61,0.0
6321,3850,17,2,1330.67,0.1
6322,3850,88,1,46.08,0.2
6323,3850,41,2,970.93,0.0
6324,3850,167,1,60.83,0.0
6325,3851,148,1,174.44,0.0
6326,3852,32,2,856.17,0.0
6327,3853,45,2,1559.3,0.1
6328,3853,35,1,482.46,0.15
6329,3854,98,1,218.62,0.0
6330,3855,102,2,49.71,0.0
6331,3856,109,1,214.58,0.0
6332,3857,80,1,299.0,0.2
6333,3858,120,1,444.02,0.0
6334,3859,153,1,58.82,0.1
6335,3859,58,1,407.29,0.0
6336,3859,10,1,496.76,0.0
6337,3860,34,1,542.89,0.05
6338,3860,90,2,92.0,0.0
6339,3860,31,1,1861.84,0.0
6340,3861,34,1,542.89,0.1
6341,3862,134,1,448.79,0.0
6342,3863,107,1,206.43,0.05
6343,3864,124,2,394.12,0.05
6344,3864,33,1,1625.77,0.0
6345,3864,44,1,633.94,0.0
6346,3865,158,1,28.13,0.0
6347,3865,170,1,27.31,0.15
6348,3866,164,1,30.98,0.0
6349,3867,80,1,299.0,0.0
6350,3868,142,1,116.01,0.1
6351,3869,11,1,475.41,0.0
6352,3869,117,1,331.2,0.0
6353,3870,7,1,1203.99,0.0
6354,3870,35,1,482.46,0.0
6355,3871,87,2,255.5,0.0
6356,3871,105,1,432.62,0.05
6357,3871,14,2,281.59,0.0
6358,3872,57,2,714.19,0.1
6359,3872,47,1,2343.1,0.0
6360,3872,27,1,526.29,0.0
6361,3873,168,1,35.65,0.0
6362,3874,82,3,159.8,0.05
6363,3875,123,1,287.0,0.0
6364,3876,152,3,38.17,0.0
6365,3876,100,1,92.31,0.0
6366,3876,125,1,205.61,0.0
6367,3877,85,1,180.1,0.0
6368,3877,80,1,299.0,0.1
6369,3878,108,2,387.83,0.1
6370,3878,10,2,496.76,0.0
6371,3878,152,1,38.17,0.0
6372,3879,151,1,6.17,0.0
6373,3880,60,1,228.38,0.0
6374,3881,175,2,37.24,0.05
6375,3882,73,1,264.34,0.05
6376,3882,40,1,1027.7,0.0
6377,3883,130,1,690.85,0.0
6378,3883,12,2,899.67,0.0
6379,3883,25,1,900.0,0.15
6380,3884,160,1,54.58,0.0
6381,3884,6,2,580.13,0.0
6382,3884,25,3,900.0,0.0
6383,3884,5,1,983.84,0.0
6384,3885,5,1,983.84,0.0
6385,3885,127,3,389.57,0.1
6386,3886,46,1,1831.34,0.0
6387,3886,138,1,569.79,0.05
6388,3887,112,1,71.21,0.1
6389,3887,46,2,1831.34,0.05
6390,3888,46,1,1831.34,0.0
6391,3888,106,1,347.14,0.0
6392,3889,20,1,1259.83,0.0
6393,3890,142,1,116.01,0.0
6394,3891,78,1,274.78,0.2
6395,3892,7,1,1203.99,0.2
6396,3892,88,1,46.08,0.0
6397,3892,148,1,174.44,0.0
6398,3893,120,2,444.02,0.15
6399,3894,19,1,344.43,0.0
6400,3895,75,1,548.76,0.0
6401,3895,4,3,560.23,0.0
6402,3896,103,1,220.54,0.05
6403,3897,64,1,262.34,0.0
6404,3898,48,2,775.66,0.0
6405,3899,17,1,1330.67,0.0
6406,3899,8,1,410.45,0.0
6407,3900,169,1,43.99,0.0
6408,3901,145,1,182.4,0.2
6409,3901,24,2,496.62,0.0
6410,3902,168,1,35.65,0.0
6411,3902,60,1,228.38,0.0
6412,3902,170,1,27.31,0.0
6413,3903,68,1,345.57,0.1
6414,3903,25,1,900.0,0.0
6415,3903,129,1,632.28,0.0
6416,3903,36,2,1805.42,0.0
6417,3904,101,1,303.31,0.0
6418,3904,138,1,569.79,0.05
6419,3905,98,1,218.62,0.0
6420,3906,43,1,1099.47,0.1
6421,3907,46,2,1831.34,0.0
6422,3907,156,1,38.57,0.15
6423,3907,20,1,1259.83,0.0
6424,3908,55,2,458.59,0.0
6425,3909,22,1,1492.69,0.0
6426,3909,146,1,78.96,0.0
6427,3909,116,1,351.25,0.0
6428,3910,40,1,1027.7,0.05
6429,3911,21,1,543.57,0.0
6430,3912,168,1,35.65,0.0
6431,3913,34,1,542.89,0.0
6432,3914,142,1,116.01,0.05
6433,3915,11,2,475.41,0.0
6434,3916,98,1,218.62,0.0
6435,3916,97,1,274.08,0.2
6436,3916,62,1,759.59,0.0
6437,3917,40,1,1027.7,0.0
6438,3918,25,1,900.0,0.0
6439,3919,73,1,264.34,0.05
6440,3919,139,1,280.41,0.0
6441,3920,29,2,2154.66,0.0
6442,3921,114,1,233.3,0.0
6443,3921,173,2,47.43,0.0
6444,3922,31,1,1861.84,0.0
6445,3923,28,1,784.32,0.0
6446,3923,149,1,559.5,0.0
6447,3924,153,2,58.82,0.15
6448,3924,80,2,299.0,0.2
6449,3925,159,1,11.9,0.05
6450,3926,8,1,410.45,0.0
6451,3927,127,1,389.57,0.0
6452,3927,16,1,1438.96,0.05
6453,3928,55,1,458.59,0.0
6454,3928,8,1,410.45,0.0
6455,3928,26,2,597.08,0.0
6456,3929,102,1,49.71,0.0
6457,3929,162,1,67.56,0.0
6458,3929,30,1,2294.13,0.0
6459,3929,24,1,496.62,0.0
6460,3930,173,1,47.43,0.0
6461,3931,138,1,569.79,0.1
6462,3931,9,1,893.38,0.0
6463,3932,11,3,475.41,0.0
6464,3933,134,1,448.79,0.0
6465,3933,171,3,41.81,0.1
6466,3934,78,1,274.78,0.05
6467,3934,46,3,1831.34,0.0
6468,3935,107,1,206.43,0.0
6469,3935,147,1,462.52,0.0
6470,3936,96,3,285.92,0.2
6471,3937,44,2,633.94,0.1
6472,3938,38,1,846.62,0.1
6473,3939,23,2,282.23,0.0
6474,3940,129,1,632.28,0.0
6475,3941,112,1,71.21,0.0
6476,3941,15,1,1175.14,0.0
6477,3942,59,1,723.28,0.05
6478,3942,34,2,542.89,0.0
6479,3942,46,2,1831.34,0.0
6480,3943,69,1,502.41,0.0
6481,3944,38,1,846.62,0.0
6482,3945,64,1,262.34,0.0
6483,3945,2,2,240.32,0.0
6484,3946,75,1,548.76,0.0
6485,3946,32,1,856.17,0.05
6486,3947,136,1,639.35,0.0
6487,3947,103,2,220.54,0.0
6488,3948,93,1,340.41,0.0
6489,3948,62,1,759.59,0.0
6490,3948,2,1,240.32,0.2
6491,3949,168,1,35.65,0.15
6492,3950,73,1,264.34,0.0
6493,3951,19,1,344.43,0.0
6494,3951,143,3,624.59,0.0
6495,3952,116,3,351.25,0.0
6496,3953,10,1,496.76,0.2
6497,3953,29,2,2154.66,0.1
6498,3953,25,1,900.0,0.0
6499,3953,7,1,1203.99,0.0
6500,3954,132,2,684.44,0.0
6501,3954,41,1,970.93,0.0
6502,3955,14,1,281.59,0.2
6503,3955,68,2,345.57,0.0
6504,3955,9,1,893.38,0.2
6505,3956,89,2,157.12,0.0
6506,3956,13,1,861.38,0.0
6507,3957,35,2,482.46,0.05
6508,3957,111,1,287.93,0.05
6509,3957,17,2,1330.67,0.0
6510,3957,12,2,899.67,0.0
6511,3958,5,1,983.84,0.0
6512,3958,131,1,602.2,0.0
6513,3958,17,1,1330.67,0.0
6514,3959,114,2,233.3,0.0
6515,3960,112,1,71.21,0.05
6516,3960,74,1,435.88,0.0
6517,3961,61,1,188.28,0.0
6518,3962,20,1,1259.83,0.0
6519,3963,94,1,206.74,0.05
6520,3964,10,1,496.76,0.0
6521,3964,82,2,159.8,0.0
6522,3965,69,1,502.41,0.0
6523,3965,122,2,25.6,0.05
6524,3965,144,1,623.37,0.0
6525,3966,162,2,67.56,0.2
6526,3967,89,1,157.12,0.0
6527,3968,44,3,633.94,0.0
6528,3968,15,1,1175.14,0.1
6529,3969,26,1,597.08,0.0
6530,3970,10,1,496.76,0.0
6531,3970,97,1,274.08,0.0
6532,3971,97,1,274.08,0.0
6533,3971,2,1,240.32,0.05
6534,3972,41,1,970.93,0.0
6535,3972,37,2,2349.94,0.0
6536,3972,144,1,623.37,0.0
6537,3973,40,2,1027.7,0.1
6538,3973,109,2,214.58,0.05
6539,3973,37,2,2349.94,0.0
6540,3974,21,1,543.57,0.0
6541,3974,98,1,218.62,0.0
6542,3975,135,2,635.25,0.0
6543,3975,115,1,215.42,0.1
6544,3975,107,1,206.43,0.15
6545,3976,105,1,432.62,0.0
6546,3977,31,2,1861.84,0.0
6547,3978,161,3,31.02,0.05
6548,3979,16,1,1438.96,0.0
6549,3979,42,1,926.35,0.0
6550,3980,19,1,344.43,0.0
6551,3980,37,2,2349.94,0.0
6552,3981,15,1,1175.14,0.2
6553,3982,21,1,543.57,0.1
6554,3983,93,1,340.41,0.05
6555,3984,82,1,159.8,0.0
6556,3985,7,1,1203.99,0.05
6557,3986,118,1,227.27,0.0
6558,3987,166,2,58.4,0.1
6559,3988,85,1,180.1,0.1
6560,3989,43,2,1099.47,0.0
6561,3990,166,1,58.4,0.0
6562,3991,14,1,281.59,0.0
6563,3991,13,1,861.38,0.05
6564,3991,32,2,856.17,0.05
6565,3992,44,2,633.94,0.0
6566,3992,37,1,2349.94,0.05
6567,3993,171,1,41.81,0.0
6568,3993,34,1,542.89,0.05
6569,3993,38,1,846.62,0.05
6570,3993,95,1,53.11,0.05
6571,3994,11,1,475.41,0.0
6572,3995,9,1,893.38,0.1
6573,3996,56,1,580.05,0.1
6574,3997,51,1,385.81,0.1
6575,3997,120,1,444.02,0.1
6576,3998,97,2,274.08,0.0
6577,3999,134,1,448.79,0.05
6578,3999,117,2,331.2,0.0
6579,4000,139,1,280.41,0.0
6580,4000,127,2,389.57,0.05
6581,4001,175,1,37.24,0.05
6582,4002,87,1,255.5,0.0
6583,4002,75,1,548.76,0.0
6584,4003,75,2,548.76,0.0
6585,4003,49,1,2052.49,0.0
6586,4004,19,1,344.43,0.0
6587,4005,9,1,893.38,0.05
6588,4006,70,2,554.43,0.0
6589,4007,34,1,542.89,0.15
6590,4007,105,1,432.62,0.0
6591,4007,11,1,475.41,0.0
6592,4007,103,1,220.54,0.0
6593,4008,103,1,220.54,0.0
6594,4009,36,1,1805.42,0.15
6595,4010,164,1,30.98,0.0
6596,4010,122,1,25.6,0.0
6597,4011,123,1,287.0,0.0
6598,4011,147,1,462.52,0.0
6599,4012,34,2,542.89,0.0
6600,4013,32,1,856.17,0.0
6601,4014,166,1,58.4,0.0
6602,4015,40,1,1027.7,0.0
6603,4016,47,1,2343.1,0.0
6604,4017,9,1,893.38,0.0
6605,4017,12,2,899.67,0.0
6606,4017,5,3,983.84,0.05
6607,4018,2,1,240.32,0.15
6608,4019,15,1,1175.14,0.0
6609,4020,4,1,560.23,0.1
6610,4021,54,1,913.58,0.2
6611,4022,9,2,893.38,0.15
6612,4022,130,1,690.85,0.0
6613,4023,79,1,147.48,0.1
6614,4023,153,1,58.82,0.0
6615,4024,45,1,1559.3,0.05
6616,4024,107,1,206.43,0.0
6617,4024,123,1,287.0,0.0
6618,4025,30,1,2294.13,0.0
6619,4025,49,2,2052.49,0.0
6620,4025,19,1,344.43,0.0
6621,4026,42,1,926.35,0.05
6622,4026,65,1,854.98,0.0
6623,4026,78,2,274.78,0.15
6624,4027,73,1,264.34,0.05
6625,4027,2,1,240.32,0.05
6626,4028,27,1,526.29,0.0
6627,4029,88,1,46.08,0.0
6628,4029,22,1,1492.69,0.05
6629,4030,17,1,1330.67,0.0
6630,4030,1,2,231.51,0.0
6631,4030,94,1,206.74,0.0
6632,4030,167,2,60.83,0.1
6633,4031,82,1,159.8,0.05
6634,4032,5,1,983.84,0.0
6635,4033,1,1,231.51,0.0
6636,4034,17,1,1330.67,0.0
6637,4035,38,1,846.62,0.0
6638,4036,21,1,543.57,0.0
6639,4036,30,3,2294.13,0.0
6640,4037,14,1,281.59,0.0
6641,4038,174,1,64.3,0.05
6642,4038,37,1,2349.94,0.15
6643,4038,118,1,227.27,0.05
6644,4039,14,1,281.59,0.0
6645,4039,6,2,580.13,0.05
6646,4039,45,2,1559.3,0.05
6647,4040,68,1,345.57,0.2
6648,4041,116,2,351.25,0.0
6649,4041,17,2,1330.67,0.05
6650,4041,3,2,744.38,0.0
6651,4042,175,1,37.24,0.0
6652,4043,78,2,274.78,0.0
6653,4043,103,3,220.54,0.0
6654,4043,161,1,31.02,0.0
6655,4044,33,1,1625.77,0.0
6656,4045,4,1,560.23,0.0
6657,4046,80,1,299.0,0.0
6658,4047,166,1,58.4,0.0
6659,4048,23,1,282.23,0.0
6660,4049,11,1,475.41,0.0
6661,4049,113,1,24.88,0.0
6662,4050,152,1,38.17,0.0
6663,4050,7,1,1203.99,0.0
6664,4051,112,1,71.21,0.05
6665,4051,3,1,744.38,0.0
6666,4051,8,2,410.45,0.1
6667,4052,156,1,38.57,0.0
6668,4052,34,2,542.89,0.0
6669,4052,143,1,624.59,0.0
6670,4052,16,2,1438.96,0.1
6671,4053,120,1,444.02,0.0
6672,4053,121,2,434.1,0.1
6673,4054,41,1,970.93,0.0
6674,4054,35,1,482.46,0.0
6675,4054,38,2,846.62,0.2
6676,4055,22,1,1492.69,0.0
6677,4055,5,3,983.84,0.0
6678,4056,19,1,344.43,0.0
6679,4056,164,1,30.98,0.15
6680,4057,15,1,1175.14,0.2
6681,4057,152,2,38.17,0.05
6682,4058,47,1,2343.1,0.0
6683,4058,112,1,71.21,0.05
6684,4059,130,2,690.85,0.2
6685,4060,17,1,1330.67,0.1
6686,4060,20,1,1259.83,0.0
6687,4060,11,2,475.41,0.0
6688,4061,27,1,526.29,0.0
6689,4062,173,1,47.43,0.05
6690,4062,12,1,899.67,0.0
6691,4062,2,1,240.32,0.15
6692,4063,34,2,542.89,0.0
6693,4064,1,1,231.51,0.2
6694,4065,164,1,30.98,0.0
6695,4066,116,1,351.25,0.15
6696,4066,60,1,228.38,0.0
6697,4067,9,1,893.38,0.0
6698,4068,36,1,1805.42,0.05
6699,4068,23,1,282.23,0.0
6700,4068,157,1,70.72,0.0
6701,4069,118,1,227.27,0.2
6702,4070,164,1,30.98,0.0
6703,4071,20,1,1259.83,0.0
6704,4071,7,1,1203.99,0.0
6705,4072,9,1,893.38,0.05
6706,4072,20,1,1259.83,0.0
6707,4073,39,1,730.27,0.0
6708,4073,102,2,49.71,0.0
6709,4073,156,2,38.57,0.0
6710,4073,104,2,276.16,0.0
6711,4074,121,1,434.1,0.0
6712,4075,29,1,2154.66,0.0
6713,4076,31,1,1861.84,0.0
6714,4076,167,1,60.83,0.0
6715,4077,88,1,46.08,0.0
6716,4078,156,1,38.57,0.0
6717,4078,139,1,280.41,0.1
6718,4078,21,1,543.57,0.0
6719,4078,15,1,1175.14,0.0
6720,4079,78,1,274.78,0.0
6721,4080,1,1,231.51,0.0
6722,4081,156,1,38.57,0.0
6723,4082,37,2,2349.94,0.0
6724,4082,110,2,301.79,0.0
6725,4083,117,1,331.2,0.05
6726,4084,24,1,496.62,0.0
6727,4084,48,1,775.66,0.05
6728,4085,40,1,1027.7,0.0
6729,4085,166,2,58.4,0.05
6730,4086,35,2,482.46,0.05
6731,4087,10,1,496.76,0.15
6732,4087,66,1,862.88,0.0
6733,4087,152,1,38.17,0.0
6734,4088,147,2,462.52,0.0
6735,4088,11,2,475.41,0.05
6736,4089,33,1,1625.77,0.0
6737,4090,133,1,588.67,0.0
6738,4091,16,2,1438.96,0.1
6739,4092,19,1,344.43,0.0
6740,4092,32,1,856.17,0.05
6741,4093,115,1,215.42,0.0
6742,4094,35,1,482.46,0.05
6743,4095,157,1,70.72,0.0
6744,4095,84,1,292.46,0.0
6745,4096,16,1,1438.96,0.05
6746,4096,111,1,287.93,0.0
6747,4096,166,1,58.4,0.1
6748,4096,40,3,1027.7,0.0
6749,4097,40,1,1027.7,0.0
6750,4097,144,1,623.37,0.0
6751,4097,33,1,1625.77,0.0
6752,4097,23,1,282.23,0.05
6753,4098,27,1,526.29,0.0
6754,4099,99,1,73.05,0.2
6755,4100,133,1,588.67,0.2
6756,4101,66,1,862.88,0.0
6757,4102,56,1,580.05,0.0
6758,4103,100,1,92.31,0.0
6759,4104,46,1,1831.34,0.05
6760,4104,142,2,116.01,0.1
6761,4105,39,1,730.27,0.0
6762,4105,79,1,147.48,0.05
6763,4106,45,1,1559.3,0.0
6764,4106,130,1,690.85,0.0
6765,4107,4,1,560.23,0.0
6766,4108,118,1,227.27,0.1
6767,4109,106,1,347.14,0.2
6768,4110,21,1,543.57,0.0
6769,4110,12,1,899.67,0.05
6770,4110,117,1,331.2,0.0
6771,4111,3,1,744.38,0.05
6772,4112,90,1,92.0,0.0
6773,4113,47,1,2343.1,0.0
6774,4114,88,1,46.08,0.0
6775,4115,20,2,1259.83,0.05
6776,4115,82,1,159.8,0.05
6777,4116,7,2,1203.99,0.05
6778,4116,5,2,983.84,0.05
6779,4117,119,1,264.87,0.15
6780,4117,112,2,71.21,0.0
6781,4118,33,1,1625.77,0.05
6782,4118,144,1,623.37,0.05
6783,4118,36,1,1805.42,0.0
6784,4119,53,1,656.09,0.0
6785,4119,77,1,173.17,0.0
6786,4119,27,1,526.29,0.15
6787,4119,173,1,47.43,0.15
6788,4120,53,1,656.09,0.0
6789,4121,101,1,303.31,0.0
6790,4122,16,1,1438.96,0.0
6791,4123,142,3,116.01,0.0
6792,4124,44,1,633.94,0.0
6793,4125,149,1,559.5,0.15
6794,4126,168,1,35.65,0.0
6795,4126,27,1,526.29,0.05
6796,4126,32,1,856.17,0.2
6797,4127,118,1,227.27,0.15
6798,4128,128,1,367.46,0.05
6799,4129,36,1,1805.42,0.1
6800,4129,138,1,569.79,0.05
6801,4130,4,2,560.23,0.1
6802,4130,143,2,624.59,0.1
6803,4130,69,1,502.41,0.1
6804,4131,15,1,1175.14,0.1
6805,4131,19,1,344.43,0.1
6806,4132,29,1,2154.66,0.0
6807,4133,117,2,331.2,0.05
6808,4134,83,1,220.71,0.05
6809,4134,52,1,947.35,0.15
6810,4134,1,2,231.51,0.2
6811,4135,137,1,641.9,0.05
6812,4136,68,1,345.57,0.15
6813,4137,166,1,58.4,0.0
6814,4137,67,1,755.51,0.15
6815,4138,79,1,147.48,0.15
6816,4139,111,1,287.93,0.05
6817,4140,27,1,526.29,0.2
6818,4141,136,1,639.35,0.0
6819,4141,140,2,424.81,0.05
6820,4141,43,2,1099.47,0.0
6821,4142,142,2,116.01,0.0
6822,4143,63,1,335.01,0.0
6823,4143,166,1,58.4,0.1
6824,4144,99,1,73.05,0.2
6825,4144,47,1,2343.1,0.0
6826,4145,166,1,58.4,0.0
6827,4146,15,1,1175.14,0.0
6828,4147,1,3,231.51,0.1
6829,4147,161,1,31.02,0.0
6830,4148,35,1,482.46,0.0
6831,4149,161,1,31.02,0.1
6832,4150,25,1,900.0,0.0
6833,4151,16,1,1438.96,0.05
6834,4152,8,1,410.45,0.0
6835,4153,64,1,262.34,0.15
6836,4154,107,1,206.43,0.0
6837,4154,153,2,58.82,0.0
6838,4155,12,1,899.67,0.0
6839,4156,25,1,900.0,0.0
6840,4156,115,1,215.42,0.0
6841,4156,124,3,394.12,0.15
6842,4157,7,1,1203.99,0.1
6843,4158,14,1,281.59,0.05
6844,4159,17,1,1330.67,0.05
6845,4160,24,1,496.62,0.0
6846,4161,44,1,633.94,0.0
6847,4162,17,1,1330.67,0.15
6848,4162,146,1,78.96,0.1
6849,4163,44,1,633.94,0.0
6850,4164,65,1,854.98,0.0
6851,4165,154,1,67.7,0.0
6852,4166,38,1,846.62,0.0
6853,4166,2,1,240.32,0.0
6854,4167,92,1,113.95,0.0
6855,4167,147,1,462.52,0.0
6856,4168,137,1,641.9,0.05
6857,4169,66,1,862.88,0.1
6858,4169,54,2,913.58,0.0
6859,4170,112,1,71.21,0.0
6860,4171,102,1,49.71,0.05
6861,4172,58,1,407.29,0.0
6862,4173,37,2,2349.94,0.1
6863,4174,9,1,893.38,0.0
6864,4174,46,2,1831.34,0.0
6865,4174,58,2,407.29,0.0
6866,4175,69,1,502.41,0.05
6867,4176,24,1,496.62,0.0
6868,4177,97,1,274.08,0.1
6869,4177,126,1,635.26,0.0
6870,4178,139,1,280.41,0.0
6871,4178,47,2,2343.1,0.1
6872,4179,23,1,282.23,0.0
6873,4180,33,1,1625.77,0.05
6874,4181,22,1,1492.69,0.0
6875,4182,154,1,67.7,0.0
6876,4182,10,3,496.76,0.05
6877,4183,3,1,744.38,0.0
6878,4184,45,1,1559.3,0.05
6879,4185,15,1,1175.14,0.0
6880,4185,149,1,559.5,0.0
6881,4186,158,1,28.13,0.0
6882,4187,127,1,389.57,0.05
6883,4188,69,1,502.41,0.0
6884,4188,66,1,862.88,0.0
6885,4188,140,1,424.81,0.0
6886,4189,155,1,28.84,0.0
6887,4189,156,2,38.57,0.0
6888,4190,3,1,744.38,0.05
6889,4191,10,1,496.76,0.1
6890,4192,114,2,233.3,0.0
6891,4192,136,1,639.35,0.0
6892,4192,29,1,2154.66,0.0
6893,4193,32,1,856.17,0.05
6894,4194,67,1,755.51,0.0
6895,4194,21,1,543.57,0.0
6896,4195,11,3,475.41,0.2
6897,4196,12,1,899.67,0.0
6898,4196,31,2,1861.84,0.0
6899,4197,138,1,569.79,0.0
6900,4197,36,2,1805.42,0.0
6901,4197,22,1,1492.69,0.2
6902,4198,13,1,861.38,0.1
6903,4199,103,1,220.54,0.0
6904,4200,17,1,1330.67,0.0
6905,4201,37,1,2349.94,0.0
6906,4201,139,1,280.41,0.2
6907,4202,125,1,205.61,0.0
6908,4202,4,3,560.23,0.2
6909,4203,35,1,482.46,0.0
6910,4204,130,1,690.85,0.0
6911,4204,124,1,394.12,0.0
6912,4205,2,2,240.32,0.0
6913,4205,136,1,639.35,0.0
6914,4205,149,1,559.5,0.0
6915,4206,131,1,602.2,0.0
6916,4206,11,1,475.41,0.0
6917,4207,114,3,233.3,0.0
6918,4207,117,3,331.2,0.1
6919,4208,37,1,2349.94,0.05
6920,4208,11,1,475.41,0.0
6921,4209,111,1,287.93,0.05
6922,4209,33,1,1625.77,0.1
6923,4210,167,1,60.83,0.0
6924,4210,35,1,482.46,0.1
6925,4211,47,1,2343.1,0.0
6926,4211,19,2,344.43,0.2
6927,4212,101,1,303.31,0.0
6928,4213,135,1,635.25,0.15
6929,4214,10,1,496.76,0.0
6930,4214,17,2,1330.67,0.0
6931,4214,121,2,434.1,0.0
6932,4215,4,1,560.23,0.0
6933,4215,40,1,1027.7,0.0
6934,4216,14,2,281.59,0.0
6935,4216,6,1,580.13,0.0
6936,4216,78,1,274.78,0.0
6937,4217,69,2,502.41,0.0
6938,4218,39,1,730.27,0.0
6939,4219,147,1,462.52,0.0
6940,4219,20,3,1259.83,0.1
6941,4220,144,1,623.37,0.05
6942,4220,6,1,580.13,0.0
6943,4221,147,1,462.52,0.0
6944,4221,41,1,970.93,0.0
6945,4222,16,1,1438.96,0.0
6946,4223,64,1,262.34,0.05
6947,4224,165,1,11.79,0.0
6948,4225,66,1,862.88,0.15
6949,4225,40,1,1027.7,0.0
6950,4226,159,1,11.9,0.0
6951,4227,71,2,564.0,0.05
6952,4227,108,2,387.83,0.0
6953,4228,2,1,240.32,0.0
6954,4229,124,1,394.12,0.0
6955,4230,175,1,37.24,0.0
6956,4231,158,1,28.13,0.0
6957,4232,24,1,496.62,0.05
6958,4233,4,1,560.23,0.0
6959,4233,92,2,113.95,0.0
6960,4234,41,3,970.93,0.2
6961,4234,101,1,303.31,0.0
6962,4235,41,3,970.93,0.0
6963,4236,65,1,854.98,0.0
6964,4236,153,1,58.82,0.0
6965,4237,158,1,28.13,0.05
6966,4237,103,1,220.54,0.1
6967,4237,156,1,38.57,0.0
6968,4237,164,2,30.98,0.0
6969,4238,33,1,1625.77,0.0
6970,4238,120,1,444.02,0.1
6971,4239,21,1,543.57,0.0
6972,4239,82,1,159.8,0.0
6973,4240,71,2,564.0,0.15
6974,4241,10,1,496.76,0.0
6975,4241,32,1,856.17,0.0
6976,4242,152,1,38.17,0.0
6977,4242,43,2,1099.47,0.0
6978,4242,6,2,580.13,0.2
6979,4243,166,1,58.4,0.0
6980,4243,96,1,285.92,0.0
6981,4244,1,1,231.51,0.0
6982,4244,67,3,755.51,0.0
6983,4245,175,1,37.24,0.0
6984,4245,20,1,1259.83,0.0
6985,4245,140,1,424.81,0.0
6986,4246,146,1,78.96,0.0
6987,4247,113,1,24.88,0.0
6988,4248,102,1,49.71,0.05
6989,4249,123,2,287.0,0.2
6990,4249,32,1,856.17,0.0
6991,4250,115,1,215.42,0.0
6992,4250,108,1,387.83,0.05
6993,4250,22,1,1492.69,0.0
6994,4251,65,1,854.98,0.0
6995,4251,12,1,899.67,0.05
6996,4252,175,2,37.24,0.05
6997,4252,167,1,60.83,0.2
6998,4252,120,1,444.02,0.0
6999,4252,126,2,635.26,0.05
7000,4253,173,1,47.43,0.0
7001,4254,30,1,2294.13,0.0
7002,4255,131,1,602.2,0.0
7003,4256,77,2,173.17,0.2
7004,4257,9,2,893.38,0.0
7005,4257,119,1,264.87,0.15
7006,4258,162,1,67.56,0.0
7007,4259,87,1,255.5,0.05
7008,4260,39,1,730.27,0.2
7009,4261,143,1,624.59,0.1
7010,4261,8,1,410.45,0.0
7011,4261,85,1,180.1,0.0
7012,4261,44,1,633.94,0.1
7013,4262,26,1,597.08,0.0
7014,4263,159,1,11.9,0.0
7015,4263,58,1,407.29,0.0
7016,4263,14,1,281.59,0.05
7017,4264,65,1,854.98,0.15
7018,4264,10,1,496.76,0.0
7019,4265,63,1,335.01,0.05
7020,4266,48,1,775.66,0.0
7021,4267,12,1,899.67,0.2
7022,4267,107,1,206.43,0.15
7023,4268,61,1,188.28,0.1
7024,4268,121,1,434.1,0.0
7025,4269,42,2,926.35,0.0
7026,4270,149,1,559.5,0.0
7027,4270,10,1,496.76,0.0
7028,4271,23,1,282.23,0.0
7029,4271,62,1,759.59,0.0
7030,4272,120,1,444.02,0.0
7031,4272,91,2,261.69,0.1
7032,4273,114,1,233.3,0.2
7033,4274,153,1,58.82,0.0
7034,4275,126,2,635.26,0.05
7035,4275,37,1,2349.94,0.05
7036,4275,29,2,2154.66,0.0
7037,4276,88,1,46.08,0.1
7038,4277,151,1,6.17,0.0
7039,4277,23,1,282.23,0.15
7040,4278,29,2,2154.66,0.0
7041,4279,103,1,220.54,0.05
7042,4279,22,1,1492.69,0.0
7043,4279,39,1,730.27,0.1
7044,4280,22,1,1492.69,0.0
7045,4281,92,2,113.95,0.1
7046,4281,105,1,432.62,0.0
7047,4282,64,1,262.34,0.0
7048,4282,129,1,632.28,0.1
7049,4283,47,1,2343.1,0.1
7050,4283,68,2,345.57,0.2
7051,4283,131,1,602.2,0.0
7052,4283,104,1,276.16,0.15
7053,4284,16,1,1438.96,0.0
7054,4284,34,2,542.89,0.0
7055,4285,100,1,92.31,0.05
7056,4285,17,1,1330.67,0.0
7057,4285,139,1,280.41,0.1
7058,4286,7,1,1203.99,0.0
7059,4287,15,3,1175.14,0.0
7060,4288,49,3,2052.49,0.0
7061,4289,69,1,502.41,0.0
7062,4289,26,1,597.08,0.0
7063,4290,2,3,240.32,0.1
7064,4290,11,1,475.41,0.1
7065,4290,92,1,113.95,0.0
7066,4291,124,1,394.12,0.05
7067,4292,158,2,28.13,0.0
7068,4292,20,2,1259.83,0.0
7069,4292,42,1,926.35,0.0
7070,4293,93,1,340.41,0.0
7071,4294,41,1,970.93,0.0
7072,4294,123,1,287.0,0.0
7073,4295,38,2,846.62,0.05
7074,4295,6,1,580.13,0.0
7075,4295,20,2,1259.83,0.0
7076,4295,157,1,70.72,0.0
7077,4296,103,3,220.54,0.0
7078,4297,145,1,182.4,0.0
7079,4298,20,2,1259.83,0.05
7080,4298,115,1,215.42,0.0
7081,4299,68,1,345.57,0.15
7082,4300,14,1,281.59,0.0
7083,4301,101,2,303.31,0.0
7084,4301,43,1,1099.47,0.0
7085,4302,152,1,38.17,0.2
7086,4302,24,1,496.62,0.0
7087,4302,9,2,893.38,0.0
7088,4303,4,2,560.23,0.0
7089,4303,119,2,264.87,0.0
7090,4303,23,2,282.23,0.0
7091,4304,44,2,633.94,0.0
7092,4305,47,1,2343.1,0.0
7093,4306,85,1,180.1,0.0
7094,4307,67,1,755.51,0.05
7095,4307,159,1,11.9,0.0
7096,4308,158,1,28.13,0.0
7097,4309,161,2,31.02,0.1
7098,4309,167,1,60.83,0.05
7099,4310,26,1,597.08,0.0
7100,4311,98,1,218.62,0.0
7101,4311,32,1,856.17,0.0
7102,4312,171,2,41.81,0.05
7103,4313,121,1,434.1,0.0
7104,4314,140,1,424.81,0.0
7105,4315,14,1,281.59,0.0
7106,4316,11,2,475.41,0.0
7107,4316,21,1,543.57,0.05
7108,4316,170,1,27.31,0.0
7109,4317,11,1,475.41,0.0
7110,4318,14,2,281.59,0.05
7111,4319,5,1,983.84,0.05
7112,4320,82,2,159.8,0.0
7113,4320,161,1,31.02,0.0
7114,4321,122,1,25.6,0.0
7115,4321,127,2,389.57,0.0
7116,4322,23,1,282.23,0.0
7117,4323,26,1,597.08,0.0
7118,4324,169,2,43.99,0.0
7119,4325,82,1,159.8,0.0
7120,4326,94,1,206.74,0.05
7121,4327,8,2,410.45,0.1
7122,4327,165,1,11.79,0.0
7123,4327,39,1,730.27,0.0
7124,4327,107,3,206.43,0.0
7125,4328,102,1,49.71,0.0
7126,4329,131,1,602.2,0.05
7127,4329,56,1,580.05,0.0
7128,4330,95,1,53.11,0.0
7129,4331,114,3,233.3,0.05
7130,4332,27,2,526.29,0.0
7131,4333,10,2,496.76,0.15
7132,4334,1,1,231.51,0.0
7133,4334,96,2,285.92,0.0
7134,4334,160,1,54.58,0.0
7135,4335,23,1,282.23,0.0
7136,4336,1,1,231.51,0.0
7137,4337,102,1,49.71,0.0
7138,4337,110,1,301.79,0.0
7139,4338,64,1,262.34,0.05
7140,4339,1,2,231.51,0.0
7141,4340,8,1,410.45,0.0
7142,4341,52,1,947.35,0.05
7143,4341,90,1,92.0,0.0
7144,4342,17,1,1330.67,0.1
7145,4343,38,1,846.62,0.0
7146,4343,58,1,407.29,0.0
7147,4344,47,2,2343.1,0.0
7148,4344,2,3,240.32,0.05
7149,4345,24,1,496.62,0.0
7150,4346,24,1,496.62,0.05
7151,4346,13,1,861.38,0.0
7152,4346,12,3,899.67,0.0
7153,4346,139,1,280.41,0.0
7154,4347,35,1,482.46,0.05
7155,4348,37,1,2349.94,0.0
7156,4348,25,1,900.0,0.1
7157,4349,148,1,174.44,0.0
7158,4350,153,1,58.82,0.0
7159,4351,48,1,775.66,0.1
7160,4351,102,2,49.71,0.0
7161,4352,45,1,1559.3,0.0
7162,4353,133,3,588.67,0.05
7163,4353,31,1,1861.84,0.0
7164,4353,5,1,983.84,0.15
7165,4353,119,1,264.87,0.05
7166,4354,78,1,274.78,0.0
7167,4354,167,2,60.83,0.0
7168,4355,64,1,262.34,0.0
7169,4356,143,1,624.59,0.05
7170,4356,159,1,11.9,0.0
7171,4357,7,1,1203.99,0.0
7172,4357,11,1,475.41,0.0
7173,4357,87,2,255.5,0.0
7174,4358,156,2,38.57,0.0
7175,4359,88,2,46.08,0.0
7176,4360,1,1,231.51,0.05
7177,4361,35,1,482.46,0.05
7178,4361,160,1,54.58,0.0
7179,4361,11,1,475.41,0.0
7180,4362,174,1,64.3,0.0
7181,4362,26,2,597.08,0.05
7182,4363,174,1,64.3,0.05
7183,4363,41,1,970.93,0.0
7184,4363,166,1,58.4,0.05
7185,4364,142,3,116.01,0.05
7186,4365,46,1,1831.34,0.0
7187,4366,26,3,597.08,0.0
7188,4366,44,1,633.94,0.05
7189,4366,69,1,502.41,0.05
7190,4367,173,1,47.43,0.0
7191,4367,4,1,560.23,0.0
7192,4368,22,1,1492.69,0.0
7193,4369,98,2,218.62,0.2
7194,4370,143,1,624.59,0.0
7195,4370,39,1,730.27,0.0
7196,4371,52,1,947.35,0.0
7197,4372,146,1,78.96,0.0
7198,4372,33,1,1625.77,0.0
7199,4373,28,1,784.32,0.0
7200,4373,128,1,367.46,0.0
7201,4374,122,1,25.6,0.0
7202,4375,171,1,41.81,0.1
7203,4375,133,1,588.67,0.0
7204,4376,14,1,281.59,0.0
7205,4377,165,3,11.79,0.0
7206,4377,156,2,38.57,0.0
7207,4377,160,1,54.58,0.0
7208,4378,140,1,424.81,0.05
7209,4378,77,1,173.17,0.05
7210,4378,75,3,548.76,0.0
7211,4379,158,1,28.13,0.0
7212,4379,174,1,64.3,0.0
7213,4379,83,1,220.71,0.0
7214,4380,34,1,542.89,0.1
7215,4381,39,1,730.27,0.0
7216,4382,29,1,2154.66,0.1
7217,4382,169,1,43.99,0.0
7218,4382,101,1,303.31,0.0
7219,4383,92,1,113.95,0.0
7220,4383,14,1,281.59,0.15
7221,4383,82,1,159.8,0.05
7222,4383,174,1,64.3,0.0
7223,4384,26,1,597.08,0.0
7224,4385,55,2,458.59,0.05
7225,4386,67,1,755.51,0.05
7226,4387,103,1,220.54,0.0
7227,4387,105,1,432.62,0.2
7228,4387,134,1,448.79,0.0
7229,4388,91,1,261.69,0.0
7230,4389,67,2,755.51,0.0
7231,4390,1,1,231.51,0.0
7232,4391,115,3,215.42,0.0
7233,4391,151,1,6.17,0.0
7234,4391,14,1,281.59,0.0
7235,4391,7,1,1203.99,0.0
7236,4392,68,1,345.57,0.0
7237,4392,138,1,569.79,0.05
7238,4393,7,1,1203.99,0.05
7239,4393,123,2,287.0,0.0
7240,4394,126,1,635.26,0.0
7241,4394,46,2,1831.34,0.0
7242,4394,164,1,30.98,0.1
7243,4394,9,1,893.38,0.1
7244,4395,39,1,730.27,0.0
7245,4395,19,1,344.43,0.0
7246,4395,21,1,543.57,0.1
7247,4396,137,1,641.9,0.0
7248,4397,23,1,282.23,0.0
7249,4398,156,2,38.57,0.0
7250,4398,114,1,233.3,0.0
7251,4398,16,1,1438.96,0.0
7252,4399,31,1,1861.84,0.0
7253,4399,97,1,274.08,0.1
7254,4400,116,1,351.25,0.1
7255,4401,148,1,174.44,0.0
7256,4401,29,2,2154.66,0.0
7257,4402,6,1,580.13,0.05
7258,4402,23,1,282.23,0.2
7259,4402,38,1,846.62,0.1
7260,4403,42,1,926.35,0.0
7261,4404,158,2,28.13,0.1
7262,4404,20,1,1259.83,0.0
7263,4404,69,2,502.41,0.0
7264,4404,96,2,285.92,0.05
7265,4405,161,1,31.02,0.05
7266,4405,12,1,899.67,0.0
7267,4405,11,1,475.41,0.0
7268,4405,79,2,147.48,0.0
7269,4406,83,1,220.71,0.0
7270,4406,33,2,1625.77,0.15
7271,4407,162,1,67.56,0.0
7272,4407,22,1,1492.69,0.0
7273,4407,120,2,444.02,0.0
7274,4408,120,1,444.02,0.0
7275,4409,84,2,292.46,0.1
7276,4410,166,1,58.4,0.0
7277,4411,93,1,340.41,0.0
7278,4411,90,1,92.0,0.1
7279,4412,61,1,188.28,0.15
7280,4413,25,1,900.0,0.15
7281,4414,44,1,633.94,0.0
7282,4415,112,1,71.21,0.0
7283,4415,162,1,67.56,0.0
7284,4416,167,1,60.83,0.1
7285,4416,13,3,861.38,0.0
7286,4416,143,3,624.59,0.05
7287,4417,173,1,47.43,0.0
7288,4418,103,1,220.54,0.0
7289,4419,22,1,1492.69,0.05
7290,4420,28,1,784.32,0.0
7291,4421,135,1,635.25,0.0
7292,4422,26,1,597.08,0.1
7293,4422,35,1,482.46,0.0
7294,4423,174,1,64.3,0.1
7295,4424,17,1,1330.67,0.05
7296,4425,13,1,861.38,0.0
7297,4426,69,3,502.41,0.0
7298,4427,65,1,854.98,0.0
7299,4427,24,1,496.62,0.0
7300,4428,159,1,11.9,0.0
7301,4429,19,1,344.43,0.0
7302,4430,160,1,54.58,0.0
7303,4431,14,1,281.59,0.2
7304,4432,122,1,25.6,0.2
7305,4433,127,1,389.57,0.0
7306,4433,93,1,340.41,0.0
7307,4434,151,1,6.17,0.05
7308,4435,105,1,432.62,0.05
7309,4436,22,1,1492.69,0.0
7310,4436,79,1,147.48,0.0
7311,4437,27,1,526.29,0.0
7312,4438,32,1,856.17,0.1
7313,4439,92,1,113.95,0.2
7314,4440,56,1,580.05,0.05
7315,4441,10,1,496.76,0.0
7316,4442,23,1,282.23,0.0
7317,4442,46,2,1831.34,0.2
7318,4443,25,1,900.0,0.0
7319,4444,22,3,1492.69,0.0
7320,4444,40,2,1027.7,0.0
7321,4444,35,1,482.46,0.0
7322,4445,169,1,43.99,0.0
7323,4446,144,1,623.37,0.0
7324,4447,69,1,502.41,0.05
7325,4448,16,2,1438.96,0.05
7326,4449,151,1,6.17,0.0
7327,4449,128,1,367.46,0.05
7328,4450,170,1,27.31,0.15
7329,4451,16,1,1438.96,0.0
7330,4452,156,1,38.57,0.15
7331,4453,164,1,30.98,0.0
7332,4453,15,1,1175.14,0.0
7333,4454,167,2,60.83,0.0
7334,4455,171,1,41.81,0.0
7335,4456,169,1,43.99,0.0
7336,4457,171,1,41.81,0.0
7337,4458,133,2,588.67,0.0
7338,4458,7,1,1203.99,0.0
7339,4459,82,1,159.8,0.1
7340,4459,173,1,47.43,0.0
7341,4460,53,1,656.09,0.0
7342,4460,10,1,496.76,0.05
7343,4461,116,1,351.25,0.1
7344,4461,71,2,564.0,0.1
7345,4461,33,3,1625.77,0.1
7346,4462,4,1,560.23,0.0
7347,4463,158,2,28.13,0.05
7348,4464,66,1,862.88,0.0
7349,4465,88,1,46.08,0.0
7350,4465,28,2,784.32,0.2
7351,4466,23,1,282.23,0.05
7352,4466,164,2,30.98,0.0
7353,4467,14,1,281.59,0.05
7354,4468,122,1,25.6,0.05
7355,4468,29,1,2154.66,0.0
7356,4469,5,1,983.84,0.1
7357,4470,135,1,635.25,0.0
7358,4471,21,2,543.57,0.0
7359,4472,29,2,2154.66,0.0
7360,4473,115,1,215.42,0.0
7361,4474,47,2,2343.1,0.0
7362,4475,66,2,862.88,0.0
7363,4476,173,1,47.43,0.1
7364,4477,122,1,25.6,0.0
7365,4478,13,1,861.38,0.0
7366,4478,39,2,730.27,0.0
7367,4478,33,1,1625.77,0.0
7368,4478,155,1,28.84,0.0
7369,4479,7,1,1203.99,0.2
7370,4479,10,2,496.76,0.1
7371,4479,25,1,900.0,0.0
7372,4480,144,1,623.37,0.05
7373,4480,27,1,526.29,0.0
7374,4481,47,1,2343.1,0.1
7375,4482,24,1,496.62,0.0
7376,4483,1,1,231.51,0.0
7377,4484,94,1,206.74,0.0
7378,4485,114,2,233.3,0.0
7379,4486,44,1,633.94,0.0
7380,4487,121,1,434.1,0.05
7381,4488,46,1,1831.34,0.05
7382,4489,168,1,35.65,0.2
7383,4489,131,1,602.2,0.15
7384,4490,20,1,1259.83,0.0
7385,4490,3,3,744.38,0.0
7386,4491,43,1,1099.47,0.0
7387,4491,26,1,597.08,0.0
7388,4491,19,1,344.43,0.0
7389,4491,72,1,930.61,0.1
7390,4492,33,2,1625.77,0.0
7391,4492,11,1,475.41,0.15
7392,4493,67,2,755.51,0.0
7393,4494,49,2,2052.49,0.0
7394,4495,134,3,448.79,0.0
7395,4496,45,1,1559.3,0.0
7396,4497,156,1,38.57,0.1
7397,4498,29,1,2154.66,0.0
7398,4498,97,2,274.08,0.0
7399,4499,32,1,856.17,0.0
7400,4499,28,1,784.32,0.2
7401,4500,88,1,46.08,0.2
7402,4500,47,1,2343.1,0.05
7403,4501,79,1,147.48,0.0
7404,4501,158,1,28.13,0.0
7405,4502,11,1,475.41,0.0
7406,4502,10,1,496.76,0.0
7407,4502,5,3,983.84,0.05
7408,4502,34,1,542.89,0.0
7409,4503,16,1,1438.96,0.05
7410,4503,25,1,900.0,0.0
7411,4504,124,1,394.12,0.0
7412,4504,90,1,92.0,0.1
7413,4504,111,3,287.93,0.0
7414,4505,44,1,633.94,0.15
7415,4506,72,1,930.61,0.15
7416,4506,26,1,597.08,0.0
7417,4507,16,1,1438.96,0.0
7418,4507,27,1,526.29,0.2
7419,4507,14,1,281.59,0.0
7420,4508,1,1,231.51,0.0
7421,4508,107,2,206.43,0.0
7422,4509,49,1,2052.49,0.0
7423,4510,137,1,641.9,0.05
7424,4511,40,3,1027.7,0.0
7425,4512,152,2,38.17,0.0
7426,4513,2,2,240.32,0.15
7427,4513,162,1,67.56,0.1
7428,4513,144,1,623.37,0.0
7429,4514,5,2,983.84,0.05
7430,4515,156,1,38.57,0.2
7431,4515,67,1,755.51,0.1
7432,4516,152,1,38.17,0.0
7433,4516,17,1,1330.67,0.0
7434,4516,20,2,1259.83,0.0
7435,4517,133,1,588.67,0.05
7436,4518,126,1,635.26,0.0
7437,4518,98,1,218.62,0.0
7438,4519,39,1,730.27,0.0
7439,4519,52,1,947.35,0.0
7440,4520,2,2,240.32,0.1
7441,4521,32,2,856.17,0.0
7442,4521,160,1,54.58,0.0
7443,4522,151,1,6.17,0.0
7444,4523,155,1,28.84,0.0
7445,4523,80,1,299.0,0.1
7446,4524,77,1,173.17,0.0
7447,4525,89,2,157.12,0.0
7448,4526,157,2,70.72,0.0
7449,4527,92,1,113.95,0.05
7450,4527,38,1,846.62,0.0
7451,4527,41,1,970.93,0.05
7452,4528,48,1,775.66,0.1
7453,4529,38,1,846.62,0.05
7454,4529,168,2,35.65,0.05
7455,4529,10,1,496.76,0.0
7456,4529,17,2,1330.67,0.0
7457,4530,168,1,35.65,0.0
7458,4530,2,1,240.32,0.05
7459,4531,17,1,1330.67,0.0
7460,4532,137,1,641.9,0.0
7461,4533,36,2,1805.42,0.05
7462,4533,38,1,846.62,0.05
7463,4533,154,2,67.7,0.2
7464,4534,113,1,24.88,0.0
7465,4535,54,2,913.58,0.05
7466,4536,147,2,462.52,0.0
7467,4537,170,1,27.31,0.1
7468,4538,29,1,2154.66,0.05
7469,4538,160,1,54.58,0.0
7470,4538,12,2,899.67,0.0
7471,4538,167,1,60.83,0.05
7472,4539,147,1,462.52,0.0
7473,4539,161,1,31.02,0.0
7474,4539,7,1,1203.99,0.1
7475,4540,109,1,214.58,0.0
7476,4541,152,1,38.17,0.1
7477,4542,91,2,261.69,0.0
7478,4543,111,2,287.93,0.2
7479,4544,41,1,970.93,0.0
7480,4545,109,1,214.58,0.05
7481,4545,10,1,496.76,0.05
7482,4546,14,1,281.59,0.0
7483,4546,44,2,633.94,0.05
7484,4547,67,1,755.51,0.05
7485,4547,20,2,1259.83,0.0
7486,4548,152,2,38.17,0.05
7487,4549,119,1,264.87,0.05
7488,4550,40,2,1027.7,0.0
7489,4550,12,1,899.67,0.0
7490,4551,162,3,67.56,0.05
7491,4551,95,1,53.11,0.1
7492,4552,149,1,559.5,0.0
7493,4552,148,2,174.44,0.0
7494,4552,95,1,53.11,0.0
7495,4553,1,1,231.51,0.0
7496,4553,165,1,11.79,0.1
7497,4553,55,3,458.59,0.05
7498,4554,48,1,775.66,0.0
7499,4555,103,1,220.54,0.0
7500,4556,22,1,1492.69,0.0
7501,4557,70,1,554.43,0.15
7502,4557,45,1,1559.3,0.0
7503,4558,3,2,744.38,0.2
7504,4558,94,1,206.74,0.0
7505,4559,174,1,64.3,0.05
7506,4559,46,1,1831.34,0.0
7507,4559,15,1,1175.14,0.15
7508,4559,159,1,11.9,0.1
7509,4560,1,1,231.51,0.0
7510,4561,69,1,502.41,0.0
7511,4562,13,1,861.38,0.0
7512,4563,137,1,641.9,0.0
7513,4564,138,2,569.79,0.05
7514,4564,155,1,28.84,0.0
7515,4565,40,1,1027.7,0.1
7516,4566,42,1,926.35,0.1
7517,4567,174,2,64.3,0.0
7518,4567,77,1,173.17,0.0
7519,4568,110,1,301.79,0.05
7520,4568,126,2,635.26,0.0
7521,4569,111,1,287.93,0.0
7522,4569,169,1,43.99,0.0
7523,4570,68,1,345.57,0.0
7524,4570,60,1,228.38,0.0
7525,4571,37,2,2349.94,0.0
7526,4572,31,1,1861.84,0.0
7527,4573,35,2,482.46,0.0
7528,4574,83,1,220.71,0.0
7529,4575,143,1,624.59,0.0
7530,4576,96,1,285.92,0.05
7531,4577,173,1,47.43,0.0
7532,4578,116,1,351.25,0.05
7533,4578,119,1,264.87,0.0
7534,4579,17,1,1330.67,0.0
7535,4579,32,2,856.17,0.1
7536,4580,152,1,38.17,0.05
7537,4580,146,2,78.96,0.0
7538,4581,33,2,1625.77,0.0
7539,4582,8,2,410.45,0.0
7540,4582,46,1,1831.34,0.1
7541,4583,173,1,47.43,0.1
7542,4584,113,2,24.88,0.0
7543,4585,145,1,182.4,0.05
7544,4586,45,1,1559.3,0.15
7545,4587,27,1,526.29,0.05
7546,4587,87,1,255.5,0.05
7547,4588,3,1,744.38,0.0
7548,4588,42,1,926.35,0.1
7549,4588,19,2,344.43,0.0
7550,4588,84,1,292.46,0.0
7551,4589,110,2,301.79,0.0
7552,4590,164,1,30.98,0.0
7553,4591,75,3,548.76,0.0
7554,4592,23,2,282.23,0.2
7555,4593,94,1,206.74,0.05
7556,4593,10,2,496.76,0.0
7557,4593,7,1,1203.99,0.0
7558,4593,110,3,301.79,0.0
7559,4594,162,1,67.56,0.05
7560,4594,22,1,1492.69,0.0
7561,4594,164,1,30.98,0.0
7562,4595,103,2,220.54,0.0
7563,4595,161,1,31.02,0.2
7564,4595,141,1,622.59,0.2
7565,4596,124,1,394.12,0.05
7566,4596,77,1,173.17,0.0
7567,4597,1,1,231.51,0.05
7568,4598,63,1,335.01,0.0
7569,4599,156,1,38.57,0.05
7570,4600,13,2,861.38,0.0
7571,4600,56,1,580.05,0.15
7572,4601,85,2,180.1,0.0
7573,4601,155,2,28.84,0.0
7574,4601,48,1,775.66,0.0
7575,4601,121,1,434.1,0.0
7576,4602,19,1,344.43,0.0
7577,4603,19,1,344.43,0.1
7578,4604,7,1,1203.99,0.0
7579,4604,144,1,623.37,0.0
7580,4604,65,1,854.98,0.15
7581,4604,1,2,231.51,0.0
7582,4605,63,1,335.01,0.0
7583,4605,13,1,861.38,0.0
7584,4606,97,2,274.08,0.1
7585,4606,112,1,71.21,0.1
7586,4607,13,3,861.38,0.0
7587,4608,120,1,444.02,0.0
7588,4609,168,1,35.65,0.05
7589,4609,45,1,1559.3,0.05
7590,4610,57,1,714.19,0.0
7591,4611,108,2,387.83,0.0
7592,4611,3,1,744.38,0.0
7593,4612,34,1,542.89,0.1
7594,4613,143,1,624.59,0.0
7595,4613,103,1,220.54,0.0
7596,4613,6,1,580.13,0.1
7597,4613,8,2,410.45,0.0
7598,4614,123,1,287.0,0.15
7599,4615,83,2,220.71,0.05
7600,4615,4,1,560.23,0.15
7601,4616,108,1,387.83,0.0
7602,4617,62,1,759.59,0.1
7603,4618,9,1,893.38,0.0
7604,4619,24,1,496.62,0.15
7605,4619,11,1,475.41,0.0
7606,4620,23,1,282.23,0.15
7607,4621,45,1,1559.3,0.15
7608,4622,5,1,983.84,0.0
7609,4623,124,1,394.12,0.0
7610,4624,14,1,281.59,0.1
7611,4624,164,2,30.98,0.0
7612,4625,160,1,54.58,0.0
7613,4625,59,1,723.28,0.0
7614,4625,137,1,641.9,0.05
7615,4626,36,1,1805.42,0.0
7616,4627,23,1,282.23,0.0
7617,4627,4,1,560.23,0.0
7618,4628,138,1,569.79,0.0
7619,4629,99,2,73.05,0.0
7620,4630,37,2,2349.94,0.05
7621,4631,104,1,276.16,0.0
7622,4631,56,1,580.05,0.0
7623,4632,3,1,744.38,0.0
7624,4632,10,1,496.76,0.0
7625,4632,52,2,947.35,0.1
7626,4633,119,1,264.87,0.0
7627,4633,60,1,228.38,0.0
7628,4634,31,2,1861.84,0.1
7629,4635,6,1,580.13,0.05
7630,4635,115,1,215.42,0.0
7631,4636,43,1,1099.47,0.0
7632,4637,22,1,1492.69,0.1
7633,4638,90,2,92.0,0.1
7634,4639,158,1,28.13,0.0
7635,4639,6,1,580.13,0.0
7636,4640,63,1,335.01,0.0
7637,4640,46,1,1831.34,0.05
7638,4640,110,1,301.79,0.0
7639,4641,167,1,60.83,0.0
7640,4642,149,1,559.5,0.0
7641,4643,7,1,1203.99,0.0
7642,4644,63,1,335.01,0.05
7643,4645,29,1,2154.66,0.15
7644,4645,165,1,11.79,0.1
7645,4645,97,1,274.08,0.0
7646,4645,126,1,635.26,0.0
7647,4646,105,1,432.62,0.0
7648,4646,38,1,846.62,0.0
7649,4647,36,1,1805.42,0.0
7650,4648,36,2,1805.42,0.0
7651,4648,135,1,635.25,0.0
7652,4648,102,2,49.71,0.0
7653,4649,15,2,1175.14,0.05
7654,4650,101,2,303.31,0.0
7655,4650,137,1,641.9,0.0
7656,4650,1,1,231.51,0.05
7657,4651,174,1,64.3,0.1
7658,4651,168,1,35.65,0.05
7659,4652,1,1,231.51,0.0
7660,4652,159,2,11.9,0.0
7661,4653,90,1,92.0,0.05
7662,4653,92,1,113.95,0.0
7663,4654,99,1,73.05,0.0
7664,4655,173,1,47.43,0.05
7665,4655,3,1,744.38,0.05
7666,4656,121,1,434.1,0.15
7667,4657,168,1,35.65,0.0
7668,4657,14,2,281.59,0.0
7669,4658,80,2,299.0,0.0
7670,4659,101,2,303.31,0.0
7671,4660,40,1,1027.7,0.1
7672,4660,8,1,410.45,0.1
7673,4661,118,2,227.27,0.0
7674,4661,143,2,624.59,0.0
7675,4662,35,1,482.46,0.0
7676,4662,173,1,47.43,0.0
7677,4663,9,1,893.38,0.0
7678,4664,170,1,27.31,0.0
7679,4664,155,1,28.84,0.15
7680,4665,148,2,174.44,0.0
7681,4665,29,1,2154.66,0.1
7682,4665,167,1,60.83,0.05
7683,4665,173,2,47.43,0.05
7684,4666,170,1,27.31,0.0
7685,4666,6,2,580.13,0.05
7686,4666,161,1,31.02,0.05
7687,4667,8,1,410.45,0.1
7688,4668,174,2,64.3,0.0
7689,4668,5,1,983.84,0.0
7690,4668,84,1,292.46,0.0
7691,4669,40,1,1027.7,0.0
7692,4669,17,1,1330.67,0.1
7693,4669,55,1,458.59,0.1
7694,4670,6,1,580.13,0.0
7695,4670,12,1,899.67,0.0
7696,4670,7,2,1203.99,0.0
7697,4671,22,1,1492.69,0.1
7698,4672,157,3,70.72,0.0
7699,4672,175,1,37.24,0.1
7700,4672,153,1,58.82,0.0
7701,4672,117,1,331.2,0.2
7702,4673,99,1,73.05,0.0
7703,4673,47,1,2343.1,0.0
7704,4673,68,1,345.57,0.0
7705,4673,10,1,496.76,0.15
7706,4674,17,1,1330.67,0.0
7707,4675,31,1,1861.84,0.0
7708,4675,137,2,641.9,0.0
7709,4675,15,1,1175.14,0.0
7710,4676,59,1,723.28,0.1
7711,4676,121,1,434.1,0.0
7712,4677,51,1,385.81,0.0
7713,4677,2,1,240.32,0.0
7714,4677,1,2,231.51,0.05
7715,4677,30,2,2294.13,0.0
7716,4678,146,2,78.96,0.1
7717,4679,105,1,432.62,0.0
7718,4680,101,1,303.31,0.05
7719,4681,46,1,1831.34,0.0
7720,4681,38,3,846.62,0.15
7721,4681,12,1,899.67,0.1
7722,4682,48,2,775.66,0.05
7723,4682,115,2,215.42,0.0
7724,4683,28,1,784.32,0.0
7725,4684,16,1,1438.96,0.0
7726,4684,21,2,543.57,0.0
7727,4684,85,1,180.1,0.0
7728,4685,44,2,633.94,0.0
7729,4685,28,2,784.32,0.0
7730,4686,97,2,274.08,0.05
7731,4686,144,1,623.37,0.1
7732,4686,72,1,930.61,0.0
7733,4686,25,1,900.0,0.0
7734,4687,146,2,78.96,0.0
7735,4687,164,3,30.98,0.05
7736,4688,162,1,67.56,0.05
7737,4688,143,2,624.59,0.05
7738,4689,108,3,387.83,0.0
7739,4690,9,2,893.38,0.0
7740,4690,28,1,784.32,0.0
7741,4690,108,1,387.83,0.0
7742,4690,33,1,1625.77,0.0
7743,4691,32,1,856.17,0.0
7744,4692,36,1,1805.42,0.1
7745,4693,164,1,30.98,0.0
7746,4693,23,1,282.23,0.0
7747,4693,84,1,292.46,0.1
7748,4694,113,1,24.88,0.0
7749,4694,160,1,54.58,0.0
7750,4695,52,1,947.35,0.0
7751,4696,174,1,64.3,0.05
7752,4697,8,1,410.45,0.0
7753,4698,160,1,54.58,0.0
7754,4699,49,1,2052.49,0.05
7755,4699,58,3,407.29,0.0
7756,4700,2,1,240.32,0.0
7757,4701,127,1,389.57,0.05
7758,4702,20,1,1259.83,0.15
7759,4702,146,1,78.96,0.05
7760,4703,17,1,1330.67,0.0
7761,4704,26,2,597.08,0.0
7762,4705,64,1,262.34,0.0
7763,4706,139,1,280.41,0.0
7764,4707,141,1,622.59,0.0
7765,4707,16,1,1438.96,0.05
7766,4707,60,1,228.38,0.0
7767,4708,116,1,351.25,0.0
7768,4708,148,3,174.44,0.0
7769,4709,120,1,444.02,0.0
7770,4709,65,2,854.98,0.0
7771,4710,7,1,1203.99,0.05
7772,4711,96,1,285.92,0.05
7773,4712,131,2,602.2,0.0
7774,4713,109,1,214.58,0.0
7775,4713,46,1,1831.34,0.1
7776,4713,61,1,188.28,0.0
7777,4713,21,1,543.57,0.15
7778,4714,108,1,387.83,0.0
7779,4715,23,1,282.23,0.0
7780,4716,23,1,282.23,0.15
7781,4716,32,2,856.17,0.0
7782,4716,16,1,1438.96,0.0
7783,4717,105,1,432.62,0.0
7784,4717,12,1,899.67,0.1
7785,4718,15,3,1175.14,0.0
7786,4719,22,1,1492.69,0.0
7787,4719,46,1,1831.34,0.15
7788,4720,42,3,926.35,0.0
7789,4721,170,2,27.31,0.0
7790,4721,142,1,116.01,0.1
7791,4722,124,1,394.12,0.0
7792,4722,12,1,899.67,0.1
7793,4723,160,1,54.58,0.0
7794,4723,8,1,410.45,0.0
7795,4724,66,1,862.88,0.0
7796,4725,15,3,1175.14,0.15
7797,4725,49,1,2052.49,0.0
7798,4726,67,1,755.51,0.05
7799,4726,131,2,602.2,0.05
7800,4727,94,1,206.74,0.0
7801,4727,159,2,11.9,0.0
7802,4728,84,1,292.46,0.05
7803,4729,151,1,6.17,0.0
7804,4729,28,2,784.32,0.0
7805,4730,78,1,274.78,0.0
7806,4730,102,1,49.71,0.0
7807,4731,146,1,78.96,0.0
7808,4731,63,1,335.01,0.05
7809,4732,21,1,543.57,0.0
7810,4733,41,1,970.93,0.0
7811,4734,110,1,301.79,0.0
7812,4735,77,2,173.17,0.0
7813,4736,149,2,559.5,0.1
7814,4737,8,2,410.45,0.0
7815,4738,11,1,475.41,0.0
7816,4738,153,3,58.82,0.0
7817,4738,135,1,635.25,0.1
7818,4739,37,1,2349.94,0.05
7819,4739,14,2,281.59,0.0
7820,4740,69,1,502.41,0.1
7821,4740,106,1,347.14,0.05
7822,4741,115,1,215.42,0.0
7823,4742,65,1,854.98,0.0
7824,4742,41,1,970.93,0.0
7825,4743,137,1,641.9,0.0
7826,4744,156,1,38.57,0.2
7827,4744,9,1,893.38,0.0
7828,4744,89,1,157.12,0.0
7829,4745,164,1,30.98,0.1
7830,4746,29,3,2154.66,0.0
7831,4747,113,2,24.88,0.0
7832,4747,35,1,482.46,0.0
7833,4747,153,1,58.82,0.0
7834,4748,14,1,281.59,0.1
7835,4748,1,2,231.51,0.0
7836,4749,43,2,1099.47,0.05
7837,4750,5,3,983.84,0.0
7838,4750,30,1,2294.13,0.0
7839,4751,123,1,287.0,0.05
7840,4752,128,1,367.46,0.0
7841,4752,40,1,1027.7,0.15
7842,4752,139,1,280.41,0.0
7843,4753,63,1,335.01,0.0
7844,4753,48,1,775.66,0.0
7845,4753,79,2,147.48,0.0
7846,4754,156,2,38.57,0.15
7847,4755,31,1,1861.84,0.0
7848,4755,174,1,64.3,0.0
7849,4756,102,2,49.71,0.0
7850,4757,91,1,261.69,0.0
7851,4757,116,3,351.25,0.05
7852,4757,162,1,67.56,0.0
7853,4757,110,1,301.79,0.0
7854,4758,80,1,299.0,0.0
7855,4758,12,1,899.67,0.0
7856,4758,111,2,287.93,0.0
7857,4759,6,1,580.13,0.0
7858,4760,5,1,983.84,0.0
7859,4760,51,1,385.81,0.1
7860,4761,154,1,67.7,0.0
7861,4762,147,1,462.52,0.0
7862,4762,7,3,1203.99,0.05
7863,4762,148,2,174.44,0.0
7864,4763,82,1,159.8,0.05
7865,4763,7,1,1203.99,0.0
7866,4763,70,1,554.43,0.15
7867,4764,91,1,261.69,0.0
7868,4765,33,1,1625.77,0.0
7869,4766,11,1,475.41,0.05
7870,4767,62,1,759.59,0.0
7871,4767,98,1,218.62,0.05
7872,4768,97,1,274.08,0.0
7873,4769,100,2,92.31,0.0
7874,4770,96,1,285.92,0.0
7875,4771,25,1,900.0,0.2
7876,4771,5,1,983.84,0.0
7877,4771,67,1,755.51,0.0
7878,4772,69,1,502.41,0.2
7879,4772,159,1,11.9,0.0
7880,4773,49,1,2052.49,0.0
7881,4773,1,2,231.51,0.0
7882,4773,146,1,78.96,0.15
7883,4773,95,1,53.11,0.1
7884,4774,31,1,1861.84,0.0
7885,4775,144,1,623.37,0.0
7886,4775,23,2,282.23,0.0
7887,4775,51,1,385.81,0.05
7888,4775,43,1,1099.47,0.0
7889,4776,21,1,543.57,0.0
7890,4776,87,1,255.5,0.0
7891,4777,1,1,231.51,0.05
7892,4778,102,1,49.71,0.0
7893,4778,19,1,344.43,0.0
7894,4779,110,2,301.79,0.0
7895,4780,62,1,759.59,0.0
7896,4781,122,1,25.6,0.0
7897,4782,35,2,482.46,0.2
7898,4783,27,1,526.29,0.0
7899,4783,85,1,180.1,0.0
7900,4784,16,2,1438.96,0.0
7901,4784,59,1,723.28,0.1
7902,4784,124,3,394.12,0.0
7903,4785,100,2,92.31,0.0
7904,4786,117,1,331.2,0.0
7905,4787,152,1,38.17,0.0
7906,4787,38,1,846.62,0.0
7907,4788,22,1,1492.69,0.0
7908,4788,16,1,1438.96,0.0
7909,4789,2,1,240.32,0.0
7910,4789,45,1,1559.3,0.0
7911,4790,156,2,38.57,0.2
7912,4790,124,1,394.12,0.05
7913,4790,8,2,410.45,0.0
7914,4791,20,1,1259.83,0.05
7915,4791,39,2,730.27,0.0
7916,4792,14,2,281.59,0.05
7917,4792,41,1,970.93,0.1
7918,4793,91,1,261.69,0.0
7919,4793,49,1,2052.49,0.0
7920,4794,38,2,846.62,0.0
7921,4795,161,1,31.02,0.0
7922,4795,24,1,496.62,0.05
7923,4795,56,1,580.05,0.0
7924,4796,96,1,285.92,0.1
7925,4796,170,1,27.31,0.0
7926,4797,84,2,292.46,0.0
7927,4798,120,1,444.02,0.05
7928,4799,165,1,11.79,0.0
7929,4800,98,2,218.62,0.0
7930,4801,58,1,407.29,0.0
7931,4802,3,1,744.38,0.1
7932,4803,126,1,635.26,0.0
7933,4804,30,1,2294.13,0.0
7934,4805,110,2,301.79,0.0
7935,4805,137,1,641.9,0.0
7936,4806,80,1,299.0,0.05
7937,4807,17,1,1330.67,0.0
7938,4807,27,2,526.29,0.0
7939,4808,101,3,303.31,0.0
7940,4809,133,1,588.67,0.0
7941,4810,55,1,458.59,0.0
7942,4811,59,1,723.28,0.0
7943,4811,6,1,580.13,0.2
7944,4812,166,2,58.4,0.0
7945,4812,23,1,282.23,0.0
7946,4813,160,1,54.58,0.0
7947,4814,149,2,559.5,0.05
7948,4815,14,1,281.59,0.05
7949,4816,156,2,38.57,0.15
7950,4817,119,1,264.87,0.15
7951,4817,167,1,60.83,0.0
7952,4817,3,1,744.38,0.1
7953,4818,36,1,1805.42,0.0
7954,4819,4,1,560.23,0.1
7955,4820,2,1,240.32,0.2
7956,4820,12,1,899.67,0.0
7957,4820,114,1,233.3,0.2
7958,4821,120,1,444.02,0.0
7959,4821,114,1,233.3,0.1
7960,4821,23,2,282.23,0.0
7961,4821,85,1,180.1,0.0
7962,4822,118,1,227.27,0.15
7963,4822,33,1,1625.77,0.05
7964,4822,66,1,862.88,0.0
7965,4823,74,2,435.88,0.1
7966,4823,120,1,444.02,0.0
7967,4823,84,3,292.46,0.0
7968,4824,91,2,261.69,0.0
7969,4824,157,1,70.72,0.0
7970,4824,41,1,970.93,0.0
7971,4825,79,1,147.48,0.05
7972,4826,25,1,900.0,0.0
7973,4826,145,1,182.4,0.05
7974,4827,26,1,597.08,0.0
7975,4827,162,1,67.56,0.0
7976,4827,24,1,496.62,0.15
7977,4828,113,1,24.88,0.0
7978,4829,39,1,730.27,0.0
7979,4830,41,1,970.93,0.2
7980,4830,164,1,30.98,0.0
7981,4831,117,3,331.2,0.0
7982,4832,25,3,900.0,0.2
7983,4832,164,2,30.98,0.0
7984,4832,43,1,1099.47,0.0
7985,4833,53,3,656.09,0.0
7986,4833,136,1,639.35,0.0
7987,4834,65,1,854.98,0.0
7988,4834,28,1,784.32,0.0
7989,4835,27,1,526.29,0.0
7990,4835,92,1,113.95,0.05
7991,4836,13,1,861.38,0.0
7992,4836,153,1,58.82,0.0
7993,4836,38,1,846.62,0.15
7994,4837,39,1,730.27,0.0
7995,4837,174,1,64.3,0.05
7996,4838,28,2,784.32,0.2
7997,4839,94,3,206.74,0.1
7998,4840,8,1,410.45,0.0
7999,4841,47,2,2343.1,0.2
8000,4842,40,1,1027.7,0.0
8001,4843,14,1,281.59,0.1
8002,4843,26,1,597.08,0.0
8003,4844,63,1,335.01,0.1
8004,4845,105,1,432.62,0.0
8005,4846,5,1,983.84,0.0
8006,4846,15,1,1175.14,0.1
8007,4847,101,2,303.31,0.0
8008,4848,88,1,46.08,0.0
8009,4848,36,1,1805.42,0.0
8010,4849,106,1,347.14,0.2
8011,4849,114,1,233.3,0.0
8012,4849,98,1,218.62,0.0
8013,4850,169,2,43.99,0.1
8014,4850,125,1,205.61,0.0
8015,4850,43,2,1099.47,0.0
8016,4850,152,1,38.17,0.0
8017,4851,30,2,2294.13,0.0
8018,4851,3,1,744.38,0.0
8019,4851,174,1,64.3,0.0
8020,4852,28,1,784.32,0.1
8021,4853,2,1,240.32,0.15
8022,4854,123,2,287.0,0.0
8023,4855,35,1,482.46,0.0
8024,4855,46,2,1831.34,0.0
8025,4855,136,2,639.35,0.0
8026,4856,19,1,344.43,0.0
8027,4857,11,2,475.41,0.05
8028,4857,170,1,27.31,0.15
8029,4857,1,1,231.51,0.05
8030,4858,33,1,1625.77,0.0
8031,4859,115,1,215.42,0.05
8032,4860,42,3,926.35,0.15
8033,4861,67,1,755.51,0.05
8034,4862,133,1,588.67,0.0
8035,4863,159,1,11.9,0.0
8036,4864,64,1,262.34,0.0
8037,4864,1,1,231.51,0.05
8038,4865,168,1,35.65,0.15
8039,4866,15,2,1175.14,0.1
8040,4866,13,2,861.38,0.0
8041,4867,13,3,861.38,0.05
8042,4868,23,1,282.23,0.0
8043,4868,36,1,1805.42,0.1
8044,4869,71,1,564.0,0.0
8045,4870,36,1,1805.42,0.1
8046,4870,20,1,1259.83,0.0
8047,4870,58,1,407.29,0.0
8048,4871,4,1,560.23,0.0
8049,4871,88,1,46.08,0.05
8050,4871,10,3,496.76,0.0
8051,4871,113,1,24.88,0.2
8052,4872,162,2,67.56,0.05
8053,4873,31,1,1861.84,0.0
8054,4874,26,1,597.08,0.0
8055,4875,135,1,635.25,0.0
8056,4875,162,1,67.56,0.0
8057,4876,175,1,37.24,0.05
8058,4877,25,1,900.0,0.1
8059,4878,94,1,206.74,0.0
8060,4879,55,1,458.59,0.0
8061,4880,166,1,58.4,0.0
8062,4881,11,1,475.41,0.0
8063,4881,170,2,27.31,0.0
8064,4882,33,1,1625.77,0.05
8065,4883,102,2,49.71,0.2
8066,4883,36,2,1805.42,0.0
8067,4883,48,2,775.66,0.1
8068,4884,9,2,893.38,0.0
8069,4884,169,2,43.99,0.05
8070,4884,36,1,1805.42,0.0
8071,4885,32,2,856.17,0.0
8072,4885,57,1,714.19,0.0
8073,4886,64,1,262.34,0.05
8074,4886,95,1,53.11,0.05
8075,4886,123,1,287.0,0.0
8076,4887,11,1,475.41,0.0
8077,4888,169,1,43.99,0.05
8078,4888,1,1,231.51,0.0
8079,4888,168,1,35.65,0.2
8080,4889,170,3,27.31,0.05
8081,4889,23,1,282.23,0.1
8082,4889,34,1,542.89,0.05
8083,4889,159,1,11.9,0.1
8084,4890,16,2,1438.96,0.0
8085,4891,26,1,597.08,0.0
8086,4891,3,1,744.38,0.15
8087,4892,70,2,554.43,0.0
8088,4893,175,1,37.24,0.0
8089,4893,106,2,347.14,0.0
8090,4893,25,1,900.0,0.0
8091,4894,49,1,2052.49,0.0
8092,4895,46,3,1831.34,0.0
8093,4896,140,1,424.81,0.0
8094,4897,134,2,448.79,0.0
8095,4897,14,2,281.59,0.0
8096,4897,34,1,542.89,0.0
8097,4897,54,1,913.58,0.0
8098,4898,140,3,424.81,0.0
8099,4899,80,1,299.0,0.0
8100,4900,118,1,227.27,0.0
8101,4900,155,1,28.84,0.0
8102,4901,8,3,410.45,0.0
8103,4902,159,2,11.9,0.15
8104,4903,157,1,70.72,0.1
8105,4904,123,1,287.0,0.0
8106,4904,99,2,73.05,0.05
8107,4905,43,2,1099.47,0.0
8108,4905,87,1,255.5,0.1
8109,4906,148,1,174.44,0.0
8110,4906,31,1,1861.84,0.0
8111,4906,16,1,1438.96,0.05
8112,4907,4,1,560.23,0.0
8113,4907,11,1,475.41,0.0
8114,4907,46,1,1831.34,0.1
8115,4908,49,1,2052.49,0.0
8116,4908,61,1,188.28,0.0
8117,4909,22,1,1492.69,0.05
8118,4910,54,1,913.58,0.2
8119,4910,71,1,564.0,0.15
8120,4910,166,1,58.4,0.0
8121,4911,155,1,28.84,0.0
8122,4912,99,2,73.05,0.1
8123,4912,144,1,623.37,0.0
8124,4913,135,1,635.25,0.0
8125,4913,55,3,458.59,0.0
8126,4913,67,2,755.51,0.0
8127,4913,49,1,2052.49,0.05
8128,4914,25,1,900.0,0.05
8129,4914,7,1,1203.99,0.0
8130,4915,112,1,71.21,0.0
8131,4915,157,3,70.72,0.0
8132,4915,20,2,1259.83,0.2
8133,4916,1,1,231.51,0.0
8134,4916,68,1,345.57,0.0
8135,4917,47,1,2343.1,0.1
8136,4917,38,2,846.62,0.0
8137,4918,21,1,543.57,0.0
8138,4919,124,2,394.12,0.1
8139,4920,101,1,303.31,0.1
8140,4921,115,2,215.42,0.2
8141,4921,131,1,602.2,0.0
8142,4922,88,1,46.08,0.0
8143,4922,134,2,448.79,0.0
8144,4922,159,1,11.9,0.0
8145,4923,12,1,899.67,0.0
8146,4924,95,2,53.11,0.0
8147,4924,14,1,281.59,0.0
8148,4925,102,2,49.71,0.1
8149,4926,7,1,1203.99,0.0
8150,4926,166,1,58.4,0.15
8151,4927,130,1,690.85,0.0
8152,4928,56,2,580.05,0.1
8153,4929,114,2,233.3,0.1
8154,4929,154,1,67.7,0.1
8155,4930,162,1,67.56,0.0
8156,4930,70,3,554.43,0.0
8157,4930,107,2,206.43,0.15
8158,4931,3,1,744.38,0.1
8159,4931,24,1,496.62,0.0
8160,4932,128,1,367.46,0.0
8161,4932,49,2,2052.49,0.1
8162,4932,166,1,58.4,0.0
8163,4932,48,1,775.66,0.1
8164,4933,53,2,656.09,0.0
8165,4934,123,1,287.0,0.05
8166,4934,35,3,482.46,0.0
8167,4934,93,1,340.41,0.0
8168,4935,20,1,1259.83,0.0
8169,4936,4,1,560.23,0.0
8170,4937,145,1,182.4,0.0
8171,4938,26,1,597.08,0.0
8172,4938,16,1,1438.96,0.0
8173,4938,66,2,862.88,0.0
8174,4938,62,1,759.59,0.0
8175,4939,55,1,458.59,0.0
8176,4939,92,1,113.95,0.0
8177,4939,51,1,385.81,0.0
8178,4940,106,1,347.14,0.15
8179,4941,100,1,92.31,0.0
8180,4942,148,1,174.44,0.05
8181,4943,140,1,424.81,0.0
8182,4943,6,1,580.13,0.0
8183,4944,39,1,730.27,0.0
8184,4945,2,1,240.32,0.0
8185,4946,35,1,482.46,0.0
8186,4947,22,1,1492.69,0.0
8187,4948,166,2,58.4,0.1
8188,4949,13,1,861.38,0.0
8189,4950,112,1,71.21,0.0
8190,4951,106,2,347.14,0.0
8191,4952,70,2,554.43,0.0
8192,4952,12,1,899.67,0.05
8193,4952,43,1,1099.47,0.0
8194,4952,151,1,6.17,0.0
8195,4953,74,1,435.88,0.0
8196,4954,156,2,38.57,0.0
8197,4954,108,1,387.83,0.0
8198,4954,161,1,31.02,0.2
8199,4955,30,3,2294.13,0.0
8200,4956,2,2,240.32,0.0
8201,4957,159,1,11.9,0.0
8202,4958,162,3,67.56,0.0
8203,4958,57,2,714.19,0.0
8204,4958,91,1,261.69,0.0
8205,4959,15,1,1175.14,0.0
8206,4960,78,1,274.78,0.05
8207,4961,69,1,502.41,0.0
8208,4961,74,1,435.88,0.0
8209,4962,39,1,730.27,0.0
8210,4962,22,1,1492.69,0.0
8211,4963,175,1,37.24,0.2
8212,4964,69,1,502.41,0.0
8213,4965,23,2,282.23,0.1
8214,4965,156,1,38.57,0.05
8215,4965,79,1,147.48,0.0
8216,4965,94,1,206.74,0.1
8217,4966,162,1,67.56,0.0
8218,4967,139,1,280.41,0.0
8219,4967,6,1,580.13,0.0
8220,4968,3,1,744.38,0.0
8221,4969,41,1,970.93,0.0
8222,4969,161,1,31.02,0.05
8223,4970,37,1,2349.94,0.0
8224,4971,155,1,28.84,0.0
8225,4972,16,1,1438.96,0.0
8226,4973,1,1,231.51,0.1
8227,4974,40,1,1027.7,0.0
8228,4975,174,1,64.3,0.0
8229,4976,82,1,159.8,0.0
8230,4977,30,2,2294.13,0.0
8231,4978,10,1,496.76,0.0
8232,4978,32,2,856.17,0.0
8233,4979,102,1,49.71,0.0
8234,4979,1,1,231.51,0.0
8235,4980,22,2,1492.69,0.0
8236,4980,17,2,1330.67,0.0
8237,4980,156,1,38.57,0.0
8238,4981,173,1,47.43,0.05
8239,4982,66,1,862.88,0.05
8240,4983,28,3,784.32,0.2
8241,4983,29,1,2154.66,0.15
8242,4983,105,1,432.62,0.0
8243,4983,131,1,602.2,0.0
8244,4984,44,2,633.94,0.0
8245,4985,28,1,784.32,0.0
8246,4986,75,1,548.76,0.0
8247,4986,14,2,281.59,0.0
8248,4986,105,1,432.62,0.0
8249,4987,39,1,730.27,0.1
8250,4988,17,1,1330.67,0.05
8251,4988,135,1,635.25,0.0
8252,4989,155,1,28.84,0.0
8253,4989,8,3,410.45,0.05
8254,4990,6,1,580.13,0.0
8255,4990,8,2,410.45,0.05
8256,4990,85,1,180.1,0.0
8257,4990,39,1,730.27,0.0
8258,4991,59,1,723.28,0.0
8259,4992,140,1,424.81,0.0
8260,4993,38,1,846.62,0.0
8261,4994,27,2,526.29,0.0
8262,4995,174,1,64.3,0.0
8263,4996,162,1,67.56,0.05
8264,4997,80,1,299.0,0.05
8265,4997,117,1,331.2,0.0
8266,4997,129,1,632.28,0.2
8267,4998,78,1,274.78,0.0
8268,4999,170,1,27.31,0.0
8269,5000,116,1,351.25,0.0
8270,5001,24,1,496.62,0.1
8271,5001,129,3,632.28,0.0
8272,5002,134,3,448.79,0.0
8273,5002,3,2,744.38,0.15
8274,5003,23,1,282.23,0.1
8275,5003,111,2,287.93,0.15
8276,5004,4,2,560.23,0.0
8277,5004,31,3,1861.84,0.0
8278,5004,41,1,970.93,0.2
8279,5005,41,1,970.93,0.0
8280,5005,16,1,1438.96,0.15
8281,5006,7,1,1203.99,0.0
8282,5007,82,1,159.8,0.05
8283,5008,156,2,38.57,0.0
8284,5008,61,1,188.28,0.1
8285,5008,74,1,435.88,0.0
8286,5009,19,1,344.43,0.1
8287,5010,35,1,482.46,0.0
8288,5010,67,2,755.51,0.0
8289,5011,12,1,899.67,0.05
8290,5011,15,1,1175.14,0.05
8291,5012,69,2,502.41,0.0
8292,5013,42,2,926.35,0.0
8293,5013,22,1,1492.69,0.0
8294,5014,157,2,70.72,0.0
8295,5015,162,1,67.56,0.0
8296,5016,7,1,1203.99,0.05
8297,5017,10,1,496.76,0.0
8298,5017,138,1,569.79,0.0
8299,5018,28,1,784.32,0.2
8300,5019,15,2,1175.14,0.0
8301,5019,28,1,784.32,0.0
8302,5020,126,1,635.26,0.0
8303,5020,14,1,281.59,0.2
8304,5021,132,1,684.44,0.0
8305,5022,156,1,38.57,0.0
8306,5023,171,2,41.81,0.0
8307,5024,1,1,231.51,0.0
8308,5025,23,1,282.23,0.05
8309,5026,95,1,53.11,0.0
8310,5026,104,1,276.16,0.0
8311,5027,49,1,2052.49,0.0
8312,5028,170,1,27.31,0.0
8313,5028,132,1,684.44,0.2
8314,5028,30,2,2294.13,0.0
8315,5029,147,1,462.52,0.1
8316,5029,142,1,116.01,0.0
8317,5030,37,1,2349.94,0.0
8318,5031,20,1,1259.83,0.0
8319,5032,149,3,559.5,0.05
8320,5032,90,1,92.0,0.0
8321,5032,152,2,38.17,0.0
8322,5033,144,1,623.37,0.15
8323,5034,155,1,28.84,0.05
8324,5035,91,2,261.69,0.0
8325,5036,148,1,174.44,0.0
8326,5037,41,1,970.93,0.0
8327,5038,67,3,755.51,0.0
8328,5038,68,2,345.57,0.0
8329,5038,111,1,287.93,0.2
8330,5039,135,2,635.25,0.0
8331,5039,5,1,983.84,0.2
8332,5040,29,1,2154.66,0.0
8333,5040,168,1,35.65,0.0
8334,5040,116,2,351.25,0.1
8335,5041,128,1,367.46,0.2
8336,5041,21,1,543.57,0.0
8337,5041,136,1,639.35,0.05
8338,5041,34,1,542.89,0.2
8339,5042,47,1,2343.1,0.0
8340,5043,49,1,2052.49,0.0
8341,5043,30,1,2294.13,0.0
8342,5044,17,1,1330.67,0.0
8343,5045,40,1,1027.7,0.05
8344,5046,138,1,569.79,0.0
8345,5047,17,1,1330.67,0.1
8346,5048,175,1,37.24,0.1
8347,5048,43,1,1099.47,0.1
8348,5049,32,1,856.17,0.0
8349,5049,95,1,53.11,0.0
8350,5050,165,1,11.79,0.0
8351,5051,89,1,157.12,0.0
8352,5052,129,1,632.28,0.0
8353,5053,10,1,496.76,0.0
8354,5053,28,2,784.32,0.05
8355,5054,27,1,526.29,0.05
8356,5055,39,1,730.27,0.05
8357,5055,40,2,1027.7,0.0
8358,5055,149,1,559.5,0.0
8359,5056,58,1,407.29,0.0
8360,5056,94,1,206.74,0.0
8361,5057,45,2,1559.3,0.0
8362,5057,115,3,215.42,0.0
8363,5057,9,2,893.38,0.0
8364,5058,40,1,1027.7,0.0
8365,5059,59,1,723.28,0.1
8366,5059,24,1,496.62,0.0
8367,5059,36,1,1805.42,0.0
8368,5060,24,1,496.62,0.05
8369,5060,29,1,2154.66,0.0
8370,5061,74,1,435.88,0.0
8371,5061,21,1,543.57,0.15
8372,5062,148,1,174.44,0.05
8373,5062,17,1,1330.67,0.0
8374,5062,6,1,580.13,0.0
8375,5063,67,1,755.51,0.1
8376,5063,31,2,1861.84,0.05
8377,5064,85,1,180.1,0.0
8378,5064,5,1,983.84,0.0
8379,5064,156,1,38.57,0.0
8380,5065,63,1,335.01,0.1
8381,5065,106,2,347.14,0.0
8382,5065,6,1,580.13,0.1
8383,5066,98,1,218.62,0.0
8384,5066,108,1,387.83,0.0
8385,5067,44,1,633.94,0.0
8386,5068,17,1,1330.67,0.0
8387,5069,27,2,526.29,0.0
8388,5070,174,2,64.3,0.05
8389,5070,120,1,444.02,0.0
8390,5071,140,1,424.81,0.0
8391,5071,44,1,633.94,0.0
8392,5072,19,2,344.43,0.05
8393,5073,3,1,744.38,0.0
8394,5073,32,1,856.17,0.0
8395,5073,29,1,2154.66,0.0
8396,5073,39,1,730.27,0.0
8397,5074,16,1,1438.96,0.05
8398,5075,104,1,276.16,0.1
8399,5076,106,1,347.14,0.0
8400,5077,91,1,261.69,0.1
8401,5077,49,2,2052.49,0.0
8402,5078,42,1,926.35,0.05
8403,5078,38,1,846.62,0.1
8404,5079,124,1,394.12,0.0
8405,5080,16,1,1438.96,0.15
8406,5080,33,1,1625.77,0.0
8407,5080,29,2,2154.66,0.05
8408,5081,21,2,543.57,0.1
8409,5081,7,1,1203.99,0.2
8410,5082,25,3,900.0,0.0
8411,5083,147,1,462.52,0.1
8412,5084,164,1,30.98,0.0
8413,5084,17,1,1330.67,0.0
8414,5085,45,2,1559.3,0.1
8415,5086,48,1,775.66,0.05
8416,5086,28,1,784.32,0.2
8417,5087,22,1,1492.69,0.05
8418,5088,100,1,92.31,0.0
8419,5088,139,1,280.41,0.2
8420,5088,12,1,899.67,0.0
8421,5089,34,1,542.89,0.0
8422,5090,123,1,287.0,0.0
8423,5091,166,1,58.4,0.0
8424,5092,34,1,542.89,0.0
8425,5092,59,2,723.28,0.05
8426,5093,8,1,410.45,0.2
8427,5094,57,2,714.19,0.0
8428,5095,10,2,496.76,0.15
8429,5096,6,1,580.13,0.1
8430,5096,12,1,899.67,0.0
8431,5096,34,2,542.89,0.0
8432,5097,136,1,639.35,0.0
8433,5098,168,1,35.65,0.05
8434,5098,61,1,188.28,0.0
8435,5098,22,2,1492.69,0.1
8436,5099,91,3,261.69,0.1
8437,5099,41,2,970.93,0.1
8438,5100,66,1,862.88,0.15
8439,5100,19,1,344.43,0.05
8440,5100,131,1,602.2,0.15
8441,5101,157,1,70.72,0.0
8442,5101,158,2,28.13,0.1
8443,5102,42,1,926.35,0.05
8444,5103,129,1,632.28,0.0
8445,5104,151,1,6.17,0.0
8446,5105,22,1,1492.69,0.0
8447,5105,64,1,262.34,0.0
8448,5105,7,2,1203.99,0.1
8449,5106,14,1,281.59,0.0
8450,5106,164,1,30.98,0.0
8451,5107,95,2,53.11,0.0
8452,5107,8,1,410.45,0.0
8453,5108,17,2,1330.67,0.0
8454,5108,69,1,502.41,0.0
8455,5108,48,1,775.66,0.05
8456,5109,20,1,1259.83,0.0
8457,5110,1,1,231.51,0.0
8458,5110,154,1,67.7,0.0
8459,5111,48,2,775.66,0.05
8460,5111,7,1,1203.99,0.0
8461,5112,115,1,215.42,0.0
8462,5112,169,1,43.99,0.05
8463,5113,92,2,113.95,0.0
8464,5113,21,2,543.57,0.1
8465,5114,11,1,475.41,0.1
8466,5115,128,1,367.46,0.0
8467,5115,87,1,255.5,0.0
8468,5115,95,1,53.11,0.15
8469,5116,40,2,1027.7,0.0
8470,5116,46,1,1831.34,0.05
8471,5116,45,2,1559.3,0.0
8472,5116,141,2,622.59,0.0
8473,5117,108,2,387.83,0.1
8474,5117,34,1,542.89,0.0
8475,5118,24,3,496.62,0.0
8476,5118,27,1,526.29,0.0
8477,5118,173,1,47.43,0.0
8478,5119,161,1,31.02,0.0
8479,5120,42,1,926.35,0.0
8480,5121,42,1,926.35,0.0
8481,5122,46,1,1831.34,0.05
8482,5123,34,1,542.89,0.0
8483,5124,11,1,475.41,0.15
8484,5125,153,1,58.82,0.0
8485,5125,46,1,1831.34,0.0
8486,5125,129,1,632.28,0.0
8487,5125,59,1,723.28,0.2
8488,5126,108,1,387.83,0.1
8489,5127,38,1,846.62,0.05
8490,5128,28,1,784.32,0.0
8491,5128,141,2,622.59,0.0
8492,5129,143,1,624.59,0.1
8493,5130,152,1,38.17,0.05
8494,5130,132,2,684.44,0.05
8495,5130,166,2,58.4,0.05
8496,5130,47,1,2343.1,0.0
8497,5131,87,1,255.5,0.0
8498,5131,20,1,1259.83,0.05
8499,5132,111,3,287.93,0.0
8500,5133,9,1,893.38,0.0
8501,5134,107,2,206.43,0.0
8502,5134,27,1,526.29,0.0
8503,5135,5,1,983.84,0.2
8504,5136,160,1,54.58,0.0
8505,5137,131,1,602.2,0.0
8506,5138,114,1,233.3,0.0
8507,5138,49,1,2052.49,0.0
8508,5139,8,1,410.45,0.15
8509,5140,2,1,240.32,0.05
8510,5141,5,1,983.84,0.1
8511,5142,99,2,73.05,0.0
8512,5142,21,1,543.57,0.0
8513,5143,153,1,58.82,0.05
8514,5143,98,2,218.62,0.0
8515,5143,145,3,182.4,0.1
8516,5143,59,1,723.28,0.05
8517,5144,22,1,1492.69,0.0
8518,5145,116,1,351.25,0.2
8519,5146,80,1,299.0,0.0
8520,5146,167,2,60.83,0.0
8521,5147,74,1,435.88,0.2
8522,5148,88,1,46.08,0.0
8523,5149,167,2,60.83,0.0
8524,5149,41,1,970.93,0.05
8525,5150,120,2,444.02,0.05
8526,5151,28,2,784.32,0.05
8527,5151,129,1,632.28,0.05
8528,5152,169,1,43.99,0.0
8529,5153,9,1,893.38,0.0
8530,5153,154,1,67.7,0.15
8531,5154,158,2,28.13,0.05
8532,5154,29,1,2154.66,0.0
8533,5155,141,1,622.59,0.05
8534,5155,101,1,303.31,0.0
8535,5156,99,1,73.05,0.05
8536,5156,10,1,496.76,0.0
8537,5157,43,1,1099.47,0.05
8538,5158,11,1,475.41,0.05
8539,5159,40,1,1027.7,0.0
8540,5160,68,1,345.57,0.0
8541,5160,34,1,542.89,0.0
8542,5161,32,1,856.17,0.0
8543,5161,119,1,264.87,0.15
8544,5162,160,1,54.58,0.05
8545,5162,165,2,11.79,0.0
8546,5162,88,1,46.08,0.0
8547,5163,43,1,1099.47,0.0
8548,5164,101,2,303.31,0.0
8549,5164,97,1,274.08,0.15
8550,5165,160,1,54.58,0.05
8551,5166,155,3,28.84,0.0
8552,5167,48,1,775.66,0.0
8553,5168,69,1,502.41,0.05
8554,5169,151,1,6.17,0.1
8555,5169,85,1,180.1,0.0
8556,5169,156,1,38.57,0.0
8557,5170,136,1,639.35,0.0
8558,5171,112,1,71.21,0.1
8559,5172,30,1,2294.13,0.05
8560,5173,9,1,893.38,0.0
8561,5173,35,2,482.46,0.05
8562,5174,6,1,580.13,0.0
8563,5174,27,1,526.29,0.0
8564,5174,32,1,856.17,0.0
8565,5175,164,2,30.98,0.0
8566,5176,144,3,623.37,0.0
8567,5177,128,1,367.46,0.2
8568,5178,115,2,215.42,0.0
8569,5178,4,2,560.23,0.0
8570,5179,25,3,900.0,0.0
8571,5180,4,1,560.23,0.0
8572,5181,118,2,227.27,0.1
8573,5181,54,1,913.58,0.2
8574,5182,37,1,2349.94,0.05
8575,5183,1,1,231.51,0.0
8576,5184,153,1,58.82,0.0
8577,5184,13,1,861.38,0.0
8578,5184,91,1,261.69,0.0
8579,5184,42,3,926.35,0.15
8580,5185,123,2,287.0,0.0
8581,5186,27,3,526.29,0.0
8582,5187,11,2,475.41,0.2
8583,5188,21,1,543.57,0.0
8584,5188,164,1,30.98,0.0
8585,5189,132,1,684.44,0.0
8586,5189,105,2,432.62,0.0
8587,5189,71,1,564.0,0.15
8588,5190,57,1,714.19,0.0
8589,5190,121,1,434.1,0.0
8590,5190,73,1,264.34,0.05
8591,5190,7,1,1203.99,0.2
8592,5191,110,1,301.79,0.05
8593,5192,160,2,54.58,0.2
8594,5192,113,1,24.88,0.05
8595,5192,119,1,264.87,0.1
8596,5192,166,1,58.4,0.0
8597,5193,131,1,602.2,0.2
8598,5193,74,1,435.88,0.0
8599,5193,109,1,214.58,0.15
8600,5194,20,1,1259.83,0.0
8601,5195,146,1,78.96,0.2
8602,5195,121,1,434.1,0.0
8603,5196,146,3,78.96,0.05
8604,5196,23,1,282.23,0.0
8605,5196,73,3,264.34,0.2
8606,5197,153,1,58.82,0.15
8607,5197,35,1,482.46,0.0
8608,5198,145,1,182.4,0.0
8609,5199,96,2,285.92,0.0
8610,5199,103,1,220.54,0.0
8611,5199,122,1,25.6,0.0
8612,5200,155,1,28.84,0.1
8613,5201,175,1,37.24,0.0
8614,5202,111,1,287.93,0.0
8615,5203,46,1,1831.34,0.0
8616,5204,16,1,1438.96,0.0
8617,5204,28,1,784.32,0.0
8618,5205,12,1,899.67,0.0
8619,5206,68,1,345.57,0.1
8620,5207,154,1,67.7,0.0
8621,5207,152,3,38.17,0.05
8622,5208,130,1,690.85,0.0
8623,5209,152,1,38.17,0.05
8624,5209,59,1,723.28,0.0
8625,5209,102,1,49.71,0.15
8626,5210,9,1,893.38,0.0
8627,5211,49,1,2052.49,0.0
8628,5211,105,1,432.62,0.0
8629,5212,79,3,147.48,0.0
8630,5213,19,1,344.43,0.1
8631,5213,170,1,27.31,0.0
8632,5214,104,1,276.16,0.05
8633,5214,19,1,344.43,0.0
8634,5215,46,1,1831.34,0.2
8635,5215,15,1,1175.14,0.0
8636,5216,7,2,1203.99,0.0
8637,5216,97,2,274.08,0.05
8638,5216,61,2,188.28,0.0
8639,5217,8,2,410.45,0.2
8640,5217,11,1,475.41,0.0
8641,5217,175,1,37.24,0.0
8642,5218,62,1,759.59,0.05
8643,5219,89,1,157.12,0.0
8644,5220,99,1,73.05,0.05
8645,5220,15,1,1175.14,0.1
8646,5220,64,1,262.34,0.0
8647,5221,136,1,639.35,0.0
8648,5221,90,1,92.0,0.0
8649,5222,137,1,641.9,0.0
8650,5223,49,1,2052.49,0.05
8651,5223,168,1,35.65,0.05
8652,5224,125,2,205.61,0.0
8653,5225,71,1,564.0,0.0
8654,5226,119,3,264.87,0.0
8655,5226,141,1,622.59,0.0
8656,5227,22,1,1492.69,0.05
8657,5227,47,1,2343.1,0.1
8658,5227,13,1,861.38,0.0
8659,5227,19,2,344.43,0.0
8660,5228,35,2,482.46,0.0
8661,5229,19,1,344.43,0.0
8662,5229,54,1,913.58,0.0
8663,5229,119,1,264.87,0.0
8664,5230,75,2,548.76,0.0
8665,5231,78,1,274.78,0.05
8666,5231,16,1,1438.96,0.0
8667,5231,99,1,73.05,0.0
8668,5232,33,1,1625.77,0.1
8669,5233,62,1,759.59,0.0
8670,5233,9,1,893.38,0.0
8671,5234,118,3,227.27,0.0
8672,5235,21,1,543.57,0.0
8673,5235,127,1,389.57,0.2
8674,5235,34,1,542.89,0.05
8675,5235,122,1,25.6,0.0
8676,5236,123,1,287.0,0.0
8677,5236,148,1,174.44,0.0
8678,5236,8,1,410.45,0.05
8679,5236,42,1,926.35,0.0
8680,5237,133,1,588.67,0.0
8681,5238,15,1,1175.14,0.0
8682,5238,19,1,344.43,0.1
8683,5239,105,1,432.62,0.0
8684,5239,53,1,656.09,0.0
8685,5239,92,1,113.95,0.0
8686,5240,156,3,38.57,0.0
8687,5241,90,1,92.0,0.0
8688,5241,77,1,173.17,0.05
8689,5242,4,1,560.23,0.0
8690,5243,101,1,303.31,0.0
8691,5244,43,2,1099.47,0.0
8692,5244,159,1,11.9,0.0
8693,5245,97,1,274.08,0.0
8694,5245,24,1,496.62,0.15
8695,5245,66,2,862.88,0.0
8696,5246,87,1,255.5,0.0
8697,5247,153,1,58.82,0.0
8698,5247,28,1,784.32,0.0
8699,5248,30,2,2294.13,0.0
8700,5249,127,1,389.57,0.0
8701,5249,74,1,435.88,0.15
8702,5250,107,2,206.43,0.0
8703,5250,21,2,543.57,0.05
8704,5251,102,1,49.71,0.0
8705,5252,20,2,1259.83,0.0
8706,5253,40,1,1027.7,0.15
8707,5254,90,3,92.0,0.1
8708,5255,143,1,624.59,0.2
8709,5255,2,2,240.32,0.2
8710,5256,27,1,526.29,0.0
8711,5257,48,1,775.66,0.0
8712,5257,149,2,559.5,0.05
8713,5257,7,1,1203.99,0.0
8714,5257,140,1,424.81,0.1
8715,5258,31,1,1861.84,0.0
8716,5259,161,2,31.02,0.1
8717,5259,10,3,496.76,0.05
8718,5260,34,1,542.89,0.0
8719,5260,117,1,331.2,0.0
8720,5261,19,2,344.43,0.0
8721,5262,157,2,70.72,0.0
8722,5262,14,2,281.59,0.0
8723,5262,44,1,633.94,0.0
8724,5262,13,1,861.38,0.0
8725,5263,114,1,233.3,0.1
8726,5263,21,1,543.57,0.05
8727,5263,20,1,1259.83,0.0
8728,5264,45,1,1559.3,0.0
8729,5264,11,1,475.41,0.0
8730,5264,175,2,37.24,0.0
8731,5265,109,3,214.58,0.0
8732,5266,129,1,632.28,0.0
8733,5266,59,1,723.28,0.0
8734,5267,126,2,635.26,0.0
8735,5268,64,1,262.34,0.1
8736,5268,107,1,206.43,0.0
8737,5268,155,2,28.84,0.05
8738,5269,43,1,1099.47,0.0
8739,5269,28,3,784.32,0.2
8740,5270,151,2,6.17,0.0
8741,5271,22,2,1492.69,0.0
8742,5271,174,1,64.3,0.0
8743,5271,11,1,475.41,0.0
8744,5272,104,1,276.16,0.05
8745,5272,168,1,35.65,0.0
8746,5273,151,1,6.17,0.0
8747,5273,102,1,49.71,0.1
8748,5273,92,1,113.95,0.0
8749,5274,135,2,635.25,0.0
8750,5275,54,2,913.58,0.0
8751,5276,13,1,861.38,0.0
8752,5277,10,1,496.76,0.0
8753,5278,140,1,424.81,0.0
8754,5279,29,1,2154.66,0.0
8755,5280,168,1,35.65,0.0
8756,5280,129,1,632.28,0.0
8757,5281,126,1,635.26,0.0
8758,5282,72,1,930.61,0.0
8759,5283,33,2,1625.77,0.1
8760,5283,61,1,188.28,0.05
8761,5284,159,1,11.9,0.0
8762,5285,165,2,11.79,0.0
8763,5286,138,1,569.79,0.0
8764,5287,20,1,1259.83,0.0
8765,5288,34,1,542.89,0.0
8766,5289,143,2,624.59,0.0
8767,5290,31,2,1861.84,0.0
8768,5291,162,1,67.56,0.1
8769,5292,72,3,930.61,0.0
8770,5292,56,2,580.05,0.1
8771,5293,148,1,174.44,0.0
8772,5293,164,1,30.98,0.05
8773,5294,152,1,38.17,0.05
8774,5294,154,2,67.7,0.05
8775,5295,145,2,182.4,0.0
8776,5295,155,1,28.84,0.0
8777,5295,158,1,28.13,0.0
8778,5296,166,1,58.4,0.0
8779,5297,173,2,47.43,0.05
8780,5298,28,1,784.32,0.15
8781,5298,14,1,281.59,0.0
8782,5298,63,1,335.01,0.15
8783,5299,32,1,856.17,0.0
8784,5300,15,1,1175.14,0.0
8785,5300,43,1,1099.47,0.1
8786,5300,26,2,597.08,0.1
8787,5301,171,2,41.81,0.0
8788,5301,41,1,970.93,0.0
8789,5302,108,2,387.83,0.0
8790,5303,127,1,389.57,0.1
8791,5304,61,3,188.28,0.0
8792,5305,153,1,58.82,0.0
8793,5305,48,2,775.66,0.0
8794,5306,134,1,448.79,0.05
8795,5307,85,1,180.1,0.0
8796,5307,23,2,282.23,0.1
8797,5308,32,1,856.17,0.05
8798,5308,97,1,274.08,0.0
8799,5308,138,1,569.79,0.0
8800,5308,13,1,861.38,0.0
8801,5309,146,1,78.96,0.05
8802,5310,13,3,861.38,0.0
8803,5311,2,2,240.32,0.2
8804,5311,166,1,58.4,0.0
8805,5312,118,1,227.27,0.05
8806,5313,37,1,2349.94,0.0
8807,5314,90,1,92.0,0.0
8808,5315,152,1,38.17,0.0
8809,5316,138,1,569.79,0.0
8810,5316,33,1,1625.77,0.1
8811,5316,4,1,560.23,0.0
8812,5317,129,1,632.28,0.0
8813,5318,3,1,744.38,0.0
8814,5319,127,2,389.57,0.0
8815,5320,134,1,448.79,0.0
8816,5320,170,1,27.31,0.0
8817,5321,38,1,846.62,0.0
8818,5321,31,1,1861.84,0.0
8819,5322,68,2,345.57,0.0
8820,5322,57,3,714.19,0.0
8821,5323,2,1,240.32,0.0
8822,5324,147,1,462.52,0.0
8823,5324,89,1,157.12,0.0
8824,5325,21,1,543.57,0.1
8825,5326,26,3,597.08,0.0
8826,5326,23,1,282.23,0.0
8827,5327,16,3,1438.96,0.0
8828,5327,17,1,1330.67,0.15
8829,5328,12,3,899.67,0.0
8830,5329,22,1,1492.69,0.0
8831,5329,125,1,205.61,0.0
8832,5330,126,1,635.26,0.0
8833,5330,27,1,526.29,0.0
8834,5331,61,1,188.28,0.0
8835,5332,143,2,624.59,0.05
8836,5332,11,1,475.41,0.0
8837,5332,126,1,635.26,0.1
8838,5332,38,1,846.62,0.0
8839,5333,31,1,1861.84,0.0
8840,5334,131,2,602.2,0.15
8841,5335,8,1,410.45,0.0
8842,5336,132,2,684.44,0.05
8843,5336,46,1,1831.34,0.2
8844,5336,12,1,899.67,0.0
8845,5336,24,2,496.62,0.0
8846,5337,35,1,482.46,0.0
8847,5338,105,1,432.62,0.2
8848,5339,35,2,482.46,0.0
8849,5339,118,2,227.27,0.0
8850,5340,38,1,846.62,0.0
8851,5341,2,1,240.32,0.0
8852,5342,10,1,496.76,0.0
8853,5343,152,3,38.17,0.05
8854,5344,44,1,633.94,0.0
8855,5344,84,3,292.46,0.05
8856,5344,42,2,926.35,0.0
8857,5345,5,1,983.84,0.0
8858,5345,57,2,714.19,0.0
8859,5346,164,1,30.98,0.05
8860,5347,131,1,602.2,0.2
8861,5347,13,1,861.38,0.0
8862,5348,173,1,47.43,0.0
8863,5349,36,2,1805.42,0.0
8864,5350,34,1,542.89,0.0
8865,5351,103,1,220.54,0.0
8866,5351,25,1,900.0,0.1
8867,5351,10,1,496.76,0.0
8868,5351,4,1,560.23,0.0
8869,5352,29,3,2154.66,0.0
8870,5352,93,1,340.41,0.15
8871,5352,123,1,287.0,0.0
8872,5352,119,1,264.87,0.1
8873,5353,4,1,560.23,0.0
8874,5354,15,1,1175.14,0.05
8875,5354,34,1,542.89,0.0
8876,5355,11,1,475.41,0.1
8877,5356,124,1,394.12,0.0
8878,5356,88,1,46.08,0.05
8879,5356,110,1,301.79,0.0
8880,5357,23,1,282.23,0.0
8881,5358,33,1,1625.77,0.1
8882,5359,162,2,67.56,0.05
8883,5360,7,1,1203.99,0.15
8884,5361,16,2,1438.96,0.2
8885,5361,127,1,389.57,0.05
8886,5361,91,1,261.69,0.05
8887,5361,57,1,714.19,0.0
8888,5362,4,1,560.23,0.0
8889,5362,130,2,690.85,0.0
8890,5363,115,1,215.42,0.0
8891,5364,56,1,580.05,0.0
8892,5365,47,1,2343.1,0.0
8893,5366,130,1,690.85,0.0
8894,5366,153,1,58.82,0.05
8895,5366,6,1,580.13,0.05
8896,5367,20,1,1259.83,0.0
8897,5368,41,1,970.93,0.15
8898,5369,21,1,543.57,0.1
8899,5369,30,1,2294.13,0.0
8900,5369,117,1,331.2,0.0
8901,5369,173,1,47.43,0.0
8902,5370,26,1,597.08,0.0
8903,5371,11,1,475.41,0.0
8904,5372,121,1,434.1,0.05
8905,5373,44,1,633.94,0.0
8906,5374,10,2,496.76,0.15
8907,5374,1,1,231.51,0.1
8908,5374,7,1,1203.99,0.0
8909,5375,35,1,482.46,0.05
8910,5376,110,1,301.79,0.0
8911,5377,85,1,180.1,0.0
8912,5378,162,1,67.56,0.0
8913,5379,161,1,31.02,0.0
8914,5379,167,2,60.83,0.0
8915,5380,152,1,38.17,0.0
8916,5381,48,1,775.66,0.0
8917,5382,127,2,389.57,0.2
8918,5382,3,1,744.38,0.1
8919,5382,140,1,424.81,0.0
8920,5383,44,1,633.94,0.0
8921,5384,169,1,43.99,0.0
8922,5385,147,2,462.52,0.05
8923,5386,92,1,113.95,0.0
8924,5387,100,1,92.31,0.0
8925,5387,34,1,542.89,0.0
8926,5387,124,1,394.12,0.0
8927,5388,37,2,2349.94,0.0
8928,5389,157,1,70.72,0.0
8929,5390,155,1,28.84,0.0
8930,5391,10,1,496.76,0.1
8931,5392,129,1,632.28,0.0
8932,5392,121,1,434.1,0.0
8933,5392,5,1,983.84,0.1
8934,5393,20,3,1259.83,0.0
8935,5393,24,1,496.62,0.2
8936,5394,129,1,632.28,0.0
8937,5395,64,1,262.34,0.0
8938,5395,142,1,116.01,0.2
8939,5396,34,1,542.89,0.1
8940,5396,9,2,893.38,0.0
8941,5396,138,1,569.79,0.0
8942,5397,142,3,116.01,0.05
8943,5398,4,1,560.23,0.0
8944,5399,161,2,31.02,0.05
8945,5400,128,1,367.46,0.1
8946,5400,21,1,543.57,0.0
8947,5401,63,3,335.01,0.0
8948,5402,35,1,482.46,0.0
8949,5403,87,1,255.5,0.0
8950,5404,116,1,351.25,0.0
8951,5404,151,2,6.17,0.0
8952,5405,66,2,862.88,0.0
8953,5406,5,1,983.84,0.0
8954,5407,67,1,755.51,0.1
8955,5408,11,1,475.41,0.0
8956,5409,140,1,424.81,0.0
8957,5409,113,1,24.88,0.15
8958,5409,121,1,434.1,0.0
8959,5410,121,2,434.1,0.0
8960,5411,137,1,641.9,0.1
8961,5412,15,1,1175.14,0.1
8962,5412,85,1,180.1,0.0
8963,5413,127,3,389.57,0.0
8964,5413,85,1,180.1,0.0
8965,5414,47,2,2343.1,0.0
8966,5415,130,1,690.85,0.0
8967,5415,23,1,282.23,0.05
8968,5416,12,1,899.67,0.05
8969,5417,66,1,862.88,0.0
8970,5417,33,1,1625.77,0.0
8971,5418,22,1,1492.69,0.0
8972,5419,89,1,157.12,0.15
8973,5420,110,1,301.79,0.0
8974,5420,109,3,214.58,0.0
8975,5421,144,1,623.37,0.1
8976,5421,130,3,690.85,0.05
8977,5421,10,1,496.76,0.0
8978,5422,11,1,475.41,0.0
8979,5423,3,2,744.38,0.0
8980,5424,87,1,255.5,0.1
8981,5424,21,1,543.57,0.0
8982,5425,39,2,730.27,0.05
8983,5426,77,2,173.17,0.1
8984,5426,48,1,775.66,0.0
8985,5427,27,1,526.29,0.0
8986,5428,129,1,632.28,0.05
8987,5428,44,1,633.94,0.0
8988,5428,41,2,970.93,0.0
8989,5429,114,2,233.3,0.0
8990,5430,15,2,1175.14,0.1
8991,5431,8,1,410.45,0.0
8992,5432,102,1,49.71,0.0
8993,5433,166,1,58.4,0.0
8994,5433,127,2,389.57,0.0
8995,5433,25,1,900.0,0.05
8996,5434,8,1,410.45,0.05
8997,5434,108,1,387.83,0.0
8998,5435,45,1,1559.3,0.1
8999,5436,3,1,744.38,0.0
9000,5436,55,1,458.59,0.0
9001,5437,41,1,970.93,0.0
9002,5438,56,1,580.05,0.0
9003,5438,13,1,861.38,0.1
9004,5438,22,1,1492.69,0.15
9005,5439,13,3,861.38,0.0
9006,5440,4,1,560.23,0.0
9007,5440,52,1,947.35,0.1
9008,5441,140,1,424.81,0.0
9009,5442,55,1,458.59,0.05
9010,5442,152,2,38.17,0.0
9011,5442,156,1,38.57,0.0
9012,5442,15,1,1175.14,0.0
9013,5443,160,1,54.58,0.0
9014,5444,167,1,60.83,0.0
9015,5444,115,1,215.42,0.0
9016,5445,122,1,25.6,0.0
9017,5445,109,1,214.58,0.0
9018,5445,135,1,635.25,0.15
9019,5446,84,2,292.46,0.0
9020,5446,64,1,262.34,0.0
9021,5447,175,2,37.24,0.05
9022,5448,139,3,280.41,0.1
9023,5448,83,1,220.71,0.0
9024,5449,100,1,92.31,0.05
9025,5450,120,2,444.02,0.0
9026,5450,143,1,624.59,0.0
9027,5450,20,1,1259.83,0.0
9028,5451,78,1,274.78,0.0
9029,5451,158,2,28.13,0.0
9030,5452,29,1,2154.66,0.1
9031,5453,112,1,71.21,0.1
9032,5454,62,1,759.59,0.0
9033,5455,33,3,1625.77,0.05
9034,5456,138,1,569.79,0.05
9035,5456,171,1,41.81,0.15
9036,5456,126,1,635.26,0.05
9037,5457,138,1,569.79,0.0
9038,5458,94,1,206.74,0.1
9039,5459,107,1,206.43,0.0
9040,5460,69,1,502.41,0.0
9041,5461,19,1,344.43,0.05
9042,5462,16,1,1438.96,0.1
9043,5463,35,1,482.46,0.0
9044,5463,84,2,292.46,0.0
9045,5464,56,1,580.05,0.0
9046,5465,103,2,220.54,0.0
9047,5466,19,1,344.43,0.15
9048,5466,12,1,899.67,0.0
9049,5467,80,1,299.0,0.0
9050,5468,149,1,559.5,0.0
9051,5469,96,1,285.92,0.0
9052,5469,47,1,2343.1,0.05
9053,5470,61,1,188.28,0.0
9054,5471,165,1,11.79,0.15
9055,5471,167,2,60.83,0.0
9056,5471,22,1,1492.69,0.1
9057,5471,122,1,25.6,0.0
9058,5472,11,1,475.41,0.0
9059,5472,13,1,861.38,0.0
9060,5473,161,1,31.02,0.05
9061,5474,9,1,893.38,0.0
9062,5475,47,2,2343.1,0.0
9063,5476,19,3,344.43,0.05
9064,5477,5,1,983.84,0.2
9065,5477,160,3,54.58,0.0
9066,5477,58,2,407.29,0.0
9067,5478,170,1,27.31,0.0
9068,5479,44,1,633.94,0.0
9069,5480,78,2,274.78,0.0
9070,5480,24,1,496.62,0.0
9071,5481,164,1,30.98,0.0
9072,5482,56,2,580.05,0.0
9073,5482,10,1,496.76,0.15
9074,5482,95,1,53.11,0.0
9075,5483,23,1,282.23,0.0
9076,5483,67,1,755.51,0.0
9077,5483,26,1,597.08,0.0
9078,5483,40,1,1027.7,0.05
9079,5484,16,2,1438.96,0.05
9080,5484,15,1,1175.14,0.0
9081,5485,162,1,67.56,0.1
9082,5486,117,1,331.2,0.0
9083,5487,56,1,580.05,0.05
9084,5487,28,2,784.32,0.1
9085,5488,39,1,730.27,0.0
9086,5489,31,1,1861.84,0.0
9087,5489,41,2,970.93,0.0
9088,5489,110,1,301.79,0.1
9089,5489,96,1,285.92,0.0
9090,5490,62,1,759.59,0.0
9091,5491,45,1,1559.3,0.0
9092,5491,5,1,983.84,0.0
9093,5491,24,1,496.62,0.05
9094,5491,10,1,496.76,0.0
9095,5492,145,3,182.4,0.2
9096,5492,16,2,1438.96,0.0
9097,5492,73,1,264.34,0.0
9098,5492,47,1,2343.1,0.0
9099,5493,175,1,37.24,0.0
9100,5493,147,2,462.52,0.0
9101,5494,129,1,632.28,0.0
9102,5494,169,1,43.99,0.0
9103,5495,159,1,11.9,0.0
9104,5495,8,2,410.45,0.0
9105,5496,170,2,27.31,0.1
9106,5497,96,2,285.92,0.0
9107,5498,68,3,345.57,0.0
9108,5498,28,1,784.32,0.0
9109,5499,16,1,1438.96,0.0
9110,5499,79,1,147.48,0.0
9111,5499,22,2,1492.69,0.0
9112,5499,54,1,913.58,0.0
9113,5500,146,1,78.96,0.0
9114,5500,147,2,462.52,0.0
9115,5500,46,1,1831.34,0.15
9116,5501,28,2,784.32,0.15
9117,5501,62,1,759.59,0.0
9118,5502,15,2,1175.14,0.05
9119,5502,153,1,58.82,0.0
9120,5503,12,2,899.67,0.0
9121,5504,175,1,37.24,0.1
9122,5504,7,1,1203.99,0.0
9123,5505,63,1,335.01,0.0
9124,5506,113,1,24.88,0.0
9125,5506,131,2,602.2,0.0
9126,5506,145,1,182.4,0.05
9127,5506,108,1,387.83,0.0
9128,5507,33,3,1625.77,0.0
9129,5508,35,1,482.46,0.0
9130,5509,174,1,64.3,0.0
9131,5510,170,2,27.31,0.0
9132,5510,46,1,1831.34,0.0
9133,5511,31,1,1861.84,0.0
9134,5512,106,1,347.14,0.05
9135,5513,49,1,2052.49,0.1
9136,5514,21,1,543.57,0.0
9137,5514,164,1,30.98,0.2
9138,5514,114,2,233.3,0.0
9139,5515,13,1,861.38,0.0
9140,5515,143,2,624.59,0.0
9141,5516,25,1,900.0,0.05
9142,5517,6,1,580.13,0.2
9143,5517,132,3,684.44,0.0
9144,5517,149,1,559.5,0.0
9145,5518,162,1,67.56,0.0
9146,5519,168,1,35.65,0.0
9147,5520,16,2,1438.96,0.0
9148,5520,125,1,205.61,0.05
9149,5521,12,1,899.67,0.2
9150,5521,60,1,228.38,0.0
9151,5521,24,1,496.62,0.2
9152,5522,23,2,282.23,0.0
9153,5523,132,1,684.44,0.0
9154,5524,75,1,548.76,0.0
9155,5525,171,3,41.81,0.05
9156,5525,158,2,28.13,0.0
9157,5525,173,1,47.43,0.0
9158,5526,75,2,548.76,0.05
9159,5527,132,1,684.44,0.0
9160,5527,28,2,784.32,0.1
9161,5527,140,1,424.81,0.0
9162,5528,54,1,913.58,0.0
9163,5528,32,1,856.17,0.05
9164,5528,157,1,70.72,0.0
9165,5529,13,1,861.38,0.0
9166,5530,146,1,78.96,0.05
9167,5530,132,1,684.44,0.0
9168,5530,122,2,25.6,0.0
9169,5530,157,1,70.72,0.0
9170,5531,16,1,1438.96,0.2
9171,5531,119,1,264.87,0.1
9172,5531,113,1,24.88,0.0
9173,5532,93,1,340.41,0.0
9174,5533,27,1,526.29,0.0
9175,5533,114,2,233.3,0.0
9176,5534,22,1,1492.69,0.0
9177,5535,55,1,458.59,0.0
9178,5535,158,1,28.13,0.05
9179,5536,144,1,623.37,0.0
9180,5536,9,2,893.38,0.0
9181,5537,136,1,639.35,0.0
9182,5538,14,1,281.59,0.05
9183,5538,49,1,2052.49,0.05
9184,5538,25,1,900.0,0.0
9185,5539,159,1,11.9,0.05
9186,5539,2,1,240.32,0.0
9187,5540,10,2,496.76,0.0
9188,5541,146,1,78.96,0.0
9189,5541,30,1,2294.13,0.0
9190,5542,17,1,1330.67,0.05
9191,5543,25,1,900.0,0.0
9192,5544,23,1,282.23,0.1
9193,5544,13,3,861.38,0.0
9194,5545,40,1,1027.7,0.05
9195,5545,173,2,47.43,0.0
9196,5545,10,2,496.76,0.0
9197,5545,16,2,1438.96,0.0
9198,5546,108,1,387.83,0.0
9199,5547,124,1,394.12,0.0
9200,5548,160,2,54.58,0.0
9201,5548,6,1,580.13,0.0
9202,5548,167,2,60.83,0.05
9203,5549,135,1,635.25,0.0
9204,5550,132,2,684.44,0.0
9205,5550,165,2,11.79,0.2
9206,5551,90,2,92.0,0.05
9207,5552,29,1,2154.66,0.05
9208,5552,15,1,1175.14,0.0
9209,5553,22,1,1492.69,0.1
9210,5553,25,1,900.0,0.0
9211,5553,104,1,276.16,0.1
9212,5554,46,1,1831.34,0.0
9213,5555,144,1,623.37,0.0
9214,5556,105,1,432.62,0.0
9215,5557,165,1,11.79,0.0
9216,5557,6,1,580.13,0.2
9217,5558,5,1,983.84,0.0
9218,5559,23,1,282.23,0.0
9219,5559,9,1,893.38,0.0
9220,5560,6,1,580.13,0.1
9221,5561,173,2,47.43,0.0
9222,5561,6,1,580.13,0.0
9223,5562,79,2,147.48,0.0
9224,5562,9,2,893.38,0.2
9225,5562,165,1,11.79,0.05
9226,5563,30,1,2294.13,0.05
9227,5564,126,1,635.26,0.0
9228,5564,10,1,496.76,0.0
9229,5565,134,1,448.79,0.0
9230,5566,136,1,639.35,0.0
9231,5566,23,1,282.23,0.0
9232,5567,48,1,775.66,0.05
9233,5567,41,1,970.93,0.0
9234,5567,114,1,233.3,0.0
9235,5568,158,1,28.13,0.0
9236,5569,68,1,345.57,0.0
9237,5569,170,1,27.31,0.0
9238,5570,154,2,67.7,0.0
9239,5571,116,1,351.25,0.0
9240,5571,83,1,220.71,0.1
9241,5572,171,1,41.81,0.0
9242,5572,138,1,569.79,0.0
9243,5573,48,1,775.66,0.0
9244,5573,92,1,113.95,0.0
9245,5573,161,1,31.02,0.05
9246,5574,13,1,861.38,0.0
9247,5575,162,1,67.56,0.0
9248,5576,164,1,30.98,0.0
9249,5577,54,2,913.58,0.0
9250,5577,104,1,276.16,0.0
9251,5578,7,2,1203.99,0.2
9252,5579,12,1,899.67,0.15
9253,5580,33,1,1625.77,0.0
9254,5581,19,1,344.43,0.2
9255,5581,4,1,560.23,0.0
9256,5582,62,1,759.59,0.0
9257,5582,132,1,684.44,0.0
9258,5582,159,1,11.9,0.05
9259,5583,40,2,1027.7,0.0
9260,5584,137,2,641.9,0.1
9261,5585,48,1,775.66,0.2
9262,5586,95,1,53.11,0.0
9263,5586,25,1,900.0,0.1
9264,5587,21,1,543.57,0.05
9265,5588,21,1,543.57,0.0
9266,5588,42,2,926.35,0.0
9267,5589,97,2,274.08,0.1
9268,5589,85,1,180.1,0.0
9269,5590,158,1,28.13,0.0
9270,5591,134,1,448.79,0.0
9271,5592,41,2,970.93,0.1
9272,5592,165,1,11.79,0.15
9273,5592,139,1,280.41,0.0
9274,5593,6,1,580.13,0.0
9275,5593,5,2,983.84,0.05
9276,5594,71,1,564.0,0.1
9277,5595,29,2,2154.66,0.1
9278,5595,21,2,543.57,0.0
9279,5595,36,1,1805.42,0.05
9280,5595,6,2,580.13,0.0
9281,5596,44,1,633.94,0.05
9282,5597,26,1,597.08,0.1
9283,5598,79,1,147.48,0.0
9284,5599,87,1,255.5,0.0
9285,5600,125,1,205.61,0.0
9286,5601,11,1,475.41,0.05
9287,5602,128,1,367.46,0.0
9288,5603,35,1,482.46,0.0
9289,5604,115,1,215.42,0.1
9290,5604,42,2,926.35,0.0
9291,5604,131,1,602.2,0.0
9292,5605,43,1,1099.47,0.0
9293,5605,5,1,983.84,0.1
9294,5606,2,1,240.32,0.05
9295,5607,5,1,983.84,0.0
9296,5608,6,2,580.13,0.0
9297,5609,42,1,926.35,0.05
9298,5609,22,1,1492.69,0.1
9299,5609,10,1,496.76,0.05
9300,5610,108,2,387.83,0.0
9301,5610,16,2,1438.96,0.0
9302,5611,107,1,206.43,0.0
9303,5611,26,1,597.08,0.15
9304,5612,141,1,622.59,0.0
9305,5613,16,1,1438.96,0.0
9306,5614,160,1,54.58,0.1
9307,5615,119,1,264.87,0.05
9308,5615,9,2,893.38,0.0
9309,5616,20,1,1259.83,0.0
9310,5617,11,1,475.41,0.05
9311,5617,9,1,893.38,0.0
9312,5617,158,1,28.13,0.0
9313,5618,5,1,983.84,0.0
9314,5618,35,1,482.46,0.0
9315,5619,109,2,214.58,0.0
9316,5620,51,1,385.81,0.0
9317,5620,64,1,262.34,0.0
9318,5620,29,2,2154.66,0.0
9319,5620,70,2,554.43,0.0
9320,5621,34,1,542.89,0.2
9321,5622,173,1,47.43,0.0
9322,5622,117,1,331.2,0.0
9323,5623,65,1,854.98,0.0
9324,5624,13,1,861.38,0.0
9325,5625,105,1,432.62,0.05
9326,5626,107,1,206.43,0.0
9327,5627,52,1,947.35,0.0
9328,5627,49,1,2052.49,0.1
9329,5628,121,3,434.1,0.0
9330,5628,14,1,281.59,0.0
9331,5628,49,1,2052.49,0.0
9332,5629,10,1,496.76,0.0
9333,5630,133,1,588.67,0.1
9334,5631,162,1,67.56,0.1
9335,5632,129,1,632.28,0.2
9336,5632,36,1,1805.42,0.0
9337,5632,2,2,240.32,0.0
9338,5632,104,1,276.16,0.0
9339,5633,147,1,462.52,0.0
9340,5633,21,1,543.57,0.05
9341,5634,153,1,58.82,0.0
9342,5634,92,1,113.95,0.05
9343,5634,175,1,37.24,0.2
9344,5635,90,1,92.0,0.0
9345,5636,28,2,784.32,0.0
9346,5636,66,1,862.88,0.2
9347,5636,42,1,926.35,0.0
9348,5637,61,2,188.28,0.0
9349,5638,111,1,287.93,0.0
9350,5638,52,1,947.35,0.05
9351,5639,103,1,220.54,0.0
9352,5639,122,2,25.6,0.15
9353,5639,143,1,624.59,0.0
9354,5640,11,1,475.41,0.2
9355,5641,23,1,282.23,0.0
9356,5642,33,1,1625.77,0.0
9357,5643,147,1,462.52,0.0
9358,5644,89,1,157.12,0.0
9359,5644,167,1,60.83,0.0
9360,5644,142,1,116.01,0.0
9361,5645,96,2,285.92,0.0
9362,5646,141,2,622.59,0.0
9363,5647,22,2,1492.69,0.0
9364,5648,2,1,240.32,0.0
9365,5648,41,1,970.93,0.0
9366,5649,33,1,1625.77,0.05
9367,5649,105,1,432.62,0.1
9368,5649,24,1,496.62,0.0
9369,5649,40,3,1027.7,0.05
9370,5650,30,1,2294.13,0.0
9371,5650,46,1,1831.34,0.0
9372,5650,8,1,410.45,0.0
9373,5650,11,2,475.41,0.1
9374,5651,3,1,744.38,0.1
9375,5652,4,1,560.23,0.2
9376,5652,131,1,602.2,0.0
9377,5653,20,1,1259.83,0.0
9378,5653,1,1,231.51,0.05
9379,5654,19,1,344.43,0.0
9380,5654,14,1,281.59,0.0
9381,5655,48,1,775.66,0.0
9382,5655,161,1,31.02,0.0
9383,5655,155,1,28.84,0.0
9384,5656,119,2,264.87,0.15
9385,5657,168,1,35.65,0.1
9386,5658,164,1,30.98,0.0
9387,5658,98,1,218.62,0.15
9388,5659,88,1,46.08,0.05
9389,5659,68,1,345.57,0.05
9390,5659,123,3,287.0,0.15
9391,5660,113,1,24.88,0.0
9392,5661,37,2,2349.94,0.0
9393,5662,164,1,30.98,0.1
9394,5662,9,2,893.38,0.0
9395,5663,129,1,632.28,0.0
9396,5664,69,1,502.41,0.0
9397,5665,9,1,893.38,0.05
9398,5665,167,1,60.83,0.0
9399,5666,70,1,554.43,0.0
9400,5666,158,1,28.13,0.05
9401,5667,1,2,231.51,0.0
9402,5668,152,1,38.17,0.1
9403,5669,5,1,983.84,0.05
9404,5670,147,1,462.52,0.0
9405,5670,29,1,2154.66,0.1
9406,5671,158,2,28.13,0.0
9407,5672,108,1,387.83,0.0
9408,5672,114,2,233.3,0.0
9409,5672,129,1,632.28,0.0
9410,5673,4,3,560.23,0.15
9411,5674,27,1,526.29,0.0
9412,5675,32,2,856.17,0.0
9413,5675,23,1,282.23,0.05
9414,5676,119,1,264.87,0.05
9415,5676,27,1,526.29,0.0
9416,5677,55,3,458.59,0.05
9417,5678,17,1,1330.67,0.0
9418,5679,132,2,684.44,0.0
9419,5679,22,1,1492.69,0.05
9420,5679,126,2,635.26,0.0
9421,5679,79,1,147.48,0.05
9422,5680,110,2,301.79,0.0
9423,5681,35,1,482.46,0.0
9424,5682,140,1,424.81,0.0
9425,5682,102,2,49.71,0.05
9426,5682,151,1,6.17,0.0
9427,5683,42,2,926.35,0.15
9428,5684,11,1,475.41,0.15
9429,5685,9,1,893.38,0.05
9430,5686,59,1,723.28,0.0
9431,5686,166,1,58.4,0.0
9432,5687,43,2,1099.47,0.0
9433,5687,22,1,1492.69,0.2
9434,5687,160,1,54.58,0.0
9435,5688,16,1,1438.96,0.0
9436,5689,133,1,588.67,0.0
9437,5690,62,2,759.59,0.05
9438,5690,136,1,639.35,0.0
9439,5691,36,1,1805.42,0.0
9440,5692,148,2,174.44,0.0
9441,5692,142,1,116.01,0.05
9442,5692,22,1,1492.69,0.0
9443,5693,107,1,206.43,0.1
9444,5693,40,1,1027.7,0.0
9445,5693,65,1,854.98,0.0
9446,5694,36,1,1805.42,0.0
9447,5695,119,2,264.87,0.05
9448,5695,145,1,182.4,0.0
9449,5696,125,1,205.61,0.0
9450,5697,165,1,11.79,0.15
9451,5698,36,2,1805.42,0.0
9452,5699,73,1,264.34,0.05
9453,5699,13,1,861.38,0.0
9454,5700,143,2,624.59,0.0
9455,5701,105,1,432.62,0.1
9456,5701,156,1,38.57,0.0
9457,5702,33,2,1625.77,0.05
9458,5703,153,3,58.82,0.0
9459,5704,61,1,188.28,0.2
9460,5705,156,2,38.57,0.0
9461,5706,170,1,27.31,0.05
9462,5706,169,1,43.99,0.0
9463,5707,23,1,282.23,0.0
9464,5708,111,1,287.93,0.1
9465,5709,33,1,1625.77,0.1
9466,5710,124,1,394.12,0.05
9467,5710,156,2,38.57,0.0
9468,5711,20,2,1259.83,0.0
9469,5712,102,1,49.71,0.0
9470,5712,28,1,784.32,0.05
9471,5713,127,1,389.57,0.0
9472,5713,60,1,228.38,0.0
9473,5713,166,2,58.4,0.1
9474,5714,129,1,632.28,0.0
9475,5715,5,1,983.84,0.0
9476,5715,110,1,301.79,0.15
9477,5715,136,1,639.35,0.0
9478,5716,21,1,543.57,0.05
9479,5717,28,1,784.32,0.0
9480,5718,65,1,854.98,0.0
9481,5718,135,1,635.25,0.1
9482,5718,25,1,900.0,0.0
9483,5718,129,2,632.28,0.05
9484,5719,8,1,410.45,0.0
9485,5719,31,1,1861.84,0.0
9486,5720,113,2,24.88,0.0
9487,5721,27,1,526.29,0.0
9488,5721,95,1,53.11,0.0
9489,5722,23,2,282.23,0.05
9490,5722,8,2,410.45,0.0
9491,5722,175,1,37.24,0.1
9492,5723,171,2,41.81,0.0
9493,5724,11,1,475.41,0.2
9494,5724,44,2,633.94,0.0
9495,5725,3,1,744.38,0.0
9496,5725,131,1,602.2,0.0
9497,5725,155,1,28.84,0.0
9498,5726,12,1,899.67,0.1
9499,5726,21,1,543.57,0.0
9500,5726,170,2,27.31,0.0
9501,5727,30,1,2294.13,0.05
9502,5728,135,1,635.25,0.0
9503,5729,121,1,434.1,0.0
9504,5730,29,1,2154.66,0.0
9505,5731,100,1,92.31,0.0
9506,5731,30,1,2294.13,0.0
9507,5732,14,2,281.59,0.0
9508,5733,13,1,861.38,0.0
9509,5734,103,1,220.54,0.0
9510,5735,36,1,1805.42,0.05
9511,5735,57,1,714.19,0.0
9512,5735,162,1,67.56,0.0
9513,5736,3,1,744.38,0.0
9514,5737,164,1,30.98,0.05
9515,5738,108,1,387.83,0.0
9516,5739,145,2,182.4,0.0
9517,5740,120,1,444.02,0.0
9518,5741,115,1,215.42,0.1
9519,5742,35,1,482.46,0.0
9520,5743,51,1,385.81,0.15
9521,5743,129,1,632.28,0.0
9522,5743,12,1,899.67,0.0
9523,5744,132,1,684.44,0.0
9524,5744,159,1,11.9,0.0
9525,5745,101,1,303.31,0.0
9526,5746,129,1,632.28,0.05
9527,5746,158,2,28.13,0.0
9528,5747,27,1,526.29,0.0
9529,5747,148,1,174.44,0.0
9530,5748,46,2,1831.34,0.05
9531,5748,25,1,900.0,0.0
9532,5749,1,1,231.51,0.05
9533,5750,37,2,2349.94,0.05
9534,5750,173,1,47.43,0.0
9535,5750,168,1,35.65,0.2
9536,5751,42,1,926.35,0.1
9537,5751,20,1,1259.83,0.0
9538,5752,132,1,684.44,0.05
9539,5753,148,1,174.44,0.0
9540,5754,19,1,344.43,0.0
9541,5754,3,2,744.38,0.1
9542,5755,117,1,331.2,0.0
9543,5756,10,2,496.76,0.0
9544,5756,133,2,588.67,0.0
9545,5757,1,1,231.51,0.0
9546,5757,27,1,526.29,0.0
9547,5757,159,1,11.9,0.0
9548,5758,102,1,49.71,0.0
9549,5759,125,1,205.61,0.05
9550,5759,90,1,92.0,0.1
9551,5759,13,1,861.38,0.0
9552,5760,169,1,43.99,0.0
9553,5761,45,1,1559.3,0.0
9554,5762,47,1,2343.1,0.0
9555,5762,32,2,856.17,0.05
9556,5763,10,1,496.76,0.05
9557,5764,38,1,846.62,0.0
9558,5765,105,1,432.62,0.0
9559,5765,4,1,560.23,0.0
9560,5766,40,1,1027.7,0.0
9561,5767,94,1,206.74,0.0
9562,5767,45,1,1559.3,0.05
9563,5768,92,1,113.95,0.05
9564,5769,20,2,1259.83,0.0
9565,5770,65,2,854.98,0.0
9566,5771,40,1,1027.7,0.15
9567,5772,29,2,2154.66,0.1
9568,5773,124,1,394.12,0.05
9569,5773,39,3,730.27,0.0
9570,5773,9,1,893.38,0.0
9571,5773,110,1,301.79,0.15
9572,5774,8,1,410.45,0.0
9573,5775,111,1,287.93,0.2
9574,5775,89,1,157.12,0.15
9575,5776,71,1,564.0,0.0
9576,5776,29,2,2154.66,0.0
9577,5776,42,1,926.35,0.0
9578,5777,27,2,526.29,0.1
9579,5777,51,3,385.81,0.0
9580,5777,10,1,496.76,0.15
9581,5777,174,3,64.3,0.05
9582,5778,61,1,188.28,0.0
9583,5778,173,1,47.43,0.05
9584,5778,83,1,220.71,0.0
9585,5779,116,1,351.25,0.0
9586,5779,44,2,633.94,0.05
9587,5780,12,2,899.67,0.15
9588,5780,70,1,554.43,0.0
9589,5781,164,1,30.98,0.1
9590,5781,69,1,502.41,0.0
9591,5781,2,1,240.32,0.0
9592,5782,168,1,35.65,0.0
9593,5782,14,1,281.59,0.0
9594,5782,23,3,282.23,0.15
9595,5783,59,1,723.28,0.0
9596,5783,77,1,173.17,0.0
9597,5784,47,1,2343.1,0.0
9598,5785,106,1,347.14,0.0
9599,5786,3,1,744.38,0.1
9600,5786,24,1,496.62,0.1
9601,5787,30,2,2294.13,0.05
9602,5788,85,2,180.1,0.0
9603,5789,20,1,1259.83,0.1
9604,5789,13,2,861.38,0.0
9605,5790,143,1,624.59,0.0
9606,5791,44,1,633.94,0.0
9607,5791,109,1,214.58,0.2
9608,5792,137,1,641.9,0.0
9609,5793,154,1,67.7,0.15
9610,5794,168,1,35.65,0.0
9611,5795,5,3,983.84,0.15
9612,5795,21,1,543.57,0.0
9613,5796,13,1,861.38,0.1
9614,5797,65,1,854.98,0.1
9615,5797,16,1,1438.96,0.0
9616,5797,157,1,70.72,0.0
9617,5798,44,3,633.94,0.0
9618,5799,114,1,233.3,0.0
9619,5800,12,1,899.67,0.0
9620,5801,2,1,240.32,0.0
9621,5802,152,1,38.17,0.1
9622,5803,111,1,287.93,0.0
9623,5803,100,1,92.31,0.1
9624,5804,157,1,70.72,0.0
9625,5805,49,1,2052.49,0.2
9626,5805,24,1,496.62,0.2
9627,5805,106,1,347.14,0.15
9628,5806,31,2,1861.84,0.15
9629,5806,162,1,67.56,0.0
9630,5807,105,1,432.62,0.0
9631,5808,22,1,1492.69,0.15
9632,5809,35,3,482.46,0.2
9633,5810,156,1,38.57,0.1
9634,5810,109,1,214.58,0.0
9635,5811,157,1,70.72,0.0
9636,5811,25,1,900.0,0.2
9637,5811,35,1,482.46,0.05
9638,5812,52,2,947.35,0.05
9639,5813,141,1,622.59,0.0
9640,5813,24,1,496.62,0.0
9641,5814,127,2,389.57,0.0
9642,5815,140,2,424.81,0.0
9643,5815,38,1,846.62,0.05
9644,5816,101,1,303.31,0.0
9645,5817,1,1,231.51,0.1
9646,5817,36,1,1805.42,0.1
9647,5817,5,1,983.84,0.0
9648,5817,149,1,559.5,0.0
9649,5818,1,3,231.51,0.0
9650,5819,47,1,2343.1,0.0
9651,5819,31,1,1861.84,0.0
9652,5820,168,1,35.65,0.0
9653,5821,103,1,220.54,0.1
9654,5821,20,1,1259.83,0.0
9655,5822,38,1,846.62,0.0
9656,5823,133,1,588.67,0.0
9657,5823,29,1,2154.66,0.0
9658,5824,96,1,285.92,0.05
9659,5824,11,2,475.41,0.0
9660,5824,130,2,690.85,0.0
9661,5825,111,1,287.93,0.2
9662,5826,130,1,690.85,0.0
9663,5826,23,1,282.23,0.0
9664,5826,167,1,60.83,0.1
9665,5827,26,2,597.08,0.0
9666,5827,170,3,27.31,0.0
9667,5828,48,1,775.66,0.0
9668,5829,33,2,1625.77,0.05
9669,5829,167,2,60.83,0.15
9670,5830,111,1,287.93,0.1
9671,5831,2,1,240.32,0.1
9672,5832,144,1,623.37,0.0
9673,5832,70,1,554.43,0.0
9674,5833,139,2,280.41,0.0
9675,5834,85,1,180.1,0.0
9676,5835,144,1,623.37,0.0
9677,5836,142,2,116.01,0.05
9678,5836,44,1,633.94,0.1
9679,5837,136,2,639.35,0.0
9680,5837,92,2,113.95,0.1
9681,5837,173,1,47.43,0.2
9682,5838,146,1,78.96,0.0
9683,5838,36,2,1805.42,0.0
9684,5838,5,1,983.84,0.0
9685,5839,43,3,1099.47,0.0
9686,5839,102,2,49.71,0.05
9687,5840,14,1,281.59,0.0
9688,5840,133,3,588.67,0.0
9689,5841,43,2,1099.47,0.0
9690,5842,128,1,367.46,0.05
9691,5842,116,1,351.25,0.0
9692,5842,152,1,38.17,0.2
9693,5843,169,1,43.99,0.0
9694,5843,122,2,25.6,0.2
9695,5843,6,1,580.13,0.15
9696,5844,161,1,31.02,0.0
9697,5845,35,1,482.46,0.05
9698,5846,12,1,899.67,0.0
9699,5847,158,1,28.13,0.0
9700,5848,14,1,281.59,0.05
9701,5849,135,1,635.25,0.05
9702,5850,141,3,622.59,0.0
9703,5851,145,2,182.4,0.0
9704,5851,36,1,1805.42,0.05
9705,5852,49,1,2052.49,0.05
9706,5852,38,1,846.62,0.0
9707,5852,157,1,70.72,0.0
9708,5853,62,1,759.59,0.05
9709,5854,116,1,351.25,0.2
9710,5855,22,1,1492.69,0.0
9711,5856,6,1,580.13,0.0
9712,5856,139,1,280.41,0.0
9713,5857,151,1,6.17,0.0
9714,5858,25,2,900.0,0.0
9715,5858,95,1,53.11,0.0
9716,5859,162,1,67.56,0.05
9717,5859,98,1,218.62,0.05
9718,5859,27,1,526.29,0.0
9719,5859,128,2,367.46,0.0
9720,5860,3,1,744.38,0.0
9721,5861,116,1,351.25,0.2
9722,5862,38,1,846.62,0.0
9723,5862,34,1,542.89,0.0
9724,5862,24,1,496.62,0.0
9725,5863,111,1,287.93,0.0
9726,5863,17,1,1330.67,0.0
9727,5864,114,1,233.3,0.0
9728,5865,31,3,1861.84,0.0
9729,5866,57,1,714.19,0.0
9730,5866,34,1,542.89,0.0
9731,5866,110,1,301.79,0.0
9732,5867,120,1,444.02,0.0
9733,5868,17,1,1330.67,0.0
9734,5869,23,1,282.23,0.15
9735,5869,123,2,287.0,0.0
9736,5869,42,2,926.35,0.05
9737,5870,107,1,206.43,0.05
9738,5870,91,1,261.69,0.0
9739,5871,116,1,351.25,0.0
9740,5872,48,1,775.66,0.0
9741,5873,39,1,730.27,0.0
9742,5874,133,1,588.67,0.0
9743,5874,144,2,623.37,0.0
9744,5875,35,1,482.46,0.0
9745,5875,11,1,475.41,0.2
9746,5876,39,2,730.27,0.0
9747,5877,160,1,54.58,0.0
9748,5878,138,1,569.79,0.0
9749,5878,164,1,30.98,0.1
9750,5878,142,2,116.01,0.05
9751,5879,5,1,983.84,0.05
9752,5880,6,1,580.13,0.0
9753,5880,78,2,274.78,0.05
9754,5881,153,1,58.82,0.0
9755,5881,20,1,1259.83,0.0
9756,5882,14,1,281.59,0.0
9757,5883,141,2,622.59,0.0
9758,5884,5,1,983.84,0.0
9759,5884,8,1,410.45,0.0
9760,5885,25,1,900.0,0.15
9761,5886,24,1,496.62,0.0
9762,5887,26,1,597.08,0.15
9763,5888,84,2,292.46,0.1
9764,5889,110,2,301.79,0.0
9765,5890,132,1,684.44,0.0
9766,5890,31,1,1861.84,0.0
9767,5891,6,2,580.13,0.0
9768,5891,158,2,28.13,0.0
9769,5892,125,1,205.61,0.0
9770,5893,29,2,2154.66,0.1
9771,5894,28,1,784.32,0.0
9772,5895,30,1,2294.13,0.0
9773,5896,34,1,542.89,0.0
9774,5896,149,1,559.5,0.2
9775,5896,77,1,173.17,0.0
9776,5896,23,2,282.23,0.0
9777,5897,41,1,970.93,0.0
9778,5897,110,2,301.79,0.2
9779,5897,6,1,580.13,0.0
9780,5898,119,2,264.87,0.0
9781,5899,2,2,240.32,0.05
9782,5899,156,1,38.57,0.0
9783,5899,36,1,1805.42,0.0
9784,5900,28,2,784.32,0.0
9785,5900,104,1,276.16,0.0
9786,5901,22,1,1492.69,0.0
9787,5902,70,1,554.43,0.0
9788,5903,41,1,970.93,0.0
9789,5904,46,3,1831.34,0.0
9790,5904,19,1,344.43,0.0
9791,5905,145,1,182.4,0.0
9792,5906,25,2,900.0,0.0
9793,5907,24,2,496.62,0.0
9794,5907,73,1,264.34,0.0
9795,5908,90,1,92.0,0.0
9796,5909,29,1,2154.66,0.05
9797,5910,39,1,730.27,0.0
9798,5910,45,2,1559.3,0.0
9799,5911,17,1,1330.67,0.0
9800,5912,174,2,64.3,0.0
9801,5913,1,1,231.51,0.0
9802,5913,2,1,240.32,0.0
9803,5914,16,1,1438.96,0.15
9804,5914,112,3,71.21,0.0
9805,5915,23,1,282.23,0.2
9806,5916,73,2,264.34,0.2
9807,5917,46,1,1831.34,0.0
9808,5918,162,2,67.56,0.0
9809,5919,122,1,25.6,0.0
9810,5919,27,1,526.29,0.0
9811,5920,20,1,1259.83,0.0
9812,5921,165,1,11.79,0.2
9813,5922,92,2,113.95,0.15
9814,5922,98,2,218.62,0.05
9815,5922,157,1,70.72,0.1
9816,5923,51,1,385.81,0.05
9817,5924,32,2,856.17,0.0
9818,5924,15,2,1175.14,0.0
9819,5924,151,1,6.17,0.0
9820,5925,143,1,624.59,0.0
9821,5925,8,1,410.45,0.0
9822,5925,52,1,947.35,0.2
9823,5926,119,2,264.87,0.0
9824,5927,146,1,78.96,0.0
9825,5927,138,1,569.79,0.0
9826,5928,31,1,1861.84,0.0
9827,5929,72,1,930.61,0.0
9828,5929,37,2,2349.94,0.0
9829,5929,144,1,623.37,0.15
9830,5929,7,1,1203.99,0.0
9831,5930,21,1,543.57,0.0
9832,5931,92,2,113.95,0.1
9833,5931,109,1,214.58,0.0
9834,5932,19,1,344.43,0.05
9835,5932,138,1,569.79,0.0
9836,5932,16,3,1438.96,0.0
9837,5933,9,1,893.38,0.0
9838,5933,11,2,475.41,0.15
9839,5934,32,1,856.17,0.1
9840,5934,47,1,2343.1,0.05
9841,5934,44,1,633.94,0.0
9842,5934,5,3,983.84,0.0
9843,5935,43,2,1099.47,0.0
9844,5936,40,1,1027.7,0.05
9845,5936,103,1,220.54,0.0
9846,5937,164,1,30.98,0.0
9847,5938,66,2,862.88,0.0
9848,5939,54,1,913.58,0.0
9849,5939,105,2,432.62,0.0
9850,5939,16,1,1438.96,0.0
9851,5940,9,1,893.38,0.1
9852,5941,160,2,54.58,0.0
9853,5942,91,3,261.69,0.05
9854,5942,137,1,641.9,0.15
9855,5942,15,2,1175.14,0.0
9856,5942,140,1,424.81,0.0
9857,5943,133,1,588.67,0.0
9858,5943,53,1,656.09,0.15
9859,5944,135,2,635.25,0.0
9860,5944,168,1,35.65,0.05
9861,5944,136,1,639.35,0.0
9862,5945,1,1,231.51,0.0
9863,5946,33,3,1625.77,0.0
9864,5946,94,1,206.74,0.0
9865,5946,68,1,345.57,0.0
9866,5947,20,1,1259.83,0.15
9867,5948,24,1,496.62,0.0
9868,5948,99,1,73.05,0.0
9869,5949,120,1,444.02,0.2
9870,5950,122,1,25.6,0.0
9871,5951,168,1,35.65,0.0
9872,5952,126,1,635.26,0.0
9873,5953,51,2,385.81,0.1
9874,5954,89,1,157.12,0.0
9875,5955,117,1,331.2,0.0
9876,5956,110,2,301.79,0.1
9877,5957,95,1,53.11,0.0
9878,5957,62,2,759.59,0.1
9879,5957,11,2,475.41,0.0
9880,5958,38,1,846.62,0.0
9881,5959,44,2,633.94,0.2
9882,5960,67,1,755.51,0.0
9883,5960,101,1,303.31,0.2
9884,5961,9,1,893.38,0.1
9885,5962,173,1,47.43,0.0
9886,5962,17,1,1330.67,0.1
9887,5963,12,2,899.67,0.0
9888,5963,39,1,730.27,0.0
9889,5964,83,1,220.71,0.0
9890,5965,88,1,46.08,0.0
9891,5965,136,1,639.35,0.0
9892,5965,40,1,1027.7,0.0
9893,5966,42,1,926.35,0.1
9894,5967,107,1,206.43,0.2
9895,5968,26,1,597.08,0.1
9896,5969,23,1,282.23,0.0
9897,5969,47,1,2343.1,0.0
9898,5970,69,1,502.41,0.2
9899,5971,19,1,344.43,0.05
9900,5972,59,1,723.28,0.0
9901,5973,48,1,775.66,0.0
9902,5973,68,1,345.57,0.0
9903,5974,91,1,261.69,0.0
9904,5974,22,1,1492.69,0.0
9905,5975,110,1,301.79,0.0
9906,5976,121,3,434.1,0.0
9907,5977,29,1,2154.66,0.15
9908,5977,37,1,2349.94,0.0
9909,5978,4,1,560.23,0.2
9910,5979,96,1,285.92,0.05
9911,5980,128,1,367.46,0.0
9912,5981,158,1,28.13,0.0
9913,5981,5,1,983.84,0.0
9914,5982,30,1,2294.13,0.05
9915,5982,112,1,71.21,0.2
9916,5983,13,1,861.38,0.0
9917,5984,30,1,2294.13,0.0
9918,5985,26,1,597.08,0.2
9919,5986,105,2,432.62,0.2
9920,5987,39,2,730.27,0.0
9921,5988,46,1,1831.34,0.0
9922,5989,42,1,926.35,0.05
9923,5989,109,2,214.58,0.0
9924,5990,130,2,690.85,0.05
9925,5991,26,1,597.08,0.0
9926,5991,35,1,482.46,0.1
9927,5992,155,2,28.84,0.0
9928,5992,151,1,6.17,0.0
9929,5993,114,1,233.3,0.0
9930,5993,161,2,31.02,0.0
9931,5994,148,1,174.44,0.0
9932,5994,14,2,281.59,0.0
9933,5995,15,2,1175.14,0.0
9934,5995,20,1,1259.83,0.1
9935,5996,98,1,218.62,0.0
9936,5996,148,2,174.44,0.0
9937,5997,82,1,159.8,0.0
9938,5997,60,1,228.38,0.0
9939,5997,145,1,182.4,0.0
9940,5998,119,1,264.87,0.2
9941,5999,21,1,543.57,0.0
9942,6000,47,2,2343.1,0.05
9943,6001,84,1,292.46,0.0
9944,6001,153,2,58.82,0.0
9945,6002,1,1,231.51,0.0
9946,6003,12,2,899.67,0.05
9947,6004,39,1,730.27,0.0
9948,6005,121,1,434.1,0.0
9949,6006,75,1,548.76,0.0
9950,6006,115,1,215.42,0.0
9951,6007,55,1,458.59,0.0
9952,6007,56,2,580.05,0.05
9953,6008,144,2,623.37,0.05
9954,6009,112,1,71.21,0.0
9955,6010,14,1,281.59,0.0
9956,6010,16,1,1438.96,0.0
9957,6011,96,2,285.92,0.0
9958,6011,170,1,27.31,0.0
9959,6012,135,3,635.25,0.1
9960,6013,154,1,67.7,0.05
9961,6014,157,2,70.72,0.15
9962,6014,107,1,206.43,0.0
9963,6015,115,1,215.42,0.0
9964,6016,82,2,159.8,0.0
9965,6017,97,1,274.08,0.0
9966,6017,24,1,496.62,0.0
9967,6017,144,1,623.37,0.0
9968,6018,30,1,2294.13,0.0
9969,6019,166,1,58.4,0.0
9970,6020,88,1,46.08,0.0
9971,6021,38,1,846.62,0.0
9972,6022,71,1,564.0,0.05
9973,6022,136,2,639.35,0.0
9974,6023,7,2,1203.99,0.1
9975,6023,108,1,387.83,0.0
9976,6023,11,1,475.41,0.05
9977,6024,91,2,261.69,0.0
9978,6024,48,1,775.66,0.0
9979,6024,1,1,231.51,0.0
9980,6025,87,2,255.5,0.0
9981,6025,145,1,182.4,0.0
9982,6025,114,1,233.3,0.0
9983,6026,118,1,227.27,0.1
9984,6026,39,1,730.27,0.0
9985,6026,96,1,285.92,0.0
9986,6027,103,1,220.54,0.0
9987,6027,102,2,49.71,0.0
9988,6028,131,1,602.2,0.0
9989,6029,37,3,2349.94,0.05
9990,6030,58,1,407.29,0.05
9991,6031,25,1,900.0,0.0
9992,6031,13,2,861.38,0.0
9993,6032,22,1,1492.69,0.0
9994,6032,75,1,548.76,0.0
9995,6033,162,1,67.56,0.05
9996,6034,13,1,861.38,0.05
9997,6034,124,2,394.12,0.15
9998,6034,47,1,2343.1,0.0
9999,6034,155,2,28.84,0.05
10000,6035,20,1,1259.83,0.0
10001,6035,83,1,220.71,0.15
10002,6036,133,1,588.67,0.0
10003,6037,15,1,1175.14,0.0
10004,6037,105,1,432.62,0.0
10005,6037,4,1,560.23,0.0
10006,6037,22,1,1492.69,0.0
10007,6038,97,1,274.08,0.05
10008,6038,69,1,502.41,0.05
10009,6039,79,3,147.48,0.15
10010,6039,170,1,27.31,0.0
10011,6040,5,3,983.84,0.05
10012,6041,40,1,1027.7,0.0
10013,6041,160,1,54.58,0.05
10014,6041,151,1,6.17,0.0
10015,6042,26,1,597.08,0.0
10016,6042,139,1,280.41,0.0
10017,6043,5,1,983.84,0.0
10018,6044,4,1,560.23,0.0
10019,6044,99,1,73.05,0.0
10020,6044,152,2,38.17,0.0
10021,6045,126,1,635.26,0.0
10022,6045,37,1,2349.94,0.0
10023,6046,164,1,30.98,0.1
10024,6047,35,1,482.46,0.1
10025,6047,98,1,218.62,0.0
10026,6048,131,3,602.2,0.0
10027,6048,11,1,475.41,0.05
10028,6049,10,1,496.76,0.0
10029,6049,174,2,64.3,0.0
10030,6049,12,1,899.67,0.2
10031,6050,44,1,633.94,0.0
10032,6050,19,1,344.43,0.0
10033,6051,35,1,482.46,0.0
10034,6052,22,2,1492.69,0.05
10035,6052,122,1,25.6,0.15
10036,6053,89,1,157.12,0.15
10037,6053,38,1,846.62,0.0
10038,6054,11,1,475.41,0.0
10039,6054,118,1,227.27,0.0
10040,6055,31,1,1861.84,0.05
10041,6055,166,1,58.4,0.0
10042,6056,56,2,580.05,0.05
10043,6057,133,1,588.67,0.0
10044,6057,161,2,31.02,0.0
10045,6058,130,1,690.85,0.0
10046,6059,11,1,475.41,0.0
10047,6060,7,1,1203.99,0.05
10048,6060,28,1,784.32,0.0
10049,6061,30,1,2294.13,0.1
10050,6061,166,1,58.4,0.0
10051,6062,12,1,899.67,0.1
10052,6062,122,3,25.6,0.0
10053,6062,98,1,218.62,0.0
10054,6063,8,2,410.45,0.0
10055,6064,117,1,331.2,0.0
10056,6065,146,1,78.96,0.0
10057,6065,33,1,1625.77,0.05
10058,6065,168,1,35.65,0.0
10059,6066,161,1,31.02,0.0
10060,6067,169,1,43.99,0.15
10061,6068,77,1,173.17,0.0
10062,6068,22,1,1492.69,0.1
10063,6069,101,1,303.31,0.0
10064,6070,26,1,597.08,0.15
10065,6071,10,1,496.76,0.05
10066,6072,117,2,331.2,0.05
10067,6072,3,1,744.38,0.0
10068,6073,153,2,58.82,0.0
10069,6073,141,1,622.59,0.0
10070,6074,152,2,38.17,0.0
10071,6075,7,1,1203.99,0.0
10072,6075,57,1,714.19,0.0
10073,6075,154,1,67.7,0.0
10074,6075,142,1,116.01,0.0
10075,6076,64,2,262.34,0.0
10076,6077,121,1,434.1,0.15
10077,6078,169,1,43.99,0.0
10078,6078,127,1,389.57,0.0
10079,6079,110,1,301.79,0.05
10080,6080,30,1,2294.13,0.0
10081,6081,87,1,255.5,0.0
10082,6082,148,1,174.44,0.05
10083,6083,100,1,92.31,0.0
10084,6083,162,1,67.56,0.15
10085,6084,35,1,482.46,0.05
10086,6085,68,1,345.57,0.0
10087,6086,62,1,759.59,0.0
10088,6087,102,2,49.71,0.05
10089,6088,170,1,27.31,0.0
10090,6088,69,1,502.41,0.0
10091,6088,80,2,299.0,0.1
10092,6088,110,2,301.79,0.0
10093,6089,83,2,220.71,0.0
10094,6090,169,2,43.99,0.0
10095,6090,8,2,410.45,0.05
10096,6091,141,1,622.59,0.0
10097,6091,95,1,53.11,0.0
10098,6092,95,1,53.11,0.0
10099,6093,83,3,220.71,0.0
10100,6093,153,1,58.82,0.15
10101,6094,102,1,49.71,0.0
10102,6095,3,1,744.38,0.05
10103,6096,33,2,1625.77,0.0
10104,6097,138,1,569.79,0.0
10105,6097,161,1,31.02,0.05
10106,6098,123,1,287.0,0.2
10107,6098,20,1,1259.83,0.0
10108,6099,79,1,147.48,0.05
10109,6099,5,1,983.84,0.15
10110,6100,44,1,633.94,0.0
10111,6101,82,1,159.8,0.05
10112,6101,90,1,92.0,0.0
10113,6102,4,1,560.23,0.05
10114,6103,57,1,714.19,0.0
10115,6103,3,1,744.38,0.0
10116,6103,8,1,410.45,0.0
10117,6103,7,2,1203.99,0.0
10118,6104,85,2,180.1,0.0
10119,6105,105,1,432.62,0.05
10120,6105,2,1,240.32,0.05
10121,6106,115,3,215.42,0.0
10122,6107,25,1,900.0,0.0
10123,6107,128,1,367.46,0.05
10124,6107,44,1,633.94,0.0
10125,6108,13,1,861.38,0.0
10126,6109,22,3,1492.69,0.05
10127,6109,95,1,53.11,0.0
10128,6109,107,1,206.43,0.1
10129,6110,44,1,633.94,0.2
10130,6111,25,1,900.0,0.0
10131,6112,3,1,744.38,0.0
10132,6113,155,1,28.84,0.0
10133,6114,54,3,913.58,0.0
10134,6114,5,1,983.84,0.0
10135,6114,17,1,1330.67,0.0
10136,6114,78,2,274.78,0.0
10137,6115,59,1,723.28,0.05
10138,6115,14,1,281.59,0.0
10139,6116,23,2,282.23,0.0
10140,6116,127,1,389.57,0.1
10141,6117,94,1,206.74,0.0
10142,6118,49,1,2052.49,0.05
10143,6118,112,1,71.21,0.05
10144,6118,102,1,49.71,0.0
10145,6118,10,1,496.76,0.05
10146,6119,34,1,542.89,0.0
10147,6119,100,1,92.31,0.0
10148,6120,44,1,633.94,0.0
10149,6120,4,1,560.23,0.05
10150,6120,90,2,92.0,0.0
10151,6121,47,2,2343.1,0.05
10152,6122,145,2,182.4,0.0
10153,6123,42,1,926.35,0.0
10154,6124,17,3,1330.67,0.0
10155,6124,171,1,41.81,0.1
10156,6124,174,1,64.3,0.15
10157,6125,16,3,1438.96,0.2
10158,6126,11,1,475.41,0.1
10159,6126,165,2,11.79,0.2
10160,6126,38,1,846.62,0.1
10161,6127,106,2,347.14,0.0
10162,6128,17,1,1330.67,0.15
10163,6129,77,3,173.17,0.05
10164,6130,47,1,2343.1,0.0
10165,6131,22,1,1492.69,0.05
10166,6132,45,2,1559.3,0.0
10167,6133,7,1,1203.99,0.0
10168,6133,119,1,264.87,0.0
10169,6134,130,1,690.85,0.0
10170,6134,61,1,188.28,0.0
10171,6134,45,1,1559.3,0.0
10172,6135,71,1,564.0,0.0
10173,6136,33,1,1625.77,0.0
10174,6136,2,3,240.32,0.0
10175,6136,109,1,214.58,0.2
10176,6137,47,1,2343.1,0.0
10177,6137,24,1,496.62,0.05
10178,6137,11,1,475.41,0.1
10179,6137,21,1,543.57,0.0
10180,6138,117,1,331.2,0.05
10181,6139,160,1,54.58,0.0
10182,6140,36,1,1805.42,0.05
10183,6141,22,1,1492.69,0.0
10184,6142,95,1,53.11,0.0
10185,6142,157,2,70.72,0.1
10186,6143,17,2,1330.67,0.0
10187,6143,153,2,58.82,0.0
10188,6143,168,1,35.65,0.0
10189,6144,47,1,2343.1,0.1
10190,6144,8,1,410.45,0.1
10191,6144,23,2,282.23,0.0
10192,6145,95,2,53.11,0.0
10193,6145,120,1,444.02,0.0
10194,6145,147,2,462.52,0.0
10195,6146,41,1,970.93,0.2
10196,6146,109,1,214.58,0.2
10197,6147,88,1,46.08,0.1
10198,6148,167,1,60.83,0.15
10199,6148,16,3,1438.96,0.0
10200,6149,48,1,775.66,0.0
10201,6149,115,2,215.42,0.05
10202,6150,62,1,759.59,0.05
10203,6151,98,2,218.62,0.0
10204,6151,155,1,28.84,0.0
10205,6151,112,2,71.21,0.0
10206,6152,54,1,913.58,0.0
10207,6153,23,1,282.23,0.1
10208,6154,15,1,1175.14,0.0
10209,6155,11,1,475.41,0.1
10210,6156,48,3,775.66,0.0
10211,6157,49,1,2052.49,0.0
10212,6158,91,1,261.69,0.05
10213,6158,17,1,1330.67,0.0
10214,6158,84,1,292.46,0.0
10215,6159,170,2,27.31,0.0
10216,6160,46,1,1831.34,0.0
10217,6161,104,2,276.16,0.0
10218,6162,156,1,38.57,0.15
10219,6163,146,1,78.96,0.0
10220,6164,11,1,475.41,0.0
10221,6165,95,1,53.11,0.15
10222,6166,34,1,542.89,0.0
10223,6166,33,1,1625.77,0.05
10224,6166,25,1,900.0,0.0
10225,6167,102,1,49.71,0.0
10226,6167,7,1,1203.99,0.0
10227,6168,47,1,2343.1,0.0
10228,6169,88,1,46.08,0.05
10229,6169,155,1,28.84,0.0
10230,6170,120,1,444.02,0.2
10231,6171,12,3,899.67,0.2
10232,6172,94,1,206.74,0.0
10233,6173,10,1,496.76,0.0
10234,6174,6,1,580.13,0.0
10235,6174,120,1,444.02,0.1
10236,6174,14,2,281.59,0.0
10237,6175,67,1,755.51,0.0
10238,6175,175,1,37.24,0.05
10239,6176,53,1,656.09,0.0
10240,6176,109,1,214.58,0.0
10241,6177,4,1,560.23,0.1
10242,6177,121,1,434.1,0.0
10243,6177,33,1,1625.77,0.05
10244,6177,3,1,744.38,0.0
10245,6178,161,2,31.02,0.1
10246,6178,169,2,43.99,0.2
10247,6178,145,1,182.4,0.0
10248,6179,118,1,227.27,0.0
10249,6179,116,1,351.25,0.1
10250,6180,46,2,1831.34,0.0
10251,6181,162,1,67.56,0.05
10252,6181,119,1,264.87,0.0
10253,6181,156,2,38.57,0.0
10254,6182,55,2,458.59,0.0
10255,6183,171,1,41.81,0.0
10256,6183,44,1,633.94,0.1
10257,6184,8,1,410.45,0.05
10258,6184,98,2,218.62,0.05
10259,6185,47,2,2343.1,0.05
10260,6186,113,2,24.88,0.0
10261,6186,1,1,231.51,0.05
10262,6187,157,1,70.72,0.0
10263,6187,10,1,496.76,0.0
10264,6188,158,1,28.13,0.05
10265,6188,77,1,173.17,0.05
10266,6189,94,1,206.74,0.05
10267,6190,154,1,67.7,0.0
10268,6190,2,1,240.32,0.0
10269,6191,40,1,1027.7,0.1
10270,6191,96,1,285.92,0.15
10271,6192,173,1,47.43,0.0
10272,6193,25,2,900.0,0.0
10273,6194,22,1,1492.69,0.0
10274,6194,20,3,1259.83,0.05
10275,6194,131,1,602.2,0.0
10276,6195,156,1,38.57,0.1
10277,6195,159,1,11.9,0.0
10278,6196,21,1,543.57,0.1
10279,6197,22,1,1492.69,0.0
10280,6197,130,1,690.85,0.0
10281,6198,65,1,854.98,0.1
10282,6199,17,1,1330.67,0.0
10283,6199,113,2,24.88,0.0
10284,6200,7,3,1203.99,0.15
10285,6200,145,1,182.4,0.0
10286,6201,42,1,926.35,0.1
10287,6202,6,1,580.13,0.0
10288,6202,85,1,180.1,0.05
10289,6203,133,1,588.67,0.1
10290,6204,31,2,1861.84,0.0
10291,6205,90,2,92.0,0.05
10292,6206,126,1,635.26,0.0
10293,6207,149,2,559.5,0.0
10294,6208,120,2,444.02,0.1
10295,6208,51,1,385.81,0.2
10296,6208,95,3,53.11,0.0
10297,6209,140,1,424.81,0.1
10298,6209,49,1,2052.49,0.0
10299,6210,158,1,28.13,0.0
10300,6211,45,1,1559.3,0.15
10301,6211,129,3,632.28,0.0
10302,6211,75,2,548.76,0.05
10303,6212,26,3,597.08,0.0
10304,6213,136,1,639.35,0.0
10305,6214,7,1,1203.99,0.0
10306,6215,19,1,344.43,0.0
10307,6216,94,1,206.74,0.05
10308,6216,130,2,690.85,0.0
10309,6216,142,1,116.01,0.0
10310,6216,110,2,301.79,0.0
10311,6217,51,1,385.81,0.0
10312,6218,21,2,543.57,0.0
10313,6218,84,1,292.46,0.1
10314,6219,61,1,188.28,0.0
10315,6220,105,1,432.62,0.0
10316,6220,106,1,347.14,0.05
10317,6220,41,1,970.93,0.0
10318,6221,158,1,28.13,0.0
10319,6221,98,1,218.62,0.0
10320,6222,157,1,70.72,0.0
10321,6222,147,1,462.52,0.0
10322,6223,139,1,280.41,0.0
10323,6224,3,1,744.38,0.0
10324,6225,4,2,560.23,0.0
10325,6226,55,1,458.59,0.0
10326,6226,126,1,635.26,0.0
10327,6227,33,2,1625.77,0.0
10328,6227,171,1,41.81,0.05
10329,6228,118,1,227.27,0.0
10330,6229,92,1,113.95,0.0
10331,6230,70,3,554.43,0.2
10332,6231,155,3,28.84,0.0
10333,6232,49,2,2052.49,0.05
10334,6233,90,1,92.0,0.05
10335,6233,11,1,475.41,0.1
10336,6233,57,1,714.19,0.0
10337,6234,29,1,2154.66,0.0
10338,6235,169,1,43.99,0.0
10339,6236,47,2,2343.1,0.05
10340,6236,44,1,633.94,0.1
10341,6237,57,1,714.19,0.0
10342,6237,65,1,854.98,0.05
10343,6238,34,1,542.89,0.05
10344,6239,164,1,30.98,0.0
10345,6239,29,2,2154.66,0.05
10346,6239,43,1,1099.47,0.1
10347,6239,48,1,775.66,0.05
10348,6240,49,1,2052.49,0.0
10349,6240,174,1,64.3,0.0
10350,6240,100,1,92.31,0.0
10351,6241,83,1,220.71,0.05
10352,6242,152,2,38.17,0.15
10353,6243,79,1,147.48,0.0
10354,6244,38,1,846.62,0.0
10355,6244,164,1,30.98,0.0
10356,6245,165,1,11.79,0.0
10357,6245,92,1,113.95,0.15
10358,6246,30,1,2294.13,0.05
10359,6246,4,2,560.23,0.0
10360,6247,162,2,67.56,0.05
10361,6247,98,1,218.62,0.1
10362,6248,25,1,900.0,0.0
10363,6248,51,1,385.81,0.0
10364,6248,155,1,28.84,0.0
10365,6248,22,1,1492.69,0.0
10366,6249,93,1,340.41,0.1
10367,6249,8,3,410.45,0.0
10368,6249,112,2,71.21,0.0
10369,6250,110,1,301.79,0.0
10370,6251,57,1,714.19,0.0
10371,6251,117,1,331.2,0.05
10372,6251,17,1,1330.67,0.0
10373,6252,29,1,2154.66,0.0
10374,6253,9,1,893.38,0.0
10375,6254,136,1,639.35,0.05
10376,6254,28,2,784.32,0.05
10377,6255,6,2,580.13,0.0
10378,6256,25,2,900.0,0.0
10379,6257,127,2,389.57,0.1
10380,6258,2,1,240.32,0.05
10381,6258,108,1,387.83,0.0
10382,6259,101,1,303.31,0.15
10383,6259,122,3,25.6,0.05
10384,6259,37,1,2349.94,0.15
10385,6260,10,1,496.76,0.0
10386,6260,53,1,656.09,0.2
10387,6260,82,2,159.8,0.15
10388,6260,9,1,893.38,0.1
10389,6261,74,3,435.88,0.0
10390,6261,8,1,410.45,0.0
10391,6261,28,2,784.32,0.0
10392,6262,113,1,24.88,0.0
10393,6263,106,1,347.14,0.0
10394,6264,78,1,274.78,0.0
10395,6265,164,1,30.98,0.0
10396,6265,109,1,214.58,0.0
10397,6265,32,1,856.17,0.0
10398,6266,12,1,899.67,0.0
10399,6267,109,2,214.58,0.0
10400,6268,19,1,344.43,0.0
10401,6268,85,1,180.1,0.0
10402,6269,36,1,1805.42,0.05
10403,6269,66,2,862.88,0.1
10404,6270,117,1,331.2,0.0
10405,6271,103,1,220.54,0.0
10406,6272,22,1,1492.69,0.0
10407,6273,173,1,47.43,0.15
10408,6273,80,1,299.0,0.2
10409,6273,24,2,496.62,0.05
10410,6274,143,1,624.59,0.05
10411,6275,25,2,900.0,0.0
10412,6276,26,1,597.08,0.05
10413,6276,12,2,899.67,0.1
10414,6276,166,1,58.4,0.1
10415,6277,7,1,1203.99,0.0
10416,6278,47,1,2343.1,0.05
10417,6278,33,1,1625.77,0.05
10418,6279,28,2,784.32,0.0
10419,6279,113,1,24.88,0.0
10420,6279,17,1,1330.67,0.05
10421,6279,33,1,1625.77,0.0
10422,6280,17,1,1330.67,0.0
10423,6280,2,1,240.32,0.0
10424,6280,157,1,70.72,0.0
10425,6280,91,1,261.69,0.15
10426,6281,42,1,926.35,0.05
10427,6281,87,1,255.5,0.0
10428,6281,166,2,58.4,0.0
10429,6282,42,2,926.35,0.0
10430,6283,37,1,2349.94,0.2
10431,6284,30,1,2294.13,0.05
10432,6284,5,1,983.84,0.0
10433,6284,117,2,331.2,0.0
10434,6284,35,2,482.46,0.2
10435,6285,110,1,301.79,0.0
10436,6286,132,1,684.44,0.15
10437,6287,28,1,784.32,0.1
10438,6287,156,1,38.57,0.15
10439,6287,162,1,67.56,0.0
10440,6287,121,2,434.1,0.0
10441,6288,48,1,775.66,0.0
10442,6289,88,1,46.08,0.0
10443,6289,109,1,214.58,0.1
10444,6290,157,1,70.72,0.2
10445,6290,1,2,231.51,0.0
10446,6291,111,1,287.93,0.0
10447,6291,11,1,475.41,0.1
10448,6291,152,2,38.17,0.0
10449,6292,41,1,970.93,0.05
10450,6292,48,1,775.66,0.0
10451,6292,170,2,27.31,0.0
10452,6293,22,1,1492.69,0.0
10453,6293,155,2,28.84,0.2
10454,6294,54,1,913.58,0.0
10455,6295,140,2,424.81,0.2
10456,6295,121,2,434.1,0.0
10457,6296,102,1,49.71,0.0
10458,6296,35,1,482.46,0.1
10459,6297,130,1,690.85,0.0
10460,6298,80,1,299.0,0.1
10461,6299,132,1,684.44,0.05
10462,6299,32,1,856.17,0.0
10463,6299,70,1,554.43,0.1
10464,6300,123,1,287.0,0.0
10465,6300,25,2,900.0,0.15
10466,6301,75,2,548.76,0.0
10467,6302,40,1,1027.7,0.0
10468,6303,19,1,344.43,0.05
10469,6304,167,3,60.83,0.0
10470,6304,1,2,231.51,0.1
10471,6305,9,1,893.38,0.1
10472,6305,115,1,215.42,0.0
10473,6306,139,1,280.41,0.1
10474,6306,54,1,913.58,0.05
10475,6307,147,1,462.52,0.0
10476,6308,164,1,30.98,0.1
10477,6308,80,2,299.0,0.0
10478,6308,9,1,893.38,0.0
10479,6308,116,2,351.25,0.15
10480,6309,34,3,542.89,0.1
10481,6309,7,1,1203.99,0.0
10482,6310,6,2,580.13,0.0
10483,6311,124,1,394.12,0.0
10484,6312,7,2,1203.99,0.1
10485,6313,173,1,47.43,0.0
10486,6314,16,1,1438.96,0.0
10487,6315,84,2,292.46,0.0
10488,6315,1,2,231.51,0.0
10489,6316,102,1,49.71,0.05
10490,6316,149,1,559.5,0.05
10491,6316,45,1,1559.3,0.0
10492,6317,39,1,730.27,0.0
10493,6318,72,1,930.61,0.1
10494,6318,107,1,206.43,0.0
10495,6318,48,1,775.66,0.1
10496,6319,30,2,2294.13,0.05
10497,6319,5,1,983.84,0.15
10498,6319,66,3,862.88,0.0
10499,6319,11,2,475.41,0.0
10500,6320,49,2,2052.49,0.1
10501,6321,167,1,60.83,0.0
10502,6322,64,1,262.34,0.0
10503,6322,124,2,394.12,0.0
10504,6323,77,1,173.17,0.0
10505,6324,44,1,633.94,0.0
10506,6325,105,1,432.62,0.0
10507,6325,39,1,730.27,0.0
10508,6326,13,1,861.38,0.0
10509,6327,160,1,54.58,0.0
10510,6327,132,1,684.44,0.0
10511,6327,25,1,900.0,0.05
10512,6328,124,2,394.12,0.0
10513,6328,116,1,351.25,0.2
10514,6329,154,1,67.7,0.05
10515,6329,119,1,264.87,0.0
10516,6330,47,1,2343.1,0.0
10517,6330,1,2,231.51,0.05
10518,6331,158,1,28.13,0.0
10519,6332,23,1,282.23,0.15
10520,6333,114,1,233.3,0.0
10521,6334,33,1,1625.77,0.1
10522,6335,130,1,690.85,0.0
10523,6335,161,1,31.02,0.0
10524,6336,146,2,78.96,0.1
10525,6337,44,2,633.94,0.0
10526,6338,27,3,526.29,0.05
10527,6338,111,2,287.93,0.1
10528,6339,164,1,30.98,0.0
10529,6339,43,1,1099.47,0.2
10530,6340,88,1,46.08,0.0
10531,6340,161,1,31.02,0.0
10532,6341,46,1,1831.34,0.0
10533,6341,117,1,331.2,0.0
10534,6342,26,2,597.08,0.0
10535,6342,37,1,2349.94,0.0
10536,6343,42,1,926.35,0.05
10537,6344,63,1,335.01,0.0
10538,6344,47,1,2343.1,0.0
10539,6344,15,1,1175.14,0.2
10540,6344,146,1,78.96,0.0
10541,6345,36,1,1805.42,0.0
10542,6345,87,1,255.5,0.0
10543,6346,23,1,282.23,0.0
10544,6346,11,2,475.41,0.0
10545,6346,42,1,926.35,0.0
10546,6347,63,1,335.01,0.0
10547,6347,13,2,861.38,0.1
10548,6347,142,1,116.01,0.1
10549,6348,37,3,2349.94,0.1
10550,6348,57,1,714.19,0.0
10551,6348,156,1,38.57,0.15
10552,6349,107,1,206.43,0.2
10553,6349,140,1,424.81,0.0
10554,6349,12,1,899.67,0.05
10555,6350,98,2,218.62,0.1
10556,6350,43,1,1099.47,0.0
10557,6350,99,1,73.05,0.0
10558,6351,40,1,1027.7,0.0
10559,6351,21,1,543.57,0.1
10560,6352,79,1,147.48,0.0
10561,6352,21,1,543.57,0.0
10562,6353,5,1,983.84,0.0
10563,6354,146,1,78.96,0.0
10564,6354,115,1,215.42,0.0
10565,6355,5,1,983.84,0.15
10566,6356,6,1,580.13,0.15
10567,6357,23,1,282.23,0.0
10568,6357,9,1,893.38,0.0
10569,6358,90,2,92.0,0.0
10570,6358,47,1,2343.1,0.0
10571,6358,87,1,255.5,0.15
10572,6359,167,1,60.83,0.05
10573,6359,10,1,496.76,0.0
10574,6359,80,1,299.0,0.0
10575,6360,73,1,264.34,0.0
10576,6360,125,1,205.61,0.0
10577,6361,96,1,285.92,0.0
10578,6362,153,1,58.82,0.05
10579,6362,124,2,394.12,0.05
10580,6362,20,1,1259.83,0.0
10581,6363,49,2,2052.49,0.0
10582,6364,173,1,47.43,0.0
10583,6364,125,1,205.61,0.05
10584,6365,23,3,282.23,0.0
10585,6365,87,1,255.5,0.05
10586,6365,96,1,285.92,0.0
10587,6366,149,1,559.5,0.05
10588,6367,16,1,1438.96,0.0
10589,6367,131,1,602.2,0.0
10590,6368,101,1,303.31,0.05
10591,6369,55,1,458.59,0.0
10592,6369,83,2,220.71,0.0
10593,6370,153,1,58.82,0.15
10594,6370,95,2,53.11,0.0
10595,6370,8,1,410.45,0.0
10596,6371,119,1,264.87,0.0
10597,6371,156,1,38.57,0.0
10598,6371,5,1,983.84,0.0
10599,6371,28,2,784.32,0.0
10600,6372,144,1,623.37,0.0
10601,6373,36,2,1805.42,0.0
10602,6374,35,2,482.46,0.0
10603,6375,60,1,228.38,0.0
10604,6376,99,2,73.05,0.0
10605,6377,17,1,1330.67,0.0
10606,6377,123,1,287.0,0.1
10607,6377,20,1,1259.83,0.0
10608,6378,129,1,632.28,0.0
10609,6379,153,1,58.82,0.15
10610,6380,69,1,502.41,0.0
10611,6381,45,1,1559.3,0.0
10612,6382,155,1,28.84,0.05
10613,6382,127,1,389.57,0.05
10614,6382,44,2,633.94,0.05
10615,6383,94,1,206.74,0.0
10616,6384,116,1,351.25,0.0
10617,6385,5,1,983.84,0.0
10618,6385,70,1,554.43,0.15
10619,6385,149,1,559.5,0.0
10620,6386,124,1,394.12,0.0
10621,6387,20,1,1259.83,0.0
10622,6387,55,1,458.59,0.0
10623,6388,174,1,64.3,0.05
10624,6388,88,1,46.08,0.0
10625,6388,38,3,846.62,0.2
10626,6389,34,1,542.89,0.1
10627,6390,79,1,147.48,0.0
10628,6391,100,1,92.31,0.0
10629,6391,21,2,543.57,0.0
10630,6392,119,2,264.87,0.1
10631,6393,10,1,496.76,0.0
10632,6393,38,2,846.62,0.0
10633,6394,65,1,854.98,0.1
10634,6394,11,1,475.41,0.1
10635,6394,90,2,92.0,0.2
10636,6395,7,2,1203.99,0.05
10637,6396,85,1,180.1,0.0
10638,6397,63,2,335.01,0.0
10639,6397,87,2,255.5,0.0
10640,6397,131,1,602.2,0.05
10641,6398,117,1,331.2,0.2
10642,6398,120,2,444.02,0.0
10643,6399,137,2,641.9,0.1
10644,6400,17,1,1330.67,0.0
10645,6401,165,1,11.79,0.0
10646,6401,9,2,893.38,0.0
10647,6401,16,1,1438.96,0.0
10648,6402,169,1,43.99,0.0
10649,6402,155,1,28.84,0.0
10650,6402,11,1,475.41,0.0
10651,6403,29,2,2154.66,0.15
10652,6403,160,1,54.58,0.05
10653,6404,129,2,632.28,0.0
10654,6404,30,1,2294.13,0.0
10655,6404,101,1,303.31,0.0
10656,6405,16,1,1438.96,0.1
10657,6405,173,1,47.43,0.05
10658,6406,171,1,41.81,0.0
10659,6407,33,1,1625.77,0.0
10660,6408,11,1,475.41,0.2
10661,6408,24,2,496.62,0.0
10662,6408,98,2,218.62,0.0
10663,6409,83,1,220.71,0.0
10664,6410,33,3,1625.77,0.0
10665,6411,101,1,303.31,0.0
10666,6412,3,2,744.38,0.15
10667,6413,74,1,435.88,0.1
10668,6414,9,1,893.38,0.0
10669,6415,90,2,92.0,0.15
10670,6415,171,1,41.81,0.0
10671,6416,10,1,496.76,0.0
10672,6417,34,3,542.89,0.0
10673,6418,10,1,496.76,0.0
10674,6419,23,2,282.23,0.0
10675,6419,37,1,2349.94,0.0
10676,6420,122,2,25.6,0.0
10677,6420,127,1,389.57,0.0
10678,6421,168,1,35.65,0.0
10679,6422,117,1,331.2,0.0
10680,6422,88,1,46.08,0.05
10681,6422,103,1,220.54,0.2
10682,6422,147,1,462.52,0.0
10683,6423,106,1,347.14,0.1
10684,6424,4,3,560.23,0.0
10685,6425,100,2,92.31,0.0
10686,6426,130,1,690.85,0.0
10687,6427,27,1,526.29,0.0
10688,6427,9,1,893.38,0.1
10689,6427,80,2,299.0,0.05
10690,6427,19,1,344.43,0.15
10691,6428,156,1,38.57,0.0
10692,6429,144,1,623.37,0.05
10693,6429,34,1,542.89,0.0
10694,6429,26,1,597.08,0.0
10695,6430,13,2,861.38,0.0
10696,6431,25,1,900.0,0.05
10697,6431,93,1,340.41,0.0
10698,6431,40,1,1027.7,0.05
10699,6432,92,2,113.95,0.1
10700,6432,20,1,1259.83,0.2
10701,6433,160,1,54.58,0.0
10702,6434,1,1,231.51,0.0
10703,6435,8,1,410.45,0.0
10704,6436,10,1,496.76,0.0
10705,6436,74,1,435.88,0.0
10706,6436,20,2,1259.83,0.1
10707,6437,136,2,639.35,0.0
10708,6437,137,1,641.9,0.1
10709,6438,141,2,622.59,0.05
10710,6439,2,1,240.32,0.15
10711,6440,93,1,340.41,0.05
10712,6441,35,1,482.46,0.1
10713,6442,70,1,554.43,0.0
10714,6442,121,1,434.1,0.0
10715,6442,55,1,458.59,0.0
10716,6443,53,1,656.09,0.0
10717,6444,105,1,432.62,0.0
10718,6445,129,2,632.28,0.0
10719,6446,49,1,2052.49,0.0
10720,6447,93,1,340.41,0.0
10721,6448,112,1,71.21,0.05
10722,6448,10,1,496.76,0.05
10723,6449,90,1,92.0,0.0
10724,6450,62,1,759.59,0.15
10725,6451,47,1,2343.1,0.0
10726,6451,39,1,730.27,0.0
10727,6451,116,2,351.25,0.05
10728,6452,30,1,2294.13,0.0
10729,6453,129,1,632.28,0.0
10730,6454,6,1,580.13,0.0
10731,6455,164,1,30.98,0.05
10732,6456,41,1,970.93,0.15
10733,6457,70,1,554.43,0.05
10734,6457,125,1,205.61,0.0
10735,6458,167,1,60.83,0.0
10736,6458,134,2,448.79,0.05
10737,6458,15,2,1175.14,0.1
10738,6459,147,1,462.52,0.0
10739,6459,56,1,580.05,0.0
10740,6459,48,1,775.66,0.0
10741,6460,84,1,292.46,0.0
10742,6460,54,1,913.58,0.0
10743,6461,117,1,331.2,0.0
10744,6461,16,1,1438.96,0.0
10745,6461,167,1,60.83,0.0
10746,6462,143,1,624.59,0.05
10747,6462,61,1,188.28,0.0
10748,6463,19,1,344.43,0.0
10749,6463,66,1,862.88,0.0
10750,6464,9,1,893.38,0.0
10751,6464,91,1,261.69,0.0
10752,6465,38,1,846.62,0.05
10753,6466,173,2,47.43,0.0
10754,6466,159,1,11.9,0.0
10755,6467,32,1,856.17,0.0
10756,6467,110,1,301.79,0.0
10757,6468,3,3,744.38,0.05
10758,6468,46,1,1831.34,0.1
10759,6469,106,2,347.14,0.0
10760,6470,80,1,299.0,0.1
10761,6470,91,1,261.69,0.05
10762,6471,11,1,475.41,0.0
10763,6472,13,1,861.38,0.0
10764,6473,152,1,38.17,0.0
10765,6473,10,1,496.76,0.05
10766,6473,14,1,281.59,0.0
10767,6474,45,1,1559.3,0.0
10768,6474,112,1,71.21,0.05
10769,6475,104,1,276.16,0.05
10770,6475,110,1,301.79,0.0
10771,6476,140,1,424.81,0.0
10772,6476,122,1,25.6,0.0
10773,6477,102,1,49.71,0.0
10774,6478,1,1,231.51,0.05
10775,6479,11,1,475.41,0.1
10776,6479,45,1,1559.3,0.05
10777,6480,2,1,240.32,0.0
10778,6481,47,1,2343.1,0.0
10779,6482,44,1,633.94,0.0
10780,6482,158,1,28.13,0.15
10781,6483,43,1,1099.47,0.0
10782,6483,93,1,340.41,0.1
10783,6484,115,3,215.42,0.0
10784,6484,33,3,1625.77,0.0
10785,6484,169,1,43.99,0.0
10786,6485,60,1,228.38,0.0
10787,6485,6,1,580.13,0.0
10788,6486,149,2,559.5,0.15
10789,6486,9,1,893.38,0.0
10790,6487,69,1,502.41,0.0
10791,6487,31,1,1861.84,0.05
10792,6488,153,1,58.82,0.0
10793,6489,16,1,1438.96,0.1
10794,6490,174,1,64.3,0.0
10795,6491,32,1,856.17,0.0
10796,6492,102,2,49.71,0.05
10797,6493,143,1,624.59,0.05
10798,6493,78,1,274.78,0.0
10799,6494,25,2,900.0,0.0
10800,6495,154,2,67.7,0.15
10801,6496,35,2,482.46,0.0
10802,6496,14,2,281.59,0.0
10803,6496,29,1,2154.66,0.0
10804,6496,169,1,43.99,0.0
10805,6497,20,2,1259.83,0.0
10806,6498,21,2,543.57,0.0
10807,6498,2,1,240.32,0.0
10808,6499,61,1,188.28,0.0
10809,6499,1,1,231.51,0.15
10810,6499,138,1,569.79,0.0
10811,6500,123,1,287.0,0.0
10812,6500,139,2,280.41,0.05
10813,6501,149,1,559.5,0.0
10814,6502,161,1,31.02,0.1
10815,6503,128,1,367.46,0.0
10816,6503,174,2,64.3,0.0
10817,6504,128,1,367.46,0.1
10818,6504,21,1,543.57,0.0
10819,6505,15,1,1175.14,0.05
10820,6506,122,3,25.6,0.0
10821,6507,8,1,410.45,0.0
10822,6508,69,1,502.41,0.0
10823,6508,165,1,11.79,0.0
10824,6508,14,1,281.59,0.15
10825,6509,87,1,255.5,0.0
10826,6510,72,1,930.61,0.0
10827,6511,160,2,54.58,0.0
10828,6511,32,1,856.17,0.2
10829,6512,32,1,856.17,0.2
10830,6513,60,1,228.38,0.2
10831,6514,166,1,58.4,0.0
10832,6515,122,1,25.6,0.0
10833,6515,164,1,30.98,0.0
10834,6516,36,1,1805.42,0.05
10835,6517,43,3,1099.47,0.1
10836,6518,135,1,635.25,0.05
10837,6519,128,1,367.46,0.0
10838,6520,54,3,913.58,0.0
10839,6520,58,1,407.29,0.15
10840,6521,164,1,30.98,0.0
10841,6521,16,1,1438.96,0.0
10842,6521,124,1,394.12,0.0
10843,6522,74,1,435.88,0.2
10844,6522,118,1,227.27,0.0
10845,6523,21,1,543.57,0.0
10846,6523,66,1,862.88,0.0
10847,6524,125,1,205.61,0.1
10848,6525,3,1,744.38,0.0
10849,6526,44,3,633.94,0.0
10850,6526,7,1,1203.99,0.0
10851,6527,169,1,43.99,0.0
10852,6527,97,1,274.08,0.0
10853,6528,30,2,2294.13,0.0
10854,6529,4,1,560.23,0.0
10855,6529,170,1,27.31,0.1
10856,6530,32,1,856.17,0.1
10857,6530,105,3,432.62,0.0
10858,6531,117,1,331.2,0.0
10859,6532,165,1,11.79,0.0
10860,6533,164,1,30.98,0.0
10861,6534,56,1,580.05,0.1
10862,6535,93,1,340.41,0.0
10863,6535,46,3,1831.34,0.0
10864,6536,89,2,157.12,0.0
10865,6536,91,1,261.69,0.15
10866,6537,85,1,180.1,0.1
10867,6538,130,1,690.85,0.0
10868,6538,39,1,730.27,0.0
10869,6538,173,2,47.43,0.0
10870,6538,9,1,893.38,0.0
10871,6539,82,1,159.8,0.0
10872,6539,127,1,389.57,0.0
10873,6539,42,3,926.35,0.0
10874,6539,17,1,1330.67,0.2
10875,6540,173,1,47.43,0.0
10876,6541,155,2,28.84,0.0
10877,6542,15,1,1175.14,0.05
10878,6542,164,1,30.98,0.0
10879,6543,111,2,287.93,0.15
10880,6543,35,2,482.46,0.0
10881,6544,67,1,755.51,0.1
10882,6545,2,1,240.32,0.1
10883,6546,106,1,347.14,0.0
10884,6546,108,1,387.83,0.0
10885,6547,21,2,543.57,0.0
10886,6548,80,1,299.0,0.0
10887,6549,147,1,462.52,0.0
10888,6549,42,1,926.35,0.0
10889,6549,124,1,394.12,0.0
10890,6550,25,1,900.0,0.0
10891,6551,47,1,2343.1,0.2
10892,6552,146,1,78.96,0.05
10893,6553,14,2,281.59,0.15
10894,6554,164,1,30.98,0.0
10895,6555,19,1,344.43,0.0
10896,6556,13,1,861.38,0.0
10897,6557,165,1,11.79,0.0
10898,6558,96,2,285.92,0.05
10899,6558,38,1,846.62,0.0
10900,6559,40,2,1027.7,0.0
10901,6560,10,1,496.76,0.05
10902,6561,43,1,1099.47,0.2
10903,6562,152,2,38.17,0.0
10904,6563,102,1,49.71,0.0
10905,6563,139,1,280.41,0.0
10906,6564,45,1,1559.3,0.05
10907,6565,105,1,432.62,0.0
10908,6566,171,1,41.81,0.0
10909,6566,103,1,220.54,0.0
10910,6567,87,1,255.5,0.05
10911,6568,2,1,240.32,0.0
10912,6568,53,1,656.09,0.0
10913,6569,134,1,448.79,0.1
10914,6569,91,1,261.69,0.0
10915,6570,170,1,27.31,0.0
10916,6571,53,1,656.09,0.0
10917,6571,82,2,159.8,0.0
10918,6571,20,1,1259.83,0.0
10919,6572,48,2,775.66,0.0
10920,6573,157,1,70.72,0.0
10921,6573,7,2,1203.99,0.0
10922,6573,17,1,1330.67,0.0
10923,6574,29,1,2154.66,0.0
10924,6575,28,1,784.32,0.0
10925,6575,85,3,180.1,0.1
10926,6576,87,1,255.5,0.0
10927,6576,62,1,759.59,0.0
10928,6577,38,1,846.62,0.0
10929,6578,119,1,264.87,0.0
10930,6579,160,2,54.58,0.0
10931,6579,10,2,496.76,0.1
10932,6579,1,1,231.51,0.0
10933,6580,101,1,303.31,0.05
10934,6581,169,2,43.99,0.0
10935,6581,166,2,58.4,0.0
10936,6582,153,1,58.82,0.0
10937,6583,35,2,482.46,0.0
10938,6584,44,2,633.94,0.0
10939,6585,127,1,389.57,0.2
10940,6586,168,1,35.65,0.05
10941,6587,147,1,462.52,0.05
10942,6587,8,1,410.45,0.0
10943,6588,19,1,344.43,0.0
10944,6589,49,1,2052.49,0.2
10945,6590,85,1,180.1,0.0
10946,6591,17,1,1330.67,0.0
10947,6592,71,3,564.0,0.1
10948,6592,98,2,218.62,0.0
10949,6593,155,1,28.84,0.05
10950,6593,53,3,656.09,0.1
10951,6594,14,1,281.59,0.15
10952,6595,30,1,2294.13,0.0
10953,6595,23,1,282.23,0.0
10954,6596,101,2,303.31,0.0
10955,6596,4,1,560.23,0.15
10956,6596,96,1,285.92,0.05
10957,6597,27,2,526.29,0.1
10958,6597,58,1,407.29,0.1
10959,6598,136,1,639.35,0.0
10960,6599,148,1,174.44,0.0
10961,6600,169,1,43.99,0.0
10962,6601,8,1,410.45,0.0
10963,6601,29,2,2154.66,0.0
10964,6602,88,2,46.08,0.0
10965,6603,13,1,861.38,0.0
10966,6604,24,1,496.62,0.0
10967,6605,89,1,157.12,0.1
10968,6605,93,1,340.41,0.0
10969,6606,10,1,496.76,0.05
10970,6607,20,2,1259.83,0.0
10971,6607,173,1,47.43,0.2
10972,6608,29,2,2154.66,0.0
10973,6609,143,1,624.59,0.15
10974,6610,158,1,28.13,0.0
10975,6610,7,1,1203.99,0.0
10976,6610,74,2,435.88,0.0
10977,6610,77,1,173.17,0.0
10978,6611,39,1,730.27,0.0
10979,6611,33,1,1625.77,0.0
10980,6611,102,2,49.71,0.05
10981,6612,167,1,60.83,0.15
10982,6613,117,1,331.2,0.0
10983,6614,140,1,424.81,0.0
10984,6614,35,1,482.46,0.05
10985,6614,82,1,159.8,0.0
10986,6615,100,1,92.31,0.05
10987,6616,25,3,900.0,0.0
10988,6616,77,1,173.17,0.0
10989,6616,55,1,458.59,0.1
10990,6617,109,1,214.58,0.05
10991,6617,106,1,347.14,0.0
10992,6617,37,1,2349.94,0.0
10993,6618,149,1,559.5,0.0
10994,6618,123,1,287.0,0.2
10995,6619,167,1,60.83,0.0
10996,6620,29,1,2154.66,0.15
10997,6621,131,2,602.2,0.2
10998,6621,88,1,46.08,0.1
10999,6621,126,2,635.26,0.0
11000,6621,160,2,54.58,0.05
11001,6622,137,1,641.9,0.1
11002,6622,3,1,744.38,0.05
11003,6623,35,1,482.46,0.0
11004,6623,126,1,635.26,0.05
11005,6623,33,3,1625.77,0.0
11006,6623,148,1,174.44,0.0
11007,6624,6,1,580.13,0.0
11008,6625,136,1,639.35,0.05
11009,6626,141,1,622.59,0.2
11010,6626,34,1,542.89,0.0
11011,6627,128,1,367.46,0.0
11012,6627,8,1,410.45,0.05
11013,6627,160,1,54.58,0.0
11014,6628,97,1,274.08,0.0
11015,6628,100,1,92.31,0.0
11016,6629,25,1,900.0,0.0
11017,6630,1,2,231.51,0.0
11018,6631,2,1,240.32,0.0
11019,6632,137,1,641.9,0.0
11020,6633,27,1,526.29,0.0
11021,6634,52,1,947.35,0.0
11022,6635,12,1,899.67,0.15
11023,6636,19,1,344.43,0.0
11024,6637,41,2,970.93,0.05
11025,6638,7,1,1203.99,0.0
11026,6639,4,2,560.23,0.0
11027,6639,161,2,31.02,0.15
11028,6639,35,2,482.46,0.1
11029,6640,25,1,900.0,0.0
11030,6641,73,1,264.34,0.0
11031,6641,173,1,47.43,0.0
11032,6641,152,2,38.17,0.0
11033,6641,104,1,276.16,0.05
11034,6642,17,2,1330.67,0.0
11035,6643,107,1,206.43,0.1
11036,6643,87,2,255.5,0.1
11037,6644,144,1,623.37,0.0
11038,6644,3,1,744.38,0.0
11039,6644,23,1,282.23,0.0
11040,6645,85,1,180.1,0.0
11041,6645,142,2,116.01,0.1
11042,6646,19,1,344.43,0.0
11043,6647,118,2,227.27,0.2
11044,6647,10,1,496.76,0.0
11045,6648,7,1,1203.99,0.0
11046,6649,48,1,775.66,0.0
11047,6650,26,1,597.08,0.0
11048,6651,156,1,38.57,0.1
11049,6652,148,2,174.44,0.1
11050,6653,89,1,157.12,0.0
11051,6654,97,1,274.08,0.05
11052,6655,144,1,623.37,0.1
11053,6656,27,2,526.29,0.15
11054,6656,85,1,180.1,0.05
11055,6656,1,1,231.51,0.0
11056,6657,148,2,174.44,0.0
11057,6658,154,2,67.7,0.0
11058,6658,63,3,335.01,0.1
11059,6659,77,1,173.17,0.0
11060,6659,57,1,714.19,0.0
11061,6660,23,1,282.23,0.0
11062,6660,33,1,1625.77,0.1
11063,6660,170,2,27.31,0.0
11064,6661,43,1,1099.47,0.0
11065,6661,162,1,67.56,0.0
11066,6662,158,1,28.13,0.1
11067,6662,32,2,856.17,0.1
11068,6662,63,1,335.01,0.0
11069,6662,64,2,262.34,0.0
11070,6663,41,1,970.93,0.0
11071,6663,53,2,656.09,0.0
11072,6663,112,1,71.21,0.15
11073,6664,116,1,351.25,0.0
11074,6664,22,1,1492.69,0.15
11075,6665,135,1,635.25,0.0
11076,6665,137,2,641.9,0.0
11077,6666,53,1,656.09,0.0
11078,6667,31,1,1861.84,0.0
11079,6668,78,1,274.78,0.0
11080,6669,97,1,274.08,0.0
11081,6670,43,2,1099.47,0.05
11082,6671,149,1,559.5,0.05
11083,6672,157,1,70.72,0.0
11084,6673,98,2,218.62,0.0
11085,6674,5,2,983.84,0.0
11086,6674,19,2,344.43,0.0
11087,6675,121,1,434.1,0.2
11088,6675,134,1,448.79,0.0
11089,6675,160,1,54.58,0.1
11090,6676,7,1,1203.99,0.0
11091,6676,52,1,947.35,0.0
11092,6677,31,3,1861.84,0.1
11093,6677,144,2,623.37,0.0
11094,6677,112,1,71.21,0.05
11095,6677,138,1,569.79,0.0
11096,6678,71,1,564.0,0.05
11097,6678,24,2,496.62,0.0
11098,6679,30,1,2294.13,0.05
11099,6680,40,1,1027.7,0.0
11100,6681,56,1,580.05,0.0
11101,6681,39,1,730.27,0.0
11102,6681,49,1,2052.49,0.0
11103,6682,155,3,28.84,0.0
11104,6683,164,1,30.98,0.0
11105,6683,25,1,900.0,0.0
11106,6684,21,2,543.57,0.0
11107,6684,115,1,215.42,0.0
11108,6684,106,1,347.14,0.2
11109,6685,71,1,564.0,0.05
11110,6685,103,1,220.54,0.0
11111,6686,164,1,30.98,0.1
11112,6687,109,1,214.58,0.05
11113,6688,92,1,113.95,0.0
11114,6688,118,1,227.27,0.0
11115,6689,19,1,344.43,0.2
11116,6689,31,2,1861.84,0.0
11117,6690,169,1,43.99,0.0
11118,6691,43,2,1099.47,0.2
11119,6692,72,1,930.61,0.0
11120,6693,137,1,641.9,0.0
11121,6694,16,2,1438.96,0.0
11122,6695,26,1,597.08,0.0
11123,6695,38,2,846.62,0.0
11124,6696,25,1,900.0,0.0
11125,6697,26,1,597.08,0.15
11126,6698,170,1,27.31,0.0
11127,6699,131,3,602.2,0.0
11128,6699,36,1,1805.42,0.05
11129,6699,83,1,220.71,0.0
11130,6700,159,1,11.9,0.0
11131,6701,96,1,285.92,0.0
11132,6701,6,1,580.13,0.0
11133,6702,22,1,1492.69,0.0
11134,6702,110,1,301.79,0.05
11135,6703,48,1,775.66,0.15
11136,6703,26,1,597.08,0.1
11137,6704,19,1,344.43,0.05
11138,6704,67,1,755.51,0.05
11139,6705,23,1,282.23,0.0
11140,6705,144,1,623.37,0.15
11141,6706,136,1,639.35,0.0
11142,6706,128,1,367.46,0.0
11143,6706,21,2,543.57,0.0
11144,6706,24,2,496.62,0.0
11145,6707,66,1,862.88,0.15
11146,6707,165,3,11.79,0.0
11147,6707,57,1,714.19,0.0
11148,6708,79,2,147.48,0.05
11149,6709,111,1,287.93,0.0
11150,6710,109,1,214.58,0.0
11151,6711,78,1,274.78,0.0
11152,6711,46,2,1831.34,0.0
11153,6711,41,1,970.93,0.1
11154,6712,159,2,11.9,0.0
11155,6713,3,1,744.38,0.1
11156,6713,52,1,947.35,0.0
11157,6714,169,1,43.99,0.0
11158,6715,173,1,47.43,0.0
11159,6715,127,1,389.57,0.0
11160,6716,1,2,231.51,0.1
11161,6717,79,1,147.48,0.0
11162,6717,166,1,58.4,0.0
11163,6718,23,1,282.23,0.1
11164,6718,124,1,394.12,0.0
11165,6718,144,1,623.37,0.0
11166,6719,52,1,947.35,0.0
11167,6720,27,1,526.29,0.0
11168,6720,23,3,282.23,0.05
11169,6721,23,1,282.23,0.05
11170,6721,2,1,240.32,0.0
11171,6722,17,1,1330.67,0.0
11172,6722,62,1,759.59,0.0
11173,6722,67,1,755.51,0.0
11174,6723,107,1,206.43,0.0
11175,6724,138,1,569.79,0.1
11176,6725,62,1,759.59,0.0
11177,6725,151,2,6.17,0.05
11178,6726,117,3,331.2,0.0
11179,6727,157,1,70.72,0.2
11180,6727,57,1,714.19,0.0
11181,6727,166,1,58.4,0.0
11182,6728,154,1,67.7,0.0
11183,6728,170,1,27.31,0.0
11184,6729,91,1,261.69,0.15
11185,6730,160,1,54.58,0.0
11186,6731,16,1,1438.96,0.1
11187,6732,67,1,755.51,0.0
11188,6732,39,1,730.27,0.1
11189,6733,124,2,394.12,0.0
11190,6734,125,1,205.61,0.05
11191,6734,117,2,331.2,0.15
11192,6735,100,1,92.31,0.0
11193,6735,84,1,292.46,0.1
11194,6735,111,1,287.93,0.0
11195,6736,90,2,92.0,0.0
11196,6737,145,1,182.4,0.0
11197,6738,92,2,113.95,0.0
11198,6739,72,1,930.61,0.0
11199,6740,51,1,385.81,0.0
11200,6741,30,2,2294.13,0.0
11201,6742,33,3,1625.77,0.0
11202,6742,52,3,947.35,0.05
11203,6743,143,1,624.59,0.0
11204,6744,132,1,684.44,0.05
11205,6745,93,1,340.41,0.1
11206,6746,44,3,633.94,0.05
11207,6746,40,2,1027.7,0.0
11208,6747,129,2,632.28,0.1
11209,6748,31,1,1861.84,0.0
11210,6749,21,1,543.57,0.0
11211,6749,115,1,215.42,0.05
11212,6750,21,2,543.57,0.0
11213,6750,16,1,1438.96,0.0
11214,6751,30,1,2294.13,0.2
11215,6752,116,2,351.25,0.0
11216,6753,48,1,775.66,0.2
11217,6754,136,1,639.35,0.0
11218,6755,68,1,345.57,0.05
11219,6756,43,1,1099.47,0.0
11220,6756,12,1,899.67,0.05
11221,6757,156,2,38.57,0.0
11222,6757,45,2,1559.3,0.0
11223,6758,142,1,116.01,0.1
11224,6759,28,3,784.32,0.0
11225,6759,48,1,775.66,0.2
11226,6759,97,1,274.08,0.0
11227,6760,7,1,1203.99,0.0
11228,6761,13,2,861.38,0.05
11229,6762,23,1,282.23,0.05
11230,6763,54,2,913.58,0.0
11231,6763,40,1,1027.7,0.0
11232,6764,152,1,38.17,0.05
11233,6764,174,1,64.3,0.0
11234,6765,113,2,24.88,0.0
11235,6765,138,1,569.79,0.05
11236,6765,70,1,554.43,0.0
11237,6766,104,1,276.16,0.05
11238,6767,19,2,344.43,0.2
11239,6768,169,1,43.99,0.2
11240,6769,49,1,2052.49,0.0
11241,6769,80,1,299.0,0.0
11242,6770,15,1,1175.14,0.05
11243,6770,60,1,228.38,0.0
11244,6771,91,1,261.69,0.05
11245,6772,5,1,983.84,0.0
11246,6773,157,2,70.72,0.05
11247,6774,159,1,11.9,0.15
11248,6774,135,1,635.25,0.0
11249,6774,9,1,893.38,0.0
11250,6774,22,2,1492.69,0.2
11251,6775,13,1,861.38,0.1
11252,6776,44,1,633.94,0.1
11253,6776,25,2,900.0,0.0
11254,6777,14,1,281.59,0.0
11255,6777,165,1,11.79,0.15
11256,6777,2,1,240.32,0.0
11257,6778,94,1,206.74,0.05
11258,6779,121,1,434.1,0.1
11259,6780,60,1,228.38,0.0
11260,6781,11,1,475.41,0.0
11261,6781,23,1,282.23,0.1
11262,6781,175,1,37.24,0.0
11263,6782,27,1,526.29,0.0
11264,6783,112,1,71.21,0.05
11265,6783,170,1,27.31,0.0
11266,6783,30,2,2294.13,0.05
11267,6783,141,1,622.59,0.0
11268,6784,23,2,282.23,0.0
11269,6784,167,2,60.83,0.0
11270,6785,20,1,1259.83,0.0
11271,6786,162,1,67.56,0.0
11272,6786,128,1,367.46,0.0
11273,6787,43,1,1099.47,0.0
11274,6788,69,1,502.41,0.05
11275,6788,113,1,24.88,0.05
11276,6789,44,1,633.94,0.05
11277,6790,82,1,159.8,0.05
11278,6790,49,1,2052.49,0.1
11279,6791,43,2,1099.47,0.0
11280,6792,166,1,58.4,0.0
11281,6793,102,1,49.71,0.1
11282,6793,71,2,564.0,0.0
11283,6793,77,1,173.17,0.0
11284,6794,144,1,623.37,0.0
11285,6794,58,1,407.29,0.2
11286,6795,118,1,227.27,0.0
11287,6795,15,1,1175.14,0.0
11288,6795,24,2,496.62,0.0
11289,6796,155,1,28.84,0.0
11290,6797,136,3,639.35,0.0
11291,6797,7,1,1203.99,0.0
11292,6798,6,2,580.13,0.0
11293,6799,51,1,385.81,0.0
11294,6800,153,2,58.82,0.0
11295,6801,97,1,274.08,0.0
11296,6801,61,1,188.28,0.0
11297,6802,52,1,947.35,0.0
11298,6802,6,1,580.13,0.05
11299,6803,14,1,281.59,0.0
11300,6803,12,1,899.67,0.0
11301,6804,169,1,43.99,0.0
11302,6804,49,1,2052.49,0.0
11303,6805,132,1,684.44,0.05
11304,6806,34,2,542.89,0.2
11305,6807,36,1,1805.42,0.2
11306,6807,25,1,900.0,0.05
11307,6808,128,2,367.46,0.05
11308,6809,12,1,899.67,0.0
11309,6810,28,1,784.32,0.0
11310,6810,61,3,188.28,0.0
11311,6810,142,2,116.01,0.1
11312,6810,12,1,899.67,0.1
11313,6811,22,1,1492.69,0.0
11314,6811,46,1,1831.34,0.0
11315,6811,31,1,1861.84,0.0
11316,6812,112,1,71.21,0.0
11317,6812,151,1,6.17,0.0
11318,6813,144,3,623.37,0.0
11319,6814,153,1,58.82,0.0
11320,6814,32,1,856.17,0.05
11321,6815,33,2,1625.77,0.1
11322,6816,104,1,276.16,0.0
11323,6817,9,3,893.38,0.0
11324,6818,63,1,335.01,0.0
11325,6818,39,2,730.27,0.05
11326,6819,103,1,220.54,0.0
11327,6819,168,1,35.65,0.0
11328,6819,48,1,775.66,0.0
11329,6820,170,1,27.31,0.0
11330,6821,84,1,292.46,0.0
11331,6821,36,1,1805.42,0.0
11332,6821,152,1,38.17,0.0
11333,6822,11,1,475.41,0.0
11334,6823,145,2,182.4,0.0
11335,6824,116,1,351.25,0.0
11336,6825,46,1,1831.34,0.05
11337,6825,103,1,220.54,0.1
11338,6825,173,2,47.43,0.0
11339,6826,119,1,264.87,0.0
11340,6827,22,2,1492.69,0.05
11341,6827,38,1,846.62,0.0
11342,6827,21,1,543.57,0.05
11343,6827,109,2,214.58,0.05
11344,6828,61,1,188.28,0.0
11345,6828,48,1,775.66,0.0
11346,6829,134,1,448.79,0.0
11347,6829,90,1,92.0,0.0
11348,6830,2,3,240.32,0.0
11349,6830,11,1,475.41,0.0
11350,6830,152,1,38.17,0.05
11351,6830,114,1,233.3,0.0
11352,6831,41,1,970.93,0.0
11353,6832,145,1,182.4,0.0
11354,6832,22,2,1492.69,0.0
11355,6833,12,1,899.67,0.0
11356,6833,92,1,113.95,0.0
11357,6834,14,1,281.59,0.15
11358,6834,19,1,344.43,0.0
11359,6835,59,1,723.28,0.0
11360,6836,41,2,970.93,0.0
11361,6837,33,2,1625.77,0.1
11362,6838,140,1,424.81,0.0
11363,6839,126,2,635.26,0.0
11364,6840,31,1,1861.84,0.2
11365,6840,14,1,281.59,0.0
11366,6841,25,2,900.0,0.05
11367,6842,9,2,893.38,0.0
11368,6843,124,1,394.12,0.0
11369,6843,20,1,1259.83,0.0
11370,6843,30,1,2294.13,0.0
11371,6843,166,1,58.4,0.0
11372,6844,169,1,43.99,0.0
11373,6844,153,1,58.82,0.05
11374,6845,131,2,602.2,0.0
11375,6846,110,1,301.79,0.15
11376,6846,83,1,220.71,0.2
11377,6847,103,2,220.54,0.0
11378,6848,130,1,690.85,0.05
11379,6848,111,1,287.93,0.2
11380,6848,14,1,281.59,0.1
11381,6849,5,1,983.84,0.0
11382,6849,37,1,2349.94,0.0
11383,6850,2,1,240.32,0.0
11384,6851,8,3,410.45,0.2
11385,6852,79,1,147.48,0.0
11386,6852,19,2,344.43,0.2
11387,6853,152,1,38.17,0.0
11388,6854,162,2,67.56,0.0
11389,6854,32,1,856.17,0.0
11390,6854,1,1,231.51,0.0
11391,6855,135,1,635.25,0.05
11392,6856,109,1,214.58,0.0
11393,6857,157,1,70.72,0.0
11394,6858,134,3,448.79,0.0
11395,6858,38,1,846.62,0.0
11396,6859,173,2,47.43,0.05
11397,6860,126,1,635.26,0.0
11398,6860,9,1,893.38,0.05
11399,6861,133,1,588.67,0.0
11400,6862,38,1,846.62,0.05
11401,6862,114,3,233.3,0.0
11402,6862,16,1,1438.96,0.15
11403,6862,139,2,280.41,0.0
11404,6863,106,1,347.14,0.0
11405,6863,90,2,92.0,0.1
11406,6864,43,1,1099.47,0.0
11407,6864,109,2,214.58,0.0
11408,6865,49,3,2052.49,0.0
11409,6866,11,2,475.41,0.0
11410,6866,116,1,351.25,0.0
11411,6867,73,1,264.34,0.0
11412,6867,1,1,231.51,0.0
11413,6867,116,1,351.25,0.0
11414,6868,158,1,28.13,0.05
11415,6868,101,1,303.31,0.0
11416,6869,102,1,49.71,0.1
11417,6869,46,1,1831.34,0.0
11418,6869,137,1,641.9,0.2
11419,6869,15,1,1175.14,0.0
11420,6870,129,3,632.28,0.05
11421,6871,35,3,482.46,0.0
11422,6872,147,1,462.52,0.0
11423,6873,148,1,174.44,0.0
11424,6873,80,1,299.0,0.05
11425,6874,8,1,410.45,0.0
11426,6875,25,1,900.0,0.0
11427,6875,112,1,71.21,0.0
11428,6875,169,2,43.99,0.2
11429,6875,31,1,1861.84,0.0
11430,6876,67,2,755.51,0.0
11431,6877,7,3,1203.99,0.05
11432,6877,121,1,434.1,0.0
11433,6878,120,2,444.02,0.0
11434,6878,171,2,41.81,0.0
11435,6879,19,2,344.43,0.05
11436,6880,19,1,344.43,0.1
11437,6881,146,1,78.96,0.0
11438,6881,110,1,301.79,0.0
11439,6882,152,2,38.17,0.05
11440,6883,5,1,983.84,0.0
11441,6883,175,2,37.24,0.0
11442,6883,32,1,856.17,0.0
11443,6884,120,1,444.02,0.0
11444,6885,84,1,292.46,0.0
11445,6886,61,1,188.28,0.0
11446,6887,26,2,597.08,0.0
11447,6888,124,1,394.12,0.0
11448,6888,13,1,861.38,0.0
11449,6888,119,2,264.87,0.05
11450,6889,140,2,424.81,0.0
11451,6890,28,1,784.32,0.0
11452,6891,72,1,930.61,0.1
11453,6892,152,1,38.17,0.0
11454,6892,3,1,744.38,0.1
11455,6893,151,1,6.17,0.0
11456,6893,63,2,335.01,0.2
11457,6893,2,1,240.32,0.05
11458,6894,126,1,635.26,0.0
11459,6895,93,1,340.41,0.0
11460,6895,167,1,60.83,0.0
11461,6896,7,3,1203.99,0.0
11462,6896,16,2,1438.96,0.0
11463,6896,21,1,543.57,0.05
11464,6896,47,2,2343.1,0.15
11465,6897,27,1,526.29,0.0
11466,6898,19,1,344.43,0.2
11467,6899,5,1,983.84,0.0
11468,6899,40,1,1027.7,0.0
11469,6899,160,1,54.58,0.0
11470,6900,21,2,543.57,0.1
11471,6901,28,2,784.32,0.0
11472,6902,175,1,37.24,0.0
11473,6902,56,3,580.05,0.0
11474,6903,173,2,47.43,0.0
11475,6904,24,2,496.62,0.05
11476,6905,165,1,11.79,0.0
11477,6906,56,1,580.05,0.0
11478,6907,35,2,482.46,0.0
11479,6907,57,1,714.19,0.2
11480,6908,96,2,285.92,0.0
11481,6909,63,1,335.01,0.0
11482,6910,173,2,47.43,0.05
11483,6911,136,1,639.35,0.1
11484,6912,162,2,67.56,0.0
11485,6913,112,1,71.21,0.2
11486,6914,106,1,347.14,0.05
11487,6914,169,1,43.99,0.0
11488,6915,160,1,54.58,0.0
11489,6916,46,2,1831.34,0.0
11490,6916,161,1,31.02,0.15
11491,6917,41,1,970.93,0.0
11492,6917,158,2,28.13,0.05
11493,6918,47,1,2343.1,0.0
11494,6918,14,2,281.59,0.0
11495,6919,52,1,947.35,0.0
11496,6919,8,2,410.45,0.0
11497,6919,166,1,58.4,0.0
11498,6920,55,2,458.59,0.1
11499,6921,103,1,220.54,0.1
11500,6922,123,1,287.0,0.05
11501,6922,34,1,542.89,0.0
11502,6922,24,1,496.62,0.0
11503,6923,92,1,113.95,0.0
11504,6924,9,1,893.38,0.0
11505,6924,32,1,856.17,0.15
11506,6925,75,2,548.76,0.0
11507,6926,175,1,37.24,0.0
11508,6927,41,1,970.93,0.0
11509,6927,104,2,276.16,0.0
11510,6928,174,1,64.3,0.1
11511,6929,3,1,744.38,0.05
11512,6929,39,1,730.27,0.0
11513,6929,48,1,775.66,0.0
11514,6930,75,1,548.76,0.1
11515,6930,10,1,496.76,0.0
11516,6931,14,1,281.59,0.0
11517,6931,142,1,116.01,0.05
11518,6931,71,2,564.0,0.0
11519,6932,114,1,233.3,0.0
11520,6932,2,1,240.32,0.0
11521,6933,8,1,410.45,0.05
11522,6934,93,2,340.41,0.0
11523,6934,106,1,347.14,0.0
11524,6935,106,1,347.14,0.0
11525,6935,119,1,264.87,0.0
11526,6936,26,1,597.08,0.1
11527,6936,162,1,67.56,0.2
11528,6937,59,1,723.28,0.0
11529,6938,8,1,410.45,0.0
11530,6939,43,1,1099.47,0.05
11531,6940,31,1,1861.84,0.0
11532,6941,105,1,432.62,0.0
11533,6941,158,1,28.13,0.0
11534,6941,127,2,389.57,0.0
11535,6942,154,1,67.7,0.05
11536,6942,149,1,559.5,0.0
11537,6942,132,1,684.44,0.0
11538,6943,120,1,444.02,0.0
11539,6944,110,3,301.79,0.05
11540,6944,49,1,2052.49,0.0
11541,6944,11,1,475.41,0.0
11542,6944,42,1,926.35,0.0
11543,6945,165,1,11.79,0.0
11544,6945,44,1,633.94,0.0
11545,6946,10,1,496.76,0.15
11546,6946,116,1,351.25,0.0
11547,6947,79,2,147.48,0.05
11548,6947,46,2,1831.34,0.1
11549,6948,5,1,983.84,0.05
11550,6949,24,2,496.62,0.1
11551,6950,41,2,970.93,0.0
11552,6951,137,1,641.9,0.0
11553,6952,75,1,548.76,0.0
11554,6952,85,2,180.1,0.05
11555,6953,175,1,37.24,0.0
11556,6953,137,1,641.9,0.0
11557,6954,169,2,43.99,0.1
11558,6955,125,1,205.61,0.0
11559,6956,125,1,205.61,0.2
11560,6956,97,1,274.08,0.0
11561,6957,170,1,27.31,0.0
11562,6957,77,1,173.17,0.0
11563,6957,97,1,274.08,0.0
11564,6958,5,1,983.84,0.0
11565,6958,101,2,303.31,0.05
11566,6959,61,2,188.28,0.15
11567,6960,89,1,157.12,0.1
11568,6961,146,2,78.96,0.1
11569,6962,21,1,543.57,0.0
11570,6963,33,1,1625.77,0.0
11571,6963,2,2,240.32,0.0
11572,6964,9,1,893.38,0.05
11573,6965,168,1,35.65,0.0
11574,6965,174,2,64.3,0.1
11575,6966,41,1,970.93,0.1
11576,6966,95,1,53.11,0.0
11577,6967,2,1,240.32,0.05
11578,6968,107,1,206.43,0.0
11579,6968,149,3,559.5,0.0
11580,6969,148,1,174.44,0.0
11581,6969,145,1,182.4,0.0
11582,6970,155,1,28.84,0.15
11583,6971,5,1,983.84,0.0
11584,6972,21,3,543.57,0.15
11585,6973,4,2,560.23,0.0
11586,6973,166,1,58.4,0.0
11587,6973,42,3,926.35,0.1
11588,6974,23,1,282.23,0.0
11589,6974,38,1,846.62,0.0
11590,6974,22,1,1492.69,0.0
11591,6975,133,1,588.67,0.15
11592,6975,151,1,6.17,0.15
11593,6975,153,1,58.82,0.0
11594,6976,47,1,2343.1,0.1
11595,6977,13,3,861.38,0.1
11596,6978,1,1,231.51,0.1
11597,6978,63,1,335.01,0.0
11598,6979,130,1,690.85,0.0
11599,6979,136,2,639.35,0.0
11600,6980,14,2,281.59,0.0
11601,6981,16,2,1438.96,0.0
11602,6981,17,1,1330.67,0.1
11603,6981,19,2,344.43,0.05
11604,6982,131,1,602.2,0.0
11605,6982,103,1,220.54,0.0
11606,6983,5,1,983.84,0.15
11607,6984,115,1,215.42,0.0
11608,6985,162,2,67.56,0.1
11609,6985,66,2,862.88,0.0
11610,6986,17,1,1330.67,0.0
11611,6986,59,1,723.28,0.0
11612,6986,58,1,407.29,0.0
11613,6987,10,1,496.76,0.0
11614,6988,94,1,206.74,0.2
11615,6989,125,1,205.61,0.05
11616,6990,147,1,462.52,0.0
11617,6990,116,2,351.25,0.0
11618,6991,133,1,588.67,0.0
11619,6992,14,1,281.59,0.0
11620,6993,37,2,2349.94,0.0
11621,6994,141,1,622.59,0.0
11622,6995,145,1,182.4,0.05
11623,6995,113,1,24.88,0.0
11624,6995,95,1,53.11,0.0
11625,6995,23,1,282.23,0.0
11626,6996,69,2,502.41,0.05
11627,6997,25,1,900.0,0.05
11628,6998,89,2,157.12,0.05
11629,6998,6,1,580.13,0.2
11630,6999,19,3,344.43,0.0
11631,7000,24,1,496.62,0.15
