payment_id,order_id,amount,payment_date,payment_method,status
1,1,964.92,2026-01-16T02:02:35,paypal,completed
2,2,37.24,2025-11-03T18:11:57,card,completed
3,3,2649.41,2024-08-19T03:28:19,card,pending
4,4,8215.56,2024-07-30T01:32:57,paypal,completed
5,5,114.51,2024-02-29T20:38:09,card,completed
6,6,1034.61,2024-08-02T02:42:24,card,refunded
7,7,1659.26,2026-05-29T19:46:16,card,completed
8,8,1168.19,2025-06-06T11:27:00,transfer,completed
9,9,4480.68,2025-03-05T14:30:05,paypal,completed
10,10,1460.61,2024-05-19T08:45:19,paypal,failed
11,11,803.09,2025-04-29T19:40:52,card,completed
12,12,1359.1,2025-12-05T02:51:19,card,completed
13,13,1346.2,2026-04-02T03:33:23,card,completed
14,14,4830.52,2024-11-11T22:02:00,card,completed
15,15,4094.43,2024-10-21T09:57:05,card,refunded
16,16,58.82,2025-03-12T20:08:07,bizum,refunded
17,17,3183.68,2025-12-22T21:19:51,bizum,completed
18,18,3182.54,2024-06-10T08:58:22,paypal,completed
19,19,2195.66,2025-07-09T05:36:54,card,completed
20,20,3828.66,2026-01-05T14:11:08,card,completed
21,21,843.0,2024-08-03T00:11:20,card,completed
22,22,1160.26,2024-09-25T09:49:18,transfer,completed
23,23,30.98,2024-02-06T15:41:29,paypal,completed
24,24,605.05,2024-03-17T14:51:23,paypal,completed
25,25,829.99,2025-12-12T20:10:42,transfer,completed
26,26,1621.11,2025-11-26T11:48:43,bizum,refunded
27,27,206.43,2024-10-01T10:37:33,card,completed
28,28,3961.74,2026-06-25T03:05:01,card,completed
29,29,299.0,2025-05-17T06:10:27,bizum,completed
30,30,1755.56,2025-03-06T05:03:18,paypal,completed
31,31,1569.12,2025-09-16T05:18:47,transfer,completed
32,32,261.69,2025-02-14T10:02:50,card,completed
33,33,541.47,2026-01-26T02:48:02,card,pending
34,34,30.98,2024-11-09T08:58:41,card,refunded
35,35,770.55,2025-06-20T22:27:08,card,completed
36,36,2524.09,2025-01-05T11:05:32,transfer,completed
37,37,138.24,2025-07-27T22:34:49,card,completed
38,38,1184.04,2025-06-15T12:11:14,bizum,pending
39,39,1714.56,2024-10-27T23:42:12,card,completed
40,40,301.79,2024-12-20T07:18:46,card,pending
41,41,354.71,2025-05-11T06:28:03,card,completed
42,42,433.88,2024-05-24T23:02:35,card,completed
43,43,2101.86,2026-06-11T13:41:30,paypal,completed
44,44,1979.09,2024-05-04T20:31:45,card,completed
45,45,528.68,2024-10-19T19:51:56,card,completed
46,46,908.71,2024-10-01T16:48:25,paypal,completed
47,47,1364.54,2025-06-27T02:31:04,card,completed
48,48,407.7,2025-05-05T23:03:32,card,completed
49,49,54.65,2024-10-08T09:11:59,card,completed
50,50,2135.85,2026-03-26T13:43:32,paypal,completed
51,51,1460.54,2024-02-16T21:11:55,bizum,completed
52,52,656.09,2025-08-30T15:13:47,paypal,completed
53,53,2437.41,2026-05-23T19:32:53,bizum,completed
54,54,4783.5,2025-04-22T12:55:31,card,completed
55,55,2021.52,2026-05-02T20:30:22,card,completed
56,56,131.97,2024-04-04T00:23:02,transfer,completed
57,57,2052.49,2025-05-17T18:53:19,transfer,completed
58,58,2856.77,2024-10-19T08:02:51,paypal,completed
59,59,3073.85,2024-03-15T21:25:47,card,completed
60,60,775.24,2025-10-12T00:53:39,card,completed
61,61,1184.4,2024-09-14T03:07:33,card,completed
62,62,480.64,2024-01-12T11:21:20,card,completed
63,63,720.96,2024-07-17T17:34:58,card,completed
64,64,475.41,2026-02-15T16:28:23,paypal,refunded
65,65,1175.14,2026-03-02T04:11:24,card,completed
66,66,1102.09,2025-06-04T05:59:02,card,completed
67,67,233.3,2026-06-18T05:49:49,bizum,pending
68,68,1306.76,2026-03-18T15:31:25,card,completed
69,69,1425.6,2026-01-21T06:42:56,card,completed
70,70,3723.68,2026-06-14T14:24:09,paypal,completed
71,71,943.84,2025-11-24T22:21:32,transfer,completed
72,72,87.98,2024-11-14T14:09:25,card,completed
73,73,1799.34,2025-10-07T10:08:03,transfer,completed
74,74,25.94,2025-10-26T19:32:51,card,completed
75,75,1453.12,2026-06-07T16:39:32,paypal,completed
76,76,4104.98,2024-10-28T17:49:17,card,completed
77,77,38.57,2024-10-20T14:08:59,card,completed
78,78,2121.13,2026-02-12T12:48:55,card,refunded
79,79,4083.5,2025-08-20T06:16:53,paypal,refunded
80,80,1861.84,2025-08-03T04:52:36,paypal,completed
81,81,3474.4,2026-04-10T04:15:28,transfer,completed
82,82,808.85,2024-05-23T05:08:48,card,completed
83,83,632.28,2026-02-20T05:01:10,paypal,completed
84,84,482.46,2024-09-06T17:43:08,card,refunded
85,85,1246.57,2026-04-30T06:18:26,card,refunded
86,86,351.25,2025-09-10T05:06:28,card,completed
87,87,340.41,2025-02-20T01:57:06,card,refunded
88,88,914.03,2024-04-01T17:38:38,card,completed
89,89,1715.15,2025-06-18T18:24:08,transfer,completed
90,90,281.59,2026-02-16T15:07:57,card,completed
91,91,372.24,2024-05-03T20:35:07,card,completed
92,92,78.96,2026-02-02T10:00:25,paypal,completed
93,93,1805.42,2025-09-06T16:39:02,card,completed
94,94,1582.56,2026-03-18T18:35:52,card,completed
95,95,1494.27,2025-04-09T19:46:26,card,failed
96,96,437.24,2025-12-18T01:30:53,card,pending
97,97,580.13,2025-11-18T07:57:24,bizum,refunded
98,98,745.1,2024-11-27T23:47:58,bizum,refunded
99,99,1120.46,2026-02-10T01:10:24,card,completed
100,100,761.96,2024-07-28T03:10:01,card,completed
101,101,2815.73,2025-11-07T21:24:20,card,refunded
102,102,766.5,2024-11-21T15:35:20,card,completed
103,103,1175.14,2025-09-05T07:31:22,card,completed
104,104,427.87,2026-03-12T19:22:47,card,refunded
105,105,410.45,2024-04-06T11:47:01,paypal,completed
106,106,2649.1,2024-08-19T09:44:01,card,refunded
107,107,597.08,2024-03-05T14:59:08,card,completed
108,108,121.86,2026-01-09T23:52:49,card,completed
109,109,5042.11,2024-10-08T05:19:28,card,completed
110,110,2179.42,2026-06-13T17:49:14,card,completed
111,111,54.58,2025-10-09T22:51:28,bizum,pending
112,112,5.24,2025-12-13T16:27:23,card,pending
113,113,309.99,2026-06-21T03:23:22,card,completed
114,114,392.48,2024-07-09T13:26:14,card,completed
115,115,1467.8,2026-06-19T00:05:24,card,completed
116,116,1370.24,2025-07-15T23:06:49,card,completed
117,117,776.59,2026-03-26T19:27:28,card,completed
118,118,993.38,2024-08-27T07:42:47,card,completed
119,119,1387.56,2025-10-11T10:19:31,card,completed
120,120,692.43,2025-10-19T04:45:17,paypal,completed
121,121,779.42,2026-03-29T01:45:45,card,completed
122,122,2199.77,2025-11-26T16:43:58,transfer,refunded
123,123,741.08,2025-05-15T16:37:16,bizum,pending
124,124,3690.84,2025-04-14T07:21:58,bizum,completed
125,125,3614.43,2026-02-06T09:58:36,card,completed
126,126,1768.75,2025-01-09T03:00:03,paypal,completed
127,127,348.18,2026-04-06T01:53:07,card,refunded
128,128,3329.67,2024-02-21T11:07:23,card,completed
129,129,1949.87,2025-07-03T03:27:55,transfer,completed
130,130,416.25,2026-04-03T04:49:53,card,completed
131,131,343.71,2025-03-15T00:20:17,card,completed
132,132,983.84,2024-11-27T04:23:26,paypal,completed
133,133,1259.83,2026-06-16T02:34:43,card,completed
134,134,231.51,2024-09-24T03:43:45,transfer,completed
135,135,878.24,2024-05-29T10:53:43,card,completed
136,136,498.99,2025-10-21T05:12:04,paypal,completed
137,137,784.32,2025-12-01T22:13:15,bizum,failed
138,138,2203.21,2025-04-24T07:45:25,paypal,refunded
139,139,580.13,2025-10-30T14:59:23,transfer,completed
140,140,1027.7,2024-06-29T03:39:28,card,completed
141,141,620.73,2026-01-24T13:58:55,card,completed
142,142,445.33,2025-11-26T05:05:27,paypal,completed
143,143,274.78,2024-06-03T09:02:07,paypal,refunded
144,144,92.0,2025-04-20T21:50:44,card,completed
145,145,361.83,2025-08-28T23:58:18,paypal,completed
146,146,1155.42,2025-01-20T18:33:04,card,pending
147,147,261.69,2026-05-24T14:15:47,card,completed
148,148,1438.96,2025-12-26T08:42:50,card,completed
149,149,744.38,2026-04-04T08:46:39,paypal,completed
150,150,1544.48,2025-02-03T19:14:03,bizum,completed
151,151,1189.16,2025-03-05T14:05:03,paypal,completed
152,152,1950.01,2024-02-18T06:17:25,paypal,completed
153,153,1528.56,2026-06-25T02:39:27,card,completed
154,154,569.05,2024-07-01T09:32:45,card,completed
155,155,580.13,2025-01-31T14:29:23,paypal,completed
156,156,261.69,2026-06-23T18:14:33,card,completed
157,157,33.52,2025-10-13T03:00:03,paypal,completed
158,158,633.94,2025-08-05T10:06:08,card,completed
159,159,1491.56,2025-08-03T18:36:57,card,completed
160,160,38.17,2025-05-11T14:13:33,paypal,refunded
161,161,2622.27,2024-12-14T08:41:18,transfer,completed
162,162,189.21,2025-04-30T15:49:08,card,failed
163,163,28.84,2026-03-15T22:17:34,card,refunded
164,164,178.87,2025-10-10T23:57:32,bizum,refunded
165,165,657.24,2025-11-04T00:27:40,paypal,completed
166,166,70.76,2024-09-06T18:04:25,transfer,refunded
167,167,560.13,2024-12-26T09:26:20,card,completed
168,168,1155.72,2026-01-24T09:47:07,card,refunded
169,169,1250.71,2025-02-25T01:04:07,card,completed
170,170,2187.83,2025-06-17T02:19:31,card,pending
171,171,11.9,2026-02-23T20:59:42,card,completed
172,172,2189.42,2024-10-16T16:34:23,card,completed
173,173,705.76,2025-12-02T18:11:24,bizum,refunded
174,174,1215.39,2024-12-06T13:23:13,card,completed
175,175,78.96,2024-12-29T20:53:43,paypal,completed
176,176,1460.54,2026-01-24T18:31:32,bizum,completed
177,177,2624.23,2025-01-08T01:40:26,card,pending
178,178,754.88,2025-12-12T13:56:37,card,completed
179,179,2265.51,2026-01-18T23:52:24,card,refunded
180,180,580.05,2026-06-08T15:09:19,transfer,completed
181,181,2702.15,2025-03-19T13:34:24,paypal,completed
182,182,2042.83,2026-04-29T01:55:03,card,completed
183,183,1298.4,2025-10-02T14:35:50,transfer,completed
184,184,2972.09,2025-07-25T11:18:43,card,completed
185,185,43.99,2025-09-15T00:17:24,card,completed
186,186,515.32,2025-01-19T11:03:54,paypal,completed
187,187,1768.75,2024-06-15T13:24:30,paypal,completed
188,188,5585.52,2025-02-18T08:55:29,card,completed
189,189,1617.51,2026-03-01T08:28:59,card,completed
190,190,60.6,2026-01-27T00:20:57,card,completed
191,191,3211.05,2026-06-13T11:11:46,card,completed
192,192,54.58,2025-11-08T15:17:06,paypal,completed
193,193,281.59,2026-04-23T10:11:17,paypal,completed
194,194,1036.91,2025-05-30T08:25:39,card,completed
195,195,740.03,2025-05-29T13:33:43,transfer,completed
196,196,1900.54,2026-03-19T03:28:47,paypal,completed
197,197,543.18,2024-09-27T14:21:28,card,pending
198,198,242.72,2025-10-19T20:40:25,card,completed
199,199,67.56,2024-01-22T04:45:32,card,completed
200,200,1273.18,2024-10-28T11:28:08,transfer,completed
201,201,632.28,2026-05-11T11:34:48,paypal,refunded
202,202,2956.26,2026-01-03T07:22:49,card,refunded
203,203,1197.6,2024-10-25T21:17:18,transfer,completed
204,204,523.38,2026-05-06T16:22:05,card,completed
205,205,2469.3,2024-12-04T19:30:44,transfer,completed
206,206,2407.98,2025-01-10T16:52:11,card,refunded
207,207,1865.17,2025-07-28T04:21:57,card,completed
208,208,775.66,2026-04-10T21:57:56,paypal,completed
209,209,1307.64,2026-01-05T03:19:15,card,completed
210,210,282.23,2024-10-17T01:46:56,paypal,completed
211,211,380.05,2026-06-01T14:43:24,paypal,completed
212,212,75.95,2026-02-18T09:05:48,paypal,completed
213,213,1035.48,2026-01-26T05:05:22,transfer,completed
214,214,526.29,2025-09-27T08:05:35,card,refunded
215,215,930.61,2025-12-12T22:56:54,transfer,completed
216,216,1582.1,2026-05-19T21:20:23,paypal,failed
217,217,7049.82,2024-12-30T02:43:48,card,completed
218,218,372.3,2026-03-03T07:11:59,card,completed
219,219,78.96,2026-01-03T12:04:16,bizum,completed
220,220,204.54,2026-06-02T06:06:58,card,completed
221,221,399.62,2026-06-13T18:03:48,paypal,completed
222,222,775.24,2026-02-14T06:17:30,card,completed
223,223,2343.35,2025-01-09T10:11:21,card,completed
224,224,856.17,2024-03-20T22:32:36,bizum,completed
225,225,1143.79,2025-02-16T15:00:00,card,completed
226,226,1160.26,2025-05-16T02:13:12,paypal,completed
227,227,3539.94,2025-10-13T04:59:47,card,completed
228,228,793.02,2025-05-21T19:08:39,transfer,refunded
229,229,2674.3,2024-06-26T00:42:39,paypal,completed
230,230,310.26,2025-06-16T19:49:31,card,completed
231,231,4883.23,2024-04-17T11:42:33,card,completed
232,232,87.81,2025-01-01T11:36:35,card,completed
233,233,356.08,2026-04-02T17:10:24,card,completed
234,234,78.96,2025-05-08T05:48:42,paypal,refunded
235,235,2052.49,2026-06-08T09:42:14,card,completed
236,236,1949.87,2026-05-25T07:59:18,transfer,completed
237,237,735.0,2025-09-30T06:19:28,card,completed
238,238,784.32,2024-01-11T13:03:46,card,completed
239,239,1199.5,2025-05-12T20:40:03,card,completed
240,240,87.69,2026-05-05T20:30:07,card,completed
241,241,31.02,2025-07-10T06:23:30,card,completed
242,242,1363.87,2024-11-02T08:28:10,card,completed
243,243,3241.48,2026-05-16T00:01:29,bizum,completed
244,244,690.85,2025-06-26T04:45:03,bizum,refunded
245,245,1203.99,2024-11-23T06:27:40,card,completed
246,246,2769.54,2026-04-05T21:21:28,paypal,pending
247,247,2476.06,2025-02-25T04:02:18,bizum,completed
248,248,2012.71,2025-07-12T14:24:11,paypal,refunded
249,249,1726.89,2026-01-11T04:58:04,card,completed
250,250,1217.61,2024-08-26T23:16:29,paypal,completed
251,251,496.76,2026-04-06T20:27:39,card,completed
252,252,1099.47,2025-09-19T06:23:03,card,completed
253,253,2568.22,2026-06-23T10:43:22,card,completed
254,254,946.96,2025-06-01T20:51:22,paypal,completed
255,255,554.43,2025-03-06T21:55:56,card,pending
256,256,180.1,2026-02-26T22:15:34,card,completed
257,257,573.56,2024-11-04T18:03:55,transfer,completed
258,258,5.55,2026-02-03T08:39:54,transfer,completed
259,259,599.83,2024-04-21T03:13:49,card,completed
260,260,1146.15,2026-06-09T07:38:03,paypal,completed
261,261,970.93,2025-01-12T09:20:40,paypal,completed
262,262,458.78,2025-05-02T14:03:05,card,completed
263,263,1143.79,2026-02-24T15:16:44,card,completed
264,264,518.63,2026-02-14T17:57:09,card,completed
265,265,580.95,2024-09-12T19:52:48,bizum,refunded
266,266,444.02,2025-10-04T17:27:27,transfer,completed
267,267,659.31,2025-01-08T05:55:19,card,completed
268,268,1876.08,2024-09-10T00:43:51,card,completed
269,269,1266.78,2024-11-03T12:26:41,transfer,refunded
270,270,1189.34,2024-11-24T02:43:50,paypal,completed
271,271,504.21,2025-05-11T21:37:40,card,completed
272,272,668.94,2025-08-14T23:47:53,card,completed
273,273,92.0,2026-03-06T01:56:59,paypal,refunded
274,274,230.5,2026-06-11T07:29:01,card,completed
275,275,448.79,2024-06-18T19:39:55,paypal,completed
276,276,1381.7,2025-11-10T08:38:55,paypal,completed
277,277,1139.88,2024-02-19T20:00:45,paypal,refunded
278,278,2438.84,2026-01-05T01:59:04,card,completed
279,279,1038.38,2025-07-03T10:43:27,paypal,completed
280,280,1131.46,2025-06-01T07:32:05,card,completed
281,281,1488.59,2025-12-10T02:58:59,paypal,completed
282,282,3232.21,2026-03-26T14:28:16,card,pending
283,283,243.47,2025-04-16T09:38:54,card,completed
284,284,629.02,2026-01-13T06:43:52,card,completed
285,285,1926.38,2026-03-06T16:13:48,paypal,completed
286,286,1099.47,2026-03-15T09:35:24,paypal,refunded
287,287,496.76,2024-10-02T05:30:08,paypal,refunded
288,288,5331.51,2026-06-12T19:42:48,card,completed
289,289,38.17,2026-02-25T21:28:16,card,completed
290,290,1141.79,2025-06-27T14:05:38,card,completed
291,291,1160.1,2024-12-22T17:17:16,card,completed
292,292,25.6,2024-03-10T02:52:28,paypal,completed
293,293,398.2,2026-02-17T20:47:50,card,refunded
294,294,812.23,2026-04-26T20:48:25,card,completed
295,295,6.17,2025-06-06T06:05:10,transfer,refunded
296,296,1007.86,2025-05-26T07:01:00,paypal,completed
297,297,432.62,2025-08-02T15:24:52,paypal,completed
298,298,157.12,2025-03-07T22:50:11,transfer,completed
299,299,1902.86,2024-10-09T11:38:30,card,completed
300,300,526.43,2026-02-18T14:28:02,paypal,completed
301,301,1343.42,2024-08-17T16:40:51,card,completed
302,302,1468.2,2024-11-20T21:23:34,card,completed
303,303,422.13,2024-02-14T05:26:53,card,completed
304,304,262.34,2025-06-19T03:38:53,card,completed
305,305,623.37,2026-06-19T03:40:37,card,completed
306,306,62.09,2024-09-28T19:30:06,card,completed
307,307,441.42,2025-07-13T23:50:24,bizum,completed
308,308,496.62,2024-08-16T01:21:50,transfer,completed
309,309,2661.34,2024-06-05T22:30:34,bizum,completed
310,310,684.44,2025-03-29T12:04:09,transfer,completed
311,311,2407.98,2025-08-02T17:18:07,bizum,refunded
312,312,7049.82,2025-07-29T13:33:36,card,completed
313,313,207.69,2025-11-11T11:02:02,card,refunded
314,314,2476.24,2026-03-28T03:34:33,card,refunded
315,315,1194.16,2025-02-24T16:07:59,paypal,completed
316,316,67.56,2026-05-14T22:01:35,paypal,completed
317,317,43.99,2024-08-07T14:49:28,card,completed
318,318,1440.57,2024-11-27T02:02:47,card,completed
319,319,214.58,2024-03-10T18:27:06,card,completed
320,320,2547.08,2026-04-29T20:42:17,card,refunded
321,321,862.88,2026-01-06T07:01:05,paypal,completed
322,322,135.83,2025-05-02T16:37:07,card,completed
323,323,848.58,2025-12-07T09:58:30,transfer,completed
324,324,719.74,2024-05-17T14:27:08,bizum,completed
325,325,948.06,2024-04-08T13:33:39,card,completed
326,326,635.02,2024-12-06T17:16:44,bizum,refunded
327,327,282.23,2024-03-06T09:25:03,bizum,completed
328,328,285.46,2025-09-01T14:04:27,paypal,completed
329,329,301.51,2024-09-25T07:48:11,transfer,completed
330,330,3012.8,2025-03-22T07:31:36,card,pending
331,331,188.28,2025-11-21T14:54:34,bizum,completed
332,332,2852.0,2025-11-01T17:15:40,card,refunded
333,333,441.42,2025-11-20T00:18:29,bizum,completed
334,334,597.08,2026-02-26T11:07:17,card,completed
335,335,1774.54,2025-04-28T12:41:46,paypal,completed
336,336,1985.44,2025-04-07T16:59:31,card,completed
337,337,389.57,2025-10-27T22:42:17,card,completed
338,338,745.58,2025-04-04T00:16:03,bizum,completed
339,339,6142.93,2026-05-22T13:37:31,paypal,completed
340,340,4805.75,2026-06-20T10:17:31,transfer,completed
341,341,271.62,2024-11-16T02:19:27,card,refunded
342,342,303.31,2024-06-11T10:04:51,bizum,refunded
343,343,2661.34,2025-08-31T23:43:09,paypal,completed
344,344,496.76,2026-04-17T08:44:56,card,completed
345,345,2009.83,2025-09-22T11:38:08,paypal,completed
346,346,3394.5,2024-07-21T18:06:31,card,completed
347,347,1021.23,2026-02-13T14:08:11,transfer,completed
348,348,812.45,2025-08-19T06:54:52,card,completed
349,349,508.01,2026-03-08T19:27:55,paypal,pending
350,350,58.82,2024-05-30T13:03:08,paypal,completed
351,351,385.81,2026-01-27T23:56:34,paypal,completed
352,352,912.69,2025-07-04T17:08:26,paypal,completed
353,353,560.23,2025-04-24T20:21:13,transfer,completed
354,354,34.71,2024-09-29T12:13:12,card,completed
355,355,259.14,2024-10-12T08:07:52,card,completed
356,356,394.12,2026-03-12T09:29:12,card,completed
357,357,1855.41,2024-12-28T04:17:17,card,completed
358,358,728.61,2025-01-19T21:07:42,card,completed
359,359,516.39,2026-04-17T04:21:44,paypal,refunded
360,360,79.44,2026-04-14T01:58:06,card,completed
361,361,335.68,2025-01-11T14:53:53,transfer,completed
362,362,288.14,2024-10-05T11:31:09,card,refunded
363,363,2133.4,2024-03-16T12:06:38,card,completed
364,364,410.45,2025-02-02T00:10:17,card,completed
365,365,1330.67,2025-10-25T06:08:19,card,completed
366,366,641.23,2026-06-26T03:12:19,card,completed
367,367,1042.64,2024-07-21T15:38:03,paypal,completed
368,368,1920.24,2026-02-16T13:57:22,card,completed
369,369,25.6,2025-10-18T07:15:37,card,completed
370,370,1608.08,2025-08-25T19:20:03,card,completed
371,371,24.32,2025-10-01T22:49:01,card,completed
372,372,597.08,2024-01-29T12:32:14,paypal,completed
373,373,1823.99,2026-03-04T13:57:52,card,refunded
374,374,1490.28,2024-10-06T02:22:37,card,completed
375,375,702.5,2025-05-15T18:56:35,card,completed
376,376,87.4,2024-06-29T04:52:16,bizum,completed
377,377,287.0,2026-01-12T06:51:37,card,refunded
378,378,83.08,2024-02-26T14:41:13,card,completed
379,379,188.28,2024-06-24T04:46:37,paypal,refunded
380,380,113.95,2024-05-19T18:22:23,transfer,completed
381,381,717.73,2025-10-23T23:41:07,card,pending
382,382,811.41,2025-01-13T23:18:48,paypal,completed
383,383,1085.78,2025-02-02T21:37:26,transfer,refunded
384,384,946.28,2025-12-22T03:56:10,card,completed
385,385,4745.21,2024-06-04T15:10:27,bizum,completed
386,386,1066.69,2025-04-18T09:12:06,paypal,completed
387,387,285.92,2026-06-07T22:56:56,card,completed
388,388,1367.01,2025-02-22T03:40:35,bizum,completed
389,389,209.64,2024-03-20T04:59:38,card,completed
390,390,1861.84,2025-08-24T22:29:22,paypal,refunded
391,391,11.2,2025-05-10T04:09:03,transfer,refunded
392,392,89.48,2026-03-20T07:16:21,card,completed
393,393,54.16,2024-12-12T14:55:07,card,completed
394,394,1861.22,2025-12-18T18:04:18,card,completed
395,395,718.61,2025-11-11T08:32:17,card,completed
396,396,2432.83,2024-06-03T04:01:14,paypal,completed
397,397,1930.0,2025-05-05T03:16:47,paypal,completed
398,398,1866.99,2025-10-24T03:41:16,card,pending
399,399,260.38,2025-08-21T08:24:58,paypal,completed
400,400,385.81,2024-10-15T01:49:24,card,completed
401,401,633.94,2024-09-28T01:26:10,card,completed
402,402,502.41,2025-03-11T15:30:36,transfer,refunded
403,403,1199.59,2025-08-04T01:40:14,card,completed
404,404,410.45,2026-05-21T06:12:29,card,refunded
405,405,584.22,2024-06-12T15:56:12,bizum,completed
406,406,292.46,2026-05-12T12:28:41,card,completed
407,407,854.98,2025-11-13T16:37:19,paypal,completed
408,408,35.65,2025-02-23T17:24:44,card,completed
409,409,993.52,2025-01-04T04:49:28,card,completed
410,410,31.02,2025-11-14T21:30:30,card,completed
411,411,1411.1,2025-02-15T06:35:58,paypal,completed
412,412,616.39,2025-09-25T13:03:22,bizum,refunded
413,413,3646.88,2025-04-28T04:45:25,paypal,completed
414,414,1530.96,2025-04-29T14:58:27,card,completed
415,415,588.67,2026-01-09T23:50:48,card,completed
416,416,612.74,2025-12-28T19:06:28,card,completed
417,417,231.51,2025-09-08T12:19:01,card,completed
418,418,1342.46,2026-01-23T22:30:33,card,completed
419,419,4046.59,2025-04-24T09:03:01,card,completed
420,420,526.29,2026-05-22T23:21:10,card,completed
421,421,848.71,2025-01-29T22:18:55,bizum,completed
422,422,424.81,2024-10-30T05:42:48,paypal,completed
423,423,1455.06,2025-11-28T06:01:19,card,pending
424,424,1619.02,2025-12-25T17:54:01,card,completed
425,425,8539.99,2024-10-09T01:49:59,transfer,completed
426,426,257.21,2025-01-08T20:02:34,transfer,pending
427,427,1625.77,2025-09-13T08:33:21,paypal,completed
428,428,1052.58,2026-01-26T20:51:48,card,completed
429,429,386.6,2026-05-15T11:30:26,paypal,completed
430,430,1800.0,2024-03-21T00:38:49,bizum,completed
431,431,949.62,2026-04-02T20:17:04,card,completed
432,432,512.81,2025-07-26T21:59:54,transfer,completed
433,433,713.46,2026-05-07T23:49:59,transfer,completed
434,434,955.88,2025-12-27T01:58:33,card,completed
435,435,78.96,2026-03-28T16:32:46,card,completed
436,436,1889.51,2025-12-20T17:13:34,paypal,completed
437,437,64.31,2025-11-04T03:32:51,card,completed
438,438,33.87,2025-04-11T12:55:48,card,refunded
439,439,5014.63,2024-11-18T19:00:17,bizum,completed
440,440,28.84,2025-02-02T05:58:36,card,completed
441,441,1143.79,2024-07-24T14:53:56,card,refunded
442,442,1375.84,2025-04-07T06:49:41,card,completed
443,443,42.49,2026-01-15T06:56:19,card,completed
444,444,543.57,2026-05-02T23:03:20,paypal,completed
445,445,2328.4,2024-01-22T21:27:22,card,refunded
446,446,1807.47,2025-02-05T18:09:42,card,completed
447,447,569.79,2024-09-02T20:08:32,card,completed
448,448,1368.28,2025-11-30T18:30:28,card,completed
449,449,5651.18,2025-08-06T04:40:27,transfer,pending
450,450,496.62,2024-01-20T22:04:10,card,completed
451,451,1747.67,2025-08-14T22:10:22,card,completed
452,452,60.83,2025-06-11T10:42:37,card,completed
453,453,448.79,2024-12-14T21:56:14,paypal,completed
454,454,1863.31,2024-06-18T11:25:44,card,completed
455,455,67.66,2024-01-07T07:38:07,paypal,failed
456,456,299.0,2024-12-30T04:49:49,card,completed
457,457,609.8,2024-08-23T23:11:16,card,completed
458,458,970.93,2024-07-25T12:49:28,card,completed
459,459,3763.31,2024-12-19T15:11:59,card,refunded
460,460,20.04,2025-10-26T00:27:53,card,completed
461,461,1805.42,2025-10-13T05:17:28,card,pending
462,462,1548.94,2025-02-22T02:03:39,card,completed
463,463,1589.83,2025-10-10T09:07:21,card,completed
464,464,24.88,2024-06-26T10:44:44,paypal,refunded
465,465,1596.09,2025-01-25T19:42:12,card,completed
466,466,1799.34,2026-05-04T22:25:54,card,completed
467,467,411.22,2024-08-21T20:26:06,card,refunded
468,468,1223.12,2025-08-26T10:28:21,paypal,completed
469,469,57.79,2025-03-14T11:23:00,card,pending
470,470,407.29,2026-04-02T00:28:19,card,completed
471,471,35.65,2026-05-28T16:07:53,card,completed
472,472,1014.61,2025-02-23T23:34:46,transfer,refunded
473,473,465.46,2026-02-25T21:25:20,paypal,failed
474,474,950.81,2025-11-07T07:02:42,paypal,completed
475,475,1194.15,2024-12-22T02:42:40,card,completed
476,476,70.72,2026-06-06T18:42:30,paypal,completed
477,477,543.57,2024-11-14T10:09:43,paypal,completed
478,478,299.67,2026-06-06T21:15:44,card,completed
479,479,5047.02,2026-01-15T05:38:10,transfer,refunded
480,480,205.54,2026-02-20T01:51:05,bizum,completed
481,481,501.65,2026-04-18T13:02:14,card,completed
482,482,560.23,2025-10-17T08:00:30,transfer,completed
483,483,115.58,2026-03-26T18:23:29,card,completed
484,484,25.6,2025-07-18T19:33:10,card,completed
485,485,6076.94,2025-07-08T07:46:04,card,completed
486,486,301.79,2026-01-10T07:57:12,card,completed
487,487,528.68,2025-06-27T23:38:25,bizum,completed
488,488,387.83,2024-09-12T16:13:34,paypal,completed
489,489,785.13,2025-08-30T22:36:52,card,completed
490,490,714.7,2025-08-29T11:41:05,paypal,completed
491,491,775.66,2025-10-30T04:07:40,paypal,completed
492,492,477.29,2026-03-24T10:17:50,card,pending
493,493,885.46,2025-09-17T18:31:20,card,completed
494,494,3429.62,2024-03-10T23:43:17,transfer,completed
495,495,65.54,2025-03-03T03:29:37,transfer,completed
496,496,367.46,2025-10-01T22:49:33,bizum,completed
497,497,54.58,2026-05-21T07:45:41,card,completed
498,498,1967.67,2024-11-18T15:50:47,card,completed
499,499,248.61,2026-05-05T00:51:53,paypal,completed
500,500,3050.7,2026-04-02T03:11:11,paypal,completed
501,501,73.05,2026-01-06T09:10:18,paypal,completed
502,502,4541.4,2025-06-27T08:17:17,card,completed
503,503,1666.05,2026-05-15T22:56:43,card,completed
504,504,629.28,2026-05-01T14:10:52,card,completed
505,505,2083.57,2024-09-21T22:30:48,card,refunded
506,506,1139.58,2025-12-25T21:19:16,card,pending
507,507,458.34,2024-08-12T18:18:27,transfer,refunded
508,508,862.36,2025-09-10T22:05:03,card,completed
509,509,1203.98,2025-04-13T14:23:08,card,completed
510,510,204.65,2025-04-18T08:00:18,bizum,completed
511,511,293.73,2025-03-26T19:52:09,card,refunded
512,512,1842.9,2025-09-10T23:35:26,card,failed
513,513,2615.5,2025-08-31T00:24:21,card,completed
514,514,1768.75,2025-01-04T01:31:15,paypal,completed
515,515,35.37,2024-10-13T19:33:25,card,completed
516,516,879.11,2025-06-07T12:31:09,bizum,completed
517,517,407.29,2024-02-28T18:39:41,paypal,completed
518,518,569.05,2024-02-06T06:41:56,paypal,failed
519,519,34.71,2025-07-20T09:12:07,card,completed
520,520,7967.64,2025-10-22T20:39:16,bizum,refunded
521,521,564.0,2024-04-28T19:58:59,paypal,completed
522,522,2134.67,2024-05-03T10:34:56,paypal,completed
523,523,324.24,2024-11-07T21:08:19,transfer,completed
524,524,1895.5,2024-08-05T23:51:54,transfer,refunded
525,525,1693.24,2026-01-20T02:32:29,card,completed
526,526,2774.75,2025-06-15T11:57:16,card,pending
527,527,757.88,2024-01-23T21:16:08,card,completed
528,528,169.83,2026-04-19T13:16:14,card,completed
529,529,35.19,2025-03-01T11:24:13,transfer,refunded
530,530,2272.3,2025-02-26T08:03:55,card,refunded
531,531,41.81,2025-01-09T13:05:18,card,completed
532,532,23.64,2025-09-11T17:28:28,card,refunded
533,533,50.45,2024-05-25T11:07:18,bizum,completed
534,534,2818.11,2026-03-04T06:23:58,transfer,completed
535,535,1492.69,2024-06-29T19:36:37,paypal,completed
536,536,66.9,2024-10-29T22:48:52,paypal,completed
537,537,1052.58,2024-11-29T00:40:41,paypal,completed
538,538,233.3,2026-03-27T21:11:09,paypal,refunded
539,539,916.67,2025-12-13T21:28:57,card,completed
540,540,899.98,2025-01-09T19:47:13,paypal,pending
541,541,491.82,2026-06-16T23:48:29,paypal,completed
542,542,84.65,2025-06-08T21:28:00,paypal,completed
543,543,502.41,2025-06-17T18:35:00,card,completed
544,544,1278.48,2025-05-17T00:23:08,bizum,completed
545,545,173.17,2025-09-06T18:43:08,paypal,completed
546,546,159.8,2024-04-06T06:31:20,paypal,completed
547,547,253.43,2026-02-28T05:19:22,transfer,failed
548,548,682.19,2025-06-08T17:45:16,card,completed
549,549,787.4,2024-11-12T08:31:13,card,completed
550,550,394.12,2026-03-17T13:09:09,card,completed
551,551,1831.46,2025-02-15T01:41:26,paypal,completed
552,552,3497.76,2025-12-04T18:58:57,card,completed
553,553,924.93,2026-05-27T09:35:13,paypal,pending
554,554,614.79,2025-05-06T13:42:49,transfer,completed
555,555,27.31,2025-01-21T02:50:02,paypal,completed
556,556,944.0,2025-02-08T18:48:01,card,completed
557,557,2565.43,2025-09-27T12:33:44,card,refunded
558,558,844.49,2024-11-26T17:33:11,bizum,completed
559,559,6614.72,2026-01-15T06:01:46,paypal,completed
560,560,1357.25,2024-03-21T10:13:26,card,completed
561,561,276.82,2026-01-06T13:11:17,paypal,completed
562,562,1631.14,2025-11-08T15:05:44,card,failed
563,563,35.65,2024-12-24T04:07:35,card,completed
564,564,993.24,2024-08-16T17:26:26,card,completed
565,565,400.15,2024-09-06T23:33:57,card,completed
566,566,5533.4,2025-11-02T04:39:22,card,completed
567,567,109.16,2025-02-05T22:55:15,paypal,completed
568,568,2164.01,2024-05-05T02:02:08,card,completed
569,569,641.9,2024-07-30T06:33:17,card,completed
570,570,2446.23,2025-10-19T23:12:54,card,completed
571,571,67.65,2025-02-22T10:19:12,paypal,completed
572,572,77.14,2024-11-15T22:04:58,card,completed
573,573,313.96,2026-06-08T14:57:20,paypal,completed
574,574,1680.11,2024-05-20T18:35:52,card,completed
575,575,2407.98,2026-04-06T12:28:34,card,completed
576,576,444.02,2025-10-20T21:30:10,card,completed
577,577,703.05,2025-10-08T13:46:12,paypal,completed
578,578,2425.54,2026-05-01T07:22:02,card,completed
579,579,33.45,2025-07-14T05:26:43,card,refunded
580,580,622.59,2024-12-06T17:19:33,card,completed
581,581,4369.1,2025-02-25T04:16:43,paypal,refunded
582,582,778.54,2024-03-05T21:58:18,transfer,completed
583,583,5072.51,2024-08-21T15:42:37,paypal,completed
584,584,1869.91,2025-05-28T01:34:53,card,pending
585,585,5684.11,2024-05-14T08:21:19,paypal,completed
586,586,231.51,2025-04-19T20:58:33,card,completed
587,587,2225.94,2025-05-14T04:52:28,transfer,completed
588,588,829.62,2025-12-30T03:03:06,bizum,completed
589,589,1443.11,2024-11-14T09:23:11,paypal,refunded
590,590,624.37,2025-06-01T00:15:32,transfer,completed
591,591,163.74,2024-09-17T00:15:42,card,completed
592,592,861.38,2025-07-23T11:30:05,card,completed
593,593,4352.39,2025-10-04T05:38:07,card,completed
594,594,3203.71,2025-07-09T09:30:49,paypal,completed
595,595,720.0,2026-04-12T22:16:40,card,completed
596,596,496.62,2025-12-25T07:24:58,card,refunded
597,597,5769.78,2024-10-26T20:18:00,card,completed
598,598,5144.36,2025-10-18T20:12:13,transfer,completed
599,599,60.11,2025-04-19T12:32:15,card,completed
600,600,713.54,2026-05-24T05:01:36,card,completed
601,601,586.42,2024-07-24T08:21:56,card,completed
602,602,864.91,2025-08-04T07:48:29,card,refunded
603,603,1392.64,2025-11-26T20:02:45,card,completed
604,604,1203.99,2024-07-31T23:09:05,card,refunded
605,605,2326.97,2026-02-16T21:51:15,card,failed
606,606,434.1,2024-11-03T02:19:59,card,refunded
607,607,276.16,2025-02-08T13:30:06,paypal,pending
608,608,2576.37,2026-04-20T01:22:28,transfer,completed
609,609,2453.19,2026-05-21T18:58:09,card,completed
610,610,1805.42,2024-10-02T06:22:53,card,pending
611,611,580.05,2026-05-15T00:23:23,card,completed
612,612,1240.31,2025-01-10T07:05:25,card,completed
613,613,227.27,2025-05-17T08:26:05,card,completed
614,614,1498.36,2026-02-22T01:18:46,paypal,completed
615,615,11.9,2025-02-01T05:43:56,paypal,completed
616,616,46.72,2025-06-09T14:32:34,paypal,completed
617,617,943.92,2026-05-13T21:20:18,card,completed
618,618,1426.23,2024-11-24T02:29:53,card,completed
619,619,1861.84,2026-02-10T20:21:24,transfer,refunded
620,620,410.45,2025-03-12T12:39:04,card,completed
621,621,1302.91,2025-04-08T22:04:37,card,completed
622,622,257.81,2024-08-19T00:10:09,card,completed
623,623,344.43,2025-08-17T03:52:34,paypal,completed
624,624,2751.31,2025-12-10T12:22:40,transfer,completed
625,625,659.09,2024-07-29T19:35:04,card,completed
626,626,2054.26,2024-09-15T13:43:44,paypal,completed
627,627,702.5,2024-12-25T12:22:00,transfer,completed
628,628,810.0,2026-05-29T21:21:56,card,completed
629,629,29.47,2024-04-04T09:23:12,card,completed
630,630,1559.3,2026-05-21T08:01:25,bizum,completed
631,631,616.0,2024-06-12T18:48:19,card,completed
632,632,609.8,2025-03-27T09:35:17,card,completed
633,633,949.55,2025-03-13T12:27:05,transfer,completed
634,634,462.52,2025-08-16T11:25:39,card,completed
635,635,1642.04,2026-04-09T06:39:17,transfer,completed
636,636,240.32,2025-05-16T07:16:10,card,completed
637,637,5735.37,2025-10-28T09:39:47,transfer,completed
638,638,67.56,2025-01-07T09:05:28,paypal,completed
639,639,924.93,2025-09-25T03:53:03,card,completed
640,640,2160.45,2026-03-22T17:56:14,card,completed
641,641,121.66,2025-05-28T17:33:34,card,completed
642,642,51.2,2026-04-16T20:55:03,card,completed
643,643,1697.97,2025-05-25T18:36:35,paypal,completed
644,644,2821.33,2025-02-25T20:59:44,transfer,completed
645,645,159.8,2024-02-26T15:24:26,paypal,completed
646,646,407.29,2024-09-17T12:38:39,bizum,completed
647,647,471.79,2025-12-15T04:22:56,transfer,completed
648,648,900.0,2024-09-23T00:18:23,paypal,completed
649,649,627.46,2026-03-13T21:09:13,transfer,completed
650,650,1120.46,2025-12-20T09:27:19,card,completed
651,651,55.48,2026-06-08T09:48:31,paypal,completed
652,652,458.59,2025-06-12T06:41:45,paypal,completed
653,653,2071.46,2024-08-14T13:33:19,card,completed
654,654,744.38,2026-04-15T06:32:58,bizum,completed
655,655,2397.38,2025-10-22T08:19:18,card,completed
656,656,964.92,2026-06-26T08:35:07,card,completed
657,657,135.4,2025-11-07T05:18:36,card,pending
658,658,11.79,2025-01-16T00:21:16,card,completed
659,659,1551.32,2026-03-05T22:57:40,card,completed
660,660,5381.23,2026-01-11T17:43:02,paypal,completed
661,661,696.12,2025-07-28T20:40:27,paypal,completed
662,662,202.1,2025-12-13T03:36:12,paypal,completed
663,663,11.9,2026-06-27T09:15:30,paypal,completed
664,664,999.95,2025-04-15T12:11:04,card,completed
665,665,294.96,2024-11-18T20:17:51,card,completed
666,666,686.88,2026-01-12T00:43:19,transfer,completed
667,667,1244.94,2025-07-12T22:02:54,paypal,completed
668,668,1775.39,2025-03-21T23:38:02,paypal,completed
669,669,588.67,2025-03-12T11:50:10,card,completed
670,670,532.78,2025-06-15T02:51:17,card,completed
671,671,807.82,2026-03-15T22:59:59,bizum,completed
672,672,3590.74,2025-07-21T12:17:02,transfer,completed
673,673,925.04,2024-02-19T14:44:14,card,refunded
674,674,1710.0,2026-05-03T05:53:53,card,completed
675,675,224.33,2025-05-11T23:46:31,card,completed
676,676,627.16,2025-06-20T23:28:14,card,completed
677,677,3509.08,2024-01-25T13:13:20,card,completed
678,678,693.76,2024-08-31T16:23:40,paypal,completed
679,679,988.21,2025-03-28T00:50:27,bizum,pending
680,680,38.6,2024-12-22T09:09:43,transfer,completed
681,681,639.35,2025-06-13T03:45:01,transfer,completed
682,682,2468.31,2025-03-18T01:57:35,paypal,refunded
683,683,1200.6,2025-09-25T14:27:17,card,completed
684,684,560.23,2026-04-09T22:30:15,card,completed
685,685,25.6,2024-09-03T23:50:30,card,completed
686,686,1530.53,2025-06-08T10:20:47,transfer,completed
687,687,552.32,2024-07-05T19:10:41,bizum,completed
688,688,349.09,2025-09-02T12:59:31,card,completed
689,689,25.32,2026-04-28T19:40:55,card,completed
690,690,2370.18,2026-03-05T19:38:05,card,completed
691,691,438.18,2025-05-15T22:58:32,paypal,completed
692,692,1160.26,2025-02-21T23:17:04,card,pending
693,693,1485.35,2025-10-10T12:38:24,bizum,completed
694,694,598.0,2024-01-26T03:15:38,card,completed
695,695,427.77,2024-10-14T09:27:33,bizum,completed
696,696,1712.34,2025-08-01T00:00:12,card,completed
697,697,922.3,2026-05-27T04:57:45,card,completed
698,698,564.46,2025-04-18T00:18:10,card,completed
699,699,53.11,2024-04-01T15:40:18,transfer,pending
700,700,775.27,2024-05-20T08:25:05,card,refunded
701,701,11.79,2026-05-07T14:59:27,transfer,completed
702,702,35.38,2025-08-08T05:56:40,card,refunded
703,703,180.1,2026-06-27T13:46:32,transfer,completed
704,704,4553.21,2024-01-14T22:46:02,card,completed
705,705,1013.75,2026-06-26T09:53:53,card,completed
706,706,759.59,2026-06-18T09:47:15,card,completed
707,707,1032.58,2025-12-06T04:58:27,card,refunded
708,708,548.76,2026-06-04T23:11:18,card,completed
709,709,541.3,2024-10-09T22:40:25,card,completed
710,710,1174.97,2025-02-01T05:32:22,paypal,completed
711,711,1332.7,2026-05-06T03:43:25,paypal,refunded
712,712,1611.97,2024-09-09T04:33:09,card,completed
713,713,1267.11,2024-07-08T03:17:02,bizum,completed
714,714,656.09,2026-05-07T12:26:55,bizum,completed
715,715,1617.98,2024-10-12T16:52:56,bizum,refunded
716,716,856.17,2026-06-27T05:19:08,paypal,completed
717,717,410.45,2025-09-03T19:46:37,card,refunded
718,718,1196.84,2026-03-29T09:06:18,card,completed
719,719,692.39,2026-01-25T09:03:51,card,completed
720,720,1108.86,2024-09-24T01:13:12,paypal,completed
721,721,63.65,2026-05-25T03:25:15,paypal,completed
722,722,1259.83,2025-01-16T14:10:03,paypal,completed
723,723,512.81,2024-11-21T01:32:09,paypal,completed
724,724,1492.69,2025-04-09T17:31:15,card,refunded
725,725,1862.32,2025-03-29T01:53:47,paypal,refunded
726,726,627.41,2024-02-04T08:35:28,card,completed
727,727,690.85,2026-05-06T10:03:08,card,completed
728,728,1026.81,2026-02-26T08:51:02,card,completed
729,729,1894.7,2024-02-02T21:09:22,card,completed
730,730,359.72,2025-02-23T21:42:26,transfer,completed
731,731,1668.13,2024-12-08T05:44:29,card,failed
732,732,3388.15,2026-01-20T12:19:17,paypal,refunded
733,733,2350.28,2025-01-02T12:56:38,transfer,completed
734,734,67.56,2024-10-26T03:54:36,card,completed
735,735,1352.84,2026-05-11T20:19:44,card,completed
736,736,1087.14,2025-07-07T00:46:38,card,completed
737,737,38.17,2024-12-05T09:07:39,card,completed
738,738,627.11,2025-02-15T20:21:12,card,refunded
739,739,301.79,2026-06-18T17:50:37,card,completed
740,740,1951.0,2025-09-18T12:39:29,card,completed
741,741,1087.14,2025-03-09T21:47:50,card,completed
742,742,1709.96,2025-07-06T02:30:27,card,refunded
743,743,391.03,2024-11-05T16:21:41,transfer,refunded
744,744,303.31,2024-08-27T09:35:17,paypal,completed
745,745,979.04,2024-08-01T23:13:47,card,completed
746,746,1474.21,2025-10-06T00:40:53,transfer,completed
747,747,1348.64,2024-06-11T02:18:22,card,completed
748,748,1203.99,2026-06-17T18:06:54,card,completed
749,749,2681.83,2026-04-10T11:44:43,card,completed
750,750,923.47,2024-04-04T03:30:16,paypal,completed
751,751,58.4,2024-04-03T01:35:37,card,completed
752,752,354.71,2025-11-07T03:53:51,card,completed
753,753,1908.68,2025-11-02T20:47:23,paypal,completed
754,754,1698.6,2026-01-17T22:43:05,bizum,completed
755,755,526.29,2024-03-08T22:03:43,card,failed
756,756,983.1,2026-04-01T07:35:59,card,completed
757,757,794.1,2024-10-26T23:15:44,bizum,completed
758,758,1004.82,2025-09-24T15:08:39,card,completed
759,759,89.38,2025-08-27T22:27:42,card,completed
760,760,3118.6,2026-05-24T02:33:45,bizum,completed
761,761,554.43,2025-05-31T18:54:49,paypal,completed
762,762,1022.26,2025-08-08T19:21:25,card,completed
763,763,385.81,2026-05-07T19:09:29,paypal,completed
764,764,300.03,2025-02-06T20:19:53,transfer,completed
765,765,271.61,2025-07-04T23:15:05,card,completed
766,766,1097.31,2026-02-15T15:32:57,card,refunded
767,767,280.41,2024-09-06T06:34:04,card,completed
768,768,434.31,2025-03-17T12:17:18,paypal,completed
769,769,2381.83,2024-02-15T12:49:39,paypal,completed
770,770,52.56,2025-07-28T13:32:02,card,completed
771,771,1151.17,2024-04-27T11:46:35,paypal,completed
772,772,3274.08,2025-06-07T13:39:20,paypal,completed
773,773,788.37,2026-03-12T16:28:17,card,completed
774,774,444.21,2026-06-24T01:15:43,paypal,completed
775,775,394.12,2024-04-17T04:55:05,paypal,completed
776,776,1490.76,2024-10-08T07:49:17,card,refunded
777,777,526.29,2025-12-01T10:02:50,bizum,completed
778,778,560.23,2025-12-19T20:48:42,card,refunded
779,779,1591.15,2024-08-15T12:56:56,card,completed
780,780,770.84,2026-04-05T09:38:52,paypal,completed
781,781,1064.54,2025-09-08T08:28:59,paypal,completed
782,782,41.81,2025-11-19T14:33:22,bizum,completed
783,783,2086.67,2025-10-03T11:49:18,card,completed
784,784,4601.12,2024-11-27T20:58:47,card,completed
785,785,1894.7,2024-08-10T01:21:38,card,completed
786,786,344.43,2025-06-25T02:02:09,transfer,completed
787,787,1831.34,2024-09-14T04:23:19,card,completed
788,788,2595.92,2024-05-21T21:55:44,paypal,completed
789,789,2154.66,2026-04-13T01:58:14,card,completed
790,790,2565.85,2024-04-11T19:39:29,card,completed
791,791,740.02,2025-07-17T08:02:20,card,completed
792,792,597.08,2025-09-24T14:18:15,bizum,completed
793,793,833.72,2026-05-17T03:16:47,card,completed
794,794,619.05,2025-10-26T14:21:24,card,completed
795,795,2349.94,2024-01-03T17:19:31,card,refunded
796,796,4721.85,2025-06-24T01:47:43,bizum,completed
797,797,3377.93,2025-02-03T14:30:35,paypal,completed
798,798,964.92,2025-08-05T04:54:37,bizum,refunded
799,799,950.82,2026-03-16T14:23:35,card,refunded
800,800,1556.44,2024-12-20T19:05:14,card,completed
801,801,276.16,2025-09-09T15:39:29,card,completed
802,802,878.79,2024-06-03T04:05:49,paypal,completed
803,803,1259.83,2025-02-12T06:56:07,card,completed
804,804,1177.34,2026-06-21T00:52:52,paypal,completed
805,805,214.58,2025-12-20T16:06:01,card,failed
806,806,155.85,2025-05-30T08:30:03,paypal,completed
807,807,357.38,2025-11-05T03:07:27,card,failed
808,808,635.26,2025-03-08T22:36:36,card,completed
809,809,1149.14,2025-09-11T04:03:05,paypal,completed
810,810,150.02,2025-07-16T00:49:41,card,completed
811,811,192.26,2024-06-18T07:42:50,bizum,refunded
812,812,569.61,2025-11-25T09:25:02,paypal,completed
813,813,28.13,2024-09-24T05:08:46,card,completed
814,814,2077.07,2025-05-29T19:10:48,card,completed
815,815,840.29,2025-07-02T10:20:26,card,completed
816,816,744.38,2025-01-20T09:52:37,card,completed
817,817,233.3,2025-05-21T00:18:12,card,completed
818,818,563.18,2025-01-09T13:06:54,card,completed
819,819,678.35,2026-01-28T23:38:39,transfer,completed
820,820,821.98,2025-06-08T13:51:39,card,completed
821,821,1592.81,2025-02-11T17:38:45,card,completed
822,822,1085.76,2024-04-03T06:47:14,card,completed
823,823,175.73,2024-04-18T00:46:56,paypal,refunded
824,824,3447.46,2025-04-08T19:16:31,card,completed
825,825,1488.76,2025-10-16T14:19:23,card,completed
826,826,1027.7,2025-08-22T12:48:45,card,refunded
827,827,93.06,2024-04-21T11:00:26,paypal,refunded
828,828,539.97,2025-08-26T02:15:27,card,refunded
829,829,1386.11,2024-05-31T20:12:17,transfer,completed
830,830,1833.08,2025-11-11T14:18:11,card,completed
831,831,1408.44,2026-01-13T18:57:31,transfer,completed
832,832,2222.61,2024-11-19T05:33:41,paypal,refunded
833,833,227.27,2024-05-10T22:02:26,transfer,completed
834,834,512.81,2025-02-18T04:47:51,transfer,completed
835,835,1394.02,2025-05-19T19:42:36,card,completed
836,836,243.3,2025-04-23T19:04:16,card,completed
837,837,475.41,2024-06-30T05:17:05,paypal,refunded
838,838,282.23,2026-03-03T20:17:31,card,completed
839,839,1530.0,2025-05-06T11:33:48,card,completed
840,840,1739.77,2025-08-25T11:36:11,transfer,completed
841,841,180.1,2026-03-15T23:11:12,card,refunded
842,842,1803.19,2025-04-04T04:47:21,card,completed
843,843,1045.28,2025-05-20T09:42:58,paypal,pending
844,844,2343.1,2026-02-20T08:24:26,transfer,completed
845,845,1259.83,2024-07-01T13:04:49,transfer,completed
846,846,2349.94,2025-01-05T18:17:20,paypal,refunded
847,847,610.42,2026-03-12T06:41:54,card,completed
848,848,624.59,2025-08-05T05:57:47,paypal,completed
849,849,452.17,2025-01-08T01:10:24,paypal,completed
850,850,1366.56,2025-06-14T08:06:10,card,refunded
851,851,2863.31,2026-02-25T07:26:52,bizum,completed
852,852,3191.08,2024-06-28T22:27:59,card,completed
853,853,110.21,2026-04-28T16:39:31,card,completed
854,854,554.43,2025-02-14T14:44:26,card,completed
855,855,1467.09,2025-06-27T13:50:56,bizum,completed
856,856,1624.98,2026-05-31T20:49:24,card,completed
857,857,1120.46,2025-09-29T01:24:07,card,completed
858,858,11.9,2026-06-15T01:32:39,transfer,completed
859,859,1487.1,2026-05-18T14:24:13,card,completed
860,860,575.42,2026-02-18T14:06:17,card,pending
861,861,899.67,2024-10-25T22:57:40,card,completed
862,862,412.39,2025-05-15T14:29:31,card,refunded
863,863,367.46,2026-05-25T10:24:35,card,completed
864,864,276.16,2024-02-10T22:19:24,paypal,failed
865,865,980.83,2026-01-23T18:49:20,card,completed
866,866,802.77,2024-10-15T03:17:34,paypal,completed
867,867,705.89,2024-06-25T21:18:55,bizum,refunded
868,868,532.22,2026-06-05T14:18:40,transfer,refunded
869,869,58.82,2024-05-01T06:30:45,paypal,completed
870,870,1203.73,2024-08-29T07:21:07,bizum,refunded
871,871,1614.98,2025-10-11T23:36:50,bizum,completed
872,872,1232.57,2025-12-04T03:19:12,paypal,completed
873,873,1136.76,2025-11-15T23:05:09,card,completed
874,874,3757.82,2025-09-17T13:59:03,bizum,pending
875,875,1827.29,2025-04-20T05:49:18,transfer,completed
876,876,1464.35,2025-11-02T06:13:18,card,completed
877,877,2938.73,2024-10-28T05:27:52,bizum,completed
878,878,331.2,2025-08-28T05:15:53,card,completed
879,879,31.02,2026-05-14T11:12:58,card,completed
880,880,55.48,2025-07-10T22:48:30,card,pending
881,881,359.03,2025-12-04T04:47:25,card,completed
882,882,1027.7,2025-04-25T09:12:55,card,completed
883,883,832.13,2025-05-28T18:09:18,paypal,completed
884,884,231.51,2025-12-29T17:57:59,card,completed
885,885,422.13,2026-06-22T17:19:12,card,completed
886,886,1805.42,2025-03-03T21:53:22,paypal,refunded
887,887,92.0,2025-01-08T19:55:41,card,completed
888,888,214.58,2025-04-21T20:17:59,bizum,pending
889,889,1264.14,2024-03-05T02:00:17,paypal,completed
890,890,255.5,2025-08-28T01:10:50,paypal,completed
891,891,447.08,2025-12-11T03:11:35,card,refunded
892,892,340.41,2025-08-04T15:10:51,bizum,completed
893,893,1103.64,2025-05-10T22:14:56,card,completed
894,894,1831.34,2025-12-26T20:28:05,card,completed
895,895,829.37,2024-10-24T21:04:46,transfer,completed
896,896,327.21,2025-10-25T10:53:49,paypal,pending
897,897,1194.93,2026-02-12T13:47:48,card,completed
898,898,7583.73,2025-09-03T10:39:42,paypal,completed
899,899,1331.87,2026-04-23T09:59:28,card,completed
900,900,541.98,2025-12-17T07:38:24,card,completed
901,901,1200.57,2025-10-04T20:48:10,paypal,completed
902,902,554.43,2024-08-24T22:01:09,bizum,completed
903,903,1675.66,2024-02-28T11:31:22,bizum,completed
904,904,351.25,2026-03-20T12:53:00,bizum,completed
905,905,25.32,2024-04-16T18:55:18,card,refunded
906,906,2186.57,2026-01-16T06:33:00,card,completed
907,907,917.65,2026-02-07T00:03:27,paypal,refunded
908,908,1703.14,2025-06-01T16:55:33,paypal,completed
909,909,1827.16,2026-02-28T07:32:55,card,completed
910,910,1591.79,2025-05-11T12:43:49,paypal,pending
911,911,92.0,2025-03-26T23:12:38,paypal,completed
912,912,1577.49,2024-08-07T10:15:13,bizum,completed
913,913,2231.29,2025-12-10T10:55:58,card,pending
914,914,543.57,2025-09-18T11:47:37,paypal,completed
915,915,41.81,2025-07-11T12:25:42,card,completed
916,916,789.4,2024-06-20T01:03:36,card,completed
917,917,719.74,2024-01-27T12:18:14,card,completed
918,918,1001.36,2024-06-21T04:56:33,card,completed
919,919,516.39,2025-10-15T19:33:01,card,completed
920,920,905.53,2024-08-30T02:02:22,card,completed
921,921,1297.86,2025-05-19T11:29:13,bizum,refunded
922,922,1391.35,2025-01-07T21:01:20,card,refunded
923,923,64.31,2024-12-05T10:12:40,transfer,completed
924,924,1435.31,2025-10-21T19:27:08,bizum,completed
925,925,33.45,2025-06-20T14:11:01,card,refunded
926,926,4877.31,2024-08-28T11:13:27,card,completed
927,927,45.14,2024-07-09T15:04:06,paypal,completed
928,928,1161.36,2024-08-16T08:39:08,card,completed
929,929,1175.14,2026-03-27T11:01:06,card,completed
930,930,501.61,2024-02-06T04:05:10,paypal,completed
931,931,77.14,2025-08-30T03:22:17,card,completed
932,932,1409.6,2025-09-26T17:34:23,paypal,completed
933,933,347.14,2024-05-07T12:22:59,paypal,refunded
934,934,2553.28,2025-11-24T19:03:52,transfer,completed
935,935,1390.11,2025-06-25T03:34:38,card,completed
936,936,1160.26,2025-11-07T01:19:51,card,completed
937,937,1301.9,2026-04-28T19:01:04,paypal,completed
938,938,1791.13,2025-07-30T01:36:11,transfer,completed
939,939,6062.14,2025-04-15T01:40:47,transfer,completed
940,940,48.66,2026-06-25T23:59:34,paypal,completed
941,941,1061.48,2024-01-25T11:21:53,paypal,completed
942,942,982.52,2025-04-07T10:26:00,paypal,completed
943,943,656.09,2024-12-25T16:03:37,card,completed
944,944,1831.34,2025-12-06T09:57:46,paypal,completed
945,945,1087.14,2025-03-18T18:42:58,card,completed
946,946,755.51,2025-05-12T20:00:06,card,completed
947,947,361.09,2025-12-31T10:18:48,transfer,completed
948,948,482.46,2025-06-03T11:20:12,transfer,completed
949,949,280.41,2025-07-02T04:44:09,card,completed
950,950,893.38,2025-02-02T03:51:24,bizum,completed
951,951,240.32,2025-04-14T14:16:09,card,completed
952,952,267.1,2026-06-20T21:34:53,card,completed
953,953,477.29,2025-01-10T12:05:59,bizum,completed
954,954,4781.38,2024-04-26T19:25:24,card,completed
955,955,1544.48,2025-11-30T16:57:19,transfer,refunded
956,956,3051.99,2025-03-05T03:22:58,card,refunded
957,957,47.43,2024-11-04T16:35:14,transfer,completed
958,958,3118.76,2024-05-23T16:56:40,transfer,completed
959,959,218.62,2024-05-05T22:27:43,card,completed
960,960,1229.78,2024-08-06T12:01:36,paypal,failed
961,961,633.94,2026-02-01T02:22:47,bizum,refunded
962,962,175.2,2024-11-04T12:47:44,card,completed
963,963,253.43,2024-10-10T12:41:33,card,completed
964,964,819.74,2025-11-05T18:29:37,paypal,completed
965,965,267.51,2025-11-26T03:53:42,card,refunded
966,966,1799.34,2025-04-18T23:38:44,bizum,completed
967,967,2916.12,2024-11-15T14:35:35,card,completed
968,968,2700.85,2025-09-08T19:57:00,card,completed
969,969,1099.47,2025-01-03T12:24:18,paypal,completed
970,970,58.4,2025-04-19T15:41:51,card,completed
971,971,141.41,2025-09-19T12:27:32,card,completed
972,972,360.64,2026-04-23T08:35:53,card,completed
973,973,899.67,2024-02-03T20:54:20,transfer,completed
974,974,560.33,2025-08-19T21:42:08,card,completed
975,975,255.5,2024-01-18T03:33:19,card,completed
976,976,299.07,2026-05-10T14:46:28,paypal,completed
977,977,1120.46,2024-10-22T21:42:52,paypal,completed
978,978,3648.95,2025-11-21T02:14:18,paypal,completed
979,979,523.38,2024-01-07T05:03:28,card,completed
980,980,641.54,2025-03-25T05:20:31,card,refunded
981,981,3044.2,2026-06-15T19:20:32,paypal,failed
982,982,1120.46,2025-05-13T22:24:44,card,completed
983,983,2050.84,2024-07-07T11:31:37,card,completed
984,984,964.1,2025-11-10T15:49:40,card,completed
985,985,72.52,2026-04-01T22:15:49,card,refunded
986,986,624.59,2024-11-13T04:38:38,paypal,completed
987,987,722.17,2025-02-18T01:56:03,card,completed
988,988,600.86,2024-01-27T13:04:46,card,completed
989,989,292.46,2024-12-08T15:43:05,card,completed
990,990,609.49,2025-10-23T13:56:13,card,completed
991,991,1443.57,2026-05-18T07:41:24,card,pending
992,992,26.33,2024-08-16T05:03:48,paypal,failed
993,993,3206.11,2025-12-27T13:07:03,card,completed
994,994,900.0,2025-03-28T04:34:15,card,completed
995,995,843.14,2026-02-21T00:34:18,card,completed
996,996,2768.47,2025-08-22T15:54:03,card,completed
997,997,458.59,2025-01-21T15:08:27,transfer,refunded
998,998,116.01,2025-08-30T15:29:57,paypal,refunded
999,999,2314.87,2025-01-14T20:05:58,paypal,completed
1000,1000,5725.54,2024-02-08T06:45:52,card,completed
1001,1001,367.46,2025-02-19T18:08:14,card,completed
1002,1002,218.62,2025-04-09T14:57:29,card,refunded
1003,1003,58.82,2025-06-02T01:22:43,paypal,completed
1004,1004,1089.84,2026-05-23T13:25:10,card,completed
1005,1005,607.16,2026-02-23T02:54:54,paypal,completed
1006,1006,595.52,2025-09-17T10:10:24,card,refunded
1007,1007,635.26,2025-12-17T22:12:43,card,refunded
1008,1008,2821.66,2026-02-21T02:50:34,transfer,completed
1009,1009,730.27,2025-07-20T01:55:17,card,completed
1010,1010,861.38,2025-08-18T00:23:33,card,completed
1011,1011,1810.99,2024-06-29T17:05:03,card,refunded
1012,1012,5739.79,2026-06-14T12:50:57,paypal,pending
1013,1013,968.39,2024-10-10T06:05:55,card,pending
1014,1014,109.49,2025-12-23T21:45:33,paypal,completed
1015,1015,1073.75,2024-01-24T20:31:26,bizum,refunded
1016,1016,247.14,2026-05-16T21:02:58,card,failed
1017,1017,4599.18,2025-09-22T10:37:20,card,refunded
1018,1018,23.91,2025-09-10T17:38:58,paypal,completed
1019,1019,1014.72,2026-04-03T10:06:58,card,completed
1020,1020,215.42,2024-01-09T10:01:13,card,completed
1021,1021,54.58,2025-12-04T21:59:04,card,completed
1022,1022,220.54,2024-09-24T05:30:09,card,completed
1023,1023,1367.01,2026-01-09T08:35:58,transfer,completed
1024,1024,645.35,2025-05-28T01:12:17,paypal,completed
1025,1025,214.58,2024-12-20T05:36:44,card,completed
1026,1026,744.38,2025-02-08T16:01:35,transfer,completed
1027,1027,165.72,2026-05-24T12:33:49,paypal,completed
1028,1028,564.0,2026-03-21T09:37:34,card,completed
1029,1029,1265.68,2025-08-15T14:31:04,card,refunded
1030,1030,2243.25,2024-07-24T19:23:18,paypal,completed
1031,1031,1288.74,2025-08-23T14:12:07,card,completed
1032,1032,2562.25,2025-04-17T15:49:41,card,completed
1033,1033,6184.12,2024-09-13T11:29:37,card,completed
1034,1034,2129.12,2024-06-02T03:32:41,card,completed
1035,1035,1004.82,2025-04-28T15:43:15,paypal,completed
1036,1036,2117.69,2026-02-09T03:34:41,card,completed
1037,1037,240.32,2025-04-13T16:47:18,card,refunded
1038,1038,1208.67,2025-03-24T21:26:05,card,completed
1039,1039,262.34,2024-01-22T06:33:02,paypal,completed
1040,1040,1438.96,2024-12-22T00:18:30,card,completed
1041,1041,2232.77,2025-07-04T19:07:27,paypal,completed
1042,1042,53.11,2024-06-12T07:59:19,card,completed
1043,1043,227.9,2025-07-02T00:51:46,card,refunded
1044,1044,3300.45,2026-02-02T21:37:54,card,completed
1045,1045,1827.43,2024-10-04T04:22:05,paypal,completed
1046,1046,542.89,2026-06-13T23:53:54,card,completed
1047,1047,1503.14,2024-07-29T04:02:08,paypal,completed
1048,1048,1760.96,2026-02-15T02:45:24,card,refunded
1049,1049,475.41,2026-06-23T11:46:29,bizum,refunded
1050,1050,879.25,2025-10-06T02:41:38,card,pending
1051,1051,620.53,2025-10-25T02:16:17,card,completed
1052,1052,993.91,2025-07-02T09:24:07,card,completed
1053,1053,389.93,2024-08-06T16:02:27,card,completed
1054,1054,712.02,2024-09-20T14:17:43,transfer,completed
1055,1055,1973.76,2024-04-04T05:14:17,card,completed
1056,1056,206.74,2025-10-20T23:25:23,paypal,pending
1057,1057,475.41,2025-02-15T09:25:47,card,completed
1058,1058,55.48,2025-06-03T20:48:07,transfer,refunded
1059,1059,477.29,2025-10-29T18:07:14,transfer,pending
1060,1060,1108.49,2026-03-21T23:18:50,bizum,completed
1061,1061,580.13,2026-03-13T09:42:02,card,completed
1062,1062,2476.53,2025-02-13T20:55:19,paypal,refunded
1063,1063,3118.6,2026-05-23T17:51:54,card,pending
1064,1064,1160.23,2025-07-14T14:42:21,card,completed
1065,1065,3413.73,2025-04-01T13:59:47,paypal,completed
1066,1066,2725.32,2024-09-18T13:04:04,card,completed
1067,1067,385.81,2026-05-22T11:01:32,paypal,completed
1068,1068,186.07,2026-01-02T23:01:13,bizum,completed
1069,1069,657.8,2025-03-28T12:22:52,transfer,completed
1070,1070,345.57,2025-05-21T07:23:43,card,completed
1071,1071,513.58,2025-03-31T13:59:13,paypal,completed
1072,1072,1376.63,2024-10-23T14:12:11,card,completed
1073,1073,635.26,2024-11-12T17:42:46,card,completed
1074,1074,351.25,2025-12-24T06:53:53,paypal,pending
1075,1075,2795.31,2025-04-02T07:01:49,paypal,completed
1076,1076,145.92,2024-12-08T17:48:44,bizum,completed
1077,1077,220.71,2025-03-21T11:12:14,card,failed
1078,1078,1787.44,2025-07-18T16:21:31,bizum,pending
1079,1079,350.6,2025-05-02T12:21:10,paypal,completed
1080,1080,421.82,2024-10-02T14:45:50,card,completed
1081,1081,39.59,2025-12-22T19:02:46,card,completed
1082,1082,1270.52,2024-09-22T19:32:08,card,completed
1083,1083,3491.86,2026-01-08T02:37:21,card,completed
1084,1084,2134.87,2025-11-16T23:48:19,card,completed
1085,1085,2352.96,2025-06-02T08:50:08,paypal,completed
1086,1086,354.77,2024-09-01T06:16:17,card,completed
1087,1087,2225.94,2026-01-15T22:15:14,bizum,completed
1088,1088,73.05,2025-08-27T03:52:17,transfer,refunded
1089,1089,602.2,2025-12-26T22:24:51,card,refunded
1090,1090,264.34,2025-07-14T12:16:56,card,completed
1091,1091,2304.29,2025-07-22T20:58:13,paypal,completed
1092,1092,2758.13,2026-01-27T07:45:48,paypal,completed
1093,1093,819.74,2026-01-06T12:12:55,transfer,completed
1094,1094,5564.74,2025-07-09T05:08:32,card,completed
1095,1095,345.71,2026-04-06T13:28:07,paypal,pending
1096,1096,340.41,2025-04-08T21:11:22,paypal,refunded
1097,1097,797.76,2026-06-05T03:38:22,card,completed
1098,1098,695.03,2026-03-29T17:43:47,card,completed
1099,1099,1473.51,2024-11-06T03:14:43,paypal,completed
1100,1100,887.19,2025-08-26T17:19:51,card,completed
1101,1101,843.64,2025-12-21T09:51:53,bizum,completed
1102,1102,2350.28,2024-03-15T15:00:05,transfer,completed
1103,1103,1438.96,2025-03-23T01:22:11,paypal,refunded
1104,1104,925.37,2026-05-23T18:12:01,paypal,completed
1105,1105,350.12,2024-12-12T15:14:51,card,refunded
1106,1106,282.23,2026-04-18T08:34:45,transfer,pending
1107,1107,447.12,2024-05-04T19:18:14,card,completed
1108,1108,784.32,2024-12-28T19:39:02,card,completed
1109,1109,900.0,2025-07-25T22:48:31,transfer,completed
1110,1110,837.03,2026-01-02T07:03:11,card,completed
1111,1111,389.57,2025-08-26T05:25:58,card,completed
1112,1112,385.81,2026-06-06T05:49:00,paypal,refunded
1113,1113,1950.57,2026-03-12T10:22:43,card,refunded
1114,1114,622.59,2025-01-11T22:27:27,card,completed
1115,1115,11.11,2025-06-24T01:54:35,card,pending
1116,1116,1805.42,2025-04-06T05:45:15,card,completed
1117,1117,821.98,2025-06-04T02:34:47,card,pending
1118,1118,2548.15,2026-04-24T16:11:43,transfer,completed
1119,1119,1109.48,2026-05-11T15:15:27,card,completed
1120,1120,5158.43,2026-06-29T11:51:28,card,pending
1121,1121,1012.71,2025-08-25T04:00:35,card,completed
1122,1122,376.56,2026-04-08T03:34:13,card,completed
1123,1123,560.23,2025-07-28T07:16:48,card,completed
1124,1124,1153.39,2024-07-16T21:18:09,card,completed
1125,1125,543.57,2025-01-29T15:52:09,paypal,refunded
1126,1126,1105.56,2026-06-15T06:28:58,card,completed
1127,1127,2877.92,2026-01-15T07:04:08,card,completed
1128,1128,2792.16,2026-03-11T04:37:53,paypal,completed
1129,1129,597.08,2025-02-02T10:12:59,card,completed
1130,1130,331.2,2024-08-28T16:56:58,card,completed
1131,1131,1224.09,2024-08-25T12:30:33,bizum,completed
1132,1132,174.44,2024-04-06T23:13:43,card,pending
1133,1133,1140.28,2026-06-19T20:07:30,card,completed
1134,1134,67.56,2025-08-28T18:59:49,paypal,completed
1135,1135,12.34,2026-02-16T16:50:55,transfer,failed
1136,1136,641.9,2024-10-01T15:35:13,paypal,completed
1137,1137,886.35,2024-10-14T21:05:51,paypal,refunded
1138,1138,564.0,2025-05-29T21:32:44,card,completed
1139,1139,47.22,2024-04-14T01:36:36,paypal,completed
1140,1140,552.32,2025-06-16T18:21:28,paypal,completed
1141,1141,49.71,2026-04-13T17:26:58,paypal,completed
1142,1142,1678.44,2026-04-08T03:01:30,paypal,completed
1143,1143,2233.14,2024-09-24T14:48:16,card,pending
1144,1144,460.69,2025-01-05T13:02:56,card,completed
1145,1145,1581.69,2025-11-03T00:34:47,bizum,failed
1146,1146,182.4,2025-09-22T11:05:55,bizum,completed
1147,1147,421.03,2024-10-23T16:43:19,paypal,completed
1148,1148,351.25,2026-02-01T16:33:36,card,refunded
1149,1149,680.82,2025-04-13T06:44:01,card,refunded
1150,1150,283.4,2024-04-23T23:03:41,card,completed
1151,1151,1641.99,2025-01-03T14:00:46,paypal,completed
1152,1152,2083.91,2026-05-10T15:30:23,card,completed
1153,1153,775.66,2026-03-18T20:56:36,paypal,completed
1154,1154,515.75,2024-07-20T12:13:20,paypal,completed
1155,1155,1770.91,2026-06-12T01:52:38,paypal,refunded
1156,1156,1336.11,2026-03-13T13:18:38,bizum,completed
1157,1157,4000.2,2025-06-12T13:20:29,transfer,completed
1158,1158,769.48,2024-11-23T02:26:22,paypal,completed
1159,1159,2709.46,2025-09-05T12:11:39,card,completed
1160,1160,193.18,2024-06-21T17:25:17,bizum,completed
1161,1161,262.34,2025-06-25T08:12:28,card,refunded
1162,1162,1143.79,2024-05-12T09:44:03,card,pending
1163,1163,129.47,2024-05-22T15:23:54,transfer,completed
1164,1164,325.83,2025-03-03T13:34:25,card,refunded
1165,1165,1702.69,2024-08-15T17:42:10,paypal,completed
1166,1166,467.11,2024-09-16T19:21:57,card,completed
1167,1167,1007.86,2024-08-20T13:24:13,paypal,completed
1168,1168,2395.08,2024-11-03T02:55:08,bizum,completed
1169,1169,2343.1,2026-03-31T02:48:05,transfer,completed
1170,1170,403.91,2025-05-09T04:04:43,card,completed
1171,1171,3193.35,2026-03-28T07:26:12,card,completed
1172,1172,586.81,2025-02-10T15:09:56,bizum,completed
1173,1173,285.81,2025-06-16T12:37:22,paypal,refunded
1174,1174,1507.23,2025-03-21T00:46:55,card,completed
1175,1175,4686.2,2026-05-01T08:27:31,paypal,completed
1176,1176,1406.66,2025-07-14T21:04:11,card,completed
1177,1177,885.46,2025-12-26T11:52:49,card,completed
1178,1178,900.0,2026-05-19T19:18:09,paypal,completed
1179,1179,173.17,2024-07-15T11:04:16,card,completed
1180,1180,788.24,2024-02-06T09:27:59,card,completed
1181,1181,264.87,2025-05-10T01:43:22,paypal,completed
1182,1182,347.14,2025-08-15T06:03:25,transfer,completed
1183,1183,389.72,2025-08-10T06:38:11,paypal,completed
1184,1184,1863.04,2025-09-27T05:35:17,card,completed
1185,1185,138.79,2025-08-02T11:31:40,paypal,completed
1186,1186,5186.21,2026-04-09T13:27:33,paypal,completed
1187,1187,3238.89,2026-06-23T01:15:46,paypal,completed
1188,1188,4804.89,2026-04-12T16:19:36,card,pending
1189,1189,2245.29,2024-07-06T19:25:45,card,completed
1190,1190,1032.78,2024-05-04T00:54:26,paypal,completed
1191,1191,656.43,2025-04-15T11:39:31,card,completed
1192,1192,60.8,2025-02-18T18:28:27,card,completed
1193,1193,186.28,2024-08-10T17:15:16,card,completed
1194,1194,543.57,2025-11-05T20:34:46,card,refunded
1195,1195,822.16,2026-01-11T04:05:21,card,completed
1196,1196,141.41,2026-01-22T20:03:35,transfer,completed
1197,1197,104.14,2026-05-10T00:54:10,paypal,completed
1198,1198,971.12,2025-11-15T13:00:44,card,refunded
1199,1199,885.46,2025-05-20T23:20:58,transfer,completed
1200,1200,855.0,2025-09-08T10:07:08,card,completed
1201,1201,688.86,2026-05-18T16:13:07,card,completed
1202,1202,6882.39,2026-04-07T17:51:26,card,completed
1203,1203,1861.84,2024-11-17T02:02:26,card,completed
1204,1204,2572.22,2026-02-13T05:23:11,card,completed
1205,1205,344.43,2025-06-12T00:26:37,transfer,completed
1206,1206,194.7,2026-06-12T12:47:32,paypal,completed
1207,1207,4228.53,2026-05-03T07:51:11,card,completed
1208,1208,1535.82,2025-05-24T15:07:54,card,completed
1209,1209,2519.66,2026-02-26T15:25:52,card,completed
1210,1210,471.04,2024-10-20T03:08:02,bizum,completed
1211,1211,274.08,2025-05-16T19:07:32,card,completed
1212,1212,389.57,2024-07-25T13:40:53,paypal,completed
1213,1213,924.13,2024-03-14T23:15:29,card,completed
1214,1214,2596.06,2025-09-18T16:49:30,card,completed
1215,1215,1722.89,2026-02-06T13:53:59,bizum,completed
1216,1216,3118.6,2024-06-02T10:59:42,card,completed
1217,1217,1275.0,2024-05-18T16:52:25,paypal,completed
1218,1218,423.62,2026-01-05T09:33:49,transfer,completed
1219,1219,1265.45,2024-06-16T04:31:16,paypal,completed
1220,1220,1027.7,2025-07-06T17:54:32,transfer,completed
1221,1221,606.69,2026-06-25T10:05:35,paypal,completed
1222,1222,345.57,2026-04-24T13:10:16,card,refunded
1223,1223,936.72,2026-02-14T09:23:24,transfer,completed
1224,1224,54.62,2024-05-12T18:39:37,bizum,completed
1225,1225,303.31,2025-07-06T21:10:38,card,completed
1226,1226,598.0,2026-05-15T04:55:59,card,completed
1227,1227,285.92,2025-03-09T13:08:58,card,completed
1228,1228,827.07,2024-03-02T10:33:12,card,completed
1229,1229,861.38,2024-07-30T02:47:49,card,completed
1230,1230,1866.83,2025-09-06T03:26:27,card,failed
1231,1231,34.71,2024-01-18T11:44:44,transfer,completed
1232,1232,1672.36,2024-05-26T10:57:42,card,completed
1233,1233,165.6,2024-10-23T13:11:56,transfer,refunded
1234,1234,3004.45,2025-03-18T21:07:07,paypal,completed
1235,1235,542.89,2025-10-05T18:51:57,card,completed
1236,1236,74.48,2024-03-25T17:39:16,card,refunded
1237,1237,1902.84,2024-10-11T05:56:08,paypal,completed
1238,1238,87.4,2026-04-17T08:03:01,bizum,completed
1239,1239,286.7,2025-03-23T19:08:18,transfer,refunded
1240,1240,43.78,2026-05-23T04:08:57,paypal,completed
1241,1241,1492.69,2026-04-15T02:46:53,paypal,completed
1242,1242,494.98,2026-04-16T12:40:40,card,completed
1243,1243,837.96,2025-12-12T05:03:40,card,completed
1244,1244,3209.27,2025-10-25T12:27:12,card,refunded
1245,1245,1659.91,2026-05-23T11:05:35,paypal,completed
1246,1246,784.32,2025-06-27T04:19:04,card,refunded
1247,1247,1406.32,2025-12-05T05:10:59,paypal,pending
1248,1248,1559.3,2025-12-10T04:33:49,card,completed
1249,1249,2478.54,2024-06-14T04:04:03,card,completed
1250,1250,2969.58,2026-01-25T17:37:52,paypal,completed
1251,1251,173.17,2025-03-04T01:11:38,paypal,completed
1252,1252,2590.02,2024-06-16T04:19:47,card,failed
1253,1253,298.08,2025-02-02T02:24:43,bizum,completed
1254,1254,2384.62,2026-06-25T03:30:48,card,completed
1255,1255,82.94,2024-09-19T07:16:57,paypal,completed
1256,1256,635.26,2025-07-01T03:18:18,bizum,failed
1257,1257,967.04,2025-10-28T10:05:56,card,completed
1258,1258,3896.3,2025-01-06T18:13:39,transfer,completed
1259,1259,758.59,2026-05-19T02:29:17,paypal,completed
1260,1260,1648.21,2024-02-17T07:54:02,card,completed
1261,1261,1430.86,2026-05-29T19:33:22,paypal,completed
1262,1262,524.68,2025-07-30T07:47:31,transfer,completed
1263,1263,327.83,2025-12-12T21:27:31,paypal,refunded
1264,1264,364.69,2025-12-31T03:54:27,paypal,failed
1265,1265,543.57,2025-10-27T12:55:07,card,completed
1266,1266,222.99,2024-11-17T08:17:05,card,failed
1267,1267,81.3,2025-03-04T11:26:33,card,completed
1268,1268,1058.85,2024-07-17T04:56:54,paypal,completed
1269,1269,587.22,2025-05-23T10:29:44,bizum,completed
1270,1270,1554.0,2025-04-03T11:56:46,card,completed
1271,1271,254.01,2026-04-13T10:19:33,card,completed
1272,1272,1303.38,2025-04-10T16:09:50,card,completed
1273,1273,60.83,2026-04-10T15:34:53,card,refunded
1274,1274,856.17,2026-04-28T02:32:03,card,completed
1275,1275,574.55,2025-12-06T00:27:55,paypal,refunded
1276,1276,4309.32,2024-06-22T03:49:45,card,completed
1277,1277,87.98,2026-01-22T03:05:41,transfer,completed
1278,1278,366.52,2024-09-13T21:30:05,paypal,refunded
1279,1279,1212.14,2025-01-03T13:14:32,transfer,completed
1280,1280,475.41,2025-05-20T14:43:10,card,completed
1281,1281,1964.65,2026-06-24T18:10:19,paypal,completed
1282,1282,620.73,2026-02-19T09:56:19,card,completed
1283,1283,58.4,2025-09-22T21:57:38,bizum,completed
1284,1284,364.8,2024-06-09T05:21:56,paypal,refunded
1285,1285,2793.86,2025-12-04T04:26:55,paypal,completed
1286,1286,51.71,2025-03-08T22:52:41,paypal,refunded
1287,1287,231.51,2024-08-01T03:37:35,card,refunded
1288,1288,29.47,2026-02-27T02:29:02,paypal,completed
1289,1289,1642.38,2026-01-06T13:55:52,bizum,completed
1290,1290,1283.8,2026-05-20T22:41:28,card,refunded
1291,1291,282.23,2025-05-25T18:55:50,paypal,completed
1292,1292,4916.99,2026-01-26T16:58:02,card,completed
1293,1293,1040.73,2024-01-16T17:50:58,transfer,completed
1294,1294,57.68,2025-08-11T19:40:48,card,completed
1295,1295,1136.35,2025-09-14T04:20:15,card,completed
1296,1296,1390.58,2025-04-28T13:42:07,card,completed
1297,1297,188.28,2024-05-02T06:26:22,card,completed
1298,1298,1762.27,2026-06-28T11:02:00,paypal,completed
1299,1299,603.02,2025-08-05T11:22:34,card,completed
1300,1300,5784.08,2025-04-19T17:51:37,paypal,completed
1301,1301,49.71,2026-04-19T17:06:20,transfer,completed
1302,1302,1497.63,2024-02-17T02:01:45,card,completed
1303,1303,1648.81,2025-12-19T13:45:18,card,completed
1304,1304,4699.88,2025-09-02T01:01:29,bizum,completed
1305,1305,1739.77,2025-06-12T21:15:41,paypal,refunded
1306,1306,627.46,2025-08-13T03:32:39,card,completed
1307,1307,538.2,2026-04-14T12:47:21,card,completed
1308,1308,1120.46,2024-08-08T09:00:55,bizum,completed
1309,1309,2112.28,2025-03-19T03:05:33,card,failed
1310,1310,1685.63,2024-10-28T11:06:05,paypal,completed
1311,1311,1979.05,2024-04-01T19:36:11,card,refunded
1312,1312,1063.83,2025-07-02T16:46:52,card,completed
1313,1313,60.83,2025-07-29T15:20:03,transfer,refunded
1314,1314,264.3,2026-02-16T21:24:28,card,completed
1315,1315,424.81,2024-11-13T20:45:57,card,refunded
1316,1316,1684.3,2025-06-11T20:50:43,card,completed
1317,1317,1301.26,2025-10-23T07:29:48,paypal,refunded
1318,1318,426.35,2025-11-16T18:18:18,card,completed
1319,1319,55.88,2026-04-10T13:13:42,card,completed
1320,1320,1732.72,2024-06-21T02:44:32,card,completed
1321,1321,934.55,2025-02-09T01:43:50,card,completed
1322,1322,635.25,2024-09-26T08:13:27,card,refunded
1323,1323,3192.3,2026-05-04T21:32:56,bizum,completed
1324,1324,57.43,2025-06-19T19:20:07,card,completed
1325,1325,73.05,2026-04-12T02:47:28,paypal,completed
1326,1326,2078.09,2025-04-14T19:39:32,card,refunded
1327,1327,261.69,2024-01-13T09:08:53,card,pending
1328,1328,3741.95,2026-04-15T19:56:10,card,completed
1329,1329,422.13,2024-02-23T18:47:42,card,completed
1330,1330,1767.47,2024-10-07T17:00:49,card,completed
1331,1331,25.6,2026-05-26T22:22:13,paypal,completed
1332,1332,1082.6,2024-12-21T02:10:48,bizum,completed
1333,1333,475.41,2024-05-15T05:22:45,card,completed
1334,1334,1881.33,2025-10-22T10:55:57,paypal,refunded
1335,1335,157.12,2024-06-28T02:20:44,card,refunded
1336,1336,471.92,2024-09-28T15:00:59,card,refunded
1337,1337,227.27,2025-01-27T10:27:03,card,completed
1338,1338,6157.47,2025-12-20T08:35:50,card,completed
1339,1339,983.84,2026-02-05T06:59:14,card,completed
1340,1340,4126.47,2025-07-15T17:40:20,paypal,failed
1341,1341,255.5,2025-07-14T15:21:54,card,completed
1342,1342,231.51,2025-10-06T09:55:44,card,completed
1343,1343,47.43,2024-06-26T10:06:48,paypal,completed
1344,1344,2110.94,2025-08-28T01:32:15,card,refunded
1345,1345,389.36,2026-04-26T00:43:29,paypal,completed
1346,1346,58.82,2026-06-20T10:50:56,card,completed
1347,1347,3083.1,2024-06-22T23:56:10,card,completed
1348,1348,3584.24,2026-06-27T05:07:03,transfer,completed
1349,1349,92.16,2024-08-24T18:12:48,card,completed
1350,1350,3117.74,2025-01-27T21:07:56,transfer,refunded
1351,1351,1082.6,2024-08-09T18:04:30,card,completed
1352,1352,2375.43,2025-07-04T11:24:39,card,completed
1353,1353,25.32,2025-11-13T08:35:24,card,refunded
1354,1354,1249.21,2026-06-04T06:22:37,card,completed
1355,1355,3629.84,2024-01-14T09:15:32,card,pending
1356,1356,1509.01,2025-10-16T19:25:22,card,pending
1357,1357,180.1,2024-06-23T04:06:46,card,completed
1358,1358,1805.42,2024-03-16T08:58:09,card,completed
1359,1359,963.19,2026-04-16T13:23:20,transfer,completed
1360,1360,748.71,2025-04-21T22:03:25,card,completed
1361,1361,301.25,2024-09-22T01:59:26,paypal,refunded
1362,1362,240.32,2024-12-09T20:07:27,transfer,refunded
1363,1363,1438.96,2025-11-10T23:15:48,card,completed
1364,1364,335.01,2026-02-18T08:36:23,card,completed
1365,1365,2853.25,2024-10-30T14:18:28,card,refunded
1366,1366,662.72,2026-03-10T03:17:09,card,refunded
1367,1367,67.7,2024-09-10T07:39:35,card,completed
1368,1368,1099.47,2026-01-11T23:27:46,card,completed
1369,1369,1473.2,2026-03-28T02:54:58,card,completed
1370,1370,3911.86,2024-08-14T12:06:50,card,completed
1371,1371,471.79,2025-01-29T03:39:19,card,failed
1372,1372,1385.46,2026-05-09T18:26:06,card,completed
1373,1373,1267.88,2026-03-20T19:56:31,card,completed
1374,1374,389.57,2026-06-01T01:53:48,paypal,completed
1375,1375,734.92,2025-01-26T23:20:30,paypal,completed
1376,1376,1431.8,2025-08-07T22:52:32,card,completed
1377,1377,2154.66,2026-06-03T04:02:06,paypal,completed
1378,1378,424.81,2026-01-08T18:48:01,card,failed
1379,1379,1263.86,2025-08-28T21:37:38,card,refunded
1380,1380,5494.02,2026-04-16T04:51:39,card,completed
1381,1381,319.6,2025-04-19T11:55:36,card,pending
1382,1382,543.57,2025-09-07T03:04:22,paypal,completed
1383,1383,926.6,2025-10-06T14:19:36,bizum,completed
1384,1384,3792.01,2024-09-01T00:50:10,paypal,completed
1385,1385,451.64,2024-12-21T08:19:37,card,completed
1386,1386,411.08,2026-03-09T06:08:39,card,refunded
1387,1387,165.39,2026-01-14T21:51:34,card,completed
1388,1388,2640.16,2026-05-31T13:23:44,paypal,completed
1389,1389,1559.05,2025-09-01T19:08:42,card,refunded
1390,1390,267.51,2024-11-16T04:18:53,paypal,completed
1391,1391,1099.47,2024-12-07T09:41:31,paypal,refunded
1392,1392,4699.88,2025-10-13T04:44:25,paypal,completed
1393,1393,924.93,2026-01-07T10:18:09,paypal,pending
1394,1394,1108.39,2026-06-14T05:18:49,paypal,completed
1395,1395,251.63,2025-08-09T08:34:25,card,completed
1396,1396,520.2,2025-07-19T23:33:54,paypal,completed
1397,1397,3890.89,2024-08-16T04:50:59,transfer,completed
1398,1398,496.62,2026-04-22T07:43:35,transfer,completed
1399,1399,1221.5,2026-06-24T21:44:35,card,refunded
1400,1400,448.79,2024-04-18T02:08:20,paypal,completed
1401,1401,58.44,2024-04-16T12:53:59,bizum,completed
1402,1402,2681.46,2024-09-17T22:33:39,paypal,completed
1403,1403,1861.78,2024-09-22T13:30:14,card,refunded
1404,1404,1784.83,2025-08-19T06:31:50,transfer,completed
1405,1405,1863.52,2024-02-16T12:20:56,card,completed
1406,1406,1963.26,2025-03-11T19:18:43,card,completed
1407,1407,3525.48,2024-12-05T09:28:51,card,completed
1408,1408,2756.59,2025-06-11T01:36:28,card,completed
1409,1409,2029.75,2024-12-24T13:07:43,card,completed
1410,1410,680.82,2025-05-20T09:36:11,card,refunded
1411,1411,3522.02,2026-02-06T11:29:18,paypal,completed
1412,1412,2573.28,2026-02-28T23:56:09,bizum,completed
1413,1413,349.05,2026-02-05T01:59:12,paypal,completed
1414,1414,403.57,2025-01-16T09:28:28,transfer,completed
1415,1415,220.54,2025-05-14T04:13:27,card,completed
1416,1416,1939.19,2024-07-02T16:04:30,card,refunded
1417,1417,51.85,2025-04-23T20:25:12,paypal,completed
1418,1418,2976.72,2025-12-04T05:23:25,paypal,completed
1419,1419,896.77,2024-11-07T10:20:39,paypal,completed
1420,1420,37.24,2025-07-24T18:31:21,card,completed
1421,1421,1675.17,2024-10-19T07:43:59,card,refunded
1422,1422,1922.55,2024-07-25T20:46:54,card,completed
1423,1423,960.83,2024-03-08T18:08:08,card,completed
1424,1424,2118.09,2026-03-29T11:57:57,transfer,completed
1425,1425,1175.14,2024-01-22T04:26:29,card,pending
1426,1426,1011.65,2025-04-12T21:29:36,paypal,completed
1427,1427,861.38,2024-12-01T02:57:05,card,completed
1428,1428,458.34,2025-12-16T16:31:53,paypal,completed
1429,1429,1608.08,2024-09-22T00:12:40,bizum,completed
1430,1430,2697.18,2024-10-20T16:29:48,card,completed
1431,1431,328.36,2024-09-30T20:43:20,card,completed
1432,1432,734.19,2025-08-26T23:26:03,card,completed
1433,1433,7787.22,2026-04-11T02:01:19,card,completed
1434,1434,231.51,2024-01-13T03:22:10,paypal,completed
1435,1435,1625.77,2024-09-08T14:31:26,card,completed
1436,1436,893.38,2025-11-28T07:34:52,paypal,completed
1437,1437,496.76,2026-05-13T14:39:02,card,completed
1438,1438,861.38,2025-10-05T04:23:27,card,refunded
1439,1439,581.16,2025-10-16T15:44:30,bizum,completed
1440,1440,953.81,2026-04-05T13:04:20,card,completed
1441,1441,3470.4,2024-06-07T17:49:35,paypal,completed
1442,1442,3432.73,2026-05-09T20:30:01,card,completed
1443,1443,775.66,2026-04-03T15:23:02,bizum,completed
1444,1444,4489.42,2025-12-06T15:48:19,bizum,completed
1445,1445,899.63,2025-05-17T12:26:33,card,completed
1446,1446,341.17,2024-07-21T05:38:45,card,completed
1447,1447,1249.1,2025-02-21T19:06:10,paypal,refunded
1448,1448,3641.83,2024-10-10T17:02:50,card,completed
1449,1449,1032.78,2025-02-03T17:23:21,paypal,completed
1450,1450,458.59,2025-03-22T10:56:15,bizum,completed
1451,1451,639.35,2026-01-10T20:41:59,paypal,completed
1452,1452,4229.89,2025-11-30T01:38:30,transfer,completed
1453,1453,893.38,2025-01-17T15:28:14,card,completed
1454,1454,656.31,2025-02-22T20:41:51,bizum,refunded
1455,1455,1087.14,2025-12-12T09:16:45,card,completed
1456,1456,922.94,2025-10-03T18:19:47,card,completed
1457,1457,1116.38,2025-10-22T16:51:10,transfer,completed
1458,1458,1175.14,2026-02-02T03:01:57,paypal,completed
1459,1459,1143.79,2025-08-11T21:22:46,paypal,refunded
1460,1460,23.91,2024-03-20T09:39:03,transfer,completed
1461,1461,902.25,2026-05-06T02:50:52,paypal,pending
1462,1462,289.35,2024-11-28T03:52:16,card,completed
1463,1463,309.99,2025-11-01T14:22:44,paypal,completed
1464,1464,970.93,2024-05-21T17:22:17,card,completed
1465,1465,1041.99,2024-08-23T14:44:56,card,completed
1466,1466,1424.36,2025-10-27T22:27:17,paypal,completed
1467,1467,970.93,2025-12-31T14:22:53,bizum,completed
1468,1468,708.51,2024-08-05T00:30:18,paypal,refunded
1469,1469,6437.58,2026-02-04T00:34:42,card,completed
1470,1470,1508.05,2025-08-16T23:36:56,transfer,completed
1471,1471,3515.21,2025-09-14T22:47:38,bizum,completed
1472,1472,220.71,2025-04-10T16:52:22,card,completed
1473,1473,1715.31,2026-05-01T04:14:24,card,completed
1474,1474,601.57,2025-04-23T16:12:41,card,completed
1475,1475,3662.92,2025-05-28T16:21:58,card,completed
1476,1476,1648.21,2024-04-10T20:43:56,card,completed
1477,1477,881.93,2025-02-01T03:44:16,card,completed
1478,1478,4878.21,2025-04-24T21:04:06,paypal,completed
1479,1479,4839.55,2025-03-16T14:33:06,card,completed
1480,1480,1427.83,2025-01-24T22:15:49,bizum,refunded
1481,1481,2083.99,2025-06-02T19:14:06,card,refunded
1482,1482,125.22,2026-02-14T20:59:10,card,refunded
1483,1483,58.82,2025-09-18T02:18:44,card,completed
1484,1484,385.81,2026-05-29T17:14:01,bizum,completed
1485,1485,2066.46,2026-02-21T12:37:31,card,completed
1486,1486,575.86,2024-08-01T05:52:26,card,completed
1487,1487,1343.42,2024-11-16T12:31:08,paypal,completed
1488,1488,8647.06,2025-05-08T21:23:45,card,refunded
1489,1489,624.59,2026-06-30T21:55:18,paypal,completed
1490,1490,1053.58,2024-10-24T14:12:46,card,completed
1491,1491,560.23,2026-06-24T13:06:59,paypal,completed
1492,1492,62.04,2024-08-20T07:32:39,paypal,completed
1493,1493,632.72,2026-05-03T17:34:53,card,completed
1494,1494,22.4,2024-04-06T22:03:16,card,failed
1495,1495,1990.84,2025-03-31T17:58:33,card,completed
1496,1496,818.28,2024-08-18T01:42:46,transfer,refunded
1497,1497,231.51,2026-05-12T05:46:28,paypal,completed
1498,1498,730.27,2024-09-02T02:19:04,paypal,completed
1499,1499,1894.7,2024-03-20T08:15:12,card,completed
1500,1500,4416.73,2025-04-08T17:42:28,paypal,completed
1501,1501,232.02,2025-09-26T12:56:02,card,completed
1502,1502,1555.27,2024-12-29T05:30:15,card,completed
1503,1503,4834.73,2026-02-04T01:50:08,card,completed
1504,1504,730.27,2025-12-31T04:02:19,paypal,completed
1505,1505,580.13,2026-04-26T03:42:32,card,refunded
1506,1506,650.22,2024-09-04T06:04:55,card,completed
1507,1507,4152.56,2025-03-06T10:38:09,transfer,refunded
1508,1508,1203.92,2024-03-25T18:25:08,card,completed
1509,1509,3343.0,2025-11-05T23:33:35,paypal,completed
1510,1510,926.35,2024-04-04T07:21:02,bizum,failed
1511,1511,1076.3,2025-12-08T17:14:44,card,refunded
1512,1512,764.72,2024-11-06T03:06:11,paypal,completed
1513,1513,496.76,2025-08-25T15:06:36,card,completed
1514,1514,462.72,2025-03-08T05:31:11,card,completed
1515,1515,1861.84,2026-01-05T15:36:46,transfer,completed
1516,1516,452.17,2024-03-30T14:54:08,bizum,completed
1517,1517,2230.15,2026-05-12T01:05:01,card,refunded
1518,1518,109.16,2025-08-23T18:50:09,card,pending
1519,1519,1475.5,2024-07-03T12:19:02,card,refunded
1520,1520,1241.06,2025-11-13T05:58:58,bizum,refunded
1521,1521,1739.77,2026-04-02T14:19:06,bizum,completed
1522,1522,623.37,2024-11-05T20:55:08,card,completed
1523,1523,85.8,2026-05-26T18:55:28,paypal,completed
1524,1524,1330.67,2025-12-29T20:09:22,paypal,completed
1525,1525,1861.84,2025-12-24T11:25:16,card,completed
1526,1526,327.21,2024-05-29T19:12:58,card,completed
1527,1527,771.54,2025-11-15T23:26:34,card,completed
1528,1528,1350.65,2025-01-20T22:30:27,transfer,completed
1529,1529,974.69,2026-01-29T23:37:13,card,completed
1530,1530,220.71,2024-10-03T01:20:45,transfer,completed
1531,1531,2633.38,2024-10-24T04:35:15,bizum,refunded
1532,1532,57.43,2025-10-07T03:22:46,card,completed
1533,1533,276.16,2025-01-10T18:58:52,paypal,completed
1534,1534,2419.66,2024-09-01T01:00:55,card,completed
1535,1535,3251.54,2025-01-08T11:03:58,bizum,refunded
1536,1536,3292.93,2025-04-24T02:10:57,paypal,completed
1537,1537,293.73,2025-08-09T22:49:40,paypal,completed
1538,1538,76.8,2026-04-02T23:42:02,bizum,completed
1539,1539,926.35,2026-04-10T20:50:30,card,completed
1540,1540,157.0,2025-01-08T21:10:30,card,completed
1541,1541,92.31,2026-03-29T22:51:19,transfer,completed
1542,1542,1101.3,2026-04-12T10:53:36,card,refunded
1543,1543,49.71,2025-01-19T05:05:46,bizum,completed
1544,1544,4723.95,2025-01-08T03:49:52,paypal,completed
1545,1545,312.43,2025-06-07T13:09:12,card,completed
1546,1546,1120.46,2026-03-23T15:29:56,card,completed
1547,1547,2277.01,2025-05-02T15:28:10,card,completed
1548,1548,793.02,2024-05-15T02:50:33,card,refunded
1549,1549,5977.19,2025-02-13T21:25:01,card,completed
1550,1550,116.76,2026-03-17T14:22:24,transfer,completed
1551,1551,41.81,2024-06-21T15:24:58,card,refunded
1552,1552,635.69,2026-01-24T15:10:46,card,completed
1553,1553,744.38,2024-11-17T04:37:42,card,completed
1554,1554,536.87,2025-04-05T18:41:04,card,failed
1555,1555,6.17,2025-11-04T07:44:31,bizum,completed
1556,1556,67.56,2025-05-24T05:42:37,card,completed
1557,1557,4038.18,2025-12-30T04:19:26,card,completed
1558,1558,55.48,2025-02-12T20:49:02,paypal,completed
1559,1559,67.56,2024-03-05T04:17:12,card,refunded
1560,1560,12.34,2025-04-10T10:42:12,card,completed
1561,1561,348.88,2026-03-05T21:28:03,bizum,completed
1562,1562,1800.0,2025-03-29T10:19:16,paypal,completed
1563,1563,135.4,2026-03-16T00:04:33,card,completed
1564,1564,233.05,2024-10-03T01:37:36,transfer,completed
1565,1565,327.21,2024-10-19T11:16:33,card,pending
1566,1566,285.92,2025-07-15T12:17:59,card,completed
1567,1567,54.75,2025-04-27T22:03:11,transfer,completed
1568,1568,140.11,2024-02-21T16:46:55,bizum,refunded
1569,1569,3211.66,2025-06-05T11:50:26,card,refunded
1570,1570,496.62,2026-05-20T14:54:50,card,completed
1571,1571,1831.34,2026-05-11T19:41:49,paypal,refunded
1572,1572,1259.83,2024-03-31T16:07:57,bizum,refunded
1573,1573,24.88,2024-01-28T06:01:47,paypal,completed
1574,1574,861.38,2025-08-26T11:14:41,paypal,refunded
1575,1575,560.23,2024-06-21T04:30:24,card,completed
1576,1576,1559.3,2026-03-31T22:31:34,paypal,completed
1577,1577,899.67,2026-04-19T18:59:47,transfer,refunded
1578,1578,696.34,2025-11-29T00:40:46,card,refunded
1579,1579,876.64,2025-08-22T19:21:51,card,completed
1580,1580,1487.85,2024-01-09T07:29:35,card,completed
1581,1581,845.14,2024-11-15T03:04:54,card,completed
1582,1582,1835.3,2024-08-13T21:26:27,card,completed
1583,1583,2763.81,2025-03-11T15:54:40,card,refunded
1584,1584,1213.8,2026-03-14T00:52:33,card,completed
1585,1585,441.08,2024-02-09T03:18:50,transfer,completed
1586,1586,55.48,2024-12-04T19:43:32,card,completed
1587,1587,540.3,2025-06-06T09:18:16,bizum,completed
1588,1588,448.79,2026-02-14T06:09:36,paypal,completed
1589,1589,2519.15,2024-09-06T00:59:21,card,completed
1590,1590,6268.76,2026-05-04T11:39:08,card,refunded
1591,1591,368.44,2026-04-09T13:40:19,paypal,completed
1592,1592,1779.69,2025-01-08T21:44:10,card,refunded
1593,1593,116.01,2024-09-25T18:21:55,bizum,completed
1594,1594,39.72,2024-01-02T11:35:24,card,completed
1595,1595,2350.64,2024-05-03T17:37:41,card,completed
1596,1596,862.73,2026-05-08T00:40:40,card,completed
1597,1597,1054.32,2024-11-22T03:41:45,paypal,completed
1598,1598,888.05,2026-01-26T04:34:18,transfer,refunded
1599,1599,4588.26,2024-06-19T14:48:33,card,completed
1600,1600,340.41,2024-01-17T07:24:27,paypal,completed
1601,1601,3992.01,2025-06-06T08:55:33,card,completed
1602,1602,854.98,2025-04-30T20:12:44,paypal,completed
1603,1603,186.64,2025-06-27T16:55:02,card,completed
1604,1604,1969.69,2025-10-01T02:11:27,paypal,refunded
1605,1605,844.77,2025-05-09T13:50:27,card,completed
1606,1606,1663.98,2024-05-19T18:34:49,card,completed
1607,1607,184.62,2025-11-24T19:26:44,paypal,refunded
1608,1608,3453.1,2025-01-03T10:56:45,paypal,completed
1609,1609,1251.72,2024-05-23T04:28:38,paypal,completed
1610,1610,43.99,2025-12-09T15:43:38,card,completed
1611,1611,3834.1,2026-02-26T11:35:20,paypal,completed
1612,1612,632.47,2026-04-25T16:28:58,card,completed
1613,1613,1249.09,2024-11-11T12:26:18,bizum,completed
1614,1614,1943.44,2026-04-11T00:34:40,bizum,completed
1615,1615,45.01,2024-04-20T17:20:59,paypal,completed
1616,1616,5156.12,2026-06-06T15:02:34,bizum,failed
1617,1617,1087.14,2026-05-29T17:48:11,bizum,completed
1618,1618,53.11,2026-04-18T02:57:16,card,pending
1619,1619,2787.39,2024-09-18T01:07:36,bizum,completed
1620,1620,76.34,2025-09-12T13:42:12,card,completed
1621,1621,2841.21,2025-06-27T00:18:25,card,completed
1622,1622,85.37,2025-03-30T07:01:35,bizum,completed
1623,1623,462.03,2024-11-24T00:43:12,card,completed
1624,1624,1630.94,2026-06-22T13:01:40,paypal,completed
1625,1625,4217.58,2024-01-21T11:02:18,bizum,completed
1626,1626,4125.47,2024-11-12T01:20:22,card,completed
1627,1627,1805.42,2025-10-23T22:03:53,card,completed
1628,1628,1185.49,2026-05-27T23:14:41,paypal,completed
1629,1629,2291.83,2026-03-19T18:12:58,paypal,completed
1630,1630,220.54,2025-02-07T20:35:48,transfer,refunded
1631,1631,455.83,2025-01-19T04:40:09,transfer,completed
1632,1632,6704.3,2024-09-30T20:44:58,card,completed
1633,1633,511.39,2026-06-26T09:59:16,card,completed
1634,1634,4234.68,2024-12-01T19:24:13,paypal,completed
1635,1635,2154.66,2025-09-29T16:31:37,paypal,completed
1636,1636,214.58,2024-04-22T23:40:00,card,refunded
1637,1637,680.06,2025-02-28T14:48:50,card,completed
1638,1638,2124.61,2025-05-22T18:52:13,card,completed
1639,1639,262.35,2025-08-17T01:34:57,transfer,completed
1640,1640,3414.05,2024-07-30T15:17:38,bizum,completed
1641,1641,475.41,2025-09-01T14:16:01,card,refunded
1642,1642,1463.19,2024-04-11T02:58:42,card,completed
1643,1643,518.27,2025-02-08T15:25:50,card,completed
1644,1644,947.82,2026-04-30T09:06:05,bizum,completed
1645,1645,27.31,2025-08-10T02:17:17,bizum,completed
1646,1646,622.59,2025-04-14T00:52:28,paypal,completed
1647,1647,1761.8,2024-07-04T17:14:32,card,completed
1648,1648,1707.83,2025-10-31T12:24:29,card,completed
1649,1649,264.96,2024-07-26T08:37:10,card,completed
1650,1650,264.34,2025-07-15T03:28:59,bizum,completed
1651,1651,1446.22,2024-05-03T02:12:34,card,completed
1652,1652,636.64,2025-07-29T02:22:03,paypal,completed
1653,1653,2912.84,2026-01-02T10:58:34,card,completed
1654,1654,1145.54,2025-06-22T02:01:52,card,pending
1655,1655,1259.83,2025-04-02T10:44:15,paypal,completed
1656,1656,343.34,2025-06-20T14:58:04,paypal,pending
1657,1657,2104.4,2024-04-28T21:49:47,paypal,refunded
1658,1658,328.29,2026-01-15T13:58:41,transfer,pending
1659,1659,178.87,2025-10-26T15:35:12,card,completed
1660,1660,282.23,2024-08-31T00:56:44,card,completed
1661,1661,1793.54,2025-05-19T07:00:28,transfer,completed
1662,1662,4330.31,2025-10-04T00:26:50,card,completed
1663,1663,482.46,2026-06-29T20:52:12,card,completed
1664,1664,1175.14,2026-05-09T12:56:21,bizum,refunded
1665,1665,784.32,2025-03-20T16:11:17,transfer,completed
1666,1666,182.79,2025-04-26T01:36:16,transfer,refunded
1667,1667,2648.91,2026-02-19T15:52:07,card,completed
1668,1668,707.26,2025-07-25T13:01:30,transfer,refunded
1669,1669,701.55,2024-12-19T19:42:08,bizum,completed
1670,1670,948.37,2026-03-10T21:57:59,paypal,completed
1671,1671,635.25,2024-02-01T18:50:53,card,completed
1672,1672,2242.33,2024-02-17T20:22:08,card,completed
1673,1673,1218.69,2025-10-07T07:17:43,paypal,completed
1674,1674,1824.51,2025-03-26T02:29:25,transfer,completed
1675,1675,444.02,2026-03-07T17:19:14,card,refunded
1676,1676,253.43,2025-02-20T12:03:23,card,completed
1677,1677,478.4,2025-04-20T10:54:33,paypal,refunded
1678,1678,6025.48,2024-08-11T05:54:30,paypal,completed
1679,1679,30.86,2026-04-16T07:59:17,card,completed
1680,1680,43.66,2026-03-23T08:23:02,card,completed
1681,1681,3903.0,2024-09-08T17:30:12,paypal,completed
1682,1682,3225.54,2024-09-07T14:34:29,card,completed
1683,1683,435.88,2026-01-01T02:41:04,card,failed
1684,1684,448.15,2026-04-01T20:11:44,paypal,completed
1685,1685,79.49,2026-06-15T07:04:40,card,completed
1686,1686,348.7,2025-02-01T07:14:59,paypal,refunded
1687,1687,437.24,2025-06-10T06:20:25,paypal,completed
1688,1688,2638.56,2025-01-29T09:32:20,paypal,completed
1689,1689,1709.37,2025-08-08T06:30:01,bizum,completed
1690,1690,261.04,2024-11-06T09:31:53,card,completed
1691,1691,623.37,2025-12-05T13:47:46,card,completed
1692,1692,1866.63,2026-06-10T16:36:35,card,failed
1693,1693,281.59,2025-02-12T13:33:24,paypal,refunded
1694,1694,1766.01,2024-03-29T15:47:28,card,completed
1695,1695,459.2,2024-08-29T04:45:43,card,completed
1696,1696,1356.96,2025-08-13T13:37:34,card,completed
1697,1697,2077.13,2026-03-21T08:54:13,transfer,completed
1698,1698,880.03,2025-07-25T22:25:44,paypal,refunded
1699,1699,38.57,2026-04-28T19:29:44,card,completed
1700,1700,919.0,2025-02-08T01:56:20,bizum,completed
1701,1701,351.25,2024-08-31T21:15:56,transfer,completed
1702,1702,2196.6,2026-01-03T17:08:11,card,completed
1703,1703,702.5,2024-10-06T18:31:05,card,completed
1704,1704,85.37,2025-11-12T18:09:10,card,completed
1705,1705,147.48,2025-01-06T11:43:02,transfer,completed
1706,1706,135.4,2025-10-16T18:00:53,card,completed
1707,1707,1381.7,2024-08-13T23:13:57,card,completed
1708,1708,2285.87,2025-07-07T07:59:33,paypal,completed
1709,1709,266.39,2025-03-13T07:57:31,bizum,pending
1710,1710,1630.71,2025-01-14T13:43:45,transfer,completed
1711,1711,556.99,2024-01-09T20:02:41,card,completed
1712,1712,1959.64,2025-04-10T16:11:02,paypal,completed
1713,1713,1460.54,2025-02-19T01:29:52,transfer,completed
1714,1714,79.0,2026-03-11T15:30:50,paypal,completed
1715,1715,814.29,2024-06-14T13:22:50,transfer,pending
1716,1716,1251.07,2026-04-13T00:53:59,transfer,completed
1717,1717,548.76,2026-06-09T23:29:47,transfer,completed
1718,1718,1612.58,2026-01-10T18:16:07,card,completed
1719,1719,47.43,2026-05-03T10:03:51,card,completed
1720,1720,837.55,2026-03-03T13:06:56,card,refunded
1721,1721,16.66,2024-11-18T07:17:34,paypal,completed
1722,1722,650.22,2026-04-11T09:06:11,card,completed
1723,1723,1027.7,2024-05-28T09:59:34,card,refunded
1724,1724,344.43,2024-09-23T21:59:31,card,refunded
1725,1725,4174.65,2026-06-28T19:46:28,bizum,pending
1726,1726,1677.62,2025-07-01T10:54:12,card,completed
1727,1727,861.38,2025-01-31T14:46:23,card,completed
1728,1728,237.91,2025-10-16T23:48:53,card,completed
1729,1729,632.28,2025-12-25T05:26:06,card,completed
1730,1730,497.21,2024-10-24T07:38:28,bizum,completed
1731,1731,784.64,2025-03-19T20:07:12,bizum,refunded
1732,1732,802.93,2026-03-11T03:07:35,card,completed
1733,1733,2731.01,2025-12-25T15:12:27,paypal,completed
1734,1734,735.04,2026-01-28T20:19:56,paypal,completed
1735,1735,38.57,2025-09-12T05:03:32,card,completed
1736,1736,1280.31,2026-05-31T00:21:08,card,refunded
1737,1737,861.38,2024-08-26T23:59:16,paypal,completed
1738,1738,1415.99,2024-09-14T15:29:59,transfer,completed
1739,1739,854.69,2026-01-18T10:54:34,paypal,completed
1740,1740,73.94,2026-01-19T01:10:21,card,failed
1741,1741,861.38,2025-05-19T22:55:54,bizum,completed
1742,1742,1756.88,2025-02-07T14:13:21,paypal,refunded
1743,1743,913.58,2026-06-07T17:17:10,transfer,completed
1744,1744,392.81,2024-07-31T16:26:23,card,failed
1745,1745,954.58,2026-03-03T06:14:28,card,completed
1746,1746,2220.0,2024-05-06T01:10:02,card,completed
1747,1747,180.1,2024-09-07T02:31:48,bizum,completed
1748,1748,1879.95,2025-12-08T10:35:55,card,completed
1749,1749,1385.75,2026-01-03T16:33:13,paypal,completed
1750,1750,2247.98,2025-04-01T06:15:21,card,completed
1751,1751,1492.69,2025-08-28T14:57:32,card,completed
1752,1752,1064.54,2025-07-05T19:31:53,card,completed
1753,1753,227.27,2026-04-03T14:09:46,card,pending
1754,1754,1368.88,2024-12-05T07:29:18,card,pending
1755,1755,2055.4,2025-01-14T17:17:10,card,completed
1756,1756,1487.17,2024-03-19T11:17:53,card,refunded
1757,1757,705.71,2024-02-17T16:42:36,card,completed
1758,1758,38.57,2026-04-05T16:13:42,paypal,refunded
1759,1759,2052.49,2024-07-27T14:32:08,card,completed
1760,1760,215.42,2024-05-11T20:43:29,card,completed
1761,1761,1057.33,2024-07-19T01:25:22,paypal,refunded
1762,1762,899.67,2025-11-29T16:36:49,card,completed
1763,1763,2632.17,2026-02-26T10:49:47,bizum,completed
1764,1764,1046.17,2025-06-14T09:04:14,card,failed
1765,1765,2343.1,2026-04-14T16:40:08,bizum,failed
1766,1766,2555.93,2026-01-30T23:59:46,card,completed
1767,1767,784.32,2025-07-23T20:42:09,card,completed
1768,1768,40.32,2026-03-31T01:35:23,paypal,completed
1769,1769,1568.64,2026-01-29T22:52:04,card,completed
1770,1770,2541.86,2025-12-30T02:25:48,paypal,refunded
1771,1771,1103.77,2024-06-25T20:07:39,card,completed
1772,1772,1861.84,2025-07-03T03:49:51,card,completed
1773,1773,1644.46,2024-09-15T06:00:05,transfer,completed
1774,1774,410.45,2025-01-02T16:49:37,card,completed
1775,1775,287.93,2026-01-23T16:49:02,card,completed
1776,1776,5636.06,2024-10-13T07:04:40,card,completed
1777,1777,609.8,2024-09-09T04:10:31,paypal,completed
1778,1778,6.17,2024-05-24T16:54:09,card,refunded
1779,1779,993.24,2025-08-15T02:29:03,card,refunded
1780,1780,2486.53,2026-05-18T23:55:17,card,refunded
1781,1781,192.26,2025-03-05T17:08:27,bizum,completed
1782,1782,309.99,2025-06-27T00:39:27,paypal,refunded
1783,1783,1861.22,2026-02-04T19:27:58,card,completed
1784,1784,857.24,2025-10-22T00:24:29,card,refunded
1785,1785,344.43,2025-06-05T16:02:37,paypal,completed
1786,1786,1119.84,2024-04-07T01:15:14,card,completed
1787,1787,2103.23,2025-02-23T01:44:19,card,refunded
1788,1788,891.76,2025-02-23T03:44:33,card,refunded
1789,1789,282.23,2025-03-23T11:13:32,card,refunded
1790,1790,1793.38,2024-04-01T01:46:18,card,completed
1791,1791,1532.84,2024-10-12T08:41:05,paypal,completed
1792,1792,897.08,2025-10-03T00:35:02,paypal,completed
1793,1793,390.69,2025-03-11T06:59:45,card,completed
1794,1794,1005.32,2025-08-26T06:06:44,paypal,completed
1795,1795,488.6,2025-09-17T03:55:14,card,refunded
1796,1796,1146.39,2024-07-11T20:27:49,card,completed
1797,1797,2708.29,2024-02-18T14:23:01,paypal,completed
1798,1798,141.44,2024-10-08T07:47:00,transfer,completed
1799,1799,2316.17,2024-12-06T00:32:45,paypal,pending
1800,1800,3240.44,2026-05-21T11:30:50,paypal,completed
1801,1801,1809.08,2025-01-15T08:00:48,card,completed
1802,1802,2089.8,2024-10-27T10:08:17,card,completed
1803,1803,1451.66,2025-05-03T07:57:27,paypal,completed
1804,1804,407.29,2025-09-16T03:42:24,card,completed
1805,1805,64.3,2025-02-09T03:26:58,paypal,completed
1806,1806,71.21,2025-06-13T04:50:23,card,refunded
1807,1807,1246.74,2026-02-06T23:07:57,paypal,completed
1808,1808,1483.72,2025-10-03T12:12:02,paypal,failed
1809,1809,69.4,2024-08-20T21:18:01,transfer,completed
1810,1810,2232.44,2026-02-21T08:27:44,transfer,refunded
1811,1811,989.52,2024-09-19T00:29:02,card,completed
1812,1812,1477.94,2024-02-25T04:31:00,card,completed
1813,1813,96.32,2024-09-14T08:52:02,transfer,completed
1814,1814,128.6,2025-05-12T18:09:29,card,completed
1815,1815,1307.51,2025-07-13T07:26:29,card,completed
1816,1816,2622.13,2024-05-20T16:09:20,card,completed
1817,1817,669.94,2025-11-11T23:25:58,paypal,completed
1818,1818,1523.92,2025-01-26T15:06:20,card,completed
1819,1819,2683.35,2026-04-28T12:03:40,transfer,refunded
1820,1820,1327.53,2025-05-08T07:29:36,card,refunded
1821,1821,1398.22,2026-02-02T09:02:30,card,refunded
1822,1822,642.45,2025-11-20T13:53:22,card,completed
1823,1823,1807.56,2024-09-15T22:55:46,paypal,completed
1824,1824,264.96,2026-04-03T07:00:26,bizum,completed
1825,1825,1572.54,2025-04-07T04:34:17,card,completed
1826,1826,39.72,2024-05-06T21:34:37,card,refunded
1827,1827,173.28,2024-02-17T02:50:45,card,completed
1828,1828,1530.0,2025-04-10T05:58:36,paypal,pending
1829,1829,1488.76,2026-03-08T15:26:16,bizum,completed
1830,1830,507.15,2024-10-10T10:23:21,card,completed
1831,1831,854.98,2025-03-15T23:08:29,paypal,completed
1832,1832,92.31,2026-02-03T13:05:31,card,completed
1833,1833,541.1,2025-11-16T16:04:12,card,completed
1834,1834,1201.33,2026-03-24T15:46:50,card,completed
1835,1835,28.13,2026-05-25T13:53:13,bizum,completed
1836,1836,237.91,2025-07-20T19:33:31,transfer,completed
1837,1837,899.67,2025-10-06T09:22:03,card,completed
1838,1838,983.84,2024-09-15T10:18:42,bizum,completed
1839,1839,12.34,2024-04-16T02:37:09,card,refunded
1840,1840,394.12,2024-01-16T07:07:32,card,completed
1841,1841,2796.05,2026-01-30T06:54:14,paypal,completed
1842,1842,389.57,2025-07-24T13:37:34,bizum,completed
1843,1843,1707.51,2025-04-13T13:35:08,card,completed
1844,1844,819.83,2025-01-10T23:20:23,transfer,completed
1845,1845,293.76,2024-07-30T04:31:55,bizum,completed
1846,1846,596.36,2026-04-07T15:53:06,card,refunded
1847,1847,3492.49,2024-11-17T17:47:24,card,completed
1848,1848,2893.85,2025-05-21T14:01:46,card,completed
1849,1849,4608.06,2025-06-08T17:23:36,paypal,completed
1850,1850,207.69,2024-10-23T01:01:43,paypal,completed
1851,1851,2462.44,2025-11-15T05:21:55,card,completed
1852,1852,5550.84,2024-11-20T21:03:24,card,completed
1853,1853,638.73,2025-06-25T03:21:38,card,refunded
1854,1854,1200.46,2025-05-19T02:55:31,paypal,completed
1855,1855,47.43,2024-02-06T15:32:30,paypal,completed
1856,1856,135.26,2025-08-17T19:24:47,card,completed
1857,1857,4078.45,2025-07-24T14:59:10,card,completed
1858,1858,479.4,2024-09-19T12:32:20,card,completed
1859,1859,2124.15,2025-06-24T07:37:42,paypal,refunded
1860,1860,1492.69,2025-01-23T11:13:03,paypal,completed
1861,1861,1530.0,2026-05-01T03:31:37,paypal,completed
1862,1862,3846.06,2026-02-17T15:10:36,card,completed
1863,1863,38.17,2024-01-06T06:25:21,card,refunded
1864,1864,3118.68,2024-02-06T04:53:27,transfer,completed
1865,1865,471.79,2024-07-17T04:00:49,paypal,completed
1866,1866,1805.42,2026-01-06T07:18:57,transfer,completed
1867,1867,147.48,2026-02-26T06:59:10,card,refunded
1868,1868,301.79,2026-02-28T14:53:01,card,completed
1869,1869,464.38,2025-06-04T23:10:18,card,completed
1870,1870,2734.02,2025-06-03T13:45:09,card,refunded
1871,1871,1444.34,2026-04-09T02:20:23,card,completed
1872,1872,1311.87,2026-01-19T08:32:53,card,refunded
1873,1873,973.82,2025-12-25T03:40:13,paypal,completed
1874,1874,64.3,2024-03-02T09:41:15,paypal,completed
1875,1875,1671.16,2026-06-26T01:31:26,card,pending
1876,1876,389.57,2024-09-07T19:01:03,bizum,completed
1877,1877,427.87,2026-02-13T21:57:14,paypal,completed
1878,1878,1178.42,2026-04-16T12:16:15,card,pending
1879,1879,1516.14,2025-10-22T12:29:27,bizum,completed
1880,1880,543.57,2024-03-27T08:43:24,card,completed
1881,1881,3753.71,2024-11-13T13:46:42,card,completed
1882,1882,4367.72,2025-08-26T03:38:50,transfer,refunded
1883,1883,205.54,2026-06-15T14:37:45,card,completed
1884,1884,588.67,2024-03-04T19:19:10,paypal,completed
1885,1885,633.94,2026-02-12T16:27:13,transfer,completed
1886,1886,4117.86,2026-06-22T06:50:33,card,pending
1887,1887,11.9,2025-07-21T11:43:49,card,refunded
1888,1888,543.57,2026-05-21T13:06:52,card,refunded
1889,1889,1827.16,2025-10-26T11:51:07,card,refunded
1890,1890,426.35,2026-06-16T14:34:10,card,completed
1891,1891,2117.34,2026-04-30T17:20:06,card,refunded
1892,1892,285.92,2024-11-10T22:06:23,transfer,completed
1893,1893,64.3,2025-04-28T18:56:04,paypal,refunded
1894,1894,3927.42,2024-03-26T18:22:23,card,completed
1895,1895,49.76,2025-05-16T03:10:15,bizum,completed
1896,1896,2982.5,2025-11-28T16:59:44,paypal,completed
1897,1897,2247.77,2024-03-31T04:12:42,card,completed
1898,1898,1849.41,2026-05-18T08:46:15,paypal,completed
1899,1899,318.04,2025-10-25T03:15:22,paypal,completed
1900,1900,56.26,2024-03-01T05:50:02,paypal,refunded
1901,1901,2379.8,2024-07-08T09:22:47,card,completed
1902,1902,2116.0,2026-01-22T04:56:33,card,completed
1903,1903,1831.34,2025-11-16T03:17:34,card,completed
1904,1904,1305.32,2024-03-25T21:52:12,card,refunded
1905,1905,295.56,2025-09-13T13:53:43,card,completed
1906,1906,2823.36,2026-05-08T09:25:59,card,pending
1907,1907,1033.29,2026-02-03T04:03:19,card,failed
1908,1908,1085.78,2025-10-11T21:33:40,transfer,completed
1909,1909,422.13,2026-03-19T13:23:20,paypal,completed
1910,1910,3449.41,2025-11-19T00:03:40,card,completed
1911,1911,614.81,2025-03-18T06:54:45,bizum,completed
1912,1912,56.26,2025-12-25T13:17:24,bizum,completed
1913,1913,304.56,2024-09-20T21:30:34,card,completed
1914,1914,299.0,2026-06-01T19:35:55,paypal,completed
1915,1915,2785.82,2025-12-27T10:48:25,transfer,refunded
1916,1916,106.95,2024-04-16T16:35:40,card,completed
1917,1917,462.52,2024-03-20T10:19:04,card,completed
1918,1918,1044.5,2026-03-28T01:15:01,card,completed
1919,1919,2198.8,2025-05-23T04:29:42,card,completed
1920,1920,3215.22,2025-06-16T22:58:36,bizum,completed
1921,1921,92.31,2024-01-23T13:42:55,paypal,completed
1922,1922,2638.82,2025-06-27T07:40:05,card,completed
1923,1923,2021.51,2025-01-02T06:31:04,paypal,completed
1924,1924,855.0,2025-02-13T10:53:23,card,completed
1925,1925,995.15,2025-11-18T14:16:57,card,completed
1926,1926,356.08,2024-12-16T12:40:53,card,completed
1927,1927,1264.21,2025-11-03T19:13:05,card,completed
1928,1928,2087.93,2026-06-30T07:06:11,card,completed
1929,1929,1264.14,2024-10-04T04:45:57,paypal,completed
1930,1930,833.72,2025-02-28T11:04:15,card,completed
1931,1931,598.0,2024-04-19T05:00:30,transfer,completed
1932,1932,277.71,2024-02-10T05:16:22,card,completed
1933,1933,1438.96,2026-06-07T23:42:39,paypal,completed
1934,1934,1799.34,2024-05-28T20:57:35,transfer,completed
1935,1935,1272.28,2025-01-13T15:33:02,card,completed
1936,1936,606.62,2024-06-04T12:56:47,paypal,refunded
1937,1937,2630.87,2025-08-06T01:54:37,card,completed
1938,1938,3134.85,2025-11-11T21:36:17,card,completed
1939,1939,994.91,2026-01-24T14:42:32,card,completed
1940,1940,4392.88,2025-03-08T14:26:29,paypal,completed
1941,1941,2535.42,2025-07-20T06:16:48,card,completed
1942,1942,1145.37,2025-08-22T03:15:45,card,completed
1943,1943,2258.92,2025-03-13T10:01:13,paypal,completed
1944,1944,156.85,2026-01-12T00:25:20,bizum,completed
1945,1945,548.76,2024-09-04T17:48:42,card,completed
1946,1946,1447.38,2025-08-19T20:51:41,paypal,completed
1947,1947,28.13,2025-09-23T03:26:33,bizum,failed
1948,1948,1065.91,2025-06-13T17:37:43,card,completed
1949,1949,761.96,2025-07-10T20:48:17,card,pending
1950,1950,1208.82,2024-12-04T11:50:28,card,refunded
1951,1951,744.38,2025-02-23T19:34:12,transfer,completed
1952,1952,255.5,2026-05-01T14:20:15,card,refunded
1953,1953,58.82,2024-02-27T19:31:49,card,completed
1954,1954,2476.76,2024-07-16T02:19:39,paypal,completed
1955,1955,30.98,2025-02-18T23:43:39,paypal,completed
1956,1956,1861.84,2026-04-29T04:16:18,card,completed
1957,1957,897.58,2025-06-06T00:11:37,paypal,completed
1958,1958,603.58,2025-11-26T11:26:35,bizum,completed
1959,1959,934.76,2024-03-05T20:56:17,transfer,completed
1960,1960,87.33,2026-01-03T20:28:47,paypal,completed
1961,1961,385.81,2024-11-04T18:25:41,bizum,completed
1962,1962,1805.41,2025-10-06T15:24:10,transfer,completed
1963,1963,55.29,2024-03-08T10:56:40,paypal,completed
1964,1964,3009.18,2025-07-22T19:26:45,bizum,refunded
1965,1965,1653.6,2024-08-05T21:00:37,transfer,pending
1966,1966,31.02,2025-07-23T11:23:37,card,completed
1967,1967,471.79,2026-02-18T18:35:24,card,completed
1968,1968,213.2,2026-03-22T01:37:43,card,refunded
1969,1969,1203.99,2025-01-02T06:50:51,card,completed
1970,1970,116.36,2025-09-05T21:55:24,paypal,completed
1971,1971,2877.92,2025-02-12T10:05:58,paypal,completed
1972,1972,534.55,2025-08-14T02:42:26,paypal,completed
1973,1973,982.83,2024-04-09T13:54:00,bizum,completed
1974,1974,548.76,2025-07-15T03:01:52,card,pending
1975,1975,1219.79,2025-07-22T15:29:10,card,completed
1976,1976,196.4,2026-03-03T22:55:18,paypal,completed
1977,1977,2231.3,2026-03-21T23:30:16,card,refunded
1978,1978,1035.31,2024-01-23T13:32:57,paypal,completed
1979,1979,573.4,2026-02-21T18:37:13,card,completed
1980,1980,303.31,2024-01-11T15:47:16,paypal,pending
1981,1981,403.57,2024-10-01T21:58:36,card,completed
1982,1982,1422.83,2025-08-04T19:21:00,card,completed
1983,1983,656.09,2026-03-14T02:24:05,card,completed
1984,1984,212.16,2026-06-12T12:08:34,paypal,completed
1985,1985,560.23,2025-11-09T00:21:32,card,refunded
1986,1986,3081.77,2025-01-13T03:49:22,card,refunded
1987,1987,641.9,2024-08-24T11:09:40,card,completed
1988,1988,913.58,2024-08-12T20:49:53,transfer,completed
1989,1989,2615.63,2026-04-20T03:36:24,bizum,failed
1990,1990,35.65,2026-05-31T14:11:00,card,failed
1991,1991,2877.92,2026-06-22T19:21:28,paypal,refunded
1992,1992,399.63,2026-05-16T21:33:55,card,completed
1993,1993,1082.6,2026-01-22T18:41:54,paypal,completed
1994,1994,28.13,2024-08-05T13:47:30,card,completed
1995,1995,5898.13,2026-02-09T01:55:29,paypal,completed
1996,1996,2881.8,2025-07-22T22:09:43,card,completed
1997,1997,58.86,2026-04-15T06:39:59,transfer,completed
1998,1998,1835.3,2026-02-17T10:26:34,card,pending
1999,1999,4062.88,2024-05-31T08:19:44,bizum,completed
2000,2000,1320.01,2026-03-28T03:09:55,card,pending
2001,2001,41.81,2026-03-14T11:23:11,card,refunded
2002,2002,1943.88,2025-07-03T08:44:22,paypal,completed
2003,2003,744.38,2025-08-02T03:04:46,transfer,completed
2004,2004,1344.32,2025-06-26T00:23:21,paypal,refunded
2005,2005,2597.05,2025-08-30T04:58:01,card,completed
2006,2006,56.26,2025-05-22T19:23:03,transfer,completed
2007,2007,35.65,2026-02-01T22:26:17,paypal,completed
2008,2008,1456.68,2026-06-23T15:28:22,card,completed
2009,2009,336.12,2024-04-08T19:13:40,paypal,failed
2010,2010,410.45,2026-04-20T16:20:05,paypal,completed
2011,2011,1197.6,2024-12-30T19:03:38,paypal,completed
2012,2012,3296.41,2025-08-12T04:51:14,paypal,completed
2013,2013,51.44,2024-10-14T18:02:27,transfer,completed
2014,2014,363.28,2025-12-04T12:18:16,transfer,pending
2015,2015,281.59,2025-12-27T19:37:43,paypal,refunded
2016,2016,1987.82,2026-06-16T10:41:15,card,completed
2017,2017,442.25,2025-10-24T22:58:49,paypal,completed
2018,2018,2774.37,2024-09-30T11:05:53,bizum,completed
2019,2019,4478.07,2025-05-29T22:29:29,card,completed
2020,2020,444.02,2024-01-01T22:24:38,paypal,completed
2021,2021,549.56,2024-07-12T03:54:06,paypal,completed
2022,2022,926.35,2025-08-06T14:38:19,paypal,completed
2023,2023,571.97,2025-07-01T03:41:22,bizum,completed
2024,2024,3081.29,2025-03-03T19:15:49,card,completed
2025,2025,113.95,2026-02-04T17:44:46,card,completed
2026,2026,5813.47,2026-01-09T08:13:54,card,completed
2027,2027,548.16,2025-01-13T13:37:41,bizum,completed
2028,2028,206.74,2026-03-29T06:37:58,card,refunded
2029,2029,49.16,2025-08-15T23:53:39,bizum,pending
2030,2030,1127.6,2026-01-06T05:05:33,card,completed
2031,2031,2312.19,2025-04-01T13:04:45,card,completed
2032,2032,810.75,2025-02-10T01:27:56,card,completed
2033,2033,28.84,2025-05-24T12:03:32,paypal,failed
2034,2034,4494.55,2026-04-06T07:14:42,card,refunded
2035,2035,2278.44,2024-03-31T09:40:38,card,completed
2036,2036,196.76,2025-07-18T18:02:35,card,completed
2037,2037,1674.76,2025-03-11T14:33:32,bizum,completed
2038,2038,4003.91,2024-11-27T14:09:27,bizum,completed
2039,2039,822.8,2024-09-04T03:55:39,card,completed
2040,2040,426.35,2025-12-12T18:12:16,paypal,completed
2041,2041,4309.32,2024-07-08T01:53:40,paypal,completed
2042,2042,62.04,2025-10-24T00:17:32,paypal,completed
2043,2043,4121.35,2026-06-10T17:41:31,card,refunded
2044,2044,691.14,2025-12-25T15:37:03,card,completed
2045,2045,1243.0,2025-10-20T05:33:07,paypal,completed
2046,2046,2817.64,2026-06-09T04:11:15,card,completed
2047,2047,854.98,2026-01-22T15:37:30,card,completed
2048,2048,564.46,2024-11-23T03:45:08,card,completed
2049,2049,42.25,2025-07-07T21:31:29,transfer,completed
2050,2050,744.38,2024-12-05T14:36:36,transfer,refunded
2051,2051,1443.62,2026-06-30T05:19:23,card,completed
2052,2052,944.15,2025-07-07T03:18:39,paypal,completed
2053,2053,466.45,2025-08-14T19:06:49,card,completed
2054,2054,282.23,2024-04-08T08:04:28,paypal,completed
2055,2055,192.26,2025-05-02T18:33:48,card,completed
2056,2056,1099.47,2026-02-10T04:00:25,card,completed
2057,2057,934.25,2025-02-12T15:13:17,transfer,refunded
2058,2058,951.15,2025-01-11T01:43:53,paypal,completed
2059,2059,526.29,2024-01-02T11:42:37,card,refunded
2060,2060,1271.19,2025-09-10T17:11:13,card,completed
2061,2061,410.45,2026-03-14T06:43:47,bizum,completed
2062,2062,30.98,2026-05-11T11:04:52,card,completed
2063,2063,1312.09,2025-09-04T00:29:50,paypal,completed
2064,2064,859.83,2026-04-12T13:09:27,card,refunded
2065,2065,6.17,2025-12-08T23:40:29,card,completed
2066,2066,2596.02,2024-05-07T21:16:28,paypal,completed
2067,2067,1409.98,2025-10-05T22:55:17,bizum,completed
2068,2068,1952.4,2026-02-21T06:56:00,card,pending
2069,2069,1156.41,2025-01-23T16:13:47,card,completed
2070,2070,1095.38,2024-07-20T12:29:04,transfer,pending
2071,2071,1099.47,2024-06-24T17:15:54,card,completed
2072,2072,693.76,2025-04-05T01:35:42,paypal,completed
2073,2073,204.4,2025-12-18T09:11:39,card,completed
2074,2074,1421.44,2024-02-15T22:55:57,card,completed
2075,2075,580.05,2025-05-16T15:15:19,card,completed
2076,2076,435.88,2025-06-26T00:47:47,paypal,pending
2077,2077,1302.3,2026-06-20T09:58:53,card,refunded
2078,2078,1244.14,2025-01-10T01:39:16,paypal,completed
2079,2079,21.85,2026-05-07T14:28:20,card,completed
2080,2080,930.61,2024-06-28T18:41:43,transfer,completed
2081,2081,157.12,2025-12-25T18:32:32,bizum,completed
2082,2082,526.71,2024-04-25T14:12:30,bizum,completed
2083,2083,3350.8,2024-06-09T07:32:02,paypal,completed
2084,2084,1192.72,2025-10-19T07:55:48,card,refunded
2085,2085,535.02,2024-01-29T18:40:13,card,refunded
2086,2086,2349.94,2025-07-17T19:07:02,paypal,completed
2087,2087,309.99,2025-09-10T09:46:34,paypal,refunded
2088,2088,299.0,2026-05-04T06:13:47,card,completed
2089,2089,387.83,2025-09-08T10:37:32,bizum,completed
2090,2090,1831.34,2025-05-31T10:06:46,card,completed
2091,2091,47.43,2026-03-21T09:03:57,paypal,completed
2092,2092,92.0,2025-03-01T23:36:59,card,failed
2093,2093,3238.3,2025-01-21T22:01:59,paypal,completed
2094,2094,1204.4,2024-08-11T03:01:51,card,completed
2095,2095,275.54,2025-12-05T14:52:02,card,pending
2096,2096,205.61,2026-03-11T02:05:05,bizum,completed
2097,2097,2294.13,2025-04-24T10:10:59,bizum,completed
2098,2098,2313.87,2024-11-18T23:55:55,card,completed
2099,2099,225.78,2026-06-24T13:54:27,card,refunded
2100,2100,473.66,2024-09-20T20:03:24,card,completed
2101,2101,2256.1,2024-04-08T11:48:21,card,completed
2102,2102,451.64,2024-10-21T14:23:54,paypal,completed
2103,2103,841.05,2024-08-08T15:47:52,card,completed
2104,2104,1446.57,2024-03-03T18:03:26,card,completed
2105,2105,657.24,2024-11-27T06:24:43,card,completed
2106,2106,714.7,2026-06-24T06:34:06,transfer,completed
2107,2107,11.79,2025-12-06T06:28:15,card,completed
2108,2108,410.45,2024-07-07T02:31:43,card,pending
2109,2109,2881.49,2025-04-03T15:31:28,paypal,completed
2110,2110,1042.64,2024-09-13T03:38:57,bizum,completed
2111,2111,1852.97,2025-02-25T00:25:45,paypal,completed
2112,2112,30.98,2026-04-13T00:45:15,card,completed
2113,2113,480.64,2025-09-30T01:35:33,paypal,completed
2114,2114,849.62,2024-05-09T05:11:35,bizum,completed
2115,2115,1396.14,2024-03-18T12:19:13,transfer,refunded
2116,2116,314.24,2026-03-16T20:29:34,card,pending
2117,2117,39.59,2026-02-27T05:56:23,paypal,completed
2118,2118,1490.11,2025-03-16T05:37:32,paypal,completed
2119,2119,1849.86,2026-01-23T09:44:16,paypal,completed
2120,2120,35.65,2025-01-27T01:37:16,card,refunded
2121,2121,577.71,2025-05-04T18:37:28,card,completed
2122,2122,432.62,2025-04-30T08:10:01,paypal,completed
2123,2123,688.86,2025-08-13T05:21:56,card,completed
2124,2124,699.14,2025-05-08T14:00:29,card,completed
2125,2125,655.49,2024-02-04T08:10:28,transfer,completed
2126,2126,919.72,2025-04-03T22:25:00,card,completed
2127,2127,1060.95,2025-11-30T03:05:15,paypal,refunded
2128,2128,355.22,2024-03-06T15:36:21,transfer,completed
2129,2129,714.15,2026-04-06T15:28:57,paypal,refunded
2130,2130,314.64,2026-02-10T22:44:48,card,refunded
2131,2131,522.12,2025-08-09T18:10:37,card,refunded
2132,2132,61.96,2026-03-30T09:39:46,paypal,completed
2133,2133,271.61,2026-03-25T23:52:44,bizum,completed
2134,2134,104.14,2025-04-05T14:13:16,transfer,completed
2135,2135,603.58,2025-09-27T02:27:02,paypal,completed
2136,2136,1437.25,2026-03-19T15:33:47,card,refunded
2137,2137,4211.99,2025-11-11T04:38:36,card,refunded
2138,2138,159.8,2025-08-25T14:01:05,paypal,completed
2139,2139,410.45,2026-05-14T17:31:23,card,completed
2140,2140,2101.18,2024-03-11T05:01:56,transfer,completed
2141,2141,993.52,2024-03-18T18:05:56,card,completed
2142,2142,2214.85,2025-12-18T19:31:22,card,pending
2143,2143,502.41,2025-06-13T03:02:39,card,completed
2144,2144,70.72,2026-04-17T21:02:23,card,pending
2145,2145,922.38,2025-12-23T03:10:36,paypal,completed
2146,2146,2123.21,2025-10-07T00:37:28,card,completed
2147,2147,790.92,2024-01-16T04:51:50,paypal,completed
2148,2148,3537.5,2026-06-12T05:04:24,paypal,completed
2149,2149,1728.67,2024-08-27T20:04:46,card,completed
2150,2150,734.92,2024-12-27T08:10:37,card,completed
2151,2151,496.62,2025-03-04T05:12:33,transfer,completed
2152,2152,2002.98,2026-01-01T15:27:47,card,completed
2153,2153,855.96,2025-01-02T03:51:34,paypal,completed
2154,2154,1878.49,2025-11-27T21:37:27,card,completed
2155,2155,545.3,2026-03-12T05:08:37,paypal,completed
2156,2156,748.5,2024-10-01T20:43:23,card,completed
2157,2157,958.57,2024-07-16T05:06:04,card,completed
2158,2158,1330.67,2025-08-16T14:58:59,bizum,completed
2159,2159,563.18,2025-05-23T00:28:51,card,refunded
2160,2160,348.88,2025-01-04T05:40:32,card,completed
2161,2161,893.38,2026-02-20T06:19:11,card,completed
2162,2162,521.23,2025-04-01T14:25:55,bizum,completed
2163,2163,169.45,2026-05-31T16:32:25,card,completed
2164,2164,923.42,2024-03-30T20:49:41,paypal,refunded
2165,2165,1819.03,2025-11-08T15:25:31,card,completed
2166,2166,2537.57,2025-02-17T13:44:47,card,refunded
2167,2167,3230.64,2024-03-24T07:42:49,paypal,refunded
2168,2168,943.84,2025-01-08T14:16:58,card,completed
2169,2169,1759.15,2025-07-20T02:48:39,paypal,completed
2170,2170,146.1,2024-09-21T23:22:13,card,completed
2171,2171,1479.48,2026-01-02T13:31:30,bizum,completed
2172,2172,1175.14,2025-10-04T03:48:03,card,completed
2173,2173,1085.78,2025-10-25T12:12:50,paypal,completed
2174,2174,995.02,2025-01-06T19:43:04,transfer,completed
2175,2175,35.65,2025-10-20T00:23:58,card,completed
2176,2176,374.41,2026-01-07T23:14:34,card,completed
2177,2177,475.41,2026-06-03T20:45:27,card,completed
2178,2178,1925.7,2025-02-26T17:36:53,paypal,pending
2179,2179,25.96,2025-09-02T11:27:12,paypal,completed
2180,2180,306.91,2025-10-12T10:16:55,transfer,completed
2181,2181,3373.34,2024-10-11T14:13:22,card,completed
2182,2182,548.16,2026-01-22T03:32:43,bizum,completed
2183,2183,2187.15,2025-04-17T03:40:38,card,completed
2184,2184,2202.07,2024-08-19T13:54:44,transfer,completed
2185,2185,1349.25,2025-03-10T05:52:11,card,pending
2186,2186,1624.95,2025-05-22T16:51:40,card,refunded
2187,2187,714.19,2026-04-29T22:47:24,card,completed
2188,2188,1353.86,2026-01-31T08:25:52,card,completed
2189,2189,1531.04,2025-11-05T05:51:48,card,completed
2190,2190,47.82,2025-04-20T23:42:59,card,completed
2191,2191,496.62,2025-03-26T04:46:36,card,completed
2192,2192,3132.97,2025-02-12T22:41:59,card,completed
2193,2193,817.95,2024-08-25T14:06:47,card,refunded
2194,2194,71.21,2025-06-07T22:13:24,card,completed
2195,2195,3805.37,2026-03-21T18:06:51,bizum,completed
2196,2196,1941.86,2026-02-25T11:16:12,card,completed
2197,2197,1670.81,2026-01-16T03:25:35,card,completed
2198,2198,861.38,2025-12-11T06:10:45,card,completed
2199,2199,927.87,2025-12-03T10:11:55,paypal,completed
2200,2200,1214.77,2024-07-03T02:35:23,card,completed
2201,2201,3960.08,2024-03-09T17:13:51,card,completed
2202,2202,61.96,2025-10-30T05:06:48,paypal,refunded
2203,2203,684.44,2024-09-19T17:46:37,card,completed
2204,2204,274.08,2026-05-13T14:53:32,card,completed
2205,2205,1649.11,2025-06-17T22:44:31,card,refunded
2206,2206,220.71,2026-01-22T15:02:38,card,completed
2207,2207,1701.5,2026-03-09T01:33:13,card,refunded
2208,2208,1404.21,2025-02-24T08:54:48,card,completed
2209,2209,1604.37,2025-08-28T03:50:01,transfer,completed
2210,2210,1368.79,2024-08-19T14:32:14,card,completed
2211,2211,862.43,2025-02-08T14:08:05,card,completed
2212,2212,174.44,2024-11-12T16:57:43,card,completed
2213,2213,498.07,2024-03-21T19:28:58,card,completed
2214,2214,2124.76,2026-03-06T03:56:41,card,completed
2215,2215,2985.38,2024-12-07T14:37:08,transfer,completed
2216,2216,1188.3,2026-03-11T22:00:15,card,completed
2217,2217,4125.55,2026-06-24T17:20:19,paypal,completed
2218,2218,108.25,2024-10-02T19:50:44,transfer,completed
2219,2219,27.4,2024-11-21T07:46:19,card,completed
2220,2220,1373.27,2025-02-20T13:50:44,paypal,completed
2221,2221,943.84,2026-03-26T15:39:35,paypal,completed
2222,2222,1909.82,2025-10-07T00:50:07,card,completed
2223,2223,10207.32,2026-04-21T06:24:42,card,pending
2224,2224,893.38,2024-11-05T02:31:17,card,completed
2225,2225,3987.36,2024-10-10T16:26:08,card,completed
2226,2226,2193.16,2026-04-22T09:26:46,paypal,completed
2227,2227,271.24,2026-04-29T15:36:08,card,pending
2228,2228,41.81,2025-03-31T10:48:35,paypal,pending
2229,2229,1116.38,2024-12-07T12:43:00,card,completed
2230,2230,2052.49,2024-10-18T05:51:01,transfer,completed
2231,2231,572.96,2025-12-12T20:45:52,card,completed
2232,2232,243.95,2026-03-26T21:44:26,card,completed
2233,2233,299.0,2025-01-24T21:03:43,card,completed
2234,2234,188.28,2025-10-27T11:31:26,bizum,completed
2235,2235,3694.48,2026-05-30T05:22:11,card,pending
2236,2236,204.4,2025-07-26T14:47:45,card,completed
2237,2237,1867.77,2025-12-01T16:24:15,card,completed
2238,2238,1883.84,2025-05-21T21:03:29,card,completed
2239,2239,2403.6,2025-10-24T06:49:56,card,completed
2240,2240,3252.42,2024-05-25T06:02:51,card,completed
2241,2241,2420.15,2025-11-07T06:57:35,card,completed
2242,2242,147.48,2024-08-27T13:14:43,paypal,completed
2243,2243,759.11,2024-11-17T04:32:30,card,completed
2244,2244,922.38,2026-04-15T15:04:30,paypal,pending
2245,2245,496.76,2026-03-12T12:49:25,paypal,completed
2246,2246,2039.57,2026-04-25T12:13:37,card,completed
2247,2247,868.07,2026-01-14T13:35:05,card,completed
2248,2248,231.51,2024-04-06T19:45:41,paypal,completed
2249,2249,4839.11,2024-06-28T15:55:43,card,refunded
2250,2250,482.46,2025-08-31T03:36:45,card,refunded
2251,2251,227.27,2025-08-26T03:46:46,transfer,refunded
2252,2252,543.57,2025-07-21T00:35:53,bizum,completed
2253,2253,23.21,2025-01-24T22:42:46,card,completed
2254,2254,764.72,2026-06-15T18:19:36,transfer,completed
2255,2255,983.84,2026-03-22T10:33:18,card,refunded
2256,2256,1438.96,2024-09-07T08:06:53,card,completed
2257,2257,974.4,2025-06-04T07:07:12,transfer,completed
2258,2258,1440.57,2024-10-31T16:53:30,bizum,pending
2259,2259,996.16,2025-09-30T23:28:43,card,completed
2260,2260,2539.86,2025-02-26T08:09:11,card,completed
2261,2261,147.48,2025-10-29T23:58:54,transfer,completed
2262,2262,263.21,2025-05-22T08:47:41,card,completed
2263,2263,1566.72,2024-02-01T00:57:20,card,completed
2264,2264,942.75,2024-12-27T21:50:36,bizum,completed
2265,2265,444.02,2024-08-31T20:49:57,card,refunded
2266,2266,1259.83,2026-06-08T20:14:01,paypal,completed
2267,2267,1424.48,2025-10-21T14:19:12,card,completed
2268,2268,1644.07,2026-02-05T23:09:57,card,completed
2269,2269,2581.33,2024-12-24T06:19:29,card,refunded
2270,2270,1330.67,2024-08-29T11:34:57,card,completed
2271,2271,1517.47,2026-04-08T03:37:31,card,completed
2272,2272,635.26,2025-04-21T21:00:19,paypal,failed
2273,2273,3771.44,2025-07-27T20:07:50,paypal,completed
2274,2274,287.0,2025-07-03T03:23:44,paypal,completed
2275,2275,1985.63,2025-02-21T21:36:03,paypal,completed
2276,2276,1230.72,2024-01-23T19:47:40,card,completed
2277,2277,563.18,2025-04-01T04:45:11,bizum,completed
2278,2278,1247.44,2024-02-25T13:02:19,card,completed
2279,2279,1231.7,2024-07-29T08:04:25,card,refunded
2280,2280,4510.82,2025-05-07T19:29:38,paypal,refunded
2281,2281,580.11,2025-12-24T13:45:59,card,refunded
2282,2282,755.51,2026-03-22T01:53:02,card,refunded
2283,2283,632.46,2026-03-21T00:50:33,transfer,failed
2284,2284,1353.95,2026-04-28T03:45:55,card,completed
2285,2285,2543.25,2026-06-04T03:53:54,paypal,refunded
2286,2286,1136.17,2025-09-29T06:34:35,transfer,failed
2287,2287,2249.18,2025-10-03T17:59:41,bizum,failed
2288,2288,1141.09,2024-02-27T07:34:19,card,completed
2289,2289,1786.76,2026-01-26T00:47:57,card,refunded
2290,2290,741.08,2025-12-03T17:42:48,paypal,completed
2291,2291,205.61,2026-01-22T15:17:18,card,completed
2292,2292,4836.87,2025-12-30T16:24:57,paypal,completed
2293,2293,7915.43,2025-08-01T06:30:19,card,refunded
2294,2294,1775.22,2025-09-21T22:05:15,paypal,pending
2295,2295,2294.13,2026-02-04T12:28:52,paypal,completed
2296,2296,1027.7,2025-08-20T19:53:48,transfer,completed
2297,2297,21.15,2024-12-24T09:15:57,card,refunded
2298,2298,458.59,2026-04-07T22:04:04,paypal,completed
2299,2299,4069.18,2025-03-17T18:37:55,card,completed
2300,2300,1492.69,2025-07-28T13:17:06,card,refunded
2301,2301,526.29,2026-05-11T05:02:41,card,completed
2302,2302,907.07,2025-05-23T04:36:31,paypal,completed
2303,2303,2658.21,2026-01-07T03:20:54,bizum,completed
2304,2304,2349.94,2024-05-18T23:44:09,paypal,refunded
2305,2305,38.17,2024-07-26T18:03:05,card,completed
2306,2306,1723.73,2025-10-30T07:01:44,paypal,refunded
2307,2307,2793.86,2025-07-22T10:14:02,card,completed
2308,2308,3824.43,2024-08-26T21:23:35,paypal,completed
2309,2309,37.24,2025-12-31T17:45:41,transfer,completed
2310,2310,2836.11,2025-11-20T09:53:28,card,refunded
2311,2311,374.41,2025-11-20T03:54:57,card,completed
2312,2312,2771.39,2024-12-19T12:50:57,card,refunded
2313,2313,1268.79,2025-06-29T23:02:09,card,completed
2314,2314,6349.12,2024-05-15T06:05:21,paypal,completed
2315,2315,846.62,2024-04-19T14:55:14,card,completed
2316,2316,2543.16,2024-09-20T23:29:14,card,completed
2317,2317,846.62,2024-09-01T04:10:27,card,refunded
2318,2318,1697.42,2025-06-26T06:46:08,transfer,completed
2319,2319,1564.71,2026-04-08T02:38:41,card,completed
2320,2320,1764.59,2026-06-12T05:16:50,card,completed
2321,2321,233.3,2025-02-11T00:23:48,card,failed
2322,2322,635.26,2024-04-07T16:56:37,card,completed
2323,2323,1917.64,2024-12-18T02:24:41,card,pending
2324,2324,2244.2,2024-08-10T21:54:39,bizum,completed
2325,2325,1559.3,2025-09-07T03:44:49,card,completed
2326,2326,186.64,2026-04-20T02:43:27,card,completed
2327,2327,1861.84,2026-03-22T15:50:43,card,completed
2328,2328,621.02,2024-11-07T01:48:29,transfer,completed
2329,2329,388.61,2024-01-09T15:20:12,card,completed
2330,2330,2843.37,2025-11-06T21:53:50,paypal,completed
2331,2331,1024.54,2026-03-13T08:36:28,paypal,completed
2332,2332,983.84,2025-03-01T23:26:06,bizum,completed
2333,2333,853.15,2024-09-10T04:46:18,card,completed
2334,2334,714.19,2026-06-29T19:25:22,card,completed
2335,2335,231.51,2025-01-21T00:35:32,paypal,completed
2336,2336,2845.71,2024-02-27T15:06:45,paypal,pending
2337,2337,407.29,2026-01-09T11:32:54,paypal,completed
2338,2338,204.65,2025-03-03T20:15:35,paypal,completed
2339,2339,822.22,2025-04-02T14:19:14,paypal,completed
2340,2340,3031.45,2026-04-16T23:20:29,bizum,completed
2341,2341,482.46,2026-06-20T03:44:26,bizum,refunded
2342,2342,24.51,2024-05-08T01:44:29,card,completed
2343,2343,1099.47,2026-06-05T03:49:40,card,completed
2344,2344,1024.64,2025-10-24T15:51:45,card,completed
2345,2345,564.0,2026-04-07T13:25:49,card,completed
2346,2346,1125.31,2025-09-28T01:54:40,card,pending
2347,2347,770.67,2025-09-29T01:34:06,card,completed
2348,2348,1031.49,2026-04-03T09:36:07,bizum,completed
2349,2349,538.85,2025-02-26T13:49:09,card,pending
2350,2350,410.09,2025-06-23T06:12:06,transfer,completed
2351,2351,27.31,2026-03-15T04:21:55,card,completed
2352,2352,30.86,2025-07-25T21:16:03,paypal,completed
2353,2353,2158.98,2026-01-22T04:27:19,card,refunded
2354,2354,745.1,2024-10-17T08:45:25,card,completed
2355,2355,890.43,2026-03-16T10:12:51,transfer,refunded
2356,2356,319.58,2025-02-08T03:20:32,bizum,completed
2357,2357,1725.76,2024-08-03T12:51:09,card,completed
2358,2358,857.76,2026-01-21T07:29:46,paypal,completed
2359,2359,1834.28,2026-01-03T18:00:28,paypal,completed
2360,2360,861.38,2025-01-22T07:52:09,card,completed
2361,2361,485.17,2025-05-16T03:48:21,card,completed
2362,2362,2686.84,2024-05-25T19:12:39,paypal,refunded
2363,2363,2021.26,2025-02-28T11:24:32,card,completed
2364,2364,1220.62,2026-05-21T05:36:24,card,completed
2365,2365,147.2,2025-02-08T13:14:23,bizum,completed
2366,2366,1438.96,2025-05-17T07:23:30,card,completed
2367,2367,1213.77,2025-07-09T15:24:15,card,refunded
2368,2368,198.31,2025-07-31T21:01:00,transfer,completed
2369,2369,288.14,2024-05-29T03:54:07,card,completed
2370,2370,1289.13,2026-02-08T00:36:14,paypal,completed
2371,2371,2256.04,2025-01-01T17:20:21,card,completed
2372,2372,947.35,2026-04-09T04:18:29,bizum,completed
2373,2373,642.42,2024-08-14T07:43:15,card,completed
2374,2374,1085.78,2025-04-14T18:29:34,card,completed
2375,2375,954.96,2026-01-09T13:27:47,card,refunded
2376,2376,2985.38,2025-03-13T15:23:09,card,completed
2377,2377,1083.59,2024-06-13T06:25:53,transfer,completed
2378,2378,516.39,2024-10-17T22:06:59,card,refunded
2379,2379,3509.35,2024-12-17T15:47:08,card,completed
2380,2380,51.85,2026-06-21T09:03:49,card,completed
2381,2381,806.68,2025-08-02T01:17:57,bizum,completed
2382,2382,204.65,2025-04-09T08:41:35,card,failed
2383,2383,2165.03,2024-08-09T08:14:43,card,completed
2384,2384,345.57,2025-07-04T08:00:21,paypal,completed
2385,2385,220.54,2026-01-06T07:24:43,transfer,completed
2386,2386,11.9,2025-09-21T10:29:07,paypal,refunded
2387,2387,25.96,2024-12-04T06:44:18,card,completed
2388,2388,1132.79,2025-05-20T17:21:29,card,refunded
2389,2389,604.81,2026-05-06T11:28:22,card,refunded
2390,2390,2546.3,2025-01-11T16:34:26,paypal,completed
2391,2391,346.72,2025-06-16T15:34:48,card,completed
2392,2392,941.51,2024-03-06T09:36:21,card,completed
2393,2393,1373.72,2025-10-25T00:21:15,card,refunded
2394,2394,983.84,2026-03-01T17:46:43,bizum,refunded
2395,2395,1085.78,2024-06-02T00:37:59,paypal,completed
2396,2396,3038.64,2025-11-22T10:34:57,card,pending
2397,2397,1221.09,2025-07-17T18:19:08,card,completed
2398,2398,1312.94,2024-12-04T11:05:24,card,pending
2399,2399,2045.9,2026-03-15T17:51:52,card,completed
2400,2400,282.23,2026-02-22T17:42:45,paypal,completed
2401,2401,592.2,2026-06-15T00:29:37,paypal,failed
2402,2402,4212.9,2024-01-10T12:09:03,transfer,completed
2403,2403,364.8,2024-10-16T04:06:19,bizum,refunded
2404,2404,1309.11,2025-02-22T18:54:26,card,completed
2405,2405,475.41,2025-07-28T08:01:09,transfer,refunded
2406,2406,1873.77,2025-05-12T18:07:31,paypal,completed
2407,2407,1624.88,2026-02-24T15:40:55,card,completed
2408,2408,2000.7,2024-10-03T07:03:27,bizum,refunded
2409,2409,316.19,2026-03-21T03:55:46,bizum,completed
2410,2410,3188.73,2026-03-29T22:49:27,transfer,completed
2411,2411,58.4,2025-01-06T09:39:34,card,completed
2412,2412,47.43,2026-02-19T15:11:35,card,completed
2413,2413,4588.26,2025-03-07T01:29:47,bizum,refunded
2414,2414,196.11,2025-09-17T12:29:53,card,completed
2415,2415,1565.26,2026-02-19T12:38:01,paypal,completed
2416,2416,1262.81,2024-04-16T05:21:24,paypal,refunded
2417,2417,2343.98,2024-12-22T05:28:10,paypal,completed
2418,2418,1754.86,2024-07-18T05:55:13,card,completed
2419,2419,116.01,2025-09-16T10:29:42,card,failed
2420,2420,595.48,2024-12-26T10:43:50,transfer,completed
2421,2421,4972.29,2024-02-07T10:18:15,card,completed
2422,2422,31.02,2025-12-10T00:11:07,paypal,completed
2423,2423,930.66,2025-04-27T00:01:24,paypal,completed
2424,2424,424.81,2026-04-12T10:18:48,card,completed
2425,2425,560.23,2026-05-05T03:07:52,card,completed
2426,2426,174.44,2026-05-07T15:43:49,paypal,completed
2427,2427,580.13,2024-12-08T01:10:12,card,refunded
2428,2428,71.21,2024-12-30T12:54:42,card,completed
2429,2429,304.95,2025-07-21T14:03:45,bizum,completed
2430,2430,963.19,2025-07-13T03:34:23,paypal,completed
2431,2431,861.38,2024-11-10T06:18:35,bizum,refunded
2432,2432,280.41,2024-09-14T11:44:28,card,completed
2433,2433,1134.64,2024-09-25T07:15:49,paypal,completed
2434,2434,151.36,2026-06-18T07:15:51,card,completed
2435,2435,4346.62,2025-04-10T20:37:53,card,completed
2436,2436,543.57,2025-12-13T15:54:24,bizum,completed
2437,2437,2013.23,2025-11-17T16:05:20,card,refunded
2438,2438,621.76,2024-12-23T13:01:05,card,completed
2439,2439,2024.57,2026-06-12T15:34:15,transfer,refunded
2440,2440,663.71,2024-01-15T01:00:27,transfer,pending
2441,2441,1433.01,2024-02-01T15:19:30,bizum,failed
2442,2442,284.05,2024-06-25T05:07:06,card,completed
2443,2443,730.27,2025-09-17T13:35:04,card,completed
2444,2444,229.82,2024-08-18T20:35:30,card,completed
2445,2445,564.46,2026-03-05T14:40:14,paypal,completed
2446,2446,1243.56,2025-02-15T01:58:43,card,completed
2447,2447,1879.73,2026-06-27T23:39:41,card,refunded
2448,2448,3094.9,2025-03-04T10:34:46,paypal,completed
2449,2449,1265.45,2025-09-11T02:12:57,paypal,completed
2450,2450,1412.44,2026-05-19T18:35:54,card,refunded
2451,2451,1805.42,2025-02-17T05:14:54,bizum,refunded
2452,2452,2644.47,2024-06-24T18:02:00,card,completed
2453,2453,900.0,2026-02-21T05:38:06,transfer,completed
2454,2454,79.18,2025-08-24T00:14:05,bizum,completed
2455,2455,410.45,2025-05-07T04:10:35,card,completed
2456,2456,1027.7,2024-12-05T21:59:00,card,refunded
2457,2457,188.28,2024-02-17T03:31:36,card,completed
2458,2458,623.37,2025-07-16T00:53:51,transfer,refunded
2459,2459,5926.92,2026-05-02T04:26:06,card,refunded
2460,2460,28.13,2026-01-13T17:36:42,paypal,completed
2461,2461,205.61,2025-05-09T22:18:35,paypal,completed
2462,2462,5168.6,2026-02-04T15:44:29,card,completed
2463,2463,656.09,2026-05-06T05:09:31,bizum,completed
2464,2464,1343.42,2025-05-24T19:54:14,transfer,completed
2465,2465,3298.97,2026-01-10T10:32:18,card,refunded
2466,2466,2299.88,2025-08-12T10:01:08,card,completed
2467,2467,389.57,2025-03-26T03:54:28,card,completed
2468,2468,1424.56,2026-05-05T01:01:06,transfer,pending
2469,2469,450.28,2026-06-15T04:22:25,card,completed
2470,2470,2189.36,2024-03-19T11:01:23,bizum,completed
2471,2471,3523.06,2024-03-29T23:55:39,card,pending
2472,2472,2750.41,2025-09-02T12:54:54,card,completed
2473,2473,267.51,2025-08-15T10:04:54,paypal,completed
2474,2474,135.12,2025-01-17T18:19:16,card,completed
2475,2475,43.99,2025-07-17T14:13:19,transfer,completed
2476,2476,61.08,2026-06-21T05:30:44,card,refunded
2477,2477,632.28,2025-04-21T20:30:12,bizum,completed
2478,2478,2615.84,2026-04-28T05:05:55,transfer,completed
2479,2479,4035.52,2025-07-30T14:20:33,transfer,completed
2480,2480,2663.48,2026-04-13T17:10:33,card,completed
2481,2481,3251.54,2025-01-30T18:27:30,card,refunded
2482,2482,62.04,2025-07-23T11:47:57,card,completed
2483,2483,1358.59,2025-04-12T21:16:50,bizum,failed
2484,2484,923.54,2024-10-03T01:38:08,card,completed
2485,2485,958.05,2025-12-08T03:30:53,card,refunded
2486,2486,1387.14,2024-10-16T11:47:02,bizum,refunded
2487,2487,328.79,2024-03-04T06:20:06,card,completed
2488,2488,930.42,2024-07-02T22:16:43,card,completed
2489,2489,5505.91,2026-06-28T02:39:12,paypal,completed
2490,2490,51.89,2026-02-21T01:04:21,bizum,completed
2491,2491,1608.78,2025-01-04T16:21:58,card,completed
2492,2492,11.9,2026-06-19T20:15:37,bizum,completed
2493,2493,1015.04,2024-05-09T17:52:49,card,refunded
2494,2494,1135.1,2024-07-22T10:24:58,transfer,completed
2495,2495,4168.72,2025-05-07T05:54:05,card,completed
2496,2496,468.85,2024-04-03T21:11:38,card,completed
2497,2497,1861.84,2026-03-04T07:24:38,transfer,completed
2498,2498,264.87,2024-06-12T14:51:20,card,refunded
2499,2499,340.41,2026-03-11T06:44:48,card,pending
2500,2500,240.32,2025-01-16T06:55:21,card,refunded
2501,2501,1853.49,2025-07-19T17:14:53,paypal,completed
2502,2502,780.03,2026-01-20T20:20:29,card,completed
2503,2503,2990.53,2025-09-14T22:46:21,card,completed
2504,2504,560.23,2025-09-03T04:37:51,card,completed
2505,2505,5091.2,2024-01-04T18:09:27,card,failed
2506,2506,1764.91,2025-01-18T12:02:54,paypal,completed
2507,2507,2343.1,2025-10-30T09:09:09,transfer,completed
2508,2508,2877.92,2024-07-12T02:28:26,paypal,completed
2509,2509,231.51,2024-01-03T19:27:27,card,completed
2510,2510,4556.6,2026-02-28T18:51:03,paypal,completed
2511,2511,335.0,2025-02-20T02:03:44,card,completed
2512,2512,1385.29,2025-05-23T04:02:12,bizum,completed
2513,2513,758.48,2024-04-30T09:34:38,paypal,completed
2514,2514,829.24,2025-12-14T09:29:54,card,refunded
2515,2515,205.61,2024-02-11T02:09:44,card,completed
2516,2516,76.34,2025-01-27T12:00:02,paypal,completed
2517,2517,61.08,2025-08-03T20:31:45,paypal,completed
2518,2518,1057.63,2025-12-31T15:09:17,card,completed
2519,2519,554.43,2024-12-31T04:42:49,card,completed
2520,2520,456.76,2026-05-04T01:17:46,paypal,completed
2521,2521,1238.14,2024-09-21T12:45:08,card,refunded
2522,2522,1764.77,2024-10-16T11:02:49,card,completed
2523,2523,39.81,2026-02-01T07:08:32,card,completed
2524,2524,1749.71,2026-04-22T00:39:31,card,completed
2525,2525,1697.42,2024-06-13T13:44:04,card,completed
2526,2526,1336.81,2025-12-23T15:32:25,paypal,completed
2527,2527,1794.59,2025-02-15T04:17:45,card,completed
2528,2528,41.81,2025-02-11T15:53:36,paypal,completed
2529,2529,351.25,2026-05-03T21:25:51,paypal,refunded
2530,2530,344.43,2026-06-08T15:02:21,card,completed
2531,2531,206.74,2025-10-26T00:32:32,bizum,completed
2532,2532,2010.11,2024-12-02T04:36:48,transfer,completed
2533,2533,964.92,2024-11-10T01:35:30,paypal,refunded
2534,2534,2052.49,2024-12-21T08:53:33,paypal,completed
2535,2535,1465.4,2026-02-13T17:25:44,card,refunded
2536,2536,1103.53,2025-08-22T02:47:46,bizum,refunded
2537,2537,2056.64,2025-07-09T19:47:36,transfer,refunded
2538,2538,1259.83,2024-02-24T12:59:47,paypal,completed
2539,2539,598.27,2025-09-10T13:21:34,card,completed
2540,2540,1116.38,2026-05-08T19:10:54,paypal,completed
2541,2541,2832.4,2024-03-18T18:19:47,card,refunded
2542,2542,155.85,2026-01-02T12:37:14,card,completed
2543,2543,2357.66,2024-04-20T17:42:08,paypal,completed
2544,2544,1561.99,2024-04-30T04:59:34,bizum,completed
2545,2545,1528.41,2024-03-24T20:07:58,card,refunded
2546,2546,2848.73,2025-07-04T13:33:29,card,completed
2547,2547,861.83,2024-06-23T16:01:48,card,completed
2548,2548,27.92,2024-09-16T01:13:44,bizum,completed
2549,2549,269.1,2025-02-13T10:56:15,paypal,completed
2550,2550,331.2,2024-09-28T22:12:00,paypal,completed
2551,2551,117.64,2024-12-28T13:55:46,card,failed
2552,2552,2193.72,2025-12-15T01:37:01,card,completed
2553,2553,1288.5,2025-09-06T15:41:43,card,completed
2554,2554,240.32,2025-07-10T01:08:23,card,completed
2555,2555,81.92,2024-09-30T22:09:48,paypal,completed
2556,2556,392.79,2025-11-07T00:59:44,card,completed
2557,2557,1246.74,2026-04-24T22:37:45,card,completed
2558,2558,1631.28,2024-11-30T02:04:46,paypal,refunded
2559,2559,563.18,2025-09-18T14:07:50,card,completed
2560,2560,475.41,2024-02-14T20:50:52,card,refunded
2561,2561,569.79,2025-09-06T13:52:56,card,refunded
2562,2562,38.17,2024-08-24T08:40:24,paypal,completed
2563,2563,530.23,2025-05-30T00:33:10,card,pending
2564,2564,910.37,2026-02-26T09:59:25,card,completed
2565,2565,2892.28,2024-06-10T12:17:21,paypal,completed
2566,2566,228.3,2025-06-20T09:59:09,paypal,refunded
2567,2567,775.66,2026-06-09T09:07:15,card,completed
2568,2568,255.5,2026-05-19T11:41:12,card,completed
2569,2569,630.35,2025-10-15T16:50:50,bizum,completed
2570,2570,1538.72,2026-04-01T16:58:57,card,refunded
2571,2571,36.26,2025-12-31T13:03:38,paypal,refunded
2572,2572,188.28,2025-02-21T20:15:55,bizum,completed
2573,2573,1369.72,2026-03-19T02:53:46,card,completed
2574,2574,784.32,2025-12-11T02:19:54,card,completed
2575,2575,27.31,2024-07-06T09:23:37,card,refunded
2576,2576,1408.4,2025-06-09T18:01:11,card,completed
2577,2577,4699.88,2026-06-06T05:20:54,card,completed
2578,2578,2949.81,2024-03-08T04:10:00,card,failed
2579,2579,749.39,2024-04-06T18:26:56,paypal,completed
2580,2580,6338.29,2025-02-02T20:08:56,bizum,completed
2581,2581,2612.52,2024-03-09T09:22:23,card,refunded
2582,2582,2837.7,2026-03-18T01:37:43,paypal,completed
2583,2583,1745.17,2025-01-03T18:27:25,card,completed
2584,2584,27.31,2026-03-03T08:37:41,card,completed
2585,2585,496.76,2025-01-12T15:08:41,card,completed
2586,2586,47.43,2025-03-14T10:18:24,paypal,completed
2587,2587,171.09,2024-05-20T13:07:03,bizum,pending
2588,2588,4134.17,2025-03-12T17:08:13,transfer,completed
2589,2589,2588.64,2026-06-06T13:24:34,card,completed
2590,2590,211.47,2025-12-10T05:27:49,card,completed
2591,2591,49.63,2024-08-07T11:23:59,card,completed
2592,2592,374.75,2025-12-17T21:10:16,card,completed
2593,2593,632.72,2026-03-27T21:12:53,card,refunded
2594,2594,366.56,2025-04-22T05:27:50,card,completed
2595,2595,281.59,2024-05-31T02:48:53,card,completed
2596,2596,274.08,2024-10-19T22:56:57,card,completed
2597,2597,1677.7,2025-09-18T04:24:51,card,refunded
2598,2598,1644.32,2024-11-16T19:05:40,paypal,completed
2599,2599,1099.47,2026-06-09T07:06:02,paypal,completed
2600,2600,616.0,2026-03-30T08:53:05,bizum,completed
2601,2601,983.84,2025-11-08T16:35:45,card,completed
2602,2602,1098.21,2025-01-23T08:46:34,card,completed
2603,2603,723.28,2026-06-24T14:55:29,card,completed
2604,2604,723.28,2025-12-18T18:24:35,card,completed
2605,2605,549.56,2026-02-16T22:02:07,paypal,refunded
2606,2606,392.22,2025-10-08T20:43:44,card,completed
2607,2607,42.69,2024-08-25T14:50:27,paypal,refunded
2608,2608,496.76,2026-01-20T09:28:35,paypal,completed
2609,2609,333.69,2024-10-04T02:58:03,paypal,refunded
2610,2610,957.56,2024-11-14T18:23:14,paypal,completed
2611,2611,1522.37,2025-12-21T07:12:45,paypal,refunded
2612,2612,4839.38,2024-12-29T16:31:55,card,completed
2613,2613,2322.79,2024-05-14T09:35:21,paypal,failed
2614,2614,657.9,2025-11-23T17:06:25,card,completed
2615,2615,598.21,2025-04-27T15:42:27,card,completed
2616,2616,1923.92,2024-11-03T04:49:11,card,pending
2617,2617,1949.87,2026-05-29T15:22:39,card,refunded
2618,2618,496.62,2025-03-05T14:38:52,card,completed
2619,2619,690.85,2026-01-10T04:20:01,transfer,completed
2620,2620,367.73,2026-02-27T12:15:24,card,completed
2621,2621,689.34,2026-02-02T02:41:06,card,refunded
2622,2622,2371.13,2026-06-21T16:22:30,card,completed
2623,2623,769.79,2025-07-23T04:54:03,transfer,pending
2624,2624,3441.1,2025-12-24T21:27:54,card,completed
2625,2625,2795.09,2024-10-29T00:17:00,card,completed
2626,2626,1143.45,2025-11-15T13:48:45,card,completed
2627,2627,1840.49,2024-08-06T18:31:12,paypal,completed
2628,2628,900.0,2025-10-10T17:57:36,paypal,completed
2629,2629,2225.94,2026-05-17T19:07:18,paypal,completed
2630,2630,633.64,2024-11-10T11:45:10,paypal,refunded
2631,2631,970.93,2024-06-11T06:29:45,card,completed
2632,2632,61.96,2025-11-02T07:40:14,card,completed
2633,2633,962.55,2026-05-19T22:24:31,bizum,refunded
2634,2634,570.55,2024-10-10T06:01:44,card,refunded
2635,2635,856.17,2025-04-16T15:58:49,card,completed
2636,2636,3723.68,2025-10-31T09:26:43,paypal,pending
2637,2637,271.62,2026-06-30T08:26:06,paypal,pending
2638,2638,3007.91,2025-10-07T20:06:13,card,completed
2639,2639,1175.14,2026-05-01T21:47:12,card,completed
2640,2640,588.67,2025-06-26T07:06:16,card,completed
2641,2641,30.98,2024-03-12T07:23:46,paypal,refunded
2642,2642,3118.6,2026-01-31T20:47:43,card,refunded
2643,2643,282.23,2025-11-24T16:11:44,card,completed
2644,2644,303.31,2025-11-10T03:59:27,paypal,completed
2645,2645,2691.29,2024-04-16T09:34:39,bizum,completed
2646,2646,714.04,2026-01-24T04:14:24,transfer,refunded
2647,2647,548.76,2026-01-26T02:52:43,transfer,refunded
2648,2648,2627.2,2025-02-24T02:42:25,card,completed
2649,2649,471.04,2025-12-11T10:03:10,bizum,pending
2650,2650,69.4,2024-02-21T18:40:19,paypal,refunded
2651,2651,903.28,2024-03-11T01:23:47,transfer,pending
2652,2652,331.2,2025-09-04T18:58:47,card,completed
2653,2653,11.79,2026-02-22T22:47:41,card,completed
2654,2654,1805.99,2026-05-01T08:57:12,card,refunded
2655,2655,774.61,2026-04-28T08:01:03,transfer,completed
2656,2656,950.82,2026-03-05T17:38:25,card,completed
2657,2657,4112.65,2025-12-10T04:47:54,transfer,completed
2658,2658,1603.82,2025-10-31T18:47:53,card,completed
2659,2659,41.81,2025-11-03T17:51:55,card,completed
2660,2660,827.79,2025-09-23T06:29:05,paypal,completed
2661,2661,1325.55,2026-01-09T22:19:56,paypal,refunded
2662,2662,98.24,2024-12-08T23:13:06,card,completed
2663,2663,689.1,2026-01-16T19:18:48,transfer,completed
2664,2664,1441.18,2025-09-29T10:38:08,transfer,completed
2665,2665,4400.79,2025-06-16T22:56:18,card,refunded
2666,2666,508.41,2024-10-20T13:00:09,transfer,completed
2667,2667,115.71,2024-08-04T07:58:15,card,completed
2668,2668,147.48,2025-10-15T11:50:50,paypal,completed
2669,2669,883.81,2024-11-04T06:24:54,card,completed
2670,2670,2088.8,2026-05-22T04:08:01,card,completed
2671,2671,240.32,2025-01-23T04:39:44,card,completed
2672,2672,1930.5,2026-04-14T08:33:03,card,completed
2673,2673,531.52,2024-12-10T09:45:17,card,completed
2674,2674,834.23,2024-12-02T20:28:16,card,refunded
2675,2675,2793.47,2024-02-11T14:58:20,card,completed
2676,2676,1693.86,2025-11-26T16:05:27,card,completed
2677,2677,55.88,2026-04-30T01:59:20,card,completed
2678,2678,5531.42,2025-12-24T07:58:17,card,refunded
2679,2679,1809.21,2025-05-21T01:39:40,card,completed
2680,2680,743.87,2024-04-08T20:50:39,card,completed
2681,2681,281.52,2025-09-07T22:45:57,card,completed
2682,2682,1007.1,2026-04-20T22:14:12,bizum,completed
2683,2683,2792.71,2026-05-18T00:43:30,card,completed
2684,2684,2259.97,2026-01-25T12:08:04,card,completed
2685,2685,744.38,2025-08-21T01:47:30,card,completed
2686,2686,214.58,2024-10-07T13:11:00,card,refunded
2687,2687,528.68,2025-02-27T19:30:15,card,completed
2688,2688,687.76,2024-05-08T10:33:55,paypal,completed
2689,2689,1108.86,2026-06-30T13:36:45,paypal,completed
2690,2690,635.1,2026-02-18T09:03:18,card,completed
2691,2691,1535.19,2026-03-02T00:43:45,card,refunded
2692,2692,301.79,2024-10-13T17:39:16,card,refunded
2693,2693,1203.99,2026-05-06T10:18:25,card,completed
2694,2694,16.66,2025-01-21T09:00:15,card,completed
2695,2695,635.26,2026-05-24T04:30:06,transfer,completed
2696,2696,1111.9,2024-06-05T09:49:49,paypal,completed
2697,2697,456.76,2025-11-17T15:07:24,transfer,completed
2698,2698,1625.77,2025-12-27T19:43:21,card,completed
2699,2699,553.31,2026-06-19T14:14:25,card,completed
2700,2700,2410.16,2025-02-26T11:47:11,card,refunded
2701,2701,3571.95,2025-11-01T11:00:03,transfer,completed
2702,2702,600.9,2026-01-15T07:22:43,card,refunded
2703,2703,411.65,2026-05-19T17:09:47,card,completed
2704,2704,271.66,2024-09-03T08:05:31,card,refunded
2705,2705,597.08,2024-03-16T10:21:19,card,completed
2706,2706,3430.3,2025-09-13T00:37:36,paypal,completed
2707,2707,861.38,2025-02-12T19:54:01,card,completed
2708,2708,1007.59,2025-05-19T00:54:22,paypal,refunded
2709,2709,2548.64,2024-05-12T17:21:35,paypal,completed
2710,2710,2544.22,2026-01-21T11:18:32,paypal,refunded
2711,2711,583.26,2026-04-05T22:56:04,bizum,pending
2712,2712,623.29,2026-03-04T20:25:16,card,refunded
2713,2713,861.38,2025-01-07T17:50:00,card,completed
2714,2714,961.76,2025-10-13T22:26:44,card,refunded
2715,2715,639.35,2026-04-27T20:37:50,card,completed
2716,2716,652.58,2026-02-09T14:59:43,transfer,completed
2717,2717,228.38,2025-05-27T05:29:01,paypal,completed
2718,2718,11.9,2025-06-19T21:47:56,card,completed
2719,2719,23.58,2025-09-23T07:37:03,card,completed
2720,2720,1482.28,2024-11-26T17:47:38,transfer,completed
2721,2721,24.58,2024-09-16T11:23:47,card,completed
2722,2722,174.44,2026-03-15T17:35:07,card,refunded
2723,2723,2294.13,2025-08-18T02:57:53,bizum,completed
2724,2724,281.59,2026-01-23T02:49:18,card,completed
2725,2725,950.82,2024-08-25T00:29:45,paypal,completed
2726,2726,2052.49,2025-09-04T06:03:03,paypal,failed
2727,2727,2879.82,2025-12-15T04:08:18,bizum,completed
2728,2728,2038.02,2025-07-29T15:26:38,card,refunded
2729,2729,1987.96,2024-12-06T22:47:52,bizum,completed
2730,2730,3967.28,2025-02-24T19:55:07,card,completed
2731,2731,1755.56,2025-09-13T00:20:13,card,refunded
2732,2732,603.58,2025-06-10T09:52:14,card,completed
2733,2733,2402.95,2026-05-20T13:31:50,card,completed
2734,2734,1624.88,2026-03-05T10:33:56,bizum,completed
2735,2735,1861.84,2025-07-07T22:21:18,paypal,completed
2736,2736,434.31,2024-12-20T09:08:50,card,completed
2737,2737,622.59,2026-02-11T04:55:39,card,completed
2738,2738,1403.14,2025-04-27T17:15:11,card,completed
2739,2739,471.92,2026-03-06T05:28:26,card,refunded
2740,2740,1187.6,2024-03-03T00:12:14,card,completed
2741,2741,932.5,2026-03-07T03:25:00,paypal,completed
2742,2742,915.46,2024-05-15T12:03:09,paypal,completed
2743,2743,2086.34,2025-05-15T21:38:36,card,completed
2744,2744,281.59,2025-12-21T20:21:29,card,completed
2745,2745,370.09,2024-07-21T00:30:51,paypal,completed
2746,2746,1415.39,2024-05-27T15:30:58,card,pending
2747,2747,11.9,2025-11-24T11:07:55,transfer,completed
2748,2748,1805.42,2024-06-30T09:16:30,transfer,completed
2749,2749,28.84,2024-07-22T07:22:33,card,completed
2750,2750,779.83,2025-03-04T07:52:49,card,completed
2751,2751,1902.44,2025-10-19T03:43:31,card,pending
2752,2752,744.38,2025-05-26T19:01:01,card,refunded
2753,2753,1337.26,2025-05-11T20:57:32,paypal,completed
2754,2754,1799.34,2026-02-22T17:14:10,card,completed
2755,2755,147.48,2026-03-06T00:05:50,card,refunded
2756,2756,1330.67,2025-10-30T22:23:19,bizum,completed
2757,2757,89.48,2025-02-05T06:00:03,card,completed
2758,2758,27.31,2024-11-03T01:54:00,paypal,completed
2759,2759,3681.44,2026-03-14T17:10:25,paypal,completed
2760,2760,173.17,2025-09-25T04:16:14,card,failed
2761,2761,4699.88,2026-03-18T14:19:03,card,completed
2762,2762,1290.49,2025-01-16T12:55:29,paypal,pending
2763,2763,1212.04,2026-01-27T19:00:17,paypal,completed
2764,2764,1438.96,2025-05-29T22:02:28,card,completed
2765,2765,1203.99,2025-10-27T10:06:43,card,refunded
2766,2766,633.94,2024-07-27T15:55:10,paypal,completed
2767,2767,552.32,2025-12-23T09:07:18,bizum,completed
2768,2768,1520.82,2024-12-21T12:40:36,transfer,completed
2769,2769,970.93,2025-09-01T13:18:51,paypal,completed
2770,2770,2349.94,2024-01-24T15:26:24,bizum,completed
2771,2771,560.23,2024-10-18T06:57:12,card,refunded
2772,2772,873.84,2025-09-30T00:23:18,card,completed
2773,2773,607.38,2025-05-17T07:05:44,card,completed
2774,2774,4015.81,2025-07-19T11:18:03,bizum,refunded
2775,2775,1083.59,2024-05-30T09:14:20,transfer,refunded
2776,2776,493.45,2024-02-01T22:05:31,card,completed
2777,2777,603.5,2024-10-09T23:21:45,card,completed
2778,2778,445.94,2024-04-23T09:12:46,card,completed
2779,2779,346.2,2026-04-19T01:06:28,paypal,completed
2780,2780,493.54,2026-04-15T17:51:04,card,completed
2781,2781,434.31,2024-12-28T23:34:35,bizum,completed
2782,2782,188.28,2025-04-12T01:02:59,card,refunded
2783,2783,1223.12,2025-12-06T04:47:35,paypal,completed
2784,2784,303.31,2025-11-02T16:08:34,card,completed
2785,2785,110.21,2025-11-28T19:48:34,card,completed
2786,2786,1602.32,2025-04-20T00:36:25,card,completed
2787,2787,267.1,2025-08-29T06:09:39,card,completed
2788,2788,496.62,2026-02-22T14:40:44,card,completed
2789,2789,4588.26,2025-03-02T02:21:53,paypal,completed
2790,2790,78.2,2024-01-24T09:42:28,paypal,completed
2791,2791,240.32,2025-08-02T10:01:53,card,completed
2792,2792,2497.76,2026-06-14T06:17:51,paypal,completed
2793,2793,584.69,2026-03-18T12:46:04,paypal,completed
2794,2794,2343.62,2025-12-19T03:08:04,card,completed
2795,2795,784.48,2025-07-30T16:51:27,paypal,completed
2796,2796,570.57,2024-07-06T03:08:46,transfer,completed
2797,2797,2038.4,2025-04-21T00:43:55,transfer,pending
2798,2798,2225.94,2025-06-26T00:22:48,card,completed
2799,2799,604.73,2025-01-21T13:38:10,paypal,completed
2800,2800,756.87,2025-07-31T08:58:59,paypal,completed
2801,2801,1412.2,2025-01-31T06:57:26,card,completed
2802,2802,984.03,2024-09-02T13:48:36,card,completed
2803,2803,2760.18,2025-07-05T20:34:20,card,completed
2804,2804,788.24,2024-12-27T06:51:13,card,completed
2805,2805,47.43,2026-03-10T09:26:34,card,refunded
2806,2806,381.47,2025-07-09T03:21:52,card,pending
2807,2807,25.94,2026-02-12T21:04:10,card,completed
2808,2808,755.51,2025-03-17T16:22:19,card,completed
2809,2809,289.35,2025-07-13T05:40:08,card,completed
2810,2810,496.76,2026-03-23T15:47:46,card,refunded
2811,2811,507.01,2025-04-21T10:30:39,transfer,completed
2812,2812,248.54,2024-10-31T18:20:29,card,refunded
2813,2813,1827.39,2025-02-03T18:41:15,paypal,refunded
2814,2814,282.23,2024-09-15T09:29:49,card,completed
2815,2815,54.58,2026-06-17T23:58:08,card,refunded
2816,2816,6638.1,2026-06-16T05:05:25,bizum,completed
2817,2817,432.62,2026-05-12T20:31:34,paypal,completed
2818,2818,92.31,2026-06-29T01:13:56,card,completed
2819,2819,164.51,2026-05-23T03:48:31,paypal,refunded
2820,2820,728.27,2024-04-28T00:17:15,card,completed
2821,2821,690.3,2024-12-11T12:15:28,transfer,refunded
2822,2822,347.14,2025-12-06T13:02:04,card,completed
2823,2823,1428.38,2025-05-18T06:46:40,transfer,pending
2824,2824,1203.99,2026-03-15T22:27:00,card,completed
2825,2825,220.54,2025-12-19T20:58:12,paypal,refunded
2826,2826,2910.09,2025-05-16T08:52:07,bizum,completed
2827,2827,70.72,2024-06-20T12:18:06,card,completed
2828,2828,2735.57,2025-09-10T01:27:39,card,completed
2829,2829,228.3,2026-03-14T15:30:22,paypal,completed
2830,2830,4851.59,2026-02-19T01:02:22,card,completed
2831,2831,444.02,2024-03-06T10:56:37,paypal,completed
2832,2832,2801.8,2025-08-25T05:04:50,paypal,refunded
2833,2833,54.05,2025-01-26T01:57:31,card,refunded
2834,2834,757.88,2026-06-26T12:36:04,paypal,completed
2835,2835,2366.18,2025-08-15T00:01:50,card,refunded
2836,2836,3296.41,2025-02-06T10:58:09,bizum,completed
2837,2837,282.23,2025-07-08T07:24:09,card,completed
2838,2838,903.81,2024-04-08T05:36:43,paypal,refunded
2839,2839,421.03,2025-01-28T13:37:34,card,completed
2840,2840,3399.61,2024-10-12T03:38:15,paypal,completed
2841,2841,171.09,2025-12-22T14:20:48,card,completed
2842,2842,39.72,2026-03-13T16:52:29,card,completed
2843,2843,775.66,2024-07-25T03:29:19,card,completed
2844,2844,899.98,2024-09-25T04:51:41,card,refunded
2845,2845,206.74,2025-01-25T11:54:35,card,completed
2846,2846,1492.69,2025-09-28T15:27:32,card,completed
2847,2847,58.4,2025-07-12T17:46:43,bizum,pending
2848,2848,1143.47,2025-11-08T22:09:20,card,pending
2849,2849,873.71,2024-02-25T08:33:42,paypal,refunded
2850,2850,1661.5,2024-03-12T12:22:24,card,completed
2851,2851,3723.68,2026-03-20T14:29:50,card,refunded
2852,2852,1454.85,2026-03-21T08:22:36,card,completed
2853,2853,228.3,2026-06-02T07:41:26,paypal,completed
2854,2854,861.38,2024-08-11T13:59:00,card,pending
2855,2855,1031.47,2024-11-14T05:29:18,transfer,refunded
2856,2856,3846.58,2025-11-22T17:30:00,bizum,completed
2857,2857,260.38,2025-01-06T05:57:15,card,completed
2858,2858,6113.24,2026-06-27T03:52:30,card,completed
2859,2859,597.08,2026-04-12T03:41:31,card,completed
2860,2860,814.32,2025-08-11T04:41:14,card,completed
2861,2861,622.59,2024-11-22T16:33:17,card,completed
2862,2862,1625.77,2024-03-31T14:37:32,bizum,pending
2863,2863,831.6,2024-12-25T01:59:04,paypal,completed
2864,2864,852.37,2026-02-24T23:05:15,bizum,completed
2865,2865,4104.98,2025-05-26T16:23:37,card,completed
2866,2866,213.63,2025-06-25T17:14:28,card,completed
2867,2867,2584.98,2025-07-04T06:30:40,card,completed
2868,2868,1466.26,2024-04-28T02:54:46,card,completed
2869,2869,1007.86,2025-01-31T21:29:12,paypal,completed
2870,2870,282.23,2026-05-27T22:22:26,transfer,completed
2871,2871,883.21,2025-06-15T10:15:24,card,completed
2872,2872,327.21,2025-09-15T13:21:57,card,refunded
2873,2873,67.7,2024-09-29T21:49:15,card,completed
2874,2874,1304.57,2025-07-11T10:46:56,paypal,refunded
2875,2875,934.65,2024-08-06T10:40:35,paypal,completed
2876,2876,1716.34,2024-03-15T11:49:10,card,completed
2877,2877,58.4,2025-07-20T04:03:58,card,completed
2878,2878,566.2,2025-12-18T14:25:32,transfer,completed
2879,2879,43.99,2025-02-18T03:26:35,paypal,refunded
2880,2880,1330.67,2024-03-21T17:57:57,card,completed
2881,2881,1680.69,2024-08-12T16:40:35,card,refunded
2882,2882,2069.79,2024-06-30T19:03:43,card,completed
2883,2883,67.56,2026-01-03T11:53:26,card,completed
2884,2884,274.08,2025-10-02T05:20:34,card,completed
2885,2885,262.35,2026-02-17T02:52:03,paypal,completed
2886,2886,282.23,2025-05-10T15:23:01,card,refunded
2887,2887,276.16,2026-05-31T09:21:06,card,refunded
2888,2888,720.96,2024-08-26T06:58:39,card,completed
2889,2889,287.0,2025-02-10T22:24:45,card,refunded
2890,2890,268.83,2025-08-23T01:46:40,card,completed
2891,2891,861.38,2025-04-07T15:54:31,card,completed
2892,2892,2166.89,2024-11-23T06:45:41,card,completed
2893,2893,1332.79,2026-06-02T22:00:49,card,refunded
2894,2894,1099.47,2025-09-10T09:55:40,bizum,completed
2895,2895,979.81,2026-05-01T15:05:06,paypal,completed
2896,2896,227.9,2025-12-15T21:48:42,card,refunded
2897,2897,57.79,2025-11-04T08:03:29,card,completed
2898,2898,218.62,2026-06-11T08:02:54,card,completed
2899,2899,161.0,2024-04-20T10:28:46,card,completed
2900,2900,1441.15,2024-08-21T21:40:18,card,refunded
2901,2901,1438.96,2024-02-18T14:09:52,card,completed
2902,2902,60.83,2026-06-11T12:24:02,card,completed
2903,2903,1099.47,2025-06-12T16:10:46,paypal,completed
2904,2904,216.09,2026-01-16T07:40:08,paypal,completed
2905,2905,2975.44,2025-11-22T14:12:06,bizum,completed
2906,2906,1949.87,2024-03-22T20:48:03,card,completed
2907,2907,1203.99,2024-08-18T12:34:19,bizum,completed
2908,2908,1805.42,2024-03-17T13:26:30,card,completed
2909,2909,92.31,2025-04-15T17:01:00,card,pending
2910,2910,814.83,2025-12-05T22:45:02,bizum,completed
2911,2911,173.17,2025-10-12T20:34:01,card,refunded
2912,2912,301.79,2025-07-14T00:51:08,card,refunded
2913,2913,347.14,2024-12-18T17:52:04,card,completed
2914,2914,2350.28,2025-11-05T13:46:41,card,completed
2915,2915,287.93,2026-04-07T07:41:36,bizum,completed
2916,2916,520.41,2024-09-10T06:30:12,card,completed
2917,2917,1073.41,2026-02-25T14:36:15,bizum,completed
2918,2918,641.9,2025-09-25T07:55:41,card,completed
2919,2919,680.82,2026-06-11T13:13:22,card,completed
2920,2920,276.16,2025-12-29T23:03:04,card,refunded
2921,2921,1249.92,2025-12-17T19:30:05,card,completed
2922,2922,430.84,2025-09-28T14:42:28,card,completed
2923,2923,2236.56,2025-06-27T16:21:51,paypal,completed
2924,2924,784.32,2025-12-10T00:07:17,card,completed
2925,2925,4294.91,2025-05-25T16:53:40,transfer,completed
2926,2926,560.82,2024-11-13T21:07:22,transfer,completed
2927,2927,1099.23,2024-12-14T14:56:18,card,completed
2928,2928,36.26,2025-09-20T08:09:45,paypal,completed
2929,2929,173.17,2025-10-17T02:55:52,transfer,completed
2930,2930,1559.3,2025-06-01T11:50:01,paypal,completed
2931,2931,569.79,2024-06-21T17:10:54,card,completed
2932,2932,2466.66,2024-05-24T21:53:39,card,completed
2933,2933,314.58,2025-03-28T07:01:41,paypal,completed
2934,2934,2361.8,2025-09-24T08:42:47,card,completed
2935,2935,1060.99,2025-05-30T07:16:26,card,completed
2936,2936,114.51,2026-03-05T10:40:01,card,refunded
2937,2937,563.18,2025-09-19T16:47:27,card,completed
2938,2938,4224.14,2024-10-20T16:09:10,card,refunded
2939,2939,152.12,2024-06-17T23:21:06,card,completed
2940,2940,64.17,2025-06-28T05:47:55,card,failed
2941,2941,87.87,2026-02-03T00:15:02,card,completed
2942,2942,1329.03,2026-06-14T18:55:26,card,completed
2943,2943,2407.45,2026-02-26T15:11:08,card,completed
2944,2944,3587.6,2024-01-04T22:05:57,transfer,completed
2945,2945,2458.82,2025-06-23T00:51:49,card,completed
2946,2946,83.08,2024-12-02T10:39:59,card,completed
2947,2947,502.41,2026-03-12T14:32:34,card,completed
2948,2948,2696.18,2026-04-15T15:36:15,transfer,completed
2949,2949,287.0,2026-04-28T09:33:26,card,pending
2950,2950,1803.3,2025-06-25T04:04:11,card,completed
2951,2951,2774.39,2025-07-22T12:22:22,paypal,completed
2952,2952,580.13,2025-02-07T09:37:49,card,pending
2953,2953,67.56,2026-05-11T23:22:32,card,completed
2954,2954,733.12,2025-01-16T08:54:37,card,completed
2955,2955,413.48,2024-03-23T16:11:24,card,completed
2956,2956,1072.49,2025-12-09T20:41:19,paypal,completed
2957,2957,496.76,2024-08-25T05:05:52,card,refunded
2958,2958,3092.79,2026-06-01T08:02:49,paypal,completed
2959,2959,636.52,2025-09-23T10:36:10,card,completed
2960,2960,4368.93,2026-01-19T23:04:45,card,completed
2961,2961,1373.98,2025-11-15T10:44:10,card,completed
2962,2962,272.65,2026-01-05T05:20:05,card,completed
2963,2963,180.1,2026-02-09T23:11:01,card,completed
2964,2964,530.51,2024-01-19T11:01:49,paypal,completed
2965,2965,595.15,2026-05-09T13:15:31,bizum,completed
2966,2966,1692.0,2024-06-13T17:21:57,card,refunded
2967,2967,818.31,2025-11-12T23:26:30,card,completed
2968,2968,476.61,2025-09-11T19:03:14,card,completed
2969,2969,2350.28,2025-12-21T06:09:27,transfer,completed
2970,2970,3479.55,2024-10-06T17:37:18,bizum,completed
2971,2971,41.81,2024-08-31T02:21:27,transfer,refunded
2972,2972,333.69,2025-07-10T07:30:57,card,completed
2973,2973,354.9,2025-11-20T04:21:15,bizum,completed
2974,2974,900.0,2026-01-15T20:43:53,card,completed
2975,2975,30.86,2025-06-29T08:18:53,card,completed
2976,2976,510.56,2026-04-22T01:11:44,card,completed
2977,2977,25.96,2025-09-11T18:28:28,transfer,completed
2978,2978,846.62,2024-12-31T19:28:11,paypal,completed
2979,2979,2326.98,2025-01-15T20:37:58,paypal,completed
2980,2980,55.88,2025-07-08T09:19:23,transfer,completed
2981,2981,220.77,2024-07-28T08:55:24,card,completed
2982,2982,3651.62,2024-01-23T16:36:17,paypal,completed
2983,2983,220.54,2026-02-09T20:05:48,card,completed
2984,2984,5585.52,2025-09-07T02:19:05,card,failed
2985,2985,3304.73,2024-10-17T11:01:23,card,refunded
2986,2986,264.87,2024-05-08T21:19:25,bizum,completed
2987,2987,846.69,2025-02-04T19:32:56,bizum,completed
2988,2988,488.33,2025-09-11T23:04:47,card,completed
2989,2989,1220.98,2024-06-16T04:14:17,card,completed
2990,2990,303.31,2024-11-07T03:38:10,card,completed
2991,2991,83.08,2024-04-20T17:44:22,card,completed
2992,2992,380.33,2025-05-01T21:10:46,card,refunded
2993,2993,180.1,2025-08-29T16:06:57,card,completed
2994,2994,473.66,2026-01-20T16:36:42,card,completed
2995,2995,899.67,2026-04-20T09:51:26,paypal,completed
2996,2996,1688.0,2026-06-11T18:28:11,card,completed
2997,2997,99.42,2025-09-21T10:54:34,paypal,pending
2998,2998,597.08,2025-03-28T19:22:35,card,completed
2999,2999,2142.23,2024-11-09T20:26:06,transfer,completed
3000,3000,593.36,2025-11-15T04:03:30,paypal,completed
3001,3001,1268.79,2026-03-11T18:33:07,paypal,refunded
3002,3002,300.98,2024-03-16T05:56:21,card,completed
3003,3003,1492.69,2026-06-22T11:05:29,card,completed
3004,3004,287.93,2024-03-21T19:36:34,bizum,refunded
3005,3005,60.93,2025-09-07T03:57:29,card,refunded
3006,3006,2294.13,2024-09-07T11:11:05,card,completed
3007,3007,140.11,2026-05-11T19:18:40,transfer,completed
3008,3008,3566.97,2026-05-10T22:11:31,card,pending
3009,3009,1175.14,2025-07-19T05:37:43,card,completed
3010,3010,53.11,2025-02-25T14:25:35,card,completed
3011,3011,2636.98,2026-05-20T05:43:15,card,completed
3012,3012,2199.31,2025-03-21T21:40:17,card,refunded
3013,3013,904.12,2025-02-25T09:48:28,card,completed
3014,3014,642.18,2024-09-16T11:03:15,card,completed
3015,3015,1569.74,2026-03-11T12:53:10,paypal,completed
3016,3016,1373.41,2025-06-14T20:30:31,bizum,completed
3017,3017,551.11,2025-01-25T14:42:43,paypal,refunded
3018,3018,844.77,2025-08-31T14:53:00,card,completed
3019,3019,184.62,2025-02-26T05:05:40,paypal,refunded
3020,3020,60.83,2024-01-25T09:59:00,card,completed
3021,3021,248.4,2025-07-07T09:19:05,card,completed
3022,3022,1899.37,2025-04-11T15:33:53,card,completed
3023,3023,818.94,2024-11-18T07:15:42,paypal,completed
3024,3024,846.68,2026-02-15T09:58:28,card,completed
3025,3025,400.66,2025-11-06T11:51:01,bizum,completed
3026,3026,4369.84,2024-10-31T21:35:17,transfer,completed
3027,3027,548.76,2025-06-13T17:43:57,card,completed
3028,3028,1157.86,2025-02-19T13:39:14,paypal,failed
3029,3029,1453.47,2025-10-02T23:17:17,card,completed
3030,3030,456.0,2025-01-09T19:35:03,card,pending
3031,3031,58.4,2024-11-15T10:20:55,card,completed
3032,3032,181.82,2025-10-29T02:41:37,transfer,completed
3033,3033,970.93,2025-04-27T05:31:33,transfer,completed
3034,3034,1814.61,2024-10-19T07:16:53,paypal,completed
3035,3035,1612.26,2025-12-03T15:57:23,card,completed
3036,3036,2702.73,2025-10-18T09:29:32,card,completed
3037,3037,471.79,2024-12-23T00:47:44,card,completed
3038,3038,4127.23,2024-09-23T11:25:51,bizum,completed
3039,3039,65.75,2024-10-29T07:49:15,paypal,completed
3040,3040,193.18,2025-12-11T17:03:04,paypal,pending
3041,3041,496.76,2024-09-15T13:11:14,paypal,completed
3042,3042,242.72,2024-10-23T09:25:51,paypal,completed
3043,3043,532.22,2024-04-30T00:50:32,paypal,completed
3044,3044,559.24,2026-05-14T15:33:31,card,completed
3045,3045,1001.36,2026-05-27T19:14:18,card,completed
3046,3046,322.64,2024-10-01T20:35:49,transfer,completed
3047,3047,386.93,2025-08-28T11:54:29,card,completed
3048,3048,3818.54,2026-02-19T12:09:05,transfer,completed
3049,3049,85.37,2025-04-24T02:45:02,transfer,completed
3050,3050,38.17,2025-12-25T04:05:23,paypal,completed
3051,3051,652.76,2025-08-28T03:11:38,card,completed
3052,3052,619.29,2026-06-21T06:57:00,card,completed
3053,3053,1253.62,2026-04-27T10:04:49,card,completed
3054,3054,1648.21,2025-04-05T23:40:54,transfer,completed
3055,3055,135.12,2025-09-06T23:35:13,transfer,completed
3056,3056,544.08,2026-04-17T15:44:35,card,refunded
3057,3057,3647.35,2025-06-10T00:13:52,card,completed
3058,3058,54.62,2025-02-08T11:44:15,transfer,completed
3059,3059,3808.68,2025-12-28T08:06:54,card,completed
3060,3060,1006.63,2025-04-18T16:39:58,bizum,completed
3061,3061,698.09,2025-07-29T21:00:09,card,refunded
3062,3062,496.62,2026-03-07T05:23:55,bizum,completed
3063,3063,4096.67,2025-12-04T00:57:17,card,completed
3064,3064,541.3,2025-07-25T04:38:08,card,completed
3065,3065,92.0,2025-04-03T11:55:20,card,refunded
3066,3066,4402.43,2024-03-07T07:20:37,transfer,completed
3067,3067,569.79,2026-06-09T08:28:57,card,completed
3068,3068,2143.54,2024-09-05T16:00:24,paypal,completed
3069,3069,604.45,2025-09-15T07:35:39,card,completed
3070,3070,1015.04,2025-09-15T15:58:01,bizum,completed
3071,3071,25.32,2025-08-25T13:51:13,card,completed
3072,3072,788.24,2026-02-17T21:03:19,card,completed
3073,3073,482.46,2024-04-25T07:37:57,card,completed
3074,3074,492.35,2025-05-20T13:02:54,paypal,completed
3075,3075,505.44,2024-11-07T03:18:20,card,completed
3076,3076,1786.76,2026-04-09T18:31:20,card,completed
3077,3077,28.84,2026-02-01T13:50:11,transfer,completed
3078,3078,899.67,2026-03-13T03:38:35,card,completed
3079,3079,172.89,2024-11-27T02:22:39,card,completed
3080,3080,228.38,2025-06-28T23:44:19,card,completed
3081,3081,1256.79,2025-05-03T23:40:53,card,refunded
3082,3082,7029.3,2024-09-29T17:09:42,card,completed
3083,3083,281.59,2026-02-21T11:46:11,transfer,refunded
3084,3084,23.91,2025-05-05T09:03:56,card,completed
3085,3085,897.58,2026-03-01T04:39:30,paypal,completed
3086,3086,5058.29,2025-11-23T17:06:19,card,refunded
3087,3087,466.6,2025-06-02T21:42:25,card,completed
3088,3088,264.96,2026-02-10T13:31:59,bizum,completed
3089,3089,482.46,2024-11-06T06:21:30,card,completed
3090,3090,18.51,2024-12-26T06:36:44,card,completed
3091,3091,215.42,2025-07-01T18:06:55,card,completed
3092,3092,569.79,2026-01-21T13:35:13,transfer,completed
3093,3093,2343.1,2025-08-20T11:41:23,card,completed
3094,3094,873.84,2024-05-01T17:07:49,bizum,completed
3095,3095,4211.35,2025-04-30T14:50:32,card,completed
3096,3096,641.9,2024-12-25T21:47:27,card,completed
3097,3097,1544.48,2025-01-04T00:32:38,card,completed
3098,3098,70.72,2025-10-14T02:24:53,card,refunded
3099,3099,513.52,2025-09-16T16:54:34,card,completed
3100,3100,2359.07,2026-04-05T21:57:51,paypal,completed
3101,3101,2427.99,2025-02-16T09:21:07,paypal,completed
3102,3102,558.17,2026-04-18T13:18:37,card,pending
3103,3103,116.8,2025-12-24T20:47:53,transfer,completed
3104,3104,579.83,2024-08-17T04:43:34,paypal,completed
3105,3105,2267.69,2025-02-03T03:27:04,card,completed
3106,3106,5129.74,2025-06-10T22:23:31,card,completed
3107,3107,705.89,2025-11-09T06:43:19,card,refunded
3108,3108,747.0,2025-12-11T16:49:34,card,completed
3109,3109,1522.84,2025-08-29T09:42:40,paypal,completed
3110,3110,1766.72,2025-03-12T05:17:14,card,completed
3111,3111,973.12,2024-04-24T14:01:06,paypal,completed
3112,3112,385.81,2025-08-01T05:12:17,paypal,completed
3113,3113,196.78,2026-05-27T08:39:32,card,completed
3114,3114,1709.37,2024-11-13T11:44:34,card,completed
3115,3115,1579.6,2024-10-16T12:31:15,paypal,completed
3116,3116,2699.01,2025-11-13T16:27:38,card,completed
3117,3117,508.77,2024-12-09T19:52:29,transfer,completed
3118,3118,1726.58,2025-01-09T23:51:52,card,completed
3119,3119,399.02,2024-09-29T06:47:01,paypal,completed
3120,3120,3524.45,2025-04-26T17:44:38,bizum,completed
3121,3121,426.9,2026-06-04T12:27:55,card,refunded
3122,3122,542.89,2025-09-09T02:17:52,card,completed
3123,3123,240.08,2025-07-01T19:46:53,card,refunded
3124,3124,116.8,2024-04-04T08:16:09,card,completed
3125,3125,314.43,2024-12-27T04:02:46,paypal,completed
3126,3126,5223.93,2025-03-10T04:35:54,card,completed
3127,3127,947.59,2026-05-14T20:08:41,card,completed
3128,3128,1043.15,2026-02-06T14:28:28,paypal,completed
3129,3129,54.58,2025-11-27T08:04:39,card,completed
3130,3130,893.38,2025-10-24T12:53:11,paypal,completed
3131,3131,77.14,2024-11-19T19:19:01,card,completed
3132,3132,116.01,2025-07-12T19:38:27,card,completed
3133,3133,861.38,2025-01-06T13:38:02,card,completed
3134,3134,220.71,2025-03-06T23:06:58,card,pending
3135,3135,2135.67,2024-02-05T19:41:26,transfer,completed
3136,3136,673.52,2025-02-02T14:35:43,card,completed
3137,3137,622.19,2025-10-14T17:21:01,card,refunded
3138,3138,2432.44,2024-02-11T04:57:21,card,completed
3139,3139,35.65,2025-01-03T09:09:02,card,pending
3140,3140,564.46,2025-07-22T11:20:42,paypal,refunded
3141,3141,861.38,2025-06-20T02:25:57,card,completed
3142,3142,1895.52,2025-09-05T17:30:36,card,completed
3143,3143,347.14,2025-05-13T05:48:18,card,completed
3144,3144,496.62,2025-04-07T09:03:00,card,completed
3145,3145,622.59,2026-02-09T05:06:47,card,completed
3146,3146,1367.12,2025-07-24T21:19:58,paypal,completed
3147,3147,496.76,2024-12-15T05:11:05,transfer,completed
3148,3148,1438.96,2026-06-21T04:16:13,card,completed
3149,3149,1979.57,2026-01-04T22:53:04,card,completed
3150,3150,1930.12,2024-09-15T10:52:47,paypal,completed
3151,3151,1154.13,2025-10-20T16:32:34,card,completed
3152,3152,428.44,2025-06-11T09:54:25,card,completed
3153,3153,535.8,2026-05-27T09:18:02,card,completed
3154,3154,1531.15,2025-10-14T21:17:54,paypal,completed
3155,3155,730.27,2024-01-28T17:44:31,card,refunded
3156,3156,203.85,2025-12-08T19:02:09,card,completed
3157,3157,1878.78,2024-05-03T21:57:57,paypal,refunded
3158,3158,57.68,2026-06-08T18:00:19,card,refunded
3159,3159,602.2,2024-12-14T02:03:45,paypal,completed
3160,3160,1559.3,2026-02-24T10:02:38,paypal,completed
3161,3161,584.22,2026-06-17T11:58:20,card,completed
3162,3162,2405.82,2025-08-27T09:08:51,card,completed
3163,3163,2097.37,2025-08-04T17:40:41,card,completed
3164,3164,1361.65,2025-12-08T21:31:14,transfer,refunded
3165,3165,1081.59,2026-04-04T17:45:45,paypal,completed
3166,3166,669.59,2025-08-13T22:05:11,paypal,completed
3167,3167,627.46,2024-11-02T21:54:21,bizum,completed
3168,3168,2422.19,2025-11-04T20:57:28,paypal,completed
3169,3169,913.58,2025-11-12T21:07:17,paypal,refunded
3170,3170,285.92,2026-03-27T14:20:08,paypal,completed
3171,3171,1160.26,2025-07-26T16:01:43,card,completed
3172,3172,1569.79,2026-03-02T14:30:57,bizum,completed
3173,3173,2205.4,2024-08-07T20:38:28,card,completed
3174,3174,1551.32,2024-02-11T03:35:50,card,completed
3175,3175,1615.62,2025-03-24T16:37:30,card,completed
3176,3176,1473.75,2025-05-12T12:49:46,transfer,completed
3177,3177,367.46,2026-06-26T01:44:25,card,completed
3178,3178,1064.54,2024-09-21T09:34:54,card,completed
3179,3179,195.33,2026-06-25T19:55:32,card,refunded
3180,3180,527.38,2025-02-24T14:36:41,transfer,completed
3181,3181,399.21,2026-04-28T03:14:08,card,completed
3182,3182,1278.7,2025-03-20T19:35:47,transfer,completed
3183,3183,65.75,2024-12-04T03:17:33,transfer,completed
3184,3184,262.34,2025-03-16T23:16:57,transfer,refunded
3185,3185,1239.16,2024-11-09T17:40:27,paypal,completed
3186,3186,2870.2,2026-06-29T13:09:37,paypal,refunded
3187,3187,2698.8,2024-05-01T04:03:31,card,completed
3188,3188,846.69,2026-06-19T11:18:21,card,completed
3189,3189,2537.11,2024-12-18T10:47:04,card,completed
3190,3190,900.0,2026-06-13T22:31:04,card,completed
3191,3191,331.2,2026-06-03T03:17:47,card,completed
3192,3192,2207.67,2024-04-23T12:23:05,card,completed
3193,3193,1492.69,2026-03-05T14:01:34,card,completed
3194,3194,301.79,2024-02-20T20:45:25,transfer,completed
3195,3195,3249.97,2025-10-15T01:29:04,paypal,refunded
3196,3196,1374.23,2024-07-22T09:58:05,paypal,completed
3197,3197,30.98,2025-06-27T07:58:21,card,completed
3198,3198,3093.57,2026-01-21T07:51:47,card,completed
3199,3199,978.26,2024-02-01T10:48:21,card,completed
3200,3200,1669.98,2025-04-16T15:58:54,card,completed
3201,3201,109.16,2024-11-18T20:41:00,paypal,refunded
3202,3202,1568.64,2025-05-28T18:52:50,card,completed
3203,3203,476.96,2024-12-13T22:50:15,card,completed
3204,3204,1991.63,2024-01-24T09:31:14,card,completed
3205,3205,1628.2,2026-05-12T13:16:17,card,completed
3206,3206,1264.56,2025-06-12T02:48:17,transfer,completed
3207,3207,3118.6,2024-10-28T08:59:21,transfer,refunded
3208,3208,2294.13,2025-12-19T04:41:17,card,pending
3209,3209,2503.72,2025-11-16T19:29:30,card,refunded
3210,3210,749.11,2024-12-08T12:40:57,bizum,completed
3211,3211,64.3,2026-01-27T08:09:15,transfer,refunded
3212,3212,38.57,2025-11-09T20:54:29,card,completed
3213,3213,101.6,2024-06-15T18:06:00,card,completed
3214,3214,448.79,2024-02-01T20:23:14,card,completed
3215,3215,764.8,2025-08-21T02:05:42,paypal,completed
3216,3216,2811.27,2025-09-05T02:19:19,card,completed
3217,3217,2343.1,2025-11-09T20:44:38,card,completed
3218,3218,262.91,2025-05-23T21:45:46,paypal,completed
3219,3219,83.58,2025-06-23T04:51:19,transfer,completed
3220,3220,129.87,2025-05-15T11:16:49,card,completed
3221,3221,1095.45,2025-10-22T11:05:32,card,refunded
3222,3222,47.43,2025-06-26T18:29:38,transfer,completed
3223,3223,471.79,2025-04-05T19:38:48,card,completed
3224,3224,1983.33,2025-10-02T13:02:49,transfer,completed
3225,3225,242.72,2024-05-25T02:35:07,card,completed
3226,3226,3139.61,2025-11-24T05:52:09,bizum,refunded
3227,3227,802.96,2025-09-25T06:31:46,card,completed
3228,3228,985.38,2025-01-30T18:01:17,card,completed
3229,3229,1276.53,2026-06-03T03:25:41,card,completed
3230,3230,737.82,2025-06-22T14:06:23,transfer,completed
3231,3231,434.1,2025-11-16T05:02:34,card,completed
3232,3232,5411.31,2026-05-10T12:55:51,card,completed
3233,3233,2677.66,2026-06-29T09:10:31,paypal,completed
3234,3234,1692.9,2024-10-09T14:36:55,transfer,completed
3235,3235,448.79,2025-11-21T23:02:49,card,completed
3236,3236,1113.85,2025-11-25T03:25:24,card,completed
3237,3237,2519.66,2025-09-09T00:44:33,card,pending
3238,3238,633.06,2024-03-18T02:09:12,card,completed
3239,3239,602.84,2024-01-01T19:15:52,card,completed
3240,3240,820.9,2025-04-11T14:00:30,card,completed
3241,3241,2230.67,2025-02-26T20:40:59,paypal,completed
3242,3242,751.79,2025-03-31T06:16:35,paypal,refunded
3243,3243,784.32,2026-01-21T22:36:18,paypal,pending
3244,3244,999.95,2024-07-06T19:29:11,card,completed
3245,3245,848.71,2024-02-28T05:37:53,paypal,completed
3246,3246,3128.39,2026-02-15T06:27:44,paypal,completed
3247,3247,1054.57,2024-05-01T22:38:57,transfer,completed
3248,3248,4887.3,2025-05-26T11:20:50,card,completed
3249,3249,498.53,2025-12-22T06:34:07,card,completed
3250,3250,174.44,2024-03-29T03:37:50,paypal,pending
3251,3251,713.33,2025-12-20T05:39:09,card,completed
3252,3252,76.34,2026-04-15T23:58:29,bizum,completed
3253,3253,53.45,2025-01-31T04:14:14,paypal,completed
3254,3254,524.68,2025-11-08T13:18:52,paypal,completed
3255,3255,3628.04,2025-03-07T14:43:10,paypal,completed
3256,3256,301.79,2026-03-02T17:29:30,card,completed
3257,3257,43.99,2025-05-22T23:50:26,card,completed
3258,3258,1211.12,2025-07-19T19:22:00,paypal,completed
3259,3259,635.26,2024-03-25T19:53:35,card,failed
3260,3260,678.48,2025-04-05T16:18:27,paypal,completed
3261,3261,73.05,2025-08-14T14:43:04,transfer,completed
3262,3262,812.23,2025-08-16T00:52:03,card,pending
3263,3263,6157.47,2025-03-04T11:42:21,card,completed
3264,3264,1160.26,2026-04-20T14:09:21,transfer,completed
3265,3265,1118.49,2024-06-25T02:00:24,card,completed
3266,3266,254.01,2025-05-31T03:14:49,card,completed
3267,3267,1170.99,2025-08-29T20:47:58,card,completed
3268,3268,691.53,2026-05-11T01:44:45,paypal,completed
3269,3269,1712.23,2025-08-31T11:01:47,bizum,completed
3270,3270,2275.44,2025-06-18T01:54:32,card,completed
3271,3271,2457.69,2025-10-17T06:29:28,bizum,refunded
3272,3272,2648.23,2025-08-12T01:37:41,card,refunded
3273,3273,495.47,2025-07-04T16:38:50,paypal,completed
3274,3274,1831.46,2026-02-11T02:39:23,card,completed
3275,3275,58.4,2026-04-19T23:19:01,card,completed
3276,3276,1949.87,2025-03-07T04:14:07,transfer,completed
3277,3277,480.64,2024-03-01T08:45:08,card,completed
3278,3278,3896.74,2024-06-13T08:18:53,card,completed
3279,3279,43.99,2025-11-05T05:09:28,card,completed
3280,3280,240.32,2025-10-09T15:23:42,card,completed
3281,3281,2052.49,2026-02-10T07:27:33,card,refunded
3282,3282,4434.41,2025-01-01T15:08:31,bizum,completed
3283,3283,588.67,2026-06-27T06:53:57,paypal,completed
3284,3284,11.9,2024-04-01T22:48:41,card,completed
3285,3285,854.69,2025-09-25T16:21:08,bizum,completed
3286,3286,5222.11,2025-03-08T02:34:03,card,completed
3287,3287,1085.78,2024-01-29T17:47:13,transfer,completed
3288,3288,424.81,2024-04-11T06:05:37,card,completed
3289,3289,463.76,2026-05-31T14:29:53,card,completed
3290,3290,349.71,2024-12-10T20:45:25,card,completed
3291,3291,107.94,2025-06-25T04:20:50,paypal,refunded
3292,3292,2201.18,2024-06-18T18:07:49,paypal,refunded
3293,3293,1867.77,2025-12-05T18:52:04,card,completed
3294,3294,901.53,2024-04-04T04:03:22,card,completed
3295,3295,2239.52,2025-06-06T03:02:38,paypal,refunded
3296,3296,1756.58,2025-08-08T15:52:20,transfer,completed
3297,3297,1151.17,2025-03-24T05:11:51,paypal,pending
3298,3298,2180.26,2025-07-22T18:20:10,card,refunded
3299,3299,925.04,2024-10-11T01:35:35,card,completed
3300,3300,31.02,2025-11-11T09:07:53,paypal,completed
3301,3301,1396.19,2025-10-07T23:27:08,card,completed
3302,3302,204.27,2026-05-05T10:37:27,card,completed
3303,3303,46.08,2025-04-06T22:50:10,card,pending
3304,3304,744.38,2026-05-11T23:57:26,card,completed
3305,3305,897.58,2024-03-03T08:56:54,paypal,completed
3306,3306,2787.52,2025-07-06T05:13:10,paypal,completed
3307,3307,3249.76,2024-07-04T02:22:16,bizum,completed
3308,3308,334.74,2025-10-18T00:38:08,card,refunded
3309,3309,950.82,2024-12-24T11:42:40,card,completed
3310,3310,1568.82,2025-10-29T03:46:44,card,completed
3311,3311,1278.03,2025-01-01T20:29:15,card,completed
3312,3312,734.76,2026-06-25T20:38:31,card,pending
3313,3313,47.22,2024-06-02T20:31:17,card,completed
3314,3314,437.24,2025-09-21T17:20:46,card,pending
3315,3315,116.01,2024-10-21T14:03:20,paypal,completed
3316,3316,994.69,2026-06-13T16:22:19,paypal,refunded
3317,3317,473.66,2026-05-22T17:51:38,paypal,completed
3318,3318,2488.15,2025-04-15T17:26:40,card,completed
3319,3319,57.68,2025-09-29T13:06:43,card,refunded
3320,3320,421.82,2025-02-21T06:20:52,card,completed
3321,3321,2349.94,2025-07-12T00:45:44,paypal,completed
3322,3322,602.2,2025-12-02T16:44:44,card,completed
3323,3323,1949.87,2024-05-29T19:42:55,card,completed
3324,3324,1728.06,2024-10-13T04:33:07,card,completed
3325,3325,41.81,2025-05-14T15:12:32,paypal,completed
3326,3326,1287.71,2024-01-15T16:09:41,paypal,refunded
3327,3327,3219.25,2026-05-15T13:14:12,paypal,refunded
3328,3328,277.84,2025-12-11T14:31:22,card,refunded
3329,3329,2405.01,2025-08-24T19:17:39,paypal,completed
3330,3330,46.08,2025-10-07T06:57:10,paypal,completed
3331,3331,844.77,2025-12-22T22:31:57,card,completed
3332,3332,2267.53,2025-03-28T14:51:44,card,completed
3333,3333,597.08,2026-01-07T14:18:08,card,completed
3334,3334,1203.99,2025-06-18T23:44:50,paypal,completed
3335,3335,1070.86,2024-03-10T22:42:15,card,completed
3336,3336,861.38,2024-12-07T12:17:40,card,completed
3337,3337,1032.78,2024-03-22T13:59:29,card,completed
3338,3338,5681.77,2025-12-31T16:07:42,card,completed
3339,3339,3104.13,2025-03-07T14:03:09,card,completed
3340,3340,30.98,2025-01-09T20:30:41,transfer,completed
3341,3341,2143.12,2025-11-19T07:12:07,card,completed
3342,3342,1669.01,2025-09-15T08:56:44,card,completed
3343,3343,846.62,2024-12-20T22:17:38,paypal,completed
3344,3344,1252.85,2026-03-29T01:17:07,bizum,completed
3345,3345,1310.11,2025-08-01T00:18:56,transfer,refunded
3346,3346,2587.22,2024-05-11T03:16:29,card,completed
3347,3347,4699.88,2025-06-24T05:28:59,card,completed
3348,3348,231.51,2025-12-27T02:24:13,card,completed
3349,3349,1931.17,2025-07-19T16:15:38,card,completed
3350,3350,601.31,2025-10-06T10:32:56,card,completed
3351,3351,3465.86,2025-06-06T05:32:05,card,completed
3352,3352,633.94,2026-01-18T22:30:40,paypal,completed
3353,3353,433.92,2024-08-18T22:53:22,bizum,completed
3354,3354,2701.54,2026-03-23T09:04:48,card,completed
3355,3355,964.85,2024-07-30T16:11:54,paypal,refunded
3356,3356,1579.58,2024-11-25T01:26:01,card,completed
3357,3357,1882.3,2025-12-13T17:21:45,card,completed
3358,3358,1561.94,2025-11-23T13:11:38,paypal,completed
3359,3359,2581.38,2025-04-19T20:49:21,bizum,completed
3360,3360,647.04,2025-08-16T20:38:09,transfer,completed
3361,3361,969.7,2024-05-29T13:28:12,paypal,completed
3362,3362,1329.58,2024-12-20T10:55:35,card,completed
3363,3363,184.0,2026-06-04T07:10:38,card,pending
3364,3364,1410.5,2026-01-10T03:01:28,paypal,completed
3365,3365,787.4,2026-06-01T22:38:28,card,completed
3366,3366,12.34,2025-06-28T09:12:03,paypal,completed
3367,3367,1927.75,2026-05-17T00:51:12,card,completed
3368,3368,755.51,2026-05-02T23:38:38,paypal,completed
3369,3369,588.67,2025-07-23T11:09:51,card,completed
3370,3370,220.54,2024-12-11T01:28:22,paypal,completed
3371,3371,113.95,2024-02-15T02:55:17,paypal,completed
3372,3372,805.51,2026-05-05T22:43:31,card,completed
3373,3373,1565.7,2025-01-01T11:01:16,card,refunded
3374,3374,1708.57,2026-03-13T14:08:27,paypal,completed
3375,3375,451.64,2026-02-09T13:39:30,bizum,completed
3376,3376,456.76,2025-11-28T15:27:21,card,completed
3377,3377,573.4,2025-01-11T04:49:06,card,completed
3378,3378,539.97,2026-04-18T07:01:24,card,completed
3379,3379,1291.3,2025-05-03T16:22:45,bizum,refunded
3380,3380,87.33,2024-11-26T11:36:01,paypal,completed
3381,3381,1286.93,2025-06-26T04:40:46,paypal,completed
3382,3382,302.72,2025-12-06T13:35:40,card,completed
3383,3383,248.61,2024-10-26T08:37:36,card,completed
3384,3384,264.87,2025-09-24T00:29:22,paypal,pending
3385,3385,1455.76,2025-08-28T22:28:51,transfer,completed
3386,3386,632.28,2026-03-21T16:46:33,card,refunded
3387,3387,3262.4,2025-01-20T04:26:27,bizum,completed
3388,3388,299.0,2026-03-07T02:57:17,card,completed
3389,3389,274.78,2025-09-03T00:08:23,card,completed
3390,3390,1559.3,2024-05-07T01:49:13,transfer,completed
3391,3391,275.57,2026-03-11T22:46:19,paypal,completed
3392,3392,2257.17,2025-11-27T07:11:00,transfer,completed
3393,3393,2448.57,2025-02-06T17:05:00,bizum,completed
3394,3394,43.99,2026-05-19T02:13:50,card,completed
3395,3395,861.38,2024-12-01T02:53:47,card,completed
3396,3396,569.79,2024-10-07T09:35:06,paypal,completed
3397,3397,985.87,2026-03-07T04:30:54,paypal,completed
3398,3398,1455.76,2026-06-28T11:42:07,paypal,completed
3399,3399,1481.33,2026-04-21T21:33:55,card,completed
3400,3400,150.62,2025-07-17T23:19:24,transfer,failed
3401,3401,314.24,2025-07-09T12:33:08,bizum,completed
3402,3402,1270.5,2025-03-21T09:09:46,paypal,completed
3403,3403,47.43,2024-11-02T02:17:09,paypal,completed
3404,3404,564.0,2024-06-02T22:34:04,paypal,completed
3405,3405,1214.07,2024-07-25T16:14:09,card,completed
3406,3406,543.57,2025-10-03T11:35:33,bizum,completed
3407,3407,83.62,2025-01-20T02:23:54,paypal,pending
3408,3408,2912.79,2025-03-09T11:37:00,transfer,completed
3409,3409,1999.48,2026-06-12T17:29:33,card,completed
3410,3410,1805.42,2024-10-25T17:48:25,paypal,completed
3411,3411,2804.62,2025-01-07T08:18:19,paypal,completed
3412,3412,985.69,2025-11-12T14:55:04,paypal,completed
3413,3413,714.7,2024-10-30T14:40:53,card,completed
3414,3414,53.11,2024-05-05T05:10:23,card,failed
3415,3415,597.08,2025-12-14T00:53:28,card,completed
3416,3416,2294.78,2025-02-28T23:01:02,card,completed
3417,3417,389.57,2025-09-12T00:30:28,card,completed
3418,3418,415.97,2025-07-05T21:35:17,card,completed
3419,3419,1550.48,2026-05-01T14:14:47,transfer,completed
3420,3420,340.41,2025-07-11T07:12:00,bizum,completed
3421,3421,437.24,2025-01-06T11:03:03,paypal,completed
3422,3422,11.9,2025-10-07T17:42:51,card,completed
3423,3423,489.21,2026-05-31T05:49:08,card,completed
3424,3424,60.83,2024-11-02T12:51:56,paypal,completed
3425,3425,53.11,2026-06-23T17:21:22,card,completed
3426,3426,784.32,2024-03-17T17:59:39,card,completed
3427,3427,216.31,2025-02-01T11:12:51,card,completed
3428,3428,28.84,2024-10-10T22:31:05,card,completed
3429,3429,3033.97,2024-05-20T04:42:44,card,completed
3430,3430,4104.49,2026-03-24T13:35:36,card,completed
3431,3431,1987.51,2026-01-16T02:17:53,transfer,completed
3432,3432,580.05,2025-08-14T08:57:38,paypal,refunded
3433,3433,914.88,2026-02-08T11:22:44,card,completed
3434,3434,113.95,2025-12-26T10:12:49,card,completed
3435,3435,274.08,2026-04-26T12:03:12,card,completed
3436,3436,70.72,2025-04-26T23:02:06,card,pending
3437,3437,526.71,2026-06-19T22:11:13,paypal,pending
3438,3438,407.29,2026-01-27T09:04:09,card,completed
3439,3439,5288.62,2024-04-29T00:42:22,card,completed
3440,3440,340.41,2025-03-13T05:24:05,card,completed
3441,3441,31.02,2025-07-03T19:16:07,card,completed
3442,3442,641.9,2024-09-20T09:41:06,transfer,completed
3443,3443,784.32,2026-05-25T07:02:00,paypal,completed
3444,3444,853.54,2024-12-12T02:08:56,bizum,completed
3445,3445,1102.38,2024-04-21T00:06:40,paypal,completed
3446,3446,242.72,2026-01-16T20:27:26,paypal,completed
3447,3447,58.4,2025-06-16T11:26:18,card,completed
3448,3448,954.61,2024-08-07T21:45:26,paypal,failed
3449,3449,1027.13,2025-08-10T02:12:18,bizum,completed
3450,3450,3959.18,2025-10-10T09:02:15,card,completed
3451,3451,508.01,2025-09-27T00:23:50,card,completed
3452,3452,1225.57,2025-09-05T10:46:50,card,completed
3453,3453,779.85,2026-03-21T15:20:36,transfer,completed
3454,3454,1786.76,2026-02-25T05:22:28,paypal,completed
3455,3455,1434.7,2026-06-13T20:12:59,transfer,completed
3456,3456,157.92,2024-10-25T11:26:08,card,completed
3457,3457,3425.7,2025-07-09T07:12:03,bizum,completed
3458,3458,926.35,2024-10-19T04:40:47,card,completed
3459,3459,623.37,2026-03-02T11:53:19,card,completed
3460,3460,1270.52,2026-04-16T13:25:42,card,refunded
3461,3461,340.41,2025-07-11T13:39:15,card,completed
3462,3462,2054.82,2025-12-01T22:53:49,card,pending
3463,3463,4877.31,2026-03-21T11:47:32,card,pending
3464,3464,1418.06,2024-09-06T11:53:29,paypal,completed
3465,3465,448.18,2026-06-11T20:35:36,transfer,completed
3466,3466,410.99,2025-08-02T04:48:04,paypal,completed
3467,3467,1438.96,2025-06-05T05:31:06,card,pending
3468,3468,3611.97,2024-06-17T05:56:54,card,completed
3469,3469,669.94,2026-06-12T12:18:43,card,pending
3470,3470,346.56,2024-09-14T12:30:32,paypal,completed
3471,3471,971.7,2026-02-18T02:15:46,paypal,completed
3472,3472,2064.72,2024-05-26T14:25:03,paypal,completed
3473,3473,1608.58,2025-06-27T07:32:45,card,completed
3474,3474,846.62,2024-01-04T09:29:37,card,completed
3475,3475,2557.81,2026-03-21T20:18:16,paypal,completed
3476,3476,899.67,2025-10-27T08:12:39,paypal,completed
3477,3477,49.71,2026-06-08T08:28:15,card,completed
3478,3478,1446.19,2025-06-11T11:45:29,card,completed
3479,3479,54.58,2025-02-13T00:42:03,bizum,completed
3480,3480,444.32,2024-06-01T15:06:26,card,completed
3481,3481,956.14,2024-10-07T21:28:09,paypal,completed
3482,3482,1551.32,2026-06-19T17:53:37,card,completed
3483,3483,689.85,2026-01-03T21:10:29,paypal,pending
3484,3484,1339.88,2026-06-17T05:58:39,card,completed
3485,3485,1999.36,2026-01-05T19:31:24,card,completed
3486,3486,631.88,2025-02-20T10:14:45,card,completed
3487,3487,2064.72,2025-07-12T18:36:02,card,completed
3488,3488,1726.7,2024-02-27T07:20:22,card,completed
3489,3489,4037.86,2024-10-11T09:28:43,card,completed
3490,3490,2154.66,2025-05-21T10:23:25,paypal,completed
3491,3491,1764.2,2025-01-20T23:43:01,card,completed
3492,3492,826.05,2025-09-06T04:06:10,card,completed
3493,3493,1562.67,2025-12-24T07:29:06,paypal,refunded
3494,3494,784.32,2025-04-25T20:45:38,paypal,completed
3495,3495,1559.3,2025-12-22T07:48:14,transfer,completed
3496,3496,2227.12,2025-10-02T23:35:12,paypal,refunded
3497,3497,1832.93,2024-12-07T18:36:30,card,completed
3498,3498,4039.61,2025-06-07T06:35:13,transfer,completed
3499,3499,2179.42,2025-07-31T14:08:50,card,completed
3500,3500,1242.47,2025-06-20T06:01:00,paypal,completed
3501,3501,38.57,2026-01-20T10:23:20,card,completed
3502,3502,494.94,2024-05-04T00:00:35,paypal,completed
3503,3503,1381.7,2025-01-20T01:49:17,transfer,refunded
3504,3504,413.48,2024-02-10T16:12:14,card,completed
3505,3505,439.87,2025-06-06T03:32:24,card,completed
3506,3506,1489.86,2026-06-21T06:56:46,bizum,completed
3507,3507,1036.61,2024-05-03T10:11:37,card,completed
3508,3508,521.32,2024-04-10T01:16:26,card,completed
3509,3509,24.58,2025-11-09T16:38:10,bizum,completed
3510,3510,92.0,2025-05-24T01:06:20,paypal,completed
3511,3511,855.0,2024-07-01T04:05:56,card,completed
3512,3512,3008.1,2024-12-24T08:32:56,paypal,completed
3513,3513,1259.83,2025-08-28T21:06:32,card,completed
3514,3514,27.31,2026-02-01T20:30:23,card,completed
3515,3515,2955.44,2025-02-24T05:34:52,card,completed
3516,3516,1463.19,2024-08-22T13:44:29,card,completed
3517,3517,1099.47,2024-07-14T16:57:20,card,completed
3518,3518,1602.37,2026-05-19T01:36:11,card,completed
3519,3519,559.5,2026-06-10T17:26:45,card,completed
3520,3520,964.92,2024-12-22T09:54:06,card,failed
3521,3521,3894.36,2026-05-08T16:18:38,card,completed
3522,3522,260.38,2025-08-28T20:30:21,card,refunded
3523,3523,2376.21,2024-04-18T17:47:12,card,completed
3524,3524,1035.66,2024-06-02T10:25:54,card,completed
3525,3525,1940.67,2026-04-20T13:22:22,paypal,refunded
3526,3526,936.2,2026-06-06T13:35:24,card,completed
3527,3527,49.64,2026-05-18T05:18:16,card,completed
3528,3528,848.71,2025-09-12T14:49:06,transfer,completed
3529,3529,263.21,2025-11-12T17:01:14,card,completed
3530,3530,274.08,2025-04-27T18:00:16,bizum,completed
3531,3531,580.13,2026-04-14T03:08:50,bizum,completed
3532,3532,220.54,2025-11-30T13:03:31,paypal,completed
3533,3533,67.7,2026-02-25T19:37:55,card,completed
3534,3534,1191.05,2025-12-17T22:45:28,paypal,completed
3535,3535,96.25,2024-01-11T19:40:06,transfer,completed
3536,3536,71.21,2025-04-27T07:29:36,paypal,completed
3537,3537,893.38,2024-03-29T04:04:24,card,completed
3538,3538,639.35,2025-08-17T03:46:47,card,completed
3539,3539,1703.3,2025-09-01T09:16:26,card,refunded
3540,3540,449.02,2024-07-24T08:15:24,card,completed
3541,3541,1428.59,2025-03-16T04:15:25,card,refunded
3542,3542,298.08,2024-02-24T13:35:32,card,completed
3543,3543,669.94,2024-10-17T23:55:00,card,completed
3544,3544,775.66,2025-06-12T14:51:17,paypal,failed
3545,3545,287.93,2024-06-08T23:19:07,card,completed
3546,3546,762.12,2024-11-05T06:51:24,card,completed
3547,3547,387.83,2026-02-16T05:15:20,paypal,pending
3548,3548,597.08,2025-10-08T14:47:10,card,completed
3549,3549,198.49,2025-02-21T03:30:59,paypal,completed
3550,3550,1460.32,2025-07-01T10:46:09,card,completed
3551,3551,539.71,2025-07-06T02:35:50,paypal,completed
3552,3552,1829.74,2026-04-15T04:19:51,paypal,completed
3553,3553,1817.32,2025-03-13T00:23:05,paypal,refunded
3554,3554,563.08,2024-05-11T14:07:02,card,completed
3555,3555,196.11,2026-05-10T15:36:07,transfer,completed
3556,3556,3318.5,2025-08-19T01:31:28,card,completed
3557,3557,36.26,2024-10-11T12:47:51,card,completed
3558,3558,2354.34,2026-05-23T17:14:35,paypal,refunded
3559,3559,955.35,2025-01-14T21:22:35,card,completed
3560,3560,3316.65,2024-04-01T13:50:03,card,completed
3561,3561,2245.29,2025-08-16T09:10:50,paypal,completed
3562,3562,775.66,2025-08-08T22:59:05,card,refunded
3563,3563,61.96,2024-07-15T13:49:47,paypal,refunded
3564,3564,2302.95,2025-11-16T01:15:01,paypal,completed
3565,3565,1576.21,2025-01-25T16:25:39,card,failed
3566,3566,24.88,2026-04-20T14:56:59,paypal,completed
3567,3567,1175.14,2024-08-22T04:40:27,card,completed
3568,3568,2577.97,2024-07-03T18:16:47,card,completed
3569,3569,1492.69,2024-11-23T20:34:22,card,completed
3570,3570,272.72,2024-03-26T19:30:10,paypal,completed
3571,3571,2294.13,2025-01-04T18:48:49,paypal,completed
3572,3572,721.61,2024-08-10T05:55:31,bizum,refunded
3573,3573,912.41,2025-02-10T21:53:10,card,completed
3574,3574,623.35,2024-12-22T05:38:09,card,refunded
3575,3575,2030.46,2026-06-07T17:33:15,card,completed
3576,3576,1648.21,2025-12-13T23:48:24,card,completed
3577,3577,598.0,2024-12-10T06:39:03,card,completed
3578,3578,83.62,2024-10-19T17:57:44,bizum,completed
3579,3579,1107.46,2026-01-26T04:13:36,card,completed
3580,3580,899.67,2024-06-05T04:48:21,card,completed
3581,3581,793.2,2026-06-16T13:21:00,paypal,completed
3582,3582,709.46,2026-06-17T13:24:32,card,completed
3583,3583,2054.39,2026-06-16T01:13:15,card,completed
3584,3584,543.57,2026-01-23T15:22:25,bizum,completed
3585,3585,218.62,2026-03-09T13:01:16,card,refunded
3586,3586,2681.14,2025-07-13T18:27:48,paypal,completed
3587,3587,1511.0,2025-08-01T05:53:53,card,completed
3588,3588,592.75,2025-10-22T07:09:17,paypal,completed
3589,3589,559.5,2024-08-22T19:52:34,card,refunded
3590,3590,58.4,2024-03-18T09:34:32,card,completed
3591,3591,2167.18,2025-04-06T21:11:39,card,completed
3592,3592,596.16,2025-03-02T08:27:21,card,completed
3593,3593,37.39,2024-12-10T04:51:00,bizum,completed
3594,3594,623.37,2026-02-02T18:34:32,card,refunded
3595,3595,2782.84,2024-09-04T19:05:55,paypal,completed
3596,3596,1082.45,2025-07-01T11:02:39,bizum,completed
3597,3597,157.92,2025-04-30T08:52:19,card,completed
3598,3598,1158.52,2025-07-07T17:17:07,transfer,pending
3599,3599,879.76,2025-08-07T03:36:22,paypal,completed
3600,3600,386.93,2025-11-21T22:49:46,paypal,completed
3601,3601,1181.09,2025-11-05T04:37:20,transfer,pending
3602,3602,62.04,2024-10-05T02:28:32,card,refunded
3603,3603,1052.58,2025-04-17T02:38:34,card,refunded
3604,3604,271.55,2025-05-21T15:03:19,card,completed
3605,3605,2266.53,2024-06-27T09:33:22,transfer,completed
3606,3606,4478.07,2025-01-02T11:40:06,card,completed
3607,3607,1085.78,2024-06-01T07:00:45,bizum,completed
3608,3608,2070.41,2025-12-20T08:10:54,card,completed
3609,3609,1194.16,2026-01-31T18:33:07,paypal,completed
3610,3610,3634.02,2026-03-06T08:47:12,paypal,completed
3611,3611,2697.66,2025-03-25T02:43:57,bizum,completed
3612,3612,633.94,2025-01-14T02:24:54,card,refunded
3613,3613,1174.32,2024-10-29T05:17:59,card,completed
3614,3614,633.94,2024-05-13T10:13:29,transfer,completed
3615,3615,1143.79,2024-11-10T19:29:21,bizum,completed
3616,3616,794.59,2025-01-17T17:45:35,card,completed
3617,3617,471.92,2024-01-23T20:23:44,paypal,completed
3618,3618,674.97,2025-05-11T03:18:45,card,completed
3619,3619,4887.97,2026-06-18T18:49:23,paypal,completed
3620,3620,240.26,2024-11-09T09:52:33,paypal,completed
3621,3621,900.0,2025-04-08T11:23:52,paypal,completed
3622,3622,2679.72,2024-08-07T12:41:20,card,completed
3623,3623,213.34,2025-07-27T12:11:48,card,completed
3624,3624,1678.88,2026-05-09T09:36:31,paypal,completed
3625,3625,348.88,2026-04-07T22:19:14,paypal,completed
3626,3626,403.57,2024-04-07T13:09:40,bizum,completed
3627,3627,49.71,2024-02-07T16:50:45,card,refunded
3628,3628,3179.59,2024-01-17T06:18:49,card,completed
3629,3629,2664.32,2026-03-29T10:36:42,card,completed
3630,3630,1194.16,2025-10-26T23:03:46,paypal,completed
3631,3631,57.79,2024-07-26T18:05:36,card,failed
3632,3632,663.63,2025-04-16T09:51:26,paypal,completed
3633,3633,3694.48,2025-04-11T05:19:41,card,completed
3634,3634,1104.57,2025-12-03T09:11:40,card,completed
3635,3635,1671.56,2025-04-13T00:07:08,bizum,completed
3636,3636,1843.36,2024-05-26T09:16:38,transfer,refunded
3637,3637,482.46,2025-05-19T10:05:18,card,completed
3638,3638,865.82,2024-08-07T09:40:25,card,completed
3639,3639,235.52,2025-12-14T22:52:07,bizum,pending
3640,3640,622.59,2024-04-20T03:56:06,card,completed
3641,3641,2351.09,2024-12-13T11:24:04,transfer,completed
3642,3642,854.69,2026-01-06T04:28:30,card,completed
3643,3643,494.62,2026-04-28T02:33:31,transfer,completed
3644,3644,1952.98,2024-03-18T09:46:21,paypal,refunded
3645,3645,1330.67,2024-02-26T03:29:28,card,completed
3646,3646,1541.42,2025-11-29T20:37:41,paypal,completed
3647,3647,11.11,2025-01-11T22:43:56,card,completed
3648,3648,1799.34,2025-01-10T15:38:55,card,pending
3649,3649,20.23,2025-01-08T08:01:33,card,refunded
3650,3650,4016.01,2025-06-25T09:42:41,paypal,refunded
3651,3651,496.62,2026-02-12T08:36:20,card,pending
3652,3652,2497.96,2024-01-01T20:09:35,card,completed
3653,3653,1225.19,2025-02-06T13:57:16,card,completed
3654,3654,693.76,2025-10-01T05:50:23,paypal,completed
3655,3655,694.28,2025-02-20T09:49:13,bizum,completed
3656,3656,56.26,2026-01-08T14:47:47,card,completed
3657,3657,2169.84,2024-02-08T16:43:48,card,completed
3658,3658,411.22,2024-05-30T08:01:20,paypal,completed
3659,3659,1063.05,2024-04-08T11:13:54,card,completed
3660,3660,624.59,2024-03-28T14:04:45,paypal,completed
3661,3661,720.96,2024-03-07T08:27:12,card,completed
3662,3662,2219.14,2025-02-14T16:10:13,card,refunded
3663,3663,60.83,2025-08-05T13:59:53,card,completed
3664,3664,2294.13,2025-11-25T09:53:35,card,completed
3665,3665,1852.7,2026-04-14T19:04:33,paypal,completed
3666,3666,78.96,2025-04-16T18:28:46,paypal,refunded
3667,3667,852.62,2024-02-07T13:34:44,card,completed
3668,3668,623.37,2025-01-20T13:45:01,paypal,refunded
3669,3669,1566.81,2024-08-26T14:42:33,card,refunded
3670,3670,37.24,2026-02-07T11:26:24,paypal,completed
3671,3671,92.31,2025-10-08T10:34:59,card,pending
3672,3672,128.36,2024-11-13T21:51:40,card,completed
3673,3673,35.7,2025-11-30T20:30:34,bizum,completed
3674,3674,482.46,2024-07-03T16:27:56,card,completed
3675,3675,227.27,2025-10-12T13:05:23,paypal,completed
3676,3676,595.02,2025-05-14T16:12:49,transfer,refunded
3677,3677,1837.22,2025-11-03T15:55:25,paypal,completed
3678,3678,1570.99,2026-03-09T13:20:50,paypal,completed
3679,3679,2759.37,2026-01-06T07:58:42,card,completed
3680,3680,861.38,2024-10-21T18:49:46,bizum,pending
3681,3681,4588.26,2026-04-26T07:07:32,card,completed
3682,3682,593.61,2024-09-02T08:19:20,transfer,refunded
3683,3683,581.21,2025-09-23T05:46:48,paypal,completed
3684,3684,587.22,2025-09-23T20:07:39,paypal,completed
3685,3685,1009.52,2024-06-17T09:17:22,card,completed
3686,3686,2245.96,2026-03-10T05:09:24,card,completed
3687,3687,1152.87,2024-12-08T14:54:29,card,completed
3688,3688,2792.2,2024-04-17T02:25:52,paypal,completed
3689,3689,2826.02,2025-07-02T20:50:53,paypal,refunded
3690,3690,31.02,2024-10-16T15:24:38,paypal,completed
3691,3691,511.48,2025-01-26T07:06:49,bizum,completed
3692,3692,1643.09,2024-08-09T06:30:26,bizum,completed
3693,3693,1367.01,2025-11-25T16:50:25,card,completed
3694,3694,389.57,2025-08-06T05:33:37,card,completed
3695,3695,263.95,2025-02-06T08:56:37,card,refunded
3696,3696,947.35,2025-10-25T09:54:55,transfer,completed
3697,3697,58.4,2025-07-17T02:04:11,card,completed
3698,3698,1124.57,2024-04-02T17:04:41,card,completed
3699,3699,766.6,2024-08-28T22:10:18,paypal,completed
3700,3700,1489.68,2025-10-19T10:10:05,paypal,completed
3701,3701,367.46,2025-05-06T04:00:01,bizum,refunded
3702,3702,2343.1,2026-01-20T01:32:20,card,pending
3703,3703,1641.99,2025-05-13T04:56:53,bizum,completed
3704,3704,468.34,2025-09-10T16:46:34,card,completed
3705,3705,5229.34,2024-01-26T17:50:19,transfer,refunded
3706,3706,2750.5,2026-01-18T19:42:51,card,completed
3707,3707,4186.19,2025-06-15T23:34:09,transfer,completed
3708,3708,2453.45,2024-04-19T14:45:10,bizum,completed
3709,3709,1259.83,2025-10-30T14:50:35,paypal,completed
3710,3710,564.0,2026-04-05T01:19:33,paypal,completed
3711,3711,1895.57,2026-04-12T10:51:57,bizum,completed
3712,3712,47.43,2024-07-13T13:41:15,card,completed
3713,3713,282.23,2025-09-11T17:44:21,card,completed
3714,3714,2495.78,2024-04-07T15:51:26,transfer,completed
3715,3715,1938.22,2025-12-26T05:05:29,paypal,completed
3716,3716,926.35,2025-01-05T00:35:46,transfer,completed
3717,3717,976.31,2026-06-16T14:32:09,paypal,completed
3718,3718,23.21,2026-06-12T07:27:09,paypal,completed
3719,3719,1099.47,2024-01-31T01:52:10,card,completed
3720,3720,5237.52,2026-01-31T05:17:55,card,completed
3721,3721,433.24,2024-08-02T12:45:47,paypal,completed
3722,3722,57.79,2026-02-28T15:46:44,card,completed
3723,3723,1010.21,2024-10-12T18:39:42,card,completed
3724,3724,1359.63,2024-10-30T17:27:23,bizum,completed
3725,3725,1153.99,2025-09-07T11:17:57,paypal,completed
3726,3726,846.62,2026-03-04T05:18:48,card,completed
3727,3727,518.85,2025-07-01T18:33:02,card,pending
3728,3728,1853.49,2024-02-21T18:58:20,card,completed
3729,3729,2212.34,2025-08-01T16:19:27,bizum,completed
3730,3730,94.86,2025-10-15T12:37:52,paypal,completed
3731,3731,779.85,2024-08-02T18:49:23,card,pending
3732,3732,349.09,2024-08-04T15:57:41,card,completed
3733,3733,2567.21,2024-08-14T18:42:47,bizum,completed
3734,3734,49.24,2026-06-24T20:37:12,paypal,completed
3735,3735,727.74,2025-11-30T13:45:35,card,completed
3736,3736,887.82,2025-08-15T23:07:37,card,refunded
3737,3737,1360.98,2024-12-25T07:08:53,card,completed
3738,3738,524.68,2024-06-09T14:21:34,bizum,completed
3739,3739,435.88,2024-01-10T00:26:27,paypal,pending
3740,3740,1203.99,2025-07-07T15:13:57,card,completed
3741,3741,2349.94,2024-10-26T05:31:16,card,completed
3742,3742,1447.29,2025-02-19T09:17:22,card,completed
3743,3743,482.46,2025-06-03T05:56:56,card,refunded
3744,3744,949.38,2026-03-16T02:24:22,card,refunded
3745,3745,1619.41,2026-04-15T06:01:46,card,pending
3746,3746,972.15,2025-03-04T02:54:41,transfer,completed
3747,3747,227.27,2026-02-24T13:32:54,bizum,completed
3748,3748,1003.08,2026-06-18T19:56:57,card,completed
3749,3749,366.87,2025-12-11T19:10:36,card,pending
3750,3750,28.13,2025-02-22T21:28:23,paypal,completed
3751,3751,749.56,2026-03-26T21:37:17,card,completed
3752,3752,292.46,2024-02-14T17:35:59,card,completed
3753,3753,851.34,2025-02-10T18:09:48,card,completed
3754,3754,730.27,2024-06-10T09:22:49,card,completed
3755,3755,1116.38,2026-01-27T05:23:14,card,completed
3756,3756,613.95,2025-02-08T16:54:22,bizum,pending
3757,3757,899.67,2024-10-30T03:35:23,card,completed
3758,3758,49.16,2025-04-14T14:33:29,card,refunded
3759,3759,2872.62,2026-05-19T12:03:32,card,completed
3760,3760,606.62,2025-08-03T08:49:44,card,completed
3761,3761,744.38,2024-06-20T17:31:08,paypal,pending
3762,3762,489.21,2025-10-25T11:25:50,paypal,completed
3763,3763,659.1,2025-02-27T15:44:05,card,completed
3764,3764,319.6,2025-10-16T01:06:50,bizum,completed
3765,3765,25.94,2025-10-10T08:34:51,paypal,completed
3766,3766,548.76,2026-01-30T14:25:49,transfer,completed
3767,3767,940.11,2025-02-28T08:33:36,card,refunded
3768,3768,1190.38,2025-11-26T06:00:13,card,completed
3769,3769,206.74,2024-05-11T21:36:24,card,refunded
3770,3770,1033.29,2024-07-28T03:01:03,card,completed
3771,3771,1032.9,2025-12-26T00:18:32,card,completed
3772,3772,3690.93,2024-12-16T03:21:39,bizum,pending
3773,3773,399.06,2024-04-02T00:04:33,transfer,completed
3774,3774,38.17,2025-08-05T10:36:37,card,refunded
3775,3775,280.41,2024-04-22T13:00:25,transfer,completed
3776,3776,1684.31,2026-05-03T01:28:19,paypal,completed
3777,3777,2131.24,2026-02-10T12:01:12,card,completed
3778,3778,387.83,2026-06-03T01:26:19,card,completed
3779,3779,983.84,2024-12-29T14:13:51,card,completed
3780,3780,2180.62,2025-08-19T10:36:38,card,completed
3781,3781,45.06,2025-07-10T05:02:48,card,completed
3782,3782,819.74,2024-05-15T22:04:11,card,completed
3783,3783,602.24,2024-09-25T18:44:47,card,pending
3784,3784,1115.31,2026-03-08T10:19:44,card,refunded
3785,3785,1811.71,2026-02-22T05:55:39,card,pending
3786,3786,862.88,2025-04-26T16:28:31,card,completed
3787,3787,1831.34,2024-06-10T23:47:34,card,completed
3788,3788,28.13,2025-02-26T11:15:43,card,completed
3789,3789,11.79,2024-07-15T05:24:53,paypal,completed
3790,3790,4189.95,2025-09-02T21:23:48,card,completed
3791,3791,1774.69,2026-06-15T04:35:29,card,completed
3792,3792,885.46,2025-11-10T12:06:51,transfer,completed
3793,3793,286.7,2025-02-23T17:32:03,card,completed
3794,3794,656.09,2025-08-30T23:27:31,card,refunded
3795,3795,1467.64,2025-08-10T07:38:15,card,completed
3796,3796,3004.6,2025-01-12T05:41:56,paypal,refunded
3797,3797,30.54,2025-04-07T12:33:51,bizum,completed
3798,3798,496.76,2024-01-27T09:10:53,card,completed
3799,3799,1612.83,2024-06-15T23:58:08,card,completed
3800,3800,1217.31,2025-06-26T11:46:52,paypal,refunded
3801,3801,6.17,2024-07-05T11:54:08,card,completed
3802,3802,185.05,2024-04-30T20:37:41,bizum,completed
3803,3803,564.46,2024-07-31T09:07:26,card,pending
3804,3804,389.93,2024-12-03T17:43:38,card,failed
3805,3805,2046.93,2025-01-05T01:31:48,card,completed
3806,3806,242.82,2026-06-20T18:02:07,card,completed
3807,3807,2053.32,2026-05-30T07:21:50,card,completed
3808,3808,1052.58,2026-06-25T00:20:09,paypal,completed
3809,3809,498.99,2024-08-11T22:23:13,card,completed
3810,3810,1357.51,2024-09-04T17:34:41,card,completed
3811,3811,3048.97,2025-09-07T05:22:53,card,completed
3812,3812,647.97,2026-06-22T18:23:08,paypal,completed
3813,3813,116.01,2026-04-29T19:15:02,card,completed
3814,3814,67.7,2024-02-26T01:26:07,card,completed
3815,3815,3201.84,2026-02-19T19:55:12,card,completed
3816,3816,248.61,2025-06-02T10:21:28,card,completed
3817,3817,38.57,2025-03-19T22:49:47,bizum,completed
3818,3818,3325.03,2024-05-30T16:52:37,card,refunded
3819,3819,56.26,2025-03-27T21:30:49,card,completed
3820,3820,1092.78,2025-08-10T23:44:26,bizum,refunded
3821,3821,480.99,2024-11-29T21:06:04,card,completed
3822,3822,424.81,2025-07-01T19:19:25,paypal,completed
3823,3823,35.65,2025-06-27T16:21:24,paypal,completed
3824,3824,1648.21,2026-06-14T01:44:20,card,completed
3825,3825,276.16,2025-08-26T09:57:45,card,completed
3826,3826,248.61,2026-02-01T18:16:05,transfer,completed
3827,3827,663.16,2026-01-02T18:04:55,card,completed
3828,3828,2032.7,2025-08-22T20:06:38,card,completed
3829,3829,2475.18,2025-01-30T14:09:50,card,refunded
3830,3830,1967.68,2024-12-24T11:57:48,card,failed
3831,3831,165.14,2026-05-07T00:31:02,card,completed
3832,3832,1387.35,2026-03-21T08:56:30,card,completed
3833,3833,1171.42,2024-01-05T09:24:01,card,completed
3834,3834,3320.42,2024-10-22T09:21:37,card,completed
3835,3835,922.38,2025-03-07T05:58:03,card,completed
3836,3836,744.38,2024-02-10T19:44:42,card,completed
3837,3837,288.4,2025-05-03T05:39:50,card,completed
3838,3838,1889.74,2024-12-03T09:49:56,card,completed
3839,3839,603.68,2026-02-11T04:25:17,card,completed
3840,3840,614.22,2024-09-17T04:26:43,card,completed
3841,3841,580.13,2025-10-09T03:01:54,card,failed
3842,3842,529.8,2024-06-06T14:07:20,paypal,completed
3843,3843,74.48,2025-07-24T00:39:49,card,refunded
3844,3844,2236.91,2025-06-05T12:27:19,card,completed
3845,3845,3301.42,2025-11-18T07:04:10,bizum,completed
3846,3846,543.57,2026-03-01T12:23:08,card,completed
3847,3847,1099.47,2026-06-26T18:39:23,card,completed
3848,3848,1826.35,2026-04-07T22:36:45,transfer,completed
3849,3849,411.22,2024-12-23T02:26:08,card,pending
3850,3850,4434.76,2025-04-27T23:55:17,bizum,completed
3851,3851,174.44,2025-06-13T11:43:53,card,refunded
3852,3852,1712.34,2026-03-07T01:31:40,transfer,refunded
3853,3853,3216.83,2024-01-01T20:47:14,card,completed
3854,3854,218.62,2026-05-30T13:33:49,bizum,completed
3855,3855,99.42,2025-12-14T00:16:14,paypal,refunded
3856,3856,214.58,2025-11-28T16:52:29,card,completed
3857,3857,239.2,2024-12-20T18:57:04,transfer,completed
3858,3858,444.02,2024-03-19T04:56:35,card,refunded
3859,3859,956.99,2024-08-18T12:24:16,paypal,completed
3860,3860,2561.59,2025-09-26T23:13:54,paypal,completed
3861,3861,488.6,2026-06-18T15:29:49,paypal,completed
3862,3862,448.79,2025-12-02T10:55:48,card,refunded
3863,3863,196.11,2025-11-23T09:24:13,bizum,completed
3864,3864,3008.54,2026-02-11T15:00:05,paypal,completed
3865,3865,51.34,2025-11-03T18:08:31,card,completed
3866,3866,30.98,2025-04-14T00:49:39,card,refunded
3867,3867,299.0,2025-05-10T11:55:59,paypal,completed
3868,3868,104.41,2024-05-28T05:00:12,transfer,pending
3869,3869,806.61,2024-01-20T21:49:43,paypal,refunded
3870,3870,1686.45,2026-06-12T04:07:40,card,refunded
3871,3871,1485.17,2025-05-09T12:09:09,card,refunded
3872,3872,4154.93,2025-02-19T07:43:47,paypal,completed
3873,3873,35.65,2024-07-02T10:04:03,card,completed
3874,3874,455.43,2024-08-30T02:54:01,card,completed
3875,3875,287.0,2025-12-28T19:52:53,paypal,completed
3876,3876,412.43,2026-06-10T03:39:24,card,completed
3877,3877,449.2,2025-08-25T01:28:59,card,completed
3878,3878,1729.78,2025-05-22T12:08:01,card,completed
3879,3879,6.17,2026-04-05T02:30:10,card,completed
3880,3880,228.38,2025-08-31T21:25:10,paypal,completed
3881,3881,70.76,2026-03-29T17:21:58,paypal,completed
3882,3882,1278.82,2025-11-16T13:08:53,paypal,refunded
3883,3883,3255.19,2025-04-09T05:46:55,card,completed
3884,3884,4898.68,2025-08-11T06:07:49,transfer,completed
3885,3885,2035.68,2025-01-30T20:43:01,paypal,completed
3886,3886,2372.64,2025-04-16T07:57:08,bizum,refunded
3887,3887,3543.63,2024-07-31T18:33:25,bizum,completed
3888,3888,2178.48,2026-03-22T19:02:27,card,completed
3889,3889,1259.83,2025-09-25T06:49:42,bizum,refunded
3890,3890,116.01,2024-08-18T08:39:43,card,completed
3891,3891,219.82,2025-11-20T14:08:33,card,completed
3892,3892,1183.71,2025-06-12T04:57:33,card,completed
3893,3893,754.83,2026-01-30T21:03:23,card,pending
3894,3894,344.43,2025-12-09T09:04:00,paypal,completed
3895,3895,2229.45,2024-08-14T09:17:03,bizum,completed
3896,3896,209.51,2025-02-13T21:30:29,card,completed
3897,3897,262.34,2026-05-23T04:40:02,paypal,pending
3898,3898,1551.32,2026-02-06T23:19:53,transfer,completed
3899,3899,1741.12,2024-10-08T04:49:20,card,completed
3900,3900,43.99,2024-05-24T01:41:43,card,completed
3901,3901,1139.16,2026-02-05T07:56:31,transfer,completed
3902,3902,291.34,2024-09-01T23:43:59,paypal,completed
3903,3903,5454.13,2025-04-04T00:30:03,paypal,completed
3904,3904,844.61,2025-07-07T16:16:38,paypal,completed
3905,3905,218.62,2025-05-21T04:29:13,card,refunded
3906,3906,989.52,2025-05-11T14:58:07,card,completed
3907,3907,4955.29,2024-12-22T10:00:53,card,pending
3908,3908,917.18,2024-11-22T07:20:17,card,refunded
3909,3909,1922.9,2024-05-07T14:10:14,transfer,completed
3910,3910,976.31,2025-11-28T08:50:20,paypal,completed
3911,3911,543.57,2024-09-14T01:46:53,card,failed
3912,3912,35.65,2025-11-15T05:46:28,card,completed
3913,3913,542.89,2026-05-15T19:05:18,paypal,completed
3914,3914,110.21,2025-09-14T04:01:12,card,completed
3915,3915,950.82,2025-02-05T10:19:11,card,completed
3916,3916,1197.47,2024-07-14T00:30:04,card,completed
3917,3917,1027.7,2025-11-19T16:32:42,card,completed
3918,3918,900.0,2026-05-08T16:21:36,bizum,completed
3919,3919,531.53,2025-06-28T10:02:05,bizum,refunded
3920,3920,4309.32,2025-05-06T17:29:20,card,completed
3921,3921,328.16,2025-11-01T08:32:06,card,completed
3922,3922,1861.84,2026-03-08T20:05:18,paypal,refunded
3923,3923,1343.82,2025-06-21T05:16:05,card,completed
3924,3924,578.39,2024-04-12T19:00:23,card,pending
3925,3925,11.3,2026-03-23T03:35:54,card,completed
3926,3926,410.45,2025-02-26T11:17:40,card,completed
3927,3927,1756.58,2025-01-03T20:38:58,card,completed
3928,3928,2063.2,2025-03-09T08:53:40,paypal,refunded
3929,3929,2908.02,2025-10-28T22:20:25,card,completed
3930,3930,47.43,2025-06-21T18:05:47,card,pending
3931,3931,1406.19,2025-05-31T00:42:45,paypal,pending
3932,3932,1426.23,2025-06-25T20:09:57,paypal,pending
3933,3933,561.68,2025-09-19T12:25:34,card,completed
3934,3934,5755.06,2024-06-07T06:49:19,paypal,completed
3935,3935,668.95,2025-10-24T15:28:05,paypal,refunded
3936,3936,686.21,2024-08-23T09:54:03,card,completed
3937,3937,1141.09,2024-10-22T21:54:09,bizum,completed
3938,3938,761.96,2024-10-04T13:49:57,card,completed
3939,3939,564.46,2026-02-08T11:49:21,card,completed
3940,3940,632.28,2026-03-16T08:46:50,card,completed
3941,3941,1246.35,2025-05-11T17:57:18,card,completed
3942,3942,5435.58,2025-12-01T02:46:36,card,completed
3943,3943,502.41,2024-02-08T14:57:15,paypal,completed
3944,3944,846.62,2026-02-07T17:00:21,card,refunded
3945,3945,742.98,2024-12-18T02:38:36,bizum,completed
3946,3946,1362.12,2025-01-15T04:56:29,paypal,completed
3947,3947,1080.43,2025-12-07T13:30:11,bizum,completed
3948,3948,1292.26,2026-01-09T00:25:33,card,completed
3949,3949,30.3,2025-08-21T21:25:52,card,completed
3950,3950,264.34,2024-05-11T08:37:05,card,completed
3951,3951,2218.2,2025-08-26T21:47:03,transfer,completed
3952,3952,1053.75,2025-09-25T08:46:55,card,completed
3953,3953,6379.79,2026-05-09T19:41:59,bizum,completed
3954,3954,2339.81,2025-06-22T00:13:53,card,completed
3955,3955,1631.12,2026-01-29T12:02:31,transfer,refunded
3956,3956,1175.62,2024-06-19T08:20:58,card,completed
3957,3957,5650.89,2025-03-14T12:42:18,card,completed
3958,3958,2916.71,2024-12-23T05:58:54,bizum,refunded
3959,3959,466.6,2024-02-21T20:48:54,transfer,completed
3960,3960,503.53,2025-05-07T06:15:53,bizum,completed
3961,3961,188.28,2024-11-02T06:31:53,paypal,completed
3962,3962,1259.83,2026-06-05T10:44:26,bizum,completed
3963,3963,196.4,2025-01-22T16:21:52,paypal,completed
3964,3964,816.36,2026-04-02T04:17:30,transfer,completed
3965,3965,1174.42,2024-07-25T10:54:28,paypal,completed
3966,3966,108.1,2025-04-03T05:47:29,paypal,pending
3967,3967,157.12,2025-11-13T00:16:39,paypal,completed
3968,3968,2959.45,2025-11-18T06:22:30,paypal,completed
3969,3969,597.08,2025-03-25T05:44:08,card,refunded
3970,3970,770.84,2025-04-03T05:35:50,paypal,completed
3971,3971,502.38,2025-05-08T06:03:02,card,completed
3972,3972,6294.18,2026-01-23T20:12:24,paypal,completed
3973,3973,6957.44,2025-11-29T21:32:33,card,completed
3974,3974,762.19,2025-10-06T21:38:12,transfer,refunded
3975,3975,1639.84,2026-06-22T20:39:16,paypal,refunded
3976,3976,432.62,2025-05-31T16:20:59,paypal,refunded
3977,3977,3723.68,2025-12-27T16:12:16,card,completed
3978,3978,88.41,2024-01-09T22:04:26,transfer,completed
3979,3979,2365.31,2025-09-07T14:46:31,card,completed
3980,3980,5044.31,2024-09-15T03:18:50,transfer,completed
3981,3981,940.11,2026-03-05T01:57:30,paypal,completed
3982,3982,489.21,2024-03-18T04:07:12,card,completed
3983,3983,323.39,2025-09-30T23:39:11,bizum,completed
3984,3984,159.8,2025-07-27T04:55:23,card,refunded
3985,3985,1143.79,2024-01-17T06:32:45,card,completed
3986,3986,227.27,2026-04-26T04:36:11,card,completed
3987,3987,105.12,2024-10-28T22:05:47,bizum,completed
3988,3988,162.09,2026-06-18T20:06:28,paypal,completed
3989,3989,2198.94,2025-07-18T03:24:20,bizum,completed
3990,3990,58.4,2024-03-18T04:57:29,card,refunded
3991,3991,2726.62,2024-09-16T07:28:29,card,failed
3992,3992,3500.32,2025-10-23T23:09:54,paypal,completed
3993,3993,1412.3,2025-06-20T16:06:19,card,completed
3994,3994,475.41,2025-07-21T19:54:20,paypal,completed
3995,3995,804.04,2024-04-25T11:43:04,card,completed
3996,3996,522.04,2025-05-22T10:03:36,card,completed
3997,3997,746.85,2025-08-25T00:25:11,card,refunded
3998,3998,548.16,2026-03-01T01:06:17,card,refunded
3999,3999,1088.75,2026-03-25T23:11:38,card,completed
4000,4000,1020.59,2026-05-23T06:55:58,bizum,completed
4001,4001,35.38,2025-12-26T19:37:31,bizum,completed
4002,4002,804.26,2026-05-02T22:58:06,transfer,refunded
4003,4003,3150.01,2024-11-24T05:27:11,card,refunded
4004,4004,344.43,2025-09-11T13:48:02,card,completed
4005,4005,848.71,2026-02-10T10:38:11,paypal,completed
4006,4006,1108.86,2024-06-18T05:23:11,paypal,completed
4007,4007,1590.03,2024-10-16T10:27:21,bizum,completed
4008,4008,220.54,2025-05-05T06:23:52,transfer,refunded
4009,4009,1534.61,2025-10-17T22:38:01,card,completed
4010,4010,56.58,2025-12-11T13:48:54,bizum,completed
4011,4011,749.52,2026-05-17T15:49:35,card,completed
4012,4012,1085.78,2025-02-20T01:46:43,transfer,refunded
4013,4013,856.17,2026-01-22T09:30:47,paypal,completed
4014,4014,58.4,2025-04-21T12:25:59,paypal,completed
4015,4015,1027.7,2025-09-24T18:46:58,paypal,completed
4016,4016,2343.1,2025-03-13T13:45:08,transfer,completed
4017,4017,5496.66,2025-10-14T05:26:05,paypal,completed
4018,4018,204.27,2024-07-08T11:42:38,transfer,completed
4019,4019,1175.14,2025-08-12T11:17:28,card,completed
4020,4020,504.21,2026-06-24T01:31:28,transfer,completed
4021,4021,730.86,2026-04-21T17:06:13,bizum,completed
4022,4022,2209.6,2024-11-08T14:56:03,paypal,completed
4023,4023,191.55,2024-05-12T00:37:07,bizum,completed
4024,4024,1974.76,2025-03-03T02:12:37,card,completed
4025,4025,6743.54,2024-01-28T14:15:37,transfer,completed
4026,4026,2202.14,2025-08-29T20:14:08,card,completed
4027,4027,479.43,2024-02-09T22:46:35,card,failed
4028,4028,526.29,2026-02-28T23:26:21,paypal,completed
4029,4029,1464.14,2024-12-16T09:03:58,paypal,refunded
4030,4030,2109.92,2026-01-23T06:50:00,paypal,completed
4031,4031,151.81,2025-12-13T09:45:01,card,refunded
4032,4032,983.84,2026-02-03T05:09:06,bizum,refunded
4033,4033,231.51,2024-10-20T10:44:46,card,pending
4034,4034,1330.67,2025-02-17T20:48:17,paypal,completed
4035,4035,846.62,2025-03-14T10:50:05,transfer,refunded
4036,4036,7425.96,2025-09-01T08:50:13,transfer,completed
4037,4037,281.59,2025-11-12T19:14:08,paypal,refunded
4038,4038,2274.44,2025-09-07T03:47:23,paypal,completed
4039,4039,4346.51,2025-03-15T01:29:04,card,completed
4040,4040,276.46,2026-01-13T05:42:15,card,refunded
4041,4041,4719.53,2026-04-28T01:32:26,card,pending
4042,4042,37.24,2025-05-24T13:26:11,paypal,completed
4043,4043,1242.2,2024-01-06T10:41:53,paypal,completed
4044,4044,1625.77,2025-11-22T03:04:49,card,completed
4045,4045,560.23,2026-06-14T10:11:12,paypal,completed
4046,4046,299.0,2026-06-27T19:18:34,card,refunded
4047,4047,58.4,2025-11-30T00:49:08,card,failed
4048,4048,282.23,2026-05-24T03:58:02,transfer,completed
4049,4049,500.29,2025-04-23T18:14:23,transfer,completed
4050,4050,1242.16,2025-11-11T04:53:16,card,completed
4051,4051,1550.84,2026-06-02T12:22:35,paypal,completed
4052,4052,4339.07,2024-11-21T02:05:39,card,completed
4053,4053,1225.4,2024-05-30T07:52:09,card,completed
4054,4054,2807.98,2024-12-07T19:09:31,card,completed
4055,4055,4444.21,2026-05-29T04:26:54,card,refunded
4056,4056,370.76,2025-05-24T08:04:42,paypal,completed
4057,4057,1012.64,2025-06-04T21:50:24,card,completed
4058,4058,2410.75,2025-03-24T04:30:23,card,refunded
4059,4059,1105.36,2026-02-07T08:46:40,card,completed
4060,4060,3408.25,2026-04-07T17:56:03,card,completed
4061,4061,526.29,2025-04-21T11:45:38,paypal,completed
4062,4062,1149.0,2025-09-28T01:15:55,paypal,completed
4063,4063,1085.78,2024-02-25T18:22:56,card,completed
4064,4064,185.21,2025-01-04T16:48:37,paypal,completed
4065,4065,30.98,2024-12-24T19:05:43,card,completed
4066,4066,526.94,2024-02-07T00:58:02,card,completed
4067,4067,893.38,2025-07-19T03:53:11,card,completed
4068,4068,2068.1,2024-06-18T04:39:25,paypal,completed
4069,4069,181.82,2025-08-08T13:44:12,card,pending
4070,4070,30.98,2026-02-16T23:11:11,paypal,completed
4071,4071,2463.82,2025-06-10T21:42:08,card,completed
4072,4072,2108.54,2025-08-30T00:06:42,card,completed
4073,4073,1459.15,2025-07-20T12:35:23,paypal,completed
4074,4074,434.1,2024-01-10T21:58:47,paypal,completed
4075,4075,2154.66,2025-10-26T04:29:04,card,completed
4076,4076,1922.67,2024-04-10T03:57:47,card,completed
4077,4077,46.08,2025-03-08T14:27:15,paypal,completed
4078,4078,2009.65,2025-09-27T00:57:37,card,refunded
4079,4079,274.78,2024-10-06T05:44:27,card,refunded
4080,4080,231.51,2024-11-17T05:23:03,card,pending
4081,4081,38.57,2026-04-09T12:12:14,paypal,completed
4082,4082,5303.46,2024-08-03T09:17:22,card,completed
4083,4083,314.64,2024-08-23T10:42:08,transfer,completed
4084,4084,1233.5,2025-12-14T01:33:36,transfer,completed
4085,4085,1138.66,2025-12-01T12:17:15,bizum,completed
4086,4086,916.67,2025-05-14T15:51:04,bizum,completed
4087,4087,1323.3,2024-06-04T04:14:31,bizum,completed
4088,4088,1828.32,2024-07-31T01:32:05,transfer,completed
4089,4089,1625.77,2026-06-28T02:00:59,card,refunded
4090,4090,588.67,2025-02-07T13:09:19,card,completed
4091,4091,2590.13,2026-03-13T22:06:56,card,completed
4092,4092,1157.79,2026-05-05T16:35:20,card,refunded
4093,4093,215.42,2024-06-11T07:44:59,card,completed
4094,4094,458.34,2024-04-09T12:23:54,bizum,refunded
4095,4095,363.18,2024-04-17T20:02:07,bizum,completed
4096,4096,4790.6,2026-04-04T17:40:20,card,completed
4097,4097,3544.96,2025-01-21T05:11:30,paypal,completed
4098,4098,526.29,2025-09-10T01:28:07,card,completed
4099,4099,58.44,2025-10-29T20:11:23,card,completed
4100,4100,470.94,2025-06-15T07:03:57,card,completed
4101,4101,862.88,2026-03-10T08:38:39,bizum,completed
4102,4102,580.05,2024-01-24T19:14:45,transfer,refunded
4103,4103,92.31,2024-08-14T01:40:45,card,completed
4104,4104,1948.59,2025-08-08T23:29:19,card,completed
4105,4105,870.38,2025-07-04T01:56:39,paypal,completed
4106,4106,2250.15,2024-06-15T00:39:26,paypal,completed
4107,4107,560.23,2024-11-19T21:08:52,paypal,completed
4108,4108,204.54,2026-04-19T06:37:06,bizum,completed
4109,4109,277.71,2025-03-09T21:13:21,card,completed
4110,4110,1729.46,2026-06-23T20:51:16,card,completed
4111,4111,707.16,2026-02-26T13:41:05,bizum,completed
4112,4112,92.0,2024-09-20T21:51:23,paypal,completed
4113,4113,2343.1,2025-12-10T05:17:09,paypal,pending
4114,4114,46.08,2024-01-26T13:19:56,card,completed
4115,4115,2545.49,2025-02-19T09:02:12,card,completed
4116,4116,4156.88,2026-03-04T10:43:08,card,completed
4117,4117,367.56,2025-08-25T18:13:13,card,completed
4118,4118,3942.1,2024-08-26T07:04:47,card,completed
4119,4119,1316.92,2026-05-04T06:44:02,bizum,refunded
4120,4120,656.09,2026-03-10T05:08:39,card,completed
4121,4121,303.31,2024-12-18T01:59:39,card,completed
4122,4122,1438.96,2026-06-01T20:18:46,card,completed
4123,4123,348.03,2024-10-21T04:17:09,paypal,completed
4124,4124,633.94,2026-04-21T16:05:32,bizum,completed
4125,4125,475.57,2024-07-10T20:26:57,transfer,completed
4126,4126,1220.56,2024-10-08T11:51:40,paypal,completed
4127,4127,193.18,2026-02-17T05:02:36,card,completed
4128,4128,349.09,2026-01-27T00:06:42,card,completed
4129,4129,2166.18,2025-07-31T14:50:08,transfer,completed
4130,4130,2584.85,2024-05-05T20:37:01,paypal,completed
4131,4131,1367.61,2025-01-18T05:21:39,card,completed
4132,4132,2154.66,2025-04-18T05:20:16,card,completed
4133,4133,629.28,2025-08-03T20:02:50,card,completed
4134,4134,1385.34,2025-06-12T14:48:56,card,refunded
4135,4135,609.8,2026-06-18T17:32:47,bizum,completed
4136,4136,293.73,2026-01-27T05:18:19,card,completed
4137,4137,700.58,2026-02-19T12:15:51,paypal,completed
4138,4138,125.36,2025-04-25T09:43:22,card,completed
4139,4139,273.53,2025-08-08T21:23:39,bizum,refunded
4140,4140,421.03,2024-08-28T18:31:59,card,completed
4141,4141,3645.43,2026-03-28T01:04:20,paypal,completed
4142,4142,232.02,2026-05-01T00:14:13,card,completed
4143,4143,387.57,2026-02-13T14:10:24,transfer,completed
4144,4144,2401.54,2025-11-27T14:05:49,card,completed
4145,4145,58.4,2025-10-03T07:02:20,card,completed
4146,4146,1175.14,2025-05-31T02:24:39,card,completed
4147,4147,656.1,2025-04-20T23:36:12,paypal,completed
4148,4148,482.46,2024-08-10T22:55:57,card,pending
4149,4149,27.92,2025-08-28T11:42:05,card,completed
4150,4150,900.0,2025-08-25T06:27:04,paypal,completed
4151,4151,1367.01,2025-05-31T16:08:26,transfer,completed
4152,4152,410.45,2025-06-02T13:24:41,card,completed
4153,4153,222.99,2025-09-09T09:50:05,card,pending
4154,4154,324.07,2026-06-29T18:01:55,paypal,completed
4155,4155,899.67,2025-04-10T14:13:34,paypal,refunded
4156,4156,2120.43,2026-03-02T16:20:54,paypal,completed
4157,4157,1083.59,2026-01-25T14:59:15,card,completed
4158,4158,267.51,2025-11-20T04:59:42,bizum,completed
4159,4159,1264.14,2026-03-01T20:13:25,card,completed
4160,4160,496.62,2025-04-24T22:46:11,card,completed
4161,4161,633.94,2025-03-06T20:35:10,card,completed
4162,4162,1202.13,2026-06-13T19:04:39,bizum,completed
4163,4163,633.94,2024-07-07T07:13:29,transfer,completed
4164,4164,854.98,2025-12-03T04:49:48,transfer,completed
4165,4165,67.7,2024-07-30T06:14:05,card,completed
4166,4166,1086.94,2025-05-04T17:00:35,paypal,refunded
4167,4167,576.47,2024-11-01T07:27:38,card,completed
4168,4168,609.8,2025-11-03T21:57:06,bizum,pending
4169,4169,2603.75,2026-04-01T13:49:45,card,completed
4170,4170,71.21,2026-03-08T18:41:18,paypal,completed
4171,4171,47.22,2024-05-16T19:53:00,card,failed
4172,4172,407.29,2024-08-04T06:55:54,card,completed
4173,4173,4229.89,2025-12-29T19:50:58,paypal,completed
4174,4174,5370.64,2026-06-09T21:34:27,paypal,completed
4175,4175,477.29,2024-01-28T21:04:25,paypal,completed
4176,4176,496.62,2024-09-05T14:24:10,card,completed
4177,4177,881.93,2025-11-02T03:26:28,paypal,completed
4178,4178,4497.99,2025-02-02T08:36:39,transfer,completed
4179,4179,282.23,2024-11-09T03:41:58,card,completed
4180,4180,1544.48,2024-07-18T03:56:32,card,completed
4181,4181,1492.69,2026-04-26T18:11:31,paypal,completed
4182,4182,1483.47,2024-12-03T00:30:36,card,refunded
4183,4183,744.38,2026-02-21T03:21:33,card,completed
4184,4184,1481.33,2024-12-27T06:38:26,card,completed
4185,4185,1734.64,2024-07-09T18:54:42,paypal,completed
4186,4186,28.13,2025-08-19T19:53:01,card,completed
4187,4187,370.09,2025-02-26T22:04:54,card,completed
4188,4188,1790.1,2024-03-28T08:26:00,bizum,refunded
4189,4189,105.98,2025-08-08T04:11:11,paypal,refunded
4190,4190,707.16,2024-04-06T19:47:19,paypal,pending
4191,4191,447.08,2025-09-11T08:20:03,card,refunded
4192,4192,3260.61,2024-12-25T16:22:15,card,completed
4193,4193,813.36,2024-10-16T21:25:50,card,completed
4194,4194,1299.08,2024-10-21T15:36:29,bizum,failed
4195,4195,1140.98,2025-04-22T04:19:56,paypal,completed
4196,4196,4623.35,2025-04-02T14:39:37,card,pending
4197,4197,5374.78,2026-02-08T14:44:55,card,refunded
4198,4198,775.24,2025-05-25T05:20:07,card,refunded
4199,4199,220.54,2025-04-12T00:04:55,card,refunded
4200,4200,1330.67,2024-12-18T05:13:45,card,refunded
4201,4201,2574.27,2026-04-22T06:13:25,card,completed
4202,4202,1550.16,2025-09-12T11:56:17,card,refunded
4203,4203,482.46,2025-02-22T13:19:37,card,completed
4204,4204,1084.97,2026-04-15T03:49:09,paypal,completed
4205,4205,1679.49,2026-06-13T20:43:56,card,completed
4206,4206,1077.61,2026-04-17T23:42:47,card,completed
4207,4207,1594.14,2024-09-05T11:55:11,paypal,completed
4208,4208,2707.85,2025-03-25T21:37:59,card,refunded
4209,4209,1736.73,2025-11-18T21:30:15,paypal,refunded
4210,4210,495.04,2025-06-25T09:46:35,card,completed
4211,4211,2894.19,2024-05-20T19:43:42,card,completed
4212,4212,303.31,2025-11-06T04:37:09,card,refunded
4213,4213,539.96,2026-06-28T12:02:49,card,refunded
4214,4214,4026.3,2026-02-20T08:22:00,bizum,completed
4215,4215,1587.93,2026-02-20T09:07:49,card,completed
4216,4216,1418.09,2025-12-05T10:51:17,card,failed
4217,4217,1004.82,2025-05-17T20:09:13,card,completed
4218,4218,730.27,2024-12-10T12:37:33,card,completed
4219,4219,3864.06,2025-01-17T16:40:15,card,completed
4220,4220,1172.33,2024-01-15T03:20:14,card,completed
4221,4221,1433.45,2024-07-29T19:48:19,transfer,completed
4222,4222,1438.96,2025-03-15T14:13:03,card,completed
4223,4223,249.22,2026-02-25T23:54:38,paypal,completed
4224,4224,11.79,2026-02-20T16:27:25,card,completed
4225,4225,1761.15,2024-01-31T22:21:21,card,completed
4226,4226,11.9,2025-07-22T16:47:57,paypal,completed
4227,4227,1847.26,2025-11-16T13:59:53,paypal,completed
4228,4228,240.32,2024-11-19T15:53:28,card,completed
4229,4229,394.12,2024-02-23T05:36:13,card,completed
4230,4230,37.24,2025-04-17T21:00:02,card,completed
4231,4231,28.13,2024-10-02T23:25:19,card,refunded
4232,4232,471.79,2025-07-11T19:05:32,bizum,completed
4233,4233,788.13,2025-06-06T22:45:46,card,completed
4234,4234,2633.54,2024-06-23T09:48:21,bizum,completed
4235,4235,2912.79,2026-04-25T14:12:18,card,completed
4236,4236,913.8,2025-12-11T16:37:32,paypal,completed
4237,4237,325.74,2024-12-22T04:32:41,card,completed
4238,4238,2025.39,2025-11-06T12:28:29,transfer,refunded
4239,4239,703.37,2026-03-09T09:08:46,card,completed
4240,4240,958.8,2025-11-15T21:36:43,paypal,completed
4241,4241,1352.93,2025-02-12T22:15:35,card,completed
4242,4242,3165.32,2024-08-08T23:04:52,paypal,failed
4243,4243,344.32,2025-12-22T19:23:42,paypal,completed
4244,4244,2498.04,2026-05-27T08:05:23,paypal,completed
4245,4245,1721.88,2025-11-30T03:45:13,card,completed
4246,4246,78.96,2025-11-06T09:29:34,card,completed
4247,4247,24.88,2026-06-30T11:56:15,card,completed
4248,4248,47.22,2026-02-24T17:35:47,card,completed
4249,4249,1315.37,2026-04-06T20:57:04,card,completed
4250,4250,2076.55,2025-12-08T08:05:33,bizum,completed
4251,4251,1709.67,2025-06-26T13:28:23,bizum,completed
4252,4252,1770.43,2025-05-08T18:22:03,card,completed
4253,4253,47.43,2026-04-23T14:14:37,transfer,completed
4254,4254,2294.13,2025-12-31T23:30:49,transfer,refunded
4255,4255,602.2,2025-03-31T14:03:50,card,completed
4256,4256,277.07,2024-11-20T11:40:00,paypal,completed
4257,4257,2011.9,2025-09-27T09:31:42,transfer,completed
4258,4258,67.56,2025-05-10T22:52:09,card,completed
4259,4259,242.72,2026-01-27T21:00:23,card,completed
4260,4260,584.22,2025-11-20T17:37:51,paypal,completed
4261,4261,1723.23,2024-12-17T12:08:47,card,refunded
4262,4262,597.08,2025-05-26T01:22:20,card,refunded
4263,4263,686.7,2024-05-27T13:15:39,transfer,completed
4264,4264,1223.49,2024-12-03T11:50:30,card,completed
4265,4265,318.26,2025-04-15T03:54:53,transfer,completed
4266,4266,775.66,2024-04-07T03:54:13,card,completed
4267,4267,895.2,2024-09-12T22:33:03,card,completed
4268,4268,603.55,2025-09-16T19:05:50,card,completed
4269,4269,1852.7,2024-08-15T11:33:11,paypal,refunded
4270,4270,1056.26,2025-06-01T22:36:05,transfer,refunded
4271,4271,1041.82,2024-08-28T23:25:20,transfer,failed
4272,4272,915.06,2024-12-02T12:53:01,paypal,completed
4273,4273,186.64,2025-09-20T19:16:04,card,refunded
4274,4274,58.82,2024-01-23T21:32:39,card,failed
4275,4275,7748.76,2025-03-16T20:26:35,card,completed
4276,4276,41.47,2026-01-27T04:47:33,card,completed
4277,4277,246.07,2026-03-12T04:43:29,card,completed
4278,4278,4309.32,2024-09-18T12:40:54,card,completed
4279,4279,2359.45,2025-10-30T12:02:50,card,completed
4280,4280,1492.69,2026-01-02T11:48:46,card,completed
4281,4281,637.73,2024-07-14T16:22:33,card,completed
4282,4282,831.39,2024-04-10T06:06:06,card,completed
4283,4283,3498.64,2024-09-11T18:34:34,card,completed
4284,4284,2524.74,2025-10-09T19:42:35,card,pending
4285,4285,1670.73,2024-08-24T21:25:12,card,completed
4286,4286,1203.99,2025-08-26T22:20:32,card,refunded
4287,4287,3525.42,2025-11-06T18:16:42,card,completed
4288,4288,6157.47,2025-12-31T22:22:08,card,completed
4289,4289,1099.49,2026-01-14T12:05:54,bizum,completed
4290,4290,1190.68,2025-08-30T00:13:40,card,refunded
4291,4291,374.41,2024-03-02T05:40:39,paypal,completed
4292,4292,3502.27,2026-04-08T21:20:51,card,completed
4293,4293,340.41,2026-06-05T23:23:53,card,completed
4294,4294,1257.93,2025-02-28T11:33:19,card,completed
4295,4295,4779.09,2025-03-11T12:22:35,card,completed
4296,4296,661.62,2025-07-07T23:03:43,card,completed
4297,4297,182.4,2024-02-06T03:39:15,paypal,completed
4298,4298,2609.1,2024-01-28T18:55:32,transfer,completed
4299,4299,293.73,2026-05-13T21:21:05,card,completed
4300,4300,281.59,2026-03-05T18:11:21,card,completed
4301,4301,1706.09,2026-04-29T23:12:15,card,completed
4302,4302,2313.92,2026-06-10T23:24:58,card,completed
4303,4303,2214.66,2026-05-01T04:43:24,transfer,refunded
4304,4304,1267.88,2024-07-28T18:45:43,bizum,completed
4305,4305,2343.1,2025-11-07T02:32:01,card,completed
4306,4306,180.1,2024-11-23T19:46:59,paypal,completed
4307,4307,729.63,2026-03-24T04:52:07,paypal,completed
4308,4308,28.13,2024-08-07T22:05:05,paypal,refunded
4309,4309,113.62,2026-06-21T11:05:59,card,completed
4310,4310,597.08,2025-12-24T00:17:43,card,completed
4311,4311,1074.79,2024-09-14T09:33:12,card,completed
4312,4312,79.44,2024-12-07T20:07:29,paypal,completed
4313,4313,434.1,2025-07-18T06:00:34,bizum,completed
4314,4314,424.81,2025-04-23T03:10:15,paypal,completed
4315,4315,281.59,2026-05-29T12:44:46,card,completed
4316,4316,1494.52,2026-01-11T09:28:43,bizum,completed
4317,4317,475.41,2026-05-09T17:36:57,card,completed
4318,4318,535.02,2024-04-28T20:47:50,card,refunded
4319,4319,934.65,2024-04-20T03:17:07,paypal,completed
4320,4320,350.62,2025-11-15T13:55:23,card,completed
4321,4321,804.74,2026-03-04T14:17:25,bizum,completed
4322,4322,282.23,2025-03-23T16:00:10,card,completed
4323,4323,597.08,2025-01-21T17:04:02,card,completed
4324,4324,87.98,2026-01-22T07:49:49,card,completed
4325,4325,159.8,2024-12-24T07:54:38,paypal,completed
4326,4326,196.4,2026-02-06T01:03:56,card,completed
4327,4327,2100.16,2024-02-05T20:59:42,card,pending
4328,4328,49.71,2024-12-30T22:23:04,paypal,completed
4329,4329,1152.14,2026-03-29T06:13:58,card,pending
4330,4330,53.11,2024-07-24T15:33:00,card,completed
4331,4331,664.91,2025-07-03T23:18:52,paypal,refunded
4332,4332,1052.58,2025-03-08T20:08:20,card,completed
4333,4333,844.49,2024-12-29T06:03:51,bizum,completed
4334,4334,857.93,2025-01-23T08:54:09,card,completed
4335,4335,282.23,2026-02-11T20:14:28,card,refunded
4336,4336,231.51,2024-11-09T15:12:51,card,pending
4337,4337,351.5,2025-12-16T23:28:09,card,refunded
4338,4338,249.22,2024-12-24T17:57:11,transfer,completed
4339,4339,463.02,2026-04-10T08:59:52,paypal,completed
4340,4340,410.45,2025-02-09T09:14:38,card,completed
4341,4341,991.98,2025-03-23T04:14:27,card,pending
4342,4342,1197.6,2025-02-15T21:58:36,card,completed
4343,4343,1253.91,2025-02-06T20:47:27,paypal,completed
4344,4344,5371.11,2025-04-06T02:01:06,paypal,completed
4345,4345,496.62,2024-07-22T21:41:45,card,completed
4346,4346,4312.59,2024-12-24T04:05:47,card,completed
4347,4347,458.34,2026-03-29T11:54:04,paypal,completed
4348,4348,3159.94,2025-03-31T18:53:39,paypal,completed
4349,4349,174.44,2026-02-01T03:35:17,card,completed
4350,4350,58.82,2026-05-24T01:58:35,card,completed
4351,4351,797.51,2024-09-02T01:37:08,transfer,completed
4352,4352,1559.3,2025-12-20T16:57:07,paypal,completed
4353,4353,4627.44,2025-12-28T20:42:49,card,completed
4354,4354,396.44,2026-01-07T13:33:04,card,completed
4355,4355,262.34,2025-09-08T23:12:28,bizum,completed
4356,4356,605.26,2026-01-26T01:28:20,card,completed
4357,4357,2190.4,2024-06-10T08:36:10,paypal,completed
4358,4358,77.14,2025-11-03T20:51:00,card,pending
4359,4359,92.16,2025-06-11T03:59:09,transfer,completed
4360,4360,219.93,2024-12-27T05:56:05,paypal,completed
4361,4361,988.33,2026-02-28T03:24:24,card,completed
4362,4362,1198.75,2025-07-19T06:05:51,card,completed
4363,4363,1087.49,2026-06-03T11:01:27,card,refunded
4364,4364,330.63,2024-10-21T18:37:07,paypal,completed
4365,4365,1831.34,2024-07-02T22:17:06,paypal,failed
4366,4366,2870.77,2026-06-30T00:10:43,card,completed
4367,4367,607.66,2024-01-03T07:39:39,card,completed
4368,4368,1492.69,2024-10-31T04:11:35,card,pending
4369,4369,349.79,2026-03-13T01:45:46,card,completed
4370,4370,1354.86,2024-11-04T07:32:44,card,completed
4371,4371,947.35,2024-05-30T16:45:38,card,completed
4372,4372,1704.73,2026-05-05T01:56:52,card,completed
4373,4373,1151.78,2024-10-22T03:14:56,bizum,refunded
4374,4374,25.6,2024-10-04T13:55:45,card,pending
4375,4375,626.3,2024-08-30T06:34:45,card,completed
4376,4376,281.59,2026-06-24T01:09:43,transfer,completed
4377,4377,167.09,2025-12-24T12:29:09,card,completed
4378,4378,2214.36,2024-03-07T22:40:54,card,completed
4379,4379,313.14,2025-06-19T07:00:24,card,completed
4380,4380,488.6,2026-05-07T19:31:14,card,refunded
4381,4381,730.27,2026-02-15T23:41:18,card,refunded
4382,4382,2286.49,2025-03-25T18:58:07,card,completed
4383,4383,569.41,2026-04-05T10:16:08,card,completed
4384,4384,597.08,2026-05-10T00:49:36,card,refunded
4385,4385,871.32,2025-07-22T14:22:25,transfer,completed
4386,4386,717.73,2025-09-28T00:19:05,card,completed
4387,4387,1015.43,2025-04-22T11:53:33,card,completed
4388,4388,261.69,2024-10-10T13:40:27,card,completed
4389,4389,1511.02,2025-03-07T13:21:07,paypal,completed
4390,4390,231.51,2025-12-27T02:24:13,paypal,completed
4391,4391,2138.01,2024-01-22T20:42:42,card,completed
4392,4392,886.87,2026-06-19T18:04:44,transfer,completed
4393,4393,1717.79,2026-05-15T04:19:11,paypal,completed
4394,4394,5129.86,2025-01-07T15:25:56,card,completed
4395,4395,1563.91,2025-08-18T13:21:02,card,refunded
4396,4396,641.9,2024-08-07T00:59:04,card,refunded
4397,4397,282.23,2025-06-25T05:41:09,bizum,completed
4398,4398,1749.4,2024-09-30T01:57:33,bizum,refunded
4399,4399,2108.51,2025-03-20T05:53:47,paypal,pending
4400,4400,316.12,2025-12-16T10:07:08,paypal,completed
4401,4401,4483.76,2026-06-20T02:14:23,card,pending
4402,4402,1538.87,2024-02-24T03:06:30,bizum,completed
4403,4403,926.35,2024-11-01T15:00:46,paypal,completed
4404,4404,2858.53,2026-03-28T10:14:43,card,completed
4405,4405,1699.51,2025-11-11T11:37:49,transfer,completed
4406,4406,2984.52,2025-08-21T23:22:33,card,completed
4407,4407,2448.29,2025-09-23T10:23:35,card,refunded
4408,4408,444.02,2026-02-08T02:08:07,paypal,completed
4409,4409,526.43,2026-01-12T14:45:54,paypal,pending
4410,4410,58.4,2024-12-19T23:17:44,paypal,completed
4411,4411,423.21,2024-01-29T11:13:24,paypal,refunded
4412,4412,160.04,2026-04-19T12:40:17,card,completed
4413,4413,765.0,2025-11-27T06:16:47,card,completed
4414,4414,633.94,2025-12-27T03:52:29,paypal,refunded
4415,4415,138.77,2024-06-14T00:05:58,card,completed
4416,4416,4418.97,2024-07-18T02:09:45,card,completed
4417,4417,47.43,2025-06-02T07:32:40,paypal,completed
4418,4418,220.54,2025-07-18T08:22:07,bizum,completed
4419,4419,1418.06,2024-02-09T03:16:33,card,completed
4420,4420,784.32,2024-08-17T01:33:06,card,completed
4421,4421,635.25,2026-01-04T13:20:04,bizum,completed
4422,4422,1019.83,2025-11-19T01:06:35,card,completed
4423,4423,57.87,2024-08-02T16:52:26,paypal,completed
4424,4424,1264.14,2026-03-02T14:52:34,card,completed
4425,4425,861.38,2025-04-02T16:49:08,transfer,pending
4426,4426,1507.23,2024-11-11T02:54:07,card,completed
4427,4427,1351.6,2025-06-17T10:01:56,bizum,completed
4428,4428,11.9,2024-01-10T07:15:48,card,completed
4429,4429,344.43,2025-12-23T07:09:22,paypal,failed
4430,4430,54.58,2025-03-01T20:34:32,paypal,completed
4431,4431,225.27,2026-06-18T19:13:42,paypal,completed
4432,4432,20.48,2025-11-14T15:38:13,card,refunded
4433,4433,729.98,2025-04-16T01:04:50,card,failed
4434,4434,5.86,2024-01-04T20:26:05,card,completed
4435,4435,410.99,2025-06-22T07:17:42,card,completed
4436,4436,1640.17,2025-12-30T09:15:21,paypal,completed
4437,4437,526.29,2024-08-29T14:19:53,card,completed
4438,4438,770.55,2026-01-12T21:18:16,paypal,completed
4439,4439,91.16,2024-12-17T08:45:29,card,completed
4440,4440,551.05,2026-05-28T17:17:39,card,completed
4441,4441,496.76,2025-10-09T14:40:19,card,pending
4442,4442,3212.37,2026-04-14T03:38:49,card,completed
4443,4443,900.0,2024-09-19T00:54:28,card,completed
4444,4444,7015.93,2025-11-15T21:25:37,paypal,completed
4445,4445,43.99,2024-06-04T09:11:11,paypal,refunded
4446,4446,623.37,2025-10-01T23:51:05,bizum,completed
4447,4447,477.29,2024-08-18T20:05:56,card,completed
4448,4448,2734.02,2026-02-25T22:58:36,paypal,completed
4449,4449,355.26,2024-07-11T09:04:35,paypal,completed
4450,4450,23.21,2025-07-02T09:18:11,card,completed
4451,4451,1438.96,2024-07-10T23:32:29,bizum,completed
4452,4452,32.78,2024-05-30T14:22:53,bizum,completed
4453,4453,1206.12,2025-06-08T23:35:38,card,completed
4454,4454,121.66,2026-05-19T15:59:02,card,completed
4455,4455,41.81,2024-03-20T20:15:47,transfer,refunded
4456,4456,43.99,2025-01-30T13:54:30,card,completed
4457,4457,41.81,2024-07-16T10:26:12,paypal,pending
4458,4458,2381.33,2025-02-16T17:28:20,card,completed
4459,4459,191.25,2025-12-09T09:02:17,card,completed
4460,4460,1128.01,2026-04-14T06:39:48,card,completed
4461,4461,5720.9,2024-05-31T18:45:52,card,completed
4462,4462,560.23,2026-01-19T04:08:54,transfer,completed
4463,4463,53.45,2025-07-23T09:36:57,paypal,completed
4464,4464,862.88,2024-10-05T00:57:28,card,completed
4465,4465,1300.99,2024-10-17T16:46:30,card,completed
4466,4466,330.08,2024-04-04T03:14:28,card,completed
4467,4467,267.51,2025-04-22T00:59:55,paypal,completed
4468,4468,2178.98,2024-10-28T19:52:12,paypal,completed
4469,4469,885.46,2025-11-22T22:23:56,bizum,completed
4470,4470,635.25,2024-06-17T21:17:19,card,completed
4471,4471,1087.14,2024-05-03T16:10:55,card,completed
4472,4472,4309.32,2026-01-17T22:47:25,bizum,completed
4473,4473,215.42,2026-06-01T02:34:14,card,completed
4474,4474,4686.2,2024-11-29T09:28:03,card,completed
4475,4475,1725.76,2026-02-06T04:22:40,card,refunded
4476,4476,42.69,2024-11-17T08:29:17,card,completed
4477,4477,25.6,2026-04-12T15:56:05,card,completed
4478,4478,3976.53,2026-03-02T00:56:07,card,completed
4479,4479,2757.36,2024-08-14T17:16:08,bizum,completed
4480,4480,1118.49,2025-11-03T06:32:50,paypal,completed
4481,4481,2108.79,2024-08-19T03:05:57,card,completed
4482,4482,496.62,2026-01-03T23:35:28,card,completed
4483,4483,231.51,2026-04-29T18:11:34,transfer,completed
4484,4484,206.74,2025-12-22T15:25:05,card,completed
4485,4485,466.6,2025-10-15T14:16:33,paypal,completed
4486,4486,633.94,2026-05-31T17:22:19,card,completed
4487,4487,412.39,2025-10-19T12:54:43,card,completed
4488,4488,1739.77,2025-11-09T03:13:11,card,refunded
4489,4489,540.39,2024-10-12T15:33:07,paypal,completed
4490,4490,3492.97,2026-05-21T09:02:00,card,completed
4491,4491,2878.53,2025-11-22T20:08:30,bizum,refunded
4492,4492,3655.64,2025-03-08T12:08:07,card,completed
4493,4493,1511.02,2025-12-25T16:45:24,paypal,completed
4494,4494,4104.98,2026-05-21T14:29:47,card,completed
4495,4495,1346.37,2026-04-02T22:01:05,transfer,completed
4496,4496,1559.3,2024-01-21T10:18:18,bizum,completed
4497,4497,34.71,2026-02-08T09:38:31,card,completed
4498,4498,2702.82,2026-03-15T18:37:49,card,completed
4499,4499,1483.63,2025-10-15T00:25:22,card,completed
4500,4500,2262.81,2026-01-04T14:03:05,paypal,completed
4501,4501,175.61,2025-01-19T08:51:11,transfer,refunded
4502,4502,4319.0,2025-01-09T19:45:22,card,completed
4503,4503,2267.01,2024-05-17T20:53:38,card,completed
4504,4504,1340.71,2025-10-09T19:27:53,card,completed
4505,4505,538.85,2026-06-18T18:16:13,card,completed
4506,4506,1388.1,2026-06-29T15:52:15,card,completed
4507,4507,2141.58,2025-12-16T05:30:36,card,completed
4508,4508,644.37,2025-10-19T02:28:52,card,completed
4509,4509,2052.49,2025-02-01T22:41:29,bizum,completed
4510,4510,609.8,2026-04-03T07:48:28,card,completed
4511,4511,3083.1,2025-09-08T13:01:30,card,completed
4512,4512,76.34,2024-05-27T07:26:53,card,completed
4513,4513,1092.72,2025-11-07T17:17:53,bizum,completed
4514,4514,1869.3,2024-05-11T06:47:35,paypal,pending
4515,4515,710.82,2026-01-02T09:15:59,card,pending
4516,4516,3888.5,2025-09-18T18:36:23,paypal,completed
4517,4517,559.24,2025-06-13T12:06:14,paypal,completed
4518,4518,853.88,2025-01-30T10:08:12,bizum,completed
4519,4519,1677.62,2024-09-09T04:32:07,transfer,completed
4520,4520,432.58,2026-02-21T01:08:57,card,refunded
4521,4521,1766.92,2024-03-23T10:31:39,card,completed
4522,4522,6.17,2026-06-14T14:38:19,paypal,completed
4523,4523,297.94,2025-01-16T02:22:43,bizum,completed
4524,4524,173.17,2026-04-23T09:25:07,card,refunded
4525,4525,314.24,2024-03-21T01:31:22,card,refunded
4526,4526,141.44,2024-07-18T00:06:13,card,completed
4527,4527,1877.26,2025-02-05T03:31:40,card,refunded
4528,4528,698.09,2024-05-09T15:03:44,card,completed
4529,4529,4030.12,2024-01-27T11:53:08,card,completed
4530,4530,263.95,2025-04-13T09:38:57,bizum,completed
4531,4531,1330.67,2024-10-22T19:36:09,transfer,completed
4532,4532,641.9,2025-02-19T14:24:41,paypal,completed
4533,4533,4342.91,2024-08-30T18:26:57,card,completed
4534,4534,24.88,2024-10-23T03:17:15,transfer,pending
4535,4535,1735.8,2024-06-11T21:25:16,card,completed
4536,4536,925.04,2024-08-02T04:01:42,card,refunded
4537,4537,24.58,2025-11-20T04:54:24,bizum,completed
4538,4538,3958.64,2024-08-25T17:23:40,paypal,completed
4539,4539,1577.13,2026-05-08T13:53:22,card,completed
4540,4540,214.58,2025-05-03T17:16:31,bizum,completed
4541,4541,34.35,2025-07-24T02:15:09,bizum,completed
4542,4542,523.38,2025-02-25T20:12:56,transfer,refunded
4543,4543,460.69,2026-05-11T09:02:58,card,completed
4544,4544,970.93,2025-11-05T03:38:28,card,refunded
4545,4545,675.77,2025-10-19T09:27:46,card,refunded
4546,4546,1486.08,2025-09-12T21:49:36,paypal,completed
4547,4547,3237.39,2025-10-01T01:47:22,bizum,completed
4548,4548,72.52,2026-01-21T20:50:25,bizum,refunded
4549,4549,251.63,2025-12-26T04:56:50,bizum,completed
4550,4550,2955.07,2026-01-09T06:30:52,card,completed
4551,4551,240.34,2026-06-13T09:58:30,paypal,completed
4552,4552,961.49,2025-03-14T18:06:48,transfer,completed
4553,4553,1549.1,2026-03-26T15:52:01,card,completed
4554,4554,775.66,2024-10-27T11:18:49,card,pending
4555,4555,220.54,2024-01-14T13:15:34,paypal,completed
4556,4556,1492.69,2024-12-18T01:03:45,card,refunded
4557,4557,2030.57,2024-01-25T11:36:43,bizum,completed
4558,4558,1397.75,2024-04-26T22:09:31,card,completed
4559,4559,2902.0,2025-06-08T13:27:14,card,completed
4560,4560,231.51,2026-05-26T04:45:45,bizum,completed
4561,4561,502.41,2025-10-23T10:31:44,bizum,completed
4562,4562,861.38,2025-05-21T12:09:38,paypal,completed
4563,4563,641.9,2025-12-01T15:29:30,transfer,pending
4564,4564,1111.44,2024-04-06T05:32:23,bizum,completed
4565,4565,924.93,2026-05-06T16:27:14,bizum,refunded
4566,4566,833.72,2024-07-31T17:25:00,paypal,completed
4567,4567,301.77,2026-05-13T04:53:27,paypal,refunded
4568,4568,1557.22,2025-10-13T01:00:37,paypal,completed
4569,4569,331.92,2024-02-06T10:13:42,card,refunded
4570,4570,573.95,2025-03-30T18:19:36,transfer,completed
4571,4571,4699.88,2026-01-21T14:08:08,paypal,completed
4572,4572,1861.84,2026-06-01T03:56:41,transfer,completed
4573,4573,964.92,2025-07-19T18:47:48,card,completed
4574,4574,220.71,2024-08-23T18:00:19,paypal,completed
4575,4575,624.59,2024-06-28T02:52:52,card,completed
4576,4576,271.62,2025-09-29T13:02:51,card,completed
4577,4577,47.43,2025-07-30T09:56:48,paypal,completed
4578,4578,598.56,2026-06-14T09:34:47,transfer,completed
4579,4579,2871.78,2024-04-21T15:28:24,card,completed
4580,4580,194.18,2026-06-04T05:59:37,card,completed
4581,4581,3251.54,2026-02-09T08:19:50,bizum,failed
4582,4582,2469.11,2026-04-11T08:18:01,bizum,completed
4583,4583,42.69,2025-07-19T14:02:56,card,completed
4584,4584,49.76,2025-07-15T20:10:27,card,completed
4585,4585,173.28,2025-09-12T09:38:18,card,refunded
4586,4586,1325.4,2025-02-05T04:29:35,paypal,refunded
4587,4587,742.7,2025-06-23T08:28:02,paypal,completed
4588,4588,2559.41,2026-03-29T09:13:09,paypal,completed
4589,4589,603.58,2024-10-02T15:37:40,paypal,completed
4590,4590,30.98,2025-01-12T10:23:02,card,completed
4591,4591,1646.28,2024-12-05T07:09:56,card,completed
4592,4592,451.57,2024-08-31T07:02:48,paypal,pending
4593,4593,3299.28,2025-10-30T16:17:28,paypal,completed
4594,4594,1587.85,2025-08-20T17:53:09,transfer,completed
4595,4595,963.97,2024-09-29T14:29:45,bizum,refunded
4596,4596,547.58,2025-07-08T10:41:05,paypal,completed
4597,4597,219.93,2026-03-16T06:10:45,card,completed
4598,4598,335.01,2025-06-18T13:49:02,card,completed
4599,4599,36.64,2024-09-12T00:27:33,paypal,refunded
4600,4600,2215.8,2025-06-20T14:05:28,card,refunded
4601,4601,1627.64,2025-01-11T23:07:55,card,completed
4602,4602,344.43,2025-04-20T08:21:26,card,completed
4603,4603,309.99,2025-05-17T05:16:22,bizum,completed
4604,4604,3017.11,2025-11-11T08:21:23,card,completed
4605,4605,1196.39,2026-02-28T23:05:48,card,completed
4606,4606,557.43,2025-03-23T14:25:48,bizum,completed
4607,4607,2584.14,2024-11-10T18:43:15,paypal,completed
4608,4608,444.02,2025-02-06T10:09:09,card,completed
4609,4609,1515.2,2026-06-12T09:31:35,transfer,completed
4610,4610,714.19,2024-06-14T01:56:50,card,completed
4611,4611,1520.04,2024-05-29T13:09:59,transfer,completed
4612,4612,488.6,2025-01-20T07:55:00,paypal,refunded
4613,4613,2188.15,2025-07-23T20:06:53,card,completed
4614,4614,243.95,2025-06-22T23:41:56,paypal,refunded
4615,4615,895.54,2025-03-08T23:26:04,card,completed
4616,4616,387.83,2025-05-15T18:17:22,paypal,refunded
4617,4617,683.63,2024-05-22T09:18:03,transfer,completed
4618,4618,893.38,2024-12-26T22:38:59,card,completed
4619,4619,897.54,2024-01-19T19:12:45,card,completed
4620,4620,239.9,2025-09-20T02:13:05,bizum,completed
4621,4621,1325.4,2025-05-19T04:50:12,card,completed
4622,4622,983.84,2026-06-27T16:21:45,paypal,completed
4623,4623,394.12,2025-11-08T01:19:34,card,completed
4624,4624,315.39,2024-06-18T13:53:02,card,completed
4625,4625,1387.66,2026-04-05T07:25:03,card,completed
4626,4626,1805.42,2025-09-19T16:22:00,card,refunded
4627,4627,842.46,2026-03-17T08:34:22,card,completed
4628,4628,569.79,2024-03-05T04:06:15,paypal,completed
4629,4629,146.1,2026-04-13T05:43:13,card,refunded
4630,4630,4464.89,2025-07-07T06:16:37,paypal,refunded
4631,4631,856.21,2025-12-23T21:02:49,paypal,failed
4632,4632,2946.37,2024-07-30T07:43:19,card,completed
4633,4633,493.25,2024-05-02T04:15:31,paypal,completed
4634,4634,3351.31,2025-04-08T06:23:53,card,failed
4635,4635,766.54,2025-05-01T02:17:41,bizum,completed
4636,4636,1099.47,2025-10-14T13:48:49,bizum,completed
4637,4637,1343.42,2025-05-17T22:59:16,paypal,completed
4638,4638,165.6,2026-01-16T14:03:44,card,completed
4639,4639,608.26,2026-03-03T10:45:28,bizum,completed
4640,4640,2376.57,2026-04-26T03:23:01,bizum,refunded
4641,4641,60.83,2026-05-02T08:33:52,card,completed
4642,4642,559.5,2025-08-21T08:52:57,paypal,completed
4643,4643,1203.99,2025-07-25T01:43:28,card,completed
4644,4644,318.26,2024-10-26T20:02:13,card,completed
4645,4645,2751.41,2026-04-11T11:15:44,card,completed
4646,4646,1279.24,2026-06-11T03:33:20,paypal,pending
4647,4647,1805.42,2026-02-01T07:13:45,card,completed
4648,4648,4345.51,2024-11-30T06:38:24,card,completed
4649,4649,2232.77,2025-05-31T11:59:38,paypal,completed
4650,4650,1468.45,2025-08-11T00:42:41,card,completed
4651,4651,91.74,2026-01-29T14:11:49,paypal,completed
4652,4652,255.31,2024-01-03T00:28:29,paypal,completed
4653,4653,201.35,2026-05-28T03:09:03,card,completed
4654,4654,73.05,2024-05-10T00:03:27,card,completed
4655,4655,752.22,2025-09-04T14:31:14,paypal,refunded
4656,4656,368.99,2025-09-25T22:31:22,card,completed
4657,4657,598.83,2026-05-20T00:32:51,transfer,completed
4658,4658,598.0,2025-11-14T15:16:49,card,refunded
4659,4659,606.62,2024-01-18T05:07:38,card,refunded
4660,4660,1294.34,2025-08-19T20:33:23,card,completed
4661,4661,1703.72,2025-02-13T22:05:51,paypal,completed
4662,4662,529.89,2024-10-08T19:39:30,paypal,completed
4663,4663,893.38,2025-09-17T23:07:47,card,completed
4664,4664,51.82,2026-01-17T23:19:56,card,completed
4665,4665,2435.98,2024-12-26T22:22:06,card,completed
4666,4666,1159.03,2025-06-12T21:31:50,paypal,completed
4667,4667,369.4,2024-06-15T02:49:22,card,refunded
4668,4668,1404.9,2025-02-01T21:39:08,transfer,completed
4669,4669,2638.03,2026-03-31T03:10:00,bizum,completed
4670,4670,3887.78,2024-10-25T13:03:10,bizum,completed
4671,4671,1343.42,2026-03-19T20:21:18,transfer,completed
4672,4672,569.46,2025-02-01T11:01:18,card,refunded
4673,4673,3183.97,2024-11-18T00:12:46,card,completed
4674,4674,1330.67,2024-04-03T16:47:02,card,completed
4675,4675,4320.78,2024-12-11T04:17:17,card,failed
4676,4676,1085.05,2025-09-10T03:17:04,card,completed
4677,4677,5654.26,2024-09-13T21:55:21,paypal,completed
4678,4678,142.13,2024-02-18T23:28:58,card,refunded
4679,4679,432.62,2026-03-05T10:12:23,bizum,completed
4680,4680,288.14,2025-06-19T14:39:57,card,completed
4681,4681,4799.92,2025-05-09T06:26:43,paypal,refunded
4682,4682,1904.59,2024-07-31T17:23:10,card,completed
4683,4683,784.32,2024-02-03T16:21:27,transfer,completed
4684,4684,2706.2,2026-06-29T09:37:26,bizum,completed
4685,4685,2836.52,2025-01-04T20:09:15,card,completed
4686,4686,2912.39,2025-08-10T13:34:29,card,completed
4687,4687,246.21,2024-10-14T18:24:55,card,completed
4688,4688,1250.9,2024-12-01T21:02:36,paypal,completed
4689,4689,1163.49,2026-01-16T00:00:07,card,completed
4690,4690,4584.68,2025-09-24T01:48:44,paypal,completed
4691,4691,856.17,2026-03-08T12:27:29,paypal,completed
4692,4692,1624.88,2025-07-15T06:15:02,paypal,failed
4693,4693,576.42,2024-04-27T04:57:07,transfer,completed
4694,4694,79.46,2024-05-17T05:55:58,paypal,completed
4695,4695,947.35,2024-05-20T11:56:44,paypal,completed
4696,4696,61.08,2025-11-03T17:40:32,card,completed
4697,4697,410.45,2025-09-06T05:51:31,card,completed
4698,4698,54.58,2024-03-15T08:45:05,paypal,completed
4699,4699,3171.74,2025-10-03T14:10:50,bizum,completed
4700,4700,240.32,2024-09-16T02:23:59,paypal,completed
4701,4701,370.09,2024-07-21T02:08:53,paypal,completed
4702,4702,1145.87,2026-06-12T00:02:14,card,completed
4703,4703,1330.67,2025-01-29T03:58:34,card,completed
4704,4704,1194.16,2025-10-14T02:56:39,card,refunded
4705,4705,262.34,2025-06-24T13:12:23,card,completed
4706,4706,280.41,2026-01-31T16:02:28,card,completed
4707,4707,2217.98,2026-05-07T01:35:47,card,completed
4708,4708,874.57,2025-07-26T15:39:45,paypal,completed
4709,4709,2153.98,2025-05-01T00:10:03,transfer,refunded
4710,4710,1143.79,2026-02-27T23:47:54,transfer,refunded
4711,4711,271.62,2026-04-29T18:21:23,card,pending
4712,4712,1204.4,2025-07-26T11:22:08,card,completed
4713,4713,2513.1,2025-07-23T10:40:08,card,refunded
4714,4714,387.83,2024-10-26T20:39:41,card,refunded
4715,4715,282.23,2025-06-15T15:02:39,card,refunded
4716,4716,3391.2,2025-08-19T07:46:02,paypal,failed
4717,4717,1242.32,2025-05-12T04:47:16,card,completed
4718,4718,3525.42,2024-03-31T17:11:34,card,completed
4719,4719,3049.33,2025-10-27T03:12:26,paypal,completed
4720,4720,2779.05,2024-03-07T11:19:04,card,pending
4721,4721,159.03,2025-07-03T07:45:46,paypal,completed
4722,4722,1203.82,2025-11-11T01:39:11,card,completed
4723,4723,465.03,2025-05-22T22:14:15,card,completed
4724,4724,862.88,2025-04-08T06:40:09,card,pending
4725,4725,5049.1,2026-05-15T10:48:18,card,completed
4726,4726,1861.91,2025-01-15T09:19:18,card,completed
4727,4727,230.54,2025-09-28T05:30:42,card,refunded
4728,4728,277.84,2024-06-17T02:12:06,card,completed
4729,4729,1574.81,2024-11-14T01:25:01,paypal,refunded
4730,4730,324.49,2024-01-15T07:03:16,card,completed
4731,4731,397.22,2025-02-09T10:54:25,card,completed
4732,4732,543.57,2025-04-18T11:03:18,paypal,completed
4733,4733,970.93,2024-03-13T22:57:36,paypal,completed
4734,4734,301.79,2026-03-18T01:43:37,card,completed
4735,4735,346.34,2024-05-02T16:13:14,card,completed
4736,4736,1007.1,2026-03-02T14:19:33,card,refunded
4737,4737,820.9,2025-07-11T12:49:54,card,pending
4738,4738,1223.6,2024-03-12T14:27:24,paypal,completed
4739,4739,2795.62,2025-03-06T00:21:15,paypal,completed
4740,4740,781.95,2025-09-29T11:48:59,paypal,completed
4741,4741,215.42,2025-07-21T11:16:03,card,completed
4742,4742,1825.91,2026-01-04T08:30:14,transfer,completed
4743,4743,641.9,2025-05-15T18:28:40,bizum,completed
4744,4744,1081.36,2024-12-20T00:41:43,card,completed
4745,4745,27.88,2026-02-23T16:12:31,card,completed
4746,4746,6463.98,2024-03-23T06:26:59,paypal,completed
4747,4747,591.04,2026-03-13T22:36:33,paypal,completed
4748,4748,716.45,2025-08-27T09:45:33,card,refunded
4749,4749,2088.99,2026-05-01T03:00:38,bizum,completed
4750,4750,5245.65,2026-06-06T15:56:15,card,completed
4751,4751,272.65,2026-05-28T02:10:01,card,completed
4752,4752,1521.41,2026-05-25T01:50:55,card,completed
4753,4753,1405.63,2024-05-11T07:48:47,card,refunded
4754,4754,65.57,2026-01-30T12:38:05,card,completed
4755,4755,1926.14,2024-02-15T23:04:22,card,completed
4756,4756,99.42,2026-05-10T01:35:44,paypal,completed
4757,4757,1632.1,2026-01-23T06:57:49,card,completed
4758,4758,1774.53,2024-01-18T01:48:10,paypal,refunded
4759,4759,580.13,2026-02-23T21:28:37,card,refunded
4760,4760,1331.07,2024-08-30T08:23:45,card,completed
4761,4761,67.7,2024-11-13T10:28:48,card,completed
4762,4762,4242.77,2025-04-01T07:24:02,card,completed
4763,4763,1827.07,2024-09-01T10:06:03,paypal,completed
4764,4764,261.69,2025-12-29T07:48:36,paypal,pending
4765,4765,1625.77,2024-09-02T18:26:25,paypal,pending
4766,4766,451.64,2025-05-03T02:37:18,card,completed
4767,4767,967.28,2025-12-10T22:49:23,bizum,completed
4768,4768,274.08,2024-05-11T22:24:18,card,completed
4769,4769,184.62,2025-06-12T08:52:13,paypal,completed
4770,4770,285.92,2024-02-22T20:38:48,card,completed
4771,4771,2459.35,2024-02-12T14:07:25,card,completed
4772,4772,413.83,2026-03-14T17:43:38,card,completed
4773,4773,2630.42,2025-01-21T00:41:59,paypal,completed
4774,4774,1861.84,2025-11-30T19:56:01,paypal,completed
4775,4775,2653.82,2024-12-13T15:59:31,card,refunded
4776,4776,799.07,2024-11-25T08:47:51,card,completed
4777,4777,219.93,2025-07-23T04:33:44,bizum,completed
4778,4778,394.14,2024-11-22T07:03:27,card,completed
4779,4779,603.58,2025-11-19T13:39:07,card,completed
4780,4780,759.59,2024-09-13T17:52:07,card,completed
4781,4781,25.6,2025-08-11T11:56:43,card,completed
4782,4782,771.94,2024-10-06T23:02:33,card,completed
4783,4783,706.39,2026-03-16T07:44:14,paypal,completed
4784,4784,4711.23,2024-05-05T14:14:30,paypal,completed
4785,4785,184.62,2026-06-04T16:43:31,card,completed
4786,4786,331.2,2026-02-19T02:13:34,bizum,completed
4787,4787,884.79,2025-07-31T20:51:02,paypal,completed
4788,4788,2931.65,2025-07-10T12:03:08,paypal,refunded
4789,4789,1799.62,2026-06-03T00:33:16,paypal,completed
4790,4790,1257.03,2025-09-21T15:21:20,paypal,completed
4791,4791,2657.38,2026-04-08T00:12:16,card,completed
4792,4792,1408.86,2025-02-14T18:35:03,paypal,completed
4793,4793,2314.18,2025-06-05T04:14:49,bizum,refunded
4794,4794,1693.24,2026-06-13T14:17:36,card,completed
4795,4795,1082.86,2026-02-20T00:14:11,paypal,refunded
4796,4796,284.64,2025-01-29T12:10:45,card,completed
4797,4797,584.92,2025-12-18T19:46:16,card,completed
4798,4798,421.82,2025-10-28T06:46:28,bizum,completed
4799,4799,11.79,2025-10-24T21:36:43,card,completed
4800,4800,437.24,2025-02-13T01:41:25,card,completed
4801,4801,407.29,2025-09-22T06:31:25,transfer,completed
4802,4802,669.94,2024-02-15T13:28:22,card,completed
4803,4803,635.26,2025-07-03T09:18:52,paypal,completed
4804,4804,2294.13,2025-09-23T21:41:37,paypal,completed
4805,4805,1245.48,2026-06-04T03:18:25,card,failed
4806,4806,284.05,2026-03-23T20:03:05,card,refunded
4807,4807,2383.25,2026-05-06T06:52:58,bizum,completed
4808,4808,909.93,2025-07-04T23:33:28,card,completed
4809,4809,588.67,2026-02-17T04:31:57,card,pending
4810,4810,458.59,2025-05-19T17:47:52,card,completed
4811,4811,1187.38,2025-11-19T03:26:21,transfer,refunded
4812,4812,399.03,2026-03-17T15:53:36,bizum,completed
4813,4813,54.58,2024-09-12T12:05:57,card,completed
4814,4814,1063.05,2025-09-18T02:58:09,paypal,completed
4815,4815,267.51,2024-06-15T17:07:42,transfer,completed
4816,4816,65.57,2026-01-04T13:53:52,transfer,completed
4817,4817,955.91,2026-02-23T01:49:58,card,pending
4818,4818,1805.42,2026-06-16T19:28:40,card,completed
4819,4819,504.21,2025-11-13T22:09:37,card,completed
4820,4820,1278.57,2025-03-16T06:16:33,paypal,completed
4821,4821,1398.55,2025-03-31T11:19:22,bizum,completed
4822,4822,2600.54,2025-11-17T05:01:41,paypal,refunded
4823,4823,2105.98,2024-03-24T17:21:31,card,refunded
4824,4824,1565.03,2025-11-06T20:04:06,card,refunded
4825,4825,140.11,2026-05-20T10:43:26,bizum,refunded
4826,4826,1073.28,2024-09-30T08:19:28,card,completed
4827,4827,1086.77,2024-11-22T05:39:40,paypal,refunded
4828,4828,24.88,2025-03-09T03:13:43,paypal,completed
4829,4829,730.27,2026-01-09T17:44:28,transfer,completed
4830,4830,807.72,2025-05-24T04:47:39,card,completed
4831,4831,993.6,2024-08-03T15:20:41,card,completed
4832,4832,3321.43,2024-09-23T07:08:47,bizum,refunded
4833,4833,2607.62,2024-04-05T22:50:21,paypal,completed
4834,4834,1639.3,2025-12-21T07:34:04,card,refunded
4835,4835,634.54,2025-09-09T05:26:04,card,completed
4836,4836,1639.83,2026-01-28T04:46:36,card,completed
4837,4837,791.36,2025-09-16T13:04:37,bizum,completed
4838,4838,1254.91,2025-12-23T03:45:31,card,completed
4839,4839,558.2,2024-10-07T01:30:30,transfer,completed
4840,4840,410.45,2026-01-14T12:12:50,card,completed
4841,4841,3748.96,2026-03-13T07:10:26,card,completed
4842,4842,1027.7,2024-02-12T21:39:30,transfer,refunded
4843,4843,850.51,2025-07-30T16:01:07,transfer,completed
4844,4844,301.51,2024-01-12T14:29:11,card,completed
4845,4845,432.62,2026-03-18T08:09:52,card,completed
4846,4846,2041.47,2024-07-22T00:50:03,card,completed
4847,4847,606.62,2025-02-14T02:41:42,card,completed
4848,4848,1851.5,2025-07-28T22:08:27,bizum,completed
4849,4849,729.63,2025-09-24T19:19:44,card,completed
4850,4850,2521.9,2024-11-26T01:03:43,card,completed
4851,4851,5396.94,2025-06-18T10:02:43,card,completed
4852,4852,705.89,2024-11-13T05:54:20,card,failed
4853,4853,204.27,2025-09-26T07:23:30,card,completed
4854,4854,574.0,2025-03-16T00:30:33,card,completed
4855,4855,5423.84,2024-12-12T14:46:37,paypal,completed
4856,4856,344.43,2024-07-27T14:19:04,paypal,pending
4857,4857,1146.43,2024-07-31T01:28:38,card,completed
4858,4858,1625.77,2025-02-13T05:34:10,paypal,completed
4859,4859,204.65,2024-06-19T18:38:47,transfer,refunded
4860,4860,2362.19,2025-12-12T13:10:04,card,completed
4861,4861,717.73,2025-10-19T10:26:49,bizum,completed
4862,4862,588.67,2025-07-02T16:03:19,card,completed
4863,4863,11.9,2024-06-07T11:08:50,card,completed
4864,4864,482.27,2026-02-19T15:10:35,card,completed
4865,4865,30.3,2025-05-10T23:33:52,bizum,completed
4866,4866,3838.01,2026-03-07T04:42:50,card,completed
4867,4867,2454.93,2025-11-14T04:16:37,card,completed
4868,4868,1907.11,2025-08-09T07:52:49,transfer,completed
4869,4869,564.0,2025-06-05T12:30:26,bizum,completed
4870,4870,3292.0,2026-01-23T11:40:16,bizum,completed
4871,4871,2114.19,2025-02-04T18:44:21,paypal,failed
4872,4872,128.36,2025-08-21T01:25:49,paypal,pending
4873,4873,1861.84,2024-11-20T22:29:23,card,completed
4874,4874,597.08,2024-08-30T14:50:20,paypal,refunded
4875,4875,702.81,2025-01-24T11:19:41,card,refunded
4876,4876,35.38,2024-01-22T21:52:26,paypal,pending
4877,4877,810.0,2024-07-22T13:50:42,card,completed
4878,4878,206.74,2025-05-18T12:20:11,transfer,refunded
4879,4879,458.59,2026-03-29T04:52:40,card,refunded
4880,4880,58.4,2025-11-29T13:18:44,paypal,completed
4881,4881,530.03,2026-03-08T08:11:19,card,completed
4882,4882,1544.48,2024-06-27T01:15:52,card,completed
4883,4883,5086.56,2026-01-23T13:19:11,card,pending
4884,4884,3675.76,2025-11-16T14:46:11,card,refunded
4885,4885,2426.53,2024-02-12T09:43:26,bizum,completed
4886,4886,586.68,2025-03-13T20:31:27,bizum,completed
4887,4887,475.41,2026-04-26T16:30:45,card,refunded
4888,4888,301.82,2024-08-29T09:46:00,card,pending
4889,4889,858.3,2024-06-07T13:07:30,card,completed
4890,4890,2877.92,2026-06-19T17:11:30,card,refunded
4891,4891,1229.8,2026-02-24T21:39:01,card,refunded
4892,4892,1108.86,2026-04-14T07:35:44,bizum,completed
4893,4893,1631.52,2025-06-06T12:29:51,bizum,completed
4894,4894,2052.49,2025-12-18T00:17:18,card,refunded
4895,4895,5494.02,2025-01-11T22:30:45,paypal,completed
4896,4896,424.81,2025-09-27T12:26:26,card,refunded
4897,4897,2917.23,2026-01-25T14:31:50,paypal,completed
4898,4898,1274.43,2026-03-11T13:30:55,transfer,refunded
4899,4899,299.0,2024-10-10T16:15:47,paypal,completed
4900,4900,256.11,2025-10-01T16:30:01,card,completed
4901,4901,1231.35,2025-10-12T21:25:36,bizum,failed
4902,4902,20.23,2026-06-13T04:27:41,paypal,completed
4903,4903,63.65,2025-08-31T09:38:24,card,completed
4904,4904,425.79,2025-01-08T05:43:52,card,completed
4905,4905,2428.89,2024-06-10T11:31:55,paypal,completed
4906,4906,3403.29,2025-08-26T02:01:58,card,completed
4907,4907,2683.85,2026-04-08T23:56:57,card,completed
4908,4908,2240.77,2025-09-30T00:39:28,transfer,refunded
4909,4909,1418.06,2026-02-22T04:26:28,card,completed
4910,4910,1268.66,2025-11-30T06:04:50,paypal,refunded
4911,4911,28.84,2025-08-12T19:59:16,card,completed
4912,4912,754.86,2024-01-09T11:35:24,transfer,refunded
4913,4913,5471.91,2024-05-27T23:57:17,transfer,refunded
4914,4914,2058.99,2024-10-14T18:24:15,bizum,refunded
4915,4915,2299.1,2025-11-28T23:41:00,card,completed
4916,4916,577.08,2025-07-16T07:03:47,card,pending
4917,4917,3802.03,2025-10-28T23:35:48,paypal,completed
4918,4918,543.57,2025-03-14T12:25:52,bizum,refunded
4919,4919,709.42,2024-07-08T16:11:28,card,completed
4920,4920,272.98,2024-11-19T15:39:17,card,completed
4921,4921,946.87,2026-06-11T14:48:31,card,pending
4922,4922,955.56,2025-02-07T17:02:25,card,refunded
4923,4923,899.67,2025-04-30T02:15:19,paypal,completed
4924,4924,387.81,2025-11-12T05:33:08,paypal,completed
4925,4925,89.48,2026-06-01T13:22:47,card,pending
4926,4926,1253.63,2025-01-21T18:54:05,paypal,completed
4927,4927,690.85,2024-02-05T17:36:58,paypal,completed
4928,4928,1044.09,2024-10-05T02:23:33,card,completed
4929,4929,480.87,2025-12-06T11:38:35,paypal,completed
4930,4930,2081.78,2026-01-04T15:29:20,paypal,pending
4931,4931,1166.56,2024-03-20T10:57:48,card,completed
4932,4932,4818.44,2026-05-26T04:29:36,bizum,pending
4933,4933,1312.18,2026-02-25T14:29:26,card,completed
4934,4934,2060.44,2026-05-03T17:59:58,bizum,completed
4935,4935,1259.83,2024-11-04T07:12:47,paypal,completed
4936,4936,560.23,2025-09-12T05:36:47,paypal,completed
4937,4937,182.4,2025-08-30T00:58:31,card,completed
4938,4938,4521.39,2024-12-21T17:38:42,bizum,refunded
4939,4939,958.35,2025-05-24T13:35:59,card,completed
4940,4940,295.07,2024-09-07T08:32:33,paypal,pending
4941,4941,92.31,2025-04-06T05:29:22,transfer,completed
4942,4942,165.72,2024-05-20T06:55:17,card,completed
4943,4943,1004.94,2024-09-20T22:08:01,bizum,completed
4944,4944,730.27,2025-06-12T17:14:46,paypal,completed
4945,4945,240.32,2025-08-05T08:15:05,paypal,completed
4946,4946,482.46,2025-05-17T12:44:36,bizum,completed
4947,4947,1492.69,2025-06-03T01:46:56,card,completed
4948,4948,105.12,2025-01-17T06:49:27,card,refunded
4949,4949,861.38,2026-04-20T18:07:32,paypal,completed
4950,4950,71.21,2026-03-27T07:16:41,paypal,completed
4951,4951,694.28,2024-12-01T17:53:27,card,refunded
4952,4952,3069.19,2025-01-05T14:26:00,card,completed
4953,4953,435.88,2025-03-21T20:09:24,card,pending
4954,4954,489.79,2025-08-29T20:19:34,card,completed
4955,4955,6882.39,2024-11-23T03:15:49,paypal,completed
4956,4956,480.64,2024-03-14T09:32:39,card,completed
4957,4957,11.9,2024-08-28T09:24:12,card,completed
4958,4958,1892.75,2026-04-11T16:06:54,card,completed
4959,4959,1175.14,2024-05-07T07:53:22,bizum,completed
4960,4960,261.04,2025-07-30T18:30:31,card,completed
4961,4961,938.29,2026-06-25T22:06:56,paypal,completed
4962,4962,2222.96,2024-03-12T20:23:48,card,completed
4963,4963,29.79,2024-01-27T22:59:10,card,completed
4964,4964,502.41,2024-09-12T14:44:47,card,completed
4965,4965,878.2,2026-03-27T22:29:53,card,pending
4966,4966,67.56,2025-03-07T13:31:45,card,completed
4967,4967,860.54,2026-04-27T23:08:07,paypal,completed
4968,4968,744.38,2025-09-28T23:35:02,card,completed
4969,4969,1000.4,2025-08-09T14:26:51,paypal,completed
4970,4970,2349.94,2025-03-27T08:36:14,card,completed
4971,4971,28.84,2026-04-11T08:20:30,paypal,refunded
4972,4972,1438.96,2026-01-31T11:06:02,card,completed
4973,4973,208.36,2026-02-11T05:24:23,paypal,completed
4974,4974,1027.7,2025-05-08T14:01:50,card,completed
4975,4975,64.3,2024-08-13T02:05:14,paypal,completed
4976,4976,159.8,2026-03-13T08:20:46,transfer,completed
4977,4977,4588.26,2024-02-22T13:18:10,card,pending
4978,4978,2209.1,2025-09-03T11:25:34,card,completed
4979,4979,281.22,2026-01-26T17:20:09,transfer,completed
4980,4980,5685.29,2026-05-09T20:42:17,card,completed
4981,4981,45.06,2025-11-22T02:27:00,paypal,pending
4982,4982,819.74,2024-07-03T15:35:14,card,failed
4983,4983,4748.65,2025-05-19T12:27:35,card,completed
4984,4984,1267.88,2024-01-01T20:44:15,paypal,completed
4985,4985,784.32,2025-11-13T21:34:10,card,refunded
4986,4986,1544.56,2026-03-15T19:55:12,transfer,completed
4987,4987,657.24,2026-05-02T17:22:22,card,completed
4988,4988,1899.39,2025-11-09T06:08:35,card,refunded
4989,4989,1198.62,2024-10-01T02:35:21,card,completed
4990,4990,2270.36,2025-11-24T03:16:10,paypal,completed
4991,4991,723.28,2025-08-03T07:20:48,transfer,refunded
4992,4992,424.81,2026-03-08T15:39:20,paypal,refunded
4993,4993,846.62,2026-03-15T19:22:07,card,completed
4994,4994,1052.58,2026-02-13T01:19:22,card,completed
4995,4995,64.3,2026-04-07T02:42:04,transfer,refunded
4996,4996,64.18,2026-01-29T17:37:02,card,completed
4997,4997,1121.07,2026-02-25T06:44:57,card,refunded
4998,4998,274.78,2024-05-15T23:44:23,card,completed
4999,4999,27.31,2026-05-22T01:01:51,transfer,completed
5000,5000,351.25,2025-06-11T20:59:59,paypal,refunded
5001,5001,2343.8,2026-05-16T23:37:12,card,completed
5002,5002,2611.82,2026-03-08T23:12:25,card,completed
5003,5003,743.49,2024-05-19T11:14:30,card,refunded
5004,5004,7482.72,2024-01-03T22:56:10,bizum,refunded
5005,5005,2194.05,2025-07-11T11:14:30,transfer,completed
5006,5006,1203.99,2024-04-22T21:03:08,paypal,completed
5007,5007,151.81,2024-03-08T04:32:23,card,completed
5008,5008,682.47,2025-05-04T21:20:20,paypal,pending
5009,5009,309.99,2024-12-12T00:51:22,card,refunded
5010,5010,1993.48,2024-11-09T10:17:45,paypal,completed
5011,5011,1971.07,2025-04-26T10:20:36,transfer,completed
5012,5012,1004.82,2026-03-02T00:02:36,card,refunded
5013,5013,3345.39,2024-01-15T14:24:17,card,completed
5014,5014,141.44,2025-01-18T15:50:50,card,completed
5015,5015,67.56,2025-09-19T16:18:17,card,completed
5016,5016,1143.79,2025-07-29T03:14:28,paypal,completed
5017,5017,1066.55,2025-03-29T12:39:15,card,pending
5018,5018,627.46,2024-06-23T01:13:46,paypal,completed
5019,5019,3134.6,2026-04-01T14:48:27,paypal,completed
5020,5020,860.53,2024-03-23T08:01:53,transfer,completed
5021,5021,684.44,2025-04-19T14:03:29,transfer,completed
5022,5022,38.57,2025-06-20T06:47:21,paypal,completed
5023,5023,83.62,2026-02-04T23:07:09,card,completed
5024,5024,231.51,2024-07-05T20:43:40,card,completed
5025,5025,268.12,2026-06-07T01:48:14,card,completed
5026,5026,329.27,2026-03-19T16:57:53,card,completed
5027,5027,2052.49,2025-05-12T04:00:33,bizum,completed
5028,5028,5163.12,2026-03-17T05:51:55,card,completed
5029,5029,532.28,2025-03-14T07:30:49,transfer,completed
5030,5030,2349.94,2026-03-08T02:51:11,paypal,completed
5031,5031,1259.83,2026-02-17T22:36:04,transfer,completed
5032,5032,1762.91,2025-03-20T14:19:33,transfer,refunded
5033,5033,529.86,2025-09-22T15:49:27,card,completed
5034,5034,27.4,2026-01-25T09:31:44,paypal,completed
5035,5035,523.38,2024-04-10T09:22:17,card,completed
5036,5036,174.44,2025-12-04T14:24:01,bizum,completed
5037,5037,970.93,2025-08-08T22:07:01,paypal,completed
5038,5038,3188.01,2025-10-09T21:03:21,card,refunded
5039,5039,2057.57,2024-05-19T09:49:02,bizum,completed
5040,5040,2822.56,2026-04-17T23:56:04,card,completed
5041,5041,1879.23,2026-03-08T01:44:17,card,pending
5042,5042,2343.1,2024-12-17T15:17:47,paypal,completed
5043,5043,4346.62,2024-02-16T07:57:22,bizum,completed
5044,5044,1330.67,2026-06-21T19:01:10,bizum,completed
5045,5045,976.31,2025-06-08T05:44:29,paypal,pending
5046,5046,569.79,2024-04-01T20:47:23,card,completed
5047,5047,1197.6,2026-01-02T06:18:39,card,completed
5048,5048,1023.04,2024-09-16T11:53:57,card,completed
5049,5049,909.28,2024-08-12T07:00:59,card,failed
5050,5050,11.79,2025-09-21T15:01:46,paypal,completed
5051,5051,157.12,2026-04-26T21:19:16,card,completed
5052,5052,632.28,2025-08-08T00:22:11,paypal,refunded
5053,5053,1986.97,2024-05-19T15:45:32,card,completed
5054,5054,499.98,2026-03-05T22:14:36,card,completed
5055,5055,3308.66,2026-06-27T00:59:49,card,refunded
5056,5056,614.03,2026-04-04T04:57:53,card,completed
5057,5057,5551.62,2026-03-28T16:48:05,card,completed
5058,5058,1027.7,2025-07-17T21:39:35,card,completed
5059,5059,2952.99,2025-08-19T12:17:01,card,completed
5060,5060,2626.45,2025-05-18T15:39:52,paypal,completed
5061,5061,897.91,2025-10-07T02:30:15,card,completed
5062,5062,2076.52,2025-01-18T10:51:44,card,completed
5063,5063,4217.45,2025-01-11T14:26:16,card,completed
5064,5064,1202.51,2024-11-03T08:06:45,paypal,completed
5065,5065,1517.91,2025-08-02T07:27:10,card,completed
5066,5066,606.45,2025-12-07T14:49:58,card,failed
5067,5067,633.94,2025-11-30T04:56:30,card,completed
5068,5068,1330.67,2026-05-10T16:39:27,card,completed
5069,5069,1052.58,2025-06-09T14:48:10,card,completed
5070,5070,566.19,2026-03-01T10:58:06,card,completed
5071,5071,1058.75,2026-06-23T21:05:49,card,completed
5072,5072,654.42,2025-08-23T23:57:29,transfer,completed
5073,5073,4485.48,2025-09-02T20:06:13,card,completed
5074,5074,1367.01,2026-02-05T20:43:10,card,completed
5075,5075,248.54,2025-07-31T01:49:29,card,completed
5076,5076,347.14,2024-12-21T17:44:30,bizum,completed
5077,5077,4340.5,2025-12-15T09:35:36,card,completed
5078,5078,1641.99,2026-01-07T11:35:51,paypal,refunded
5079,5079,394.12,2025-10-05T08:18:54,paypal,completed
5080,5080,6942.74,2024-04-06T05:53:51,card,refunded
5081,5081,1941.62,2025-03-20T10:12:23,bizum,completed
5082,5082,2700.0,2024-12-06T16:19:39,card,completed
5083,5083,416.27,2025-12-24T05:48:23,card,completed
5084,5084,1361.65,2024-09-17T05:34:55,card,completed
5085,5085,2806.74,2026-03-01T04:53:41,paypal,completed
5086,5086,1364.33,2024-03-04T07:50:49,card,pending
5087,5087,1418.06,2024-06-01T07:59:25,paypal,completed
5088,5088,1216.31,2024-02-15T16:03:19,card,refunded
5089,5089,542.89,2024-01-24T04:28:22,card,completed
5090,5090,287.0,2025-08-30T00:23:23,card,completed
5091,5091,58.4,2026-03-05T17:25:03,bizum,completed
5092,5092,1917.12,2026-05-29T02:03:47,card,completed
5093,5093,328.36,2024-05-12T07:40:04,paypal,pending
5094,5094,1428.38,2024-07-03T06:18:00,paypal,completed
5095,5095,844.49,2024-01-18T09:24:17,transfer,completed
5096,5096,2507.57,2026-01-01T07:53:34,transfer,completed
5097,5097,639.35,2025-01-30T04:47:56,bizum,completed
5098,5098,2908.99,2025-04-10T16:41:30,card,completed
5099,5099,2454.24,2026-03-26T00:35:47,card,completed
5100,5100,1572.53,2026-01-06T05:56:58,card,completed
5101,5101,121.35,2025-08-02T13:35:29,card,completed
5102,5102,880.03,2025-01-15T15:03:29,card,completed
5103,5103,632.28,2024-09-15T03:41:55,paypal,refunded
5104,5104,6.17,2024-04-21T23:09:29,card,completed
5105,5105,3922.21,2026-02-14T03:51:16,card,completed
5106,5106,312.57,2025-10-13T13:05:54,paypal,completed
5107,5107,516.67,2026-04-28T16:02:44,transfer,completed
5108,5108,3900.63,2025-06-21T05:24:02,paypal,completed
5109,5109,1259.83,2025-12-06T05:39:48,card,refunded
5110,5110,299.21,2024-11-20T01:27:36,bizum,refunded
5111,5111,2677.74,2026-01-26T12:29:49,card,completed
5112,5112,257.21,2025-08-10T09:16:26,paypal,completed
5113,5113,1206.33,2025-03-05T09:00:27,card,completed
5114,5114,427.87,2025-12-21T06:49:52,card,completed
5115,5115,668.1,2026-01-26T06:46:59,card,pending
5116,5116,8158.95,2025-12-05T03:04:40,bizum,completed
5117,5117,1240.98,2024-06-17T16:40:16,card,completed
5118,5118,2063.58,2025-08-23T12:37:16,paypal,refunded
5119,5119,31.02,2026-03-20T01:49:13,paypal,completed
5120,5120,926.35,2025-07-28T17:38:54,card,completed
5121,5121,926.35,2025-09-26T22:54:40,card,completed
5122,5122,1739.77,2025-04-05T12:50:05,card,refunded
5123,5123,542.89,2026-06-19T22:33:09,paypal,completed
5124,5124,404.1,2026-04-06T21:46:44,card,completed
5125,5125,3101.06,2026-05-29T03:58:58,transfer,completed
5126,5126,349.05,2025-04-04T06:17:11,paypal,completed
5127,5127,804.29,2025-08-31T14:07:11,card,completed
5128,5128,2029.5,2024-03-08T20:18:00,paypal,completed
5129,5129,562.13,2026-02-01T13:07:59,bizum,pending
5130,5130,3790.76,2026-06-05T05:15:19,paypal,refunded
5131,5131,1452.34,2024-01-13T06:24:48,card,completed
5132,5132,863.79,2024-04-22T09:29:26,paypal,completed
5133,5133,893.38,2024-04-28T07:00:12,card,completed
5134,5134,939.15,2026-02-24T00:03:17,paypal,completed
5135,5135,787.07,2025-11-10T10:43:11,card,completed
5136,5136,54.58,2026-06-10T18:17:04,card,completed
5137,5137,602.2,2024-04-20T21:07:16,card,refunded
5138,5138,2285.79,2024-01-15T00:45:27,card,refunded
5139,5139,348.88,2025-03-20T13:44:42,card,refunded
5140,5140,228.3,2025-01-03T22:17:06,card,completed
5141,5141,885.46,2024-06-07T16:19:05,transfer,completed
5142,5142,689.67,2024-12-23T06:36:50,paypal,pending
5143,5143,1672.72,2025-10-21T23:57:16,paypal,completed
5144,5144,1492.69,2024-09-24T11:31:28,card,completed
5145,5145,281.0,2025-01-06T16:28:10,card,completed
5146,5146,420.66,2024-03-26T06:12:27,card,completed
5147,5147,348.7,2025-07-05T00:38:18,paypal,completed
5148,5148,46.08,2024-07-12T19:45:37,paypal,completed
5149,5149,1044.04,2026-05-05T01:00:40,card,completed
5150,5150,843.64,2025-05-30T05:44:25,card,completed
5151,5151,2090.87,2025-08-04T02:35:50,card,completed
5152,5152,43.99,2024-08-02T05:31:15,paypal,refunded
5153,5153,950.92,2026-04-11T21:10:26,card,failed
5154,5154,2208.11,2024-06-08T15:52:13,card,completed
5155,5155,894.77,2025-09-24T05:36:47,card,pending
5156,5156,566.16,2026-01-06T22:39:42,paypal,completed
5157,5157,1044.5,2026-01-02T15:42:32,bizum,completed
5158,5158,451.64,2024-08-22T09:26:15,card,refunded
5159,5159,1027.7,2025-06-22T20:04:10,card,completed
5160,5160,888.46,2025-08-07T07:27:18,paypal,completed
5161,5161,1081.31,2026-03-18T01:28:21,transfer,completed
5162,5162,121.51,2025-07-09T20:53:41,paypal,completed
5163,5163,1099.47,2024-09-28T05:43:02,transfer,completed
5164,5164,839.59,2024-05-06T05:31:41,card,refunded
5165,5165,51.85,2024-04-27T06:17:41,card,completed
5166,5166,86.52,2025-04-24T10:46:46,paypal,completed
5167,5167,775.66,2024-08-30T04:06:05,bizum,completed
5168,5168,477.29,2025-05-18T05:35:39,paypal,completed
5169,5169,224.22,2024-04-18T18:11:10,paypal,completed
5170,5170,639.35,2025-09-04T21:13:15,card,completed
5171,5171,64.09,2026-06-09T20:15:11,paypal,completed
5172,5172,2179.42,2026-01-10T11:07:34,paypal,pending
5173,5173,1810.05,2025-03-27T00:02:05,paypal,refunded
5174,5174,1962.59,2025-06-26T14:08:10,paypal,refunded
5175,5175,61.96,2024-03-30T18:07:31,card,completed
5176,5176,1870.11,2024-05-16T08:54:13,paypal,completed
5177,5177,293.97,2024-03-25T14:06:58,card,completed
5178,5178,1551.3,2026-01-24T11:18:56,card,completed
5179,5179,2700.0,2026-03-20T15:51:01,transfer,refunded
5180,5180,560.23,2024-10-07T10:47:02,card,completed
5181,5181,1139.95,2025-03-05T15:52:42,paypal,refunded
5182,5182,2232.44,2026-04-07T06:39:49,bizum,completed
5183,5183,231.51,2024-05-03T01:39:20,card,pending
5184,5184,3544.08,2024-04-06T22:16:21,card,completed
5185,5185,574.0,2026-05-26T04:06:20,paypal,refunded
5186,5186,1578.87,2026-02-17T20:41:35,card,completed
5187,5187,760.66,2026-04-28T22:23:28,transfer,completed
5188,5188,574.55,2025-08-19T22:11:16,card,completed
5189,5189,2029.08,2025-02-23T19:10:54,transfer,completed
5190,5190,2362.61,2026-03-06T18:42:10,card,completed
5191,5191,286.7,2026-05-24T20:00:30,bizum,completed
5192,5192,407.75,2026-01-29T15:43:41,transfer,completed
5193,5193,1100.03,2025-02-14T00:45:44,card,completed
5194,5194,1259.83,2026-06-02T00:11:45,paypal,completed
5195,5195,497.27,2025-07-06T19:37:59,card,completed
5196,5196,1141.68,2025-01-13T06:51:53,card,completed
5197,5197,532.46,2025-01-21T01:41:23,card,completed
5198,5198,182.4,2025-02-08T19:16:37,card,completed
5199,5199,817.98,2025-11-01T12:56:07,transfer,completed
5200,5200,25.96,2024-02-14T22:25:33,card,completed
5201,5201,37.24,2024-12-25T22:15:45,paypal,refunded
5202,5202,287.93,2025-04-02T16:25:26,paypal,completed
5203,5203,1831.34,2024-09-14T05:58:17,transfer,completed
5204,5204,2223.28,2025-12-28T08:16:11,paypal,refunded
5205,5205,899.67,2024-10-29T18:15:45,bizum,completed
5206,5206,311.01,2024-10-07T17:36:33,card,completed
5207,5207,176.48,2025-08-17T12:14:29,card,completed
5208,5208,690.85,2026-02-18T14:39:15,bizum,completed
5209,5209,801.79,2025-09-04T09:01:23,paypal,completed
5210,5210,893.38,2024-05-31T03:57:22,card,completed
5211,5211,2485.11,2025-09-05T18:25:01,bizum,completed
5212,5212,442.44,2024-10-29T08:12:51,transfer,completed
5213,5213,337.3,2025-08-18T18:29:57,card,failed
5214,5214,606.78,2026-02-12T06:48:08,transfer,completed
5215,5215,2640.21,2026-03-24T02:18:16,paypal,completed
5216,5216,3305.29,2025-10-23T00:43:13,card,completed
5217,5217,1169.37,2025-02-13T03:27:28,paypal,completed
5218,5218,721.61,2025-05-24T13:28:47,bizum,completed
5219,5219,157.12,2026-03-21T19:35:46,paypal,completed
5220,5220,1389.36,2025-11-27T09:41:57,transfer,completed
5221,5221,731.35,2025-10-05T17:00:22,card,completed
5222,5222,641.9,2025-12-15T18:19:11,paypal,completed
5223,5223,1983.73,2026-05-14T21:06:03,card,completed
5224,5224,411.22,2024-09-21T08:59:28,card,completed
5225,5225,564.0,2025-07-12T18:06:45,paypal,completed
5226,5226,1417.2,2026-01-01T05:29:09,paypal,completed
5227,5227,5077.09,2025-11-12T14:32:10,card,completed
5228,5228,964.92,2025-12-20T12:53:06,bizum,completed
5229,5229,1522.88,2025-12-11T16:19:08,paypal,completed
5230,5230,1097.52,2025-03-17T21:35:48,card,completed
5231,5231,1773.05,2026-03-11T08:08:16,bizum,completed
5232,5232,1463.19,2025-10-21T23:10:22,card,completed
5233,5233,1652.97,2025-04-10T04:58:11,paypal,completed
5234,5234,681.81,2024-12-15T09:45:42,card,completed
5235,5235,1396.57,2026-06-14T15:24:10,bizum,pending
5236,5236,1777.72,2024-07-03T15:56:32,card,refunded
5237,5237,588.67,2026-01-20T14:25:51,card,completed
5238,5238,1485.13,2026-01-01T20:08:35,card,completed
5239,5239,1202.66,2025-04-22T18:07:57,card,completed
5240,5240,115.71,2024-02-22T22:29:37,card,pending
5241,5241,256.51,2025-02-09T02:44:25,card,completed
5242,5242,560.23,2026-06-26T18:21:09,transfer,refunded
5243,5243,303.31,2024-04-15T08:49:49,bizum,completed
5244,5244,2210.84,2024-05-31T22:56:04,transfer,pending
5245,5245,2421.97,2024-04-07T14:30:54,card,completed
5246,5246,255.5,2025-04-04T13:51:54,card,completed
5247,5247,843.14,2025-11-01T09:39:23,card,pending
5248,5248,4588.26,2024-05-11T00:21:34,card,failed
5249,5249,760.07,2025-07-22T23:18:07,paypal,completed
5250,5250,1445.64,2024-11-11T06:13:20,transfer,completed
5251,5251,49.71,2026-03-13T05:04:49,paypal,completed
5252,5252,2519.66,2025-04-13T10:33:14,bizum,refunded
5253,5253,873.54,2026-05-01T19:49:10,card,completed
5254,5254,248.4,2025-12-27T09:11:57,paypal,completed
5255,5255,884.18,2026-03-25T08:03:44,card,completed
5256,5256,526.29,2024-07-19T20:13:36,card,completed
5257,5257,3425.03,2025-05-11T17:33:57,paypal,completed
5258,5258,1861.84,2024-10-18T08:37:38,paypal,completed
5259,5259,1471.6,2025-05-04T20:08:46,card,completed
5260,5260,874.09,2025-02-01T05:26:19,card,refunded
5261,5261,688.86,2025-12-26T13:29:29,card,completed
5262,5262,2199.94,2026-03-07T01:40:19,card,completed
5263,5263,1986.19,2025-10-13T14:41:00,paypal,refunded
5264,5264,2109.19,2026-05-19T21:42:56,card,refunded
5265,5265,643.74,2026-06-21T07:24:07,card,completed
5266,5266,1355.56,2024-05-10T03:32:05,paypal,completed
5267,5267,1270.52,2026-03-07T15:57:25,paypal,completed
5268,5268,497.33,2025-12-14T16:20:28,paypal,completed
5269,5269,2981.84,2024-04-25T17:28:15,card,completed
5270,5270,12.34,2025-01-17T17:11:19,card,refunded
5271,5271,3525.09,2025-02-26T01:16:16,transfer,completed
5272,5272,298.0,2025-03-25T07:25:44,card,completed
5273,5273,164.86,2024-11-04T01:43:59,card,completed
5274,5274,1270.5,2025-12-10T09:10:38,bizum,completed
5275,5275,1827.16,2024-08-31T01:34:30,card,completed
5276,5276,861.38,2025-12-22T12:29:10,paypal,refunded
5277,5277,496.76,2024-11-27T13:37:30,card,completed
5278,5278,424.81,2026-03-31T01:24:21,transfer,refunded
5279,5279,2154.66,2024-05-05T04:35:21,card,completed
5280,5280,667.93,2025-10-11T12:31:54,card,refunded
5281,5281,635.26,2025-08-28T17:23:31,card,completed
5282,5282,930.61,2025-07-30T15:29:27,transfer,completed
5283,5283,3105.25,2025-12-04T22:10:21,paypal,completed
5284,5284,11.9,2024-03-07T23:07:37,card,completed
5285,5285,23.58,2025-07-09T18:09:52,paypal,pending
5286,5286,569.79,2025-07-16T14:09:20,card,completed
5287,5287,1259.83,2024-06-18T10:30:23,card,completed
5288,5288,542.89,2025-11-12T21:44:47,paypal,completed
5289,5289,1249.18,2025-03-11T06:12:56,card,completed
5290,5290,3723.68,2024-11-08T11:22:45,transfer,completed
5291,5291,60.8,2025-05-16T02:58:46,paypal,completed
5292,5292,3835.92,2026-01-24T12:39:33,bizum,completed
5293,5293,203.87,2025-01-23T21:41:50,transfer,completed
5294,5294,164.89,2025-04-08T14:21:33,card,completed
5295,5295,421.77,2025-10-31T03:19:40,transfer,completed
5296,5296,58.4,2024-12-08T23:18:18,transfer,refunded
5297,5297,90.12,2025-04-16T05:43:05,bizum,completed
5298,5298,1233.02,2024-05-25T09:51:21,card,completed
5299,5299,856.17,2024-07-24T08:58:13,transfer,completed
5300,5300,3239.41,2025-01-23T11:41:44,card,completed
5301,5301,1054.55,2024-07-06T21:16:45,card,completed
5302,5302,775.66,2024-02-27T12:36:27,card,completed
5303,5303,350.61,2024-06-04T14:47:05,bizum,pending
5304,5304,564.84,2024-09-16T13:24:26,card,refunded
5305,5305,1610.14,2026-05-15T02:25:24,paypal,completed
5306,5306,426.35,2025-05-17T23:10:57,paypal,refunded
5307,5307,688.11,2026-04-20T03:22:36,card,completed
5308,5308,2518.61,2025-10-10T09:48:10,paypal,completed
5309,5309,75.01,2024-04-21T07:49:17,card,completed
5310,5310,2584.14,2026-04-25T05:08:20,paypal,completed
5311,5311,442.91,2024-08-24T10:46:10,card,completed
5312,5312,215.91,2025-03-27T16:47:36,card,completed
5313,5313,2349.94,2025-04-10T20:47:32,card,refunded
5314,5314,92.0,2025-03-10T21:57:20,transfer,completed
5315,5315,38.17,2026-03-08T17:46:46,card,completed
5316,5316,2593.21,2026-04-08T07:06:29,card,completed
5317,5317,632.28,2024-09-14T03:01:38,card,completed
5318,5318,744.38,2024-05-08T23:27:30,paypal,completed
5319,5319,779.14,2024-11-14T01:21:46,card,completed
5320,5320,476.1,2025-08-16T18:25:26,card,completed
5321,5321,2708.46,2026-06-03T12:50:19,card,completed
5322,5322,2833.71,2025-05-16T07:08:49,paypal,completed
5323,5323,240.32,2025-06-14T06:41:51,bizum,completed
5324,5324,619.64,2025-08-11T06:36:34,card,completed
5325,5325,489.21,2025-10-10T14:52:35,transfer,completed
5326,5326,2073.47,2026-06-30T11:55:17,card,refunded
5327,5327,5447.95,2026-06-02T03:41:47,card,pending
5328,5328,2699.01,2024-12-19T03:54:34,card,completed
5329,5329,1698.3,2026-05-16T06:50:40,bizum,completed
5330,5330,1161.55,2026-03-16T03:11:24,paypal,refunded
5331,5331,188.28,2026-01-13T05:55:10,card,completed
5332,5332,3080.49,2025-10-10T08:10:23,card,completed
5333,5333,1861.84,2024-06-19T22:00:46,paypal,completed
5334,5334,1023.74,2026-06-21T15:39:22,card,refunded
5335,5335,410.45,2026-04-29T12:25:55,card,failed
5336,5336,4658.42,2026-06-20T21:23:30,transfer,completed
5337,5337,482.46,2024-09-23T01:20:40,card,completed
5338,5338,346.1,2025-02-20T20:10:27,paypal,completed
5339,5339,1419.46,2025-04-08T21:01:26,card,completed
5340,5340,846.62,2025-09-18T08:31:04,card,completed
5341,5341,240.32,2025-01-23T03:05:39,bizum,completed
5342,5342,496.76,2024-09-22T19:00:28,bizum,completed
5343,5343,108.78,2024-08-21T10:44:01,paypal,completed
5344,5344,3320.15,2025-07-31T18:44:09,card,completed
5345,5345,2412.22,2024-11-25T22:23:38,paypal,completed
5346,5346,29.43,2025-12-15T06:12:53,card,completed
5347,5347,1343.14,2025-08-11T23:07:25,paypal,completed
5348,5348,47.43,2025-08-05T18:52:16,paypal,completed
5349,5349,3610.84,2025-05-06T05:13:23,transfer,completed
5350,5350,542.89,2024-09-19T16:50:54,card,completed
5351,5351,2087.53,2025-08-29T22:58:52,transfer,completed
5352,5352,7278.71,2026-05-17T19:40:37,card,completed
5353,5353,560.23,2024-10-21T22:09:08,card,completed
5354,5354,1659.27,2026-01-01T11:56:53,paypal,completed
5355,5355,427.87,2025-09-30T09:33:51,card,pending
5356,5356,739.69,2025-06-26T03:36:00,paypal,completed
5357,5357,282.23,2024-07-16T05:49:15,paypal,completed
5358,5358,1463.19,2024-03-04T03:01:18,card,completed
5359,5359,128.36,2026-04-21T01:04:50,card,completed
5360,5360,1023.39,2025-06-17T18:18:20,transfer,completed
5361,5361,3635.22,2025-10-04T02:58:56,card,refunded
5362,5362,1941.93,2024-09-08T22:12:01,bizum,completed
5363,5363,215.42,2026-01-09T12:15:13,card,completed
5364,5364,580.05,2024-10-24T22:28:17,paypal,completed
5365,5365,2343.1,2025-02-27T03:50:10,bizum,refunded
5366,5366,1297.85,2025-09-15T21:00:40,bizum,completed
5367,5367,1259.83,2024-10-05T20:23:56,transfer,completed
5368,5368,825.29,2025-12-07T08:02:48,transfer,completed
5369,5369,3161.97,2026-06-27T23:55:13,card,completed
5370,5370,597.08,2026-03-18T00:45:08,paypal,completed
5371,5371,475.41,2024-11-25T11:35:35,paypal,failed
5372,5372,412.39,2024-10-13T00:43:38,transfer,completed
5373,5373,633.94,2025-11-08T21:16:50,transfer,completed
5374,5374,2256.84,2025-11-28T19:23:33,paypal,completed
5375,5375,458.34,2026-03-28T20:52:50,paypal,completed
5376,5376,301.79,2026-03-10T04:53:36,paypal,completed
5377,5377,180.1,2026-05-08T15:31:54,bizum,refunded
5378,5378,67.56,2026-05-23T19:20:14,card,completed
5379,5379,152.68,2024-09-28T18:17:15,card,refunded
5380,5380,38.17,2024-11-11T02:13:14,bizum,failed
5381,5381,775.66,2025-03-10T07:43:30,paypal,completed
5382,5382,1718.06,2025-02-03T12:29:50,card,completed
5383,5383,633.94,2025-12-13T14:38:18,transfer,completed
5384,5384,43.99,2025-08-07T12:41:42,transfer,refunded
5385,5385,878.79,2024-03-24T21:49:48,card,completed
5386,5386,113.95,2025-09-07T12:51:38,card,completed
5387,5387,1029.32,2026-05-23T00:15:32,paypal,completed
5388,5388,4699.88,2024-06-11T15:39:47,paypal,pending
5389,5389,70.72,2024-01-12T23:02:31,card,completed
5390,5390,28.84,2025-03-08T03:07:45,transfer,completed
5391,5391,447.08,2024-01-27T13:40:27,card,completed
5392,5392,1951.84,2025-01-16T20:41:01,card,completed
5393,5393,4176.79,2025-10-26T04:12:43,bizum,completed
5394,5394,632.28,2024-05-08T14:18:16,card,completed
5395,5395,355.15,2025-10-27T18:29:52,card,completed
5396,5396,2845.15,2026-05-06T16:38:11,card,completed
5397,5397,330.63,2024-03-18T21:38:42,card,completed
5398,5398,560.23,2024-03-14T00:10:14,bizum,completed
5399,5399,58.94,2025-04-06T18:58:39,card,completed
5400,5400,874.28,2026-02-09T02:30:03,card,completed
5401,5401,1005.03,2025-11-29T03:49:01,paypal,completed
5402,5402,482.46,2026-03-29T07:27:15,card,pending
5403,5403,255.5,2024-02-18T23:06:46,paypal,completed
5404,5404,363.59,2026-01-02T13:35:29,card,completed
5405,5405,1725.76,2025-11-22T20:23:48,card,completed
5406,5406,983.84,2025-04-16T07:47:28,bizum,completed
5407,5407,679.96,2025-08-16T15:16:50,card,completed
5408,5408,475.41,2025-07-05T18:32:10,paypal,completed
5409,5409,880.06,2026-02-09T09:51:06,transfer,failed
5410,5410,868.2,2025-08-25T21:04:52,card,completed
5411,5411,577.71,2024-03-26T07:41:50,card,completed
5412,5412,1237.73,2024-05-19T01:38:05,paypal,refunded
5413,5413,1348.81,2025-10-16T14:38:28,paypal,completed
5414,5414,4686.2,2026-06-28T22:05:36,card,refunded
5415,5415,958.97,2026-03-19T06:19:27,paypal,completed
5416,5416,854.69,2025-11-25T10:07:46,transfer,completed
5417,5417,2488.65,2025-10-28T11:38:50,card,completed
5418,5418,1492.69,2024-08-08T11:57:56,card,completed
5419,5419,133.55,2025-11-29T16:31:04,card,refunded
5420,5420,945.53,2025-03-15T09:40:49,paypal,completed
5421,5421,3026.72,2024-10-31T15:28:01,bizum,completed
5422,5422,475.41,2026-01-26T03:50:48,transfer,completed
5423,5423,1488.76,2024-07-25T01:16:42,card,completed
5424,5424,773.52,2024-01-19T18:20:44,transfer,completed
5425,5425,1387.51,2024-09-29T02:22:00,transfer,completed
5426,5426,1087.37,2025-02-18T17:06:29,paypal,completed
5427,5427,526.29,2025-06-12T18:38:24,paypal,completed
5428,5428,3176.47,2024-09-07T14:44:05,transfer,refunded
5429,5429,466.6,2024-05-25T17:17:25,transfer,completed
5430,5430,2115.25,2024-02-04T08:28:00,transfer,refunded
5431,5431,410.45,2026-06-20T00:27:12,card,completed
5432,5432,49.71,2024-04-17T23:11:21,paypal,refunded
5433,5433,1692.54,2026-06-01T06:46:57,transfer,completed
5434,5434,777.76,2024-01-05T12:41:42,card,completed
5435,5435,1403.37,2025-06-30T09:32:16,card,refunded
5436,5436,1202.97,2025-04-28T08:28:13,paypal,completed
5437,5437,970.93,2025-11-02T23:45:07,card,completed
5438,5438,2624.08,2025-09-05T00:15:59,card,completed
5439,5439,2584.14,2025-11-01T02:03:38,card,refunded
5440,5440,1412.85,2025-10-23T21:32:17,card,completed
5441,5441,424.81,2026-06-19T07:49:52,bizum,completed
5442,5442,1725.71,2025-04-25T08:44:43,transfer,completed
5443,5443,54.58,2025-05-02T22:37:26,card,completed
5444,5444,276.25,2024-08-10T03:35:48,card,completed
5445,5445,780.14,2024-08-05T10:05:13,card,completed
5446,5446,847.26,2025-11-19T20:19:00,card,completed
5447,5447,70.76,2025-06-24T14:11:28,card,completed
5448,5448,977.82,2025-03-07T06:40:29,transfer,completed
5449,5449,87.69,2025-07-16T10:52:11,transfer,refunded
5450,5450,2772.46,2025-09-01T09:38:56,transfer,completed
5451,5451,331.04,2024-07-04T03:55:40,transfer,completed
5452,5452,1939.19,2026-05-02T07:00:20,paypal,completed
5453,5453,64.09,2026-04-14T03:36:44,paypal,completed
5454,5454,759.59,2025-01-16T00:26:12,bizum,refunded
5455,5455,4633.44,2025-03-18T14:32:24,paypal,completed
5456,5456,1180.34,2026-02-23T23:46:03,paypal,refunded
5457,5457,569.79,2026-05-02T05:30:50,paypal,completed
5458,5458,186.07,2024-11-11T08:36:31,card,completed
5459,5459,206.43,2025-10-05T02:33:05,bizum,pending
5460,5460,502.41,2024-10-12T07:09:27,card,refunded
5461,5461,327.21,2025-04-01T00:21:47,paypal,completed
5462,5462,1295.06,2026-01-20T11:23:44,card,completed
5463,5463,1067.38,2024-08-16T08:51:42,transfer,completed
5464,5464,580.05,2025-05-31T20:30:04,bizum,completed
5465,5465,441.08,2024-04-07T22:24:13,card,completed
5466,5466,1192.44,2026-03-03T06:53:59,transfer,completed
5467,5467,299.0,2025-06-06T05:50:03,card,refunded
5468,5468,559.5,2025-08-04T07:26:04,card,completed
5469,5469,2511.86,2026-06-02T18:32:37,card,completed
5470,5470,188.28,2026-06-29T02:45:05,card,completed
5471,5471,1500.7,2025-07-05T06:45:31,paypal,completed
5472,5472,1336.79,2025-10-11T10:10:12,paypal,completed
5473,5473,29.47,2025-11-04T20:44:02,card,completed
5474,5474,893.38,2026-05-18T02:29:25,card,completed
5475,5475,4686.2,2025-10-09T11:09:19,card,completed
5476,5476,981.63,2025-11-05T08:12:47,card,completed
5477,5477,1765.39,2025-01-06T13:07:37,card,pending
5478,5478,27.31,2024-08-03T23:35:27,card,completed
5479,5479,633.94,2025-10-05T12:27:48,card,refunded
5480,5480,1046.18,2026-02-09T02:59:44,transfer,completed
5481,5481,30.98,2024-02-24T00:37:10,card,completed
5482,5482,1635.46,2025-08-09T11:06:28,transfer,completed
5483,5483,2611.14,2026-04-13T22:27:54,card,refunded
5484,5484,3909.16,2025-12-06T15:18:57,paypal,completed
5485,5485,60.8,2026-05-08T04:45:11,transfer,completed
5486,5486,331.2,2026-06-21T16:57:09,card,completed
5487,5487,1962.82,2026-06-01T04:52:35,bizum,completed
5488,5488,730.27,2025-08-12T21:16:31,card,completed
5489,5489,4361.23,2025-11-13T01:20:56,card,completed
5490,5490,759.59,2024-08-19T04:01:15,card,completed
5491,5491,3511.69,2025-02-27T03:18:36,card,pending
5492,5492,5923.12,2024-09-26T15:39:03,card,completed
5493,5493,962.28,2026-03-25T10:23:45,bizum,completed
5494,5494,676.27,2024-07-16T20:14:36,card,completed
5495,5495,832.8,2025-01-22T15:20:20,paypal,completed
5496,5496,49.16,2024-04-13T02:08:25,bizum,completed
5497,5497,571.84,2024-05-17T09:48:09,card,completed
5498,5498,1821.03,2025-10-01T18:36:40,card,completed
5499,5499,5485.4,2026-05-18T03:13:29,bizum,completed
5500,5500,2560.64,2024-01-02T17:51:56,transfer,completed
5501,5501,2092.93,2025-01-05T03:07:19,bizum,completed
5502,5502,2291.59,2026-02-02T14:41:49,card,completed
5503,5503,1799.34,2024-07-25T19:15:48,paypal,refunded
5504,5504,1237.51,2026-04-24T22:46:02,card,completed
5505,5505,335.01,2024-02-27T07:11:11,transfer,completed
5506,5506,1790.39,2026-04-18T09:47:40,bizum,refunded
5507,5507,4877.31,2025-12-14T09:50:44,card,completed
5508,5508,482.46,2026-04-06T04:16:10,card,refunded
5509,5509,64.3,2024-09-14T11:35:54,card,pending
5510,5510,1885.96,2025-11-14T06:49:34,paypal,completed
5511,5511,1861.84,2025-12-28T00:21:15,card,completed
5512,5512,329.78,2026-05-07T17:54:03,paypal,completed
5513,5513,1847.24,2025-03-29T11:58:23,card,refunded
5514,5514,1034.95,2026-03-29T07:34:40,bizum,completed
5515,5515,2110.56,2024-12-01T00:39:42,card,completed
5516,5516,855.0,2026-02-08T10:37:12,card,completed
5517,5517,3076.92,2024-09-19T04:02:59,card,failed
5518,5518,67.56,2025-07-01T18:47:33,card,completed
5519,5519,35.65,2025-06-03T04:25:01,card,completed
5520,5520,3073.25,2026-02-26T00:05:47,paypal,completed
5521,5521,1345.41,2025-02-13T20:40:11,bizum,completed
5522,5522,564.46,2025-05-22T18:00:11,card,completed
5523,5523,684.44,2026-04-27T21:11:20,paypal,pending
5524,5524,548.76,2025-08-31T21:00:50,card,completed
5525,5525,222.85,2025-02-20T01:37:42,transfer,refunded
5526,5526,1042.64,2026-05-01T19:43:31,card,refunded
5527,5527,2521.03,2025-07-27T02:59:34,card,completed
5528,5528,1797.66,2024-09-09T14:08:42,paypal,refunded
5529,5529,861.38,2025-11-02T01:50:40,transfer,pending
5530,5530,881.37,2024-05-30T21:43:33,card,completed
5531,5531,1414.43,2025-10-08T09:04:02,card,completed
5532,5532,340.41,2025-10-24T08:53:43,transfer,completed
5533,5533,992.89,2024-05-17T03:06:02,paypal,refunded
5534,5534,1492.69,2026-06-03T21:59:44,transfer,completed
5535,5535,485.31,2026-02-23T09:26:05,card,completed
5536,5536,2410.13,2025-04-25T20:52:27,transfer,completed
5537,5537,639.35,2025-11-07T23:09:11,card,completed
5538,5538,3117.38,2025-08-03T13:13:01,transfer,completed
5539,5539,251.62,2026-06-09T15:01:56,card,completed
5540,5540,993.52,2026-03-11T13:39:20,transfer,completed
5541,5541,2373.09,2025-04-09T10:19:03,paypal,refunded
5542,5542,1264.14,2024-03-29T09:57:06,paypal,refunded
5543,5543,900.0,2024-05-05T01:57:14,card,completed
5544,5544,2838.15,2025-05-05T09:43:15,paypal,completed
5545,5545,4942.61,2025-12-25T19:37:37,paypal,completed
5546,5546,387.83,2025-04-05T05:00:58,paypal,completed
5547,5547,394.12,2024-04-20T10:31:17,paypal,completed
5548,5548,804.87,2026-04-05T01:13:34,card,completed
5549,5549,635.25,2025-10-17T02:32:58,card,refunded
5550,5550,1387.74,2025-07-11T04:56:58,bizum,completed
5551,5551,174.8,2026-04-21T07:00:51,bizum,completed
5552,5552,3222.07,2025-08-06T08:05:33,card,pending
5553,5553,2491.97,2026-02-15T00:38:00,paypal,completed
5554,5554,1831.34,2024-03-06T22:33:52,card,completed
5555,5555,623.37,2025-03-18T12:05:17,transfer,completed
5556,5556,432.62,2026-02-22T15:14:36,card,completed
5557,5557,475.89,2026-03-26T22:59:38,bizum,completed
5558,5558,983.84,2025-01-01T10:26:39,paypal,completed
5559,5559,1175.61,2026-06-02T16:55:02,card,refunded
5560,5560,522.12,2025-06-08T02:00:58,transfer,completed
5561,5561,674.99,2026-05-01T01:57:29,paypal,refunded
5562,5562,1735.57,2025-03-05T20:26:44,paypal,completed
5563,5563,2179.42,2025-12-15T03:09:19,card,completed
5564,5564,1132.02,2025-09-29T06:23:59,card,completed
5565,5565,448.79,2026-01-19T22:50:01,bizum,completed
5566,5566,921.58,2026-05-03T04:33:16,paypal,completed
5567,5567,1941.11,2025-09-18T13:37:35,card,pending
5568,5568,28.13,2025-07-16T15:38:00,card,completed
5569,5569,372.88,2025-12-31T09:24:48,paypal,completed
5570,5570,135.4,2025-04-24T01:40:29,card,pending
5571,5571,549.89,2026-02-21T06:28:12,card,completed
5572,5572,611.6,2025-07-14T07:57:53,card,completed
5573,5573,919.08,2025-02-04T22:38:51,paypal,completed
5574,5574,861.38,2025-12-01T13:19:25,card,refunded
5575,5575,67.56,2025-07-24T22:47:20,card,completed
5576,5576,30.98,2026-04-10T17:54:23,card,completed
5577,5577,2103.32,2025-07-12T20:19:41,paypal,completed
5578,5578,1926.38,2026-05-14T19:28:11,paypal,completed
5579,5579,764.72,2026-05-25T03:41:51,transfer,completed
5580,5580,1625.77,2025-03-22T06:40:21,paypal,completed
5581,5581,835.77,2024-07-17T14:16:18,paypal,completed
5582,5582,1455.34,2024-10-30T12:46:57,paypal,completed
5583,5583,2055.4,2025-04-09T02:47:18,card,completed
5584,5584,1155.42,2025-02-15T18:35:30,card,completed
5585,5585,620.53,2025-06-10T17:13:57,card,completed
5586,5586,863.11,2025-10-06T21:03:03,card,pending
5587,5587,516.39,2025-08-21T07:33:42,paypal,completed
5588,5588,2396.27,2025-08-14T03:57:47,bizum,completed
5589,5589,673.44,2025-04-19T17:35:56,card,completed
5590,5590,28.13,2024-05-08T11:24:12,paypal,completed
5591,5591,448.79,2024-07-02T11:11:10,card,completed
5592,5592,2038.11,2026-05-18T05:32:50,paypal,pending
5593,5593,2449.43,2025-08-05T03:09:47,card,completed
5594,5594,507.6,2025-11-27T09:12:12,card,completed
5595,5595,7840.94,2024-10-12T09:20:56,card,refunded
5596,5596,602.24,2026-02-26T06:15:53,transfer,completed
5597,5597,537.37,2025-02-23T10:03:49,card,completed
5598,5598,147.48,2024-01-27T03:12:06,paypal,completed
5599,5599,255.5,2024-09-23T22:17:56,bizum,completed
5600,5600,205.61,2024-04-18T02:55:26,paypal,completed
5601,5601,451.64,2025-07-08T00:05:30,card,completed
5602,5602,367.46,2025-03-08T12:16:58,card,completed
5603,5603,482.46,2025-03-26T06:30:31,paypal,refunded
5604,5604,2648.78,2025-07-17T18:49:00,card,completed
5605,5605,1984.93,2025-01-26T15:17:00,paypal,completed
5606,5606,228.3,2024-05-13T09:27:15,paypal,completed
5607,5607,983.84,2025-07-27T03:40:06,paypal,completed
5608,5608,1160.26,2026-06-03T05:51:42,bizum,completed
5609,5609,2695.38,2026-05-10T07:08:19,transfer,completed
5610,5610,3653.58,2024-05-06T08:59:52,paypal,completed
5611,5611,713.95,2026-05-13T01:51:19,card,completed
5612,5612,622.59,2024-03-31T19:13:11,paypal,completed
5613,5613,1438.96,2024-08-16T05:10:48,transfer,completed
5614,5614,49.12,2026-06-21T18:23:42,card,completed
5615,5615,2038.39,2025-07-02T07:22:39,paypal,refunded
5616,5616,1259.83,2025-11-07T03:49:27,card,completed
5617,5617,1373.15,2024-07-20T22:00:18,card,completed
5618,5618,1466.3,2025-04-26T10:02:58,bizum,refunded
5619,5619,429.16,2025-07-10T17:17:18,card,completed
5620,5620,6066.33,2026-03-04T18:04:21,card,refunded
5621,5621,434.31,2024-06-25T23:44:49,card,completed
5622,5622,378.63,2024-09-02T03:49:17,card,completed
5623,5623,854.98,2024-10-22T22:27:30,card,completed
5624,5624,861.38,2025-10-17T09:24:25,card,completed
5625,5625,410.99,2026-01-10T23:09:39,paypal,completed
5626,5626,206.43,2026-03-28T13:16:36,transfer,refunded
5627,5627,2794.59,2024-12-03T07:30:05,card,refunded
5628,5628,3636.38,2025-06-11T08:08:08,paypal,completed
5629,5629,496.76,2025-09-23T04:20:47,card,completed
5630,5630,529.8,2026-03-18T19:14:29,card,completed
5631,5631,60.8,2024-12-01T17:10:23,bizum,completed
5632,5632,3068.04,2024-12-25T17:02:19,card,completed
5633,5633,978.91,2024-04-15T04:04:33,card,completed
5634,5634,196.86,2024-05-01T20:07:00,card,completed
5635,5635,92.0,2025-02-16T05:37:47,bizum,completed
5636,5636,3185.29,2026-02-20T21:24:40,card,completed
5637,5637,376.56,2026-06-16T04:23:29,card,pending
5638,5638,1187.91,2026-03-07T17:39:51,paypal,refunded
5639,5639,888.65,2024-02-15T15:15:48,card,refunded
5640,5640,380.33,2026-04-29T00:15:14,card,completed
5641,5641,282.23,2024-12-18T00:32:36,card,completed
5642,5642,1625.77,2026-02-15T18:13:21,paypal,failed
5643,5643,462.52,2025-12-21T09:21:11,paypal,refunded
5644,5644,333.96,2026-04-07T14:23:27,paypal,failed
5645,5645,571.84,2024-06-06T04:25:30,card,completed
5646,5646,1245.18,2025-07-26T13:59:50,card,completed
5647,5647,2985.38,2024-08-12T16:35:54,paypal,failed
5648,5648,1211.25,2025-08-16T00:43:31,card,completed
5649,5649,5359.4,2025-02-22T12:58:48,card,refunded
5650,5650,5391.66,2025-06-23T04:18:38,paypal,completed
5651,5651,669.94,2024-11-23T05:10:17,bizum,completed
5652,5652,1050.38,2025-08-24T04:12:10,paypal,completed
5653,5653,1479.76,2025-10-13T02:38:48,transfer,completed
5654,5654,626.02,2026-02-07T07:11:43,transfer,completed
5655,5655,835.52,2024-10-17T09:23:40,bizum,refunded
5656,5656,450.28,2025-05-10T07:42:51,paypal,completed
5657,5657,32.09,2024-09-18T08:05:15,card,completed
5658,5658,216.81,2024-07-18T10:39:42,card,completed
5659,5659,1103.92,2024-11-08T00:51:31,paypal,completed
5660,5660,24.88,2025-05-30T03:54:02,card,refunded
5661,5661,4699.88,2026-04-27T00:33:47,card,refunded
5662,5662,1814.64,2024-09-28T08:19:27,paypal,completed
5663,5663,632.28,2025-12-12T02:35:41,bizum,completed
5664,5664,502.41,2024-06-12T20:01:36,card,completed
5665,5665,909.54,2024-12-13T08:55:21,paypal,completed
5666,5666,581.15,2026-06-22T22:22:19,paypal,completed
5667,5667,463.02,2024-03-18T03:18:10,card,completed
5668,5668,34.35,2026-06-01T04:18:50,card,completed
5669,5669,934.65,2024-12-09T05:39:37,transfer,refunded
5670,5670,2401.71,2024-11-17T21:18:24,bizum,completed
5671,5671,56.26,2025-04-11T17:12:06,bizum,completed
5672,5672,1486.71,2025-02-11T04:02:50,card,completed
5673,5673,1428.59,2026-04-29T16:20:56,card,completed
5674,5674,526.29,2025-08-05T08:31:38,bizum,completed
5675,5675,1980.46,2026-05-17T03:35:05,transfer,completed
5676,5676,777.92,2025-01-05T13:42:12,transfer,refunded
5677,5677,1306.98,2024-06-25T21:47:34,card,refunded
5678,5678,1330.67,2024-04-24T13:57:26,paypal,completed
5679,5679,4197.56,2025-09-26T10:39:27,paypal,pending
5680,5680,603.58,2024-12-25T13:27:51,paypal,completed
5681,5681,482.46,2026-03-15T05:08:46,paypal,completed
5682,5682,525.43,2025-05-15T03:42:16,paypal,refunded
5683,5683,1574.8,2024-11-02T18:12:21,paypal,completed
5684,5684,404.1,2026-05-13T09:35:47,card,completed
5685,5685,848.71,2025-08-25T08:22:10,card,completed
5686,5686,781.68,2024-10-02T07:52:58,paypal,completed
5687,5687,3447.67,2026-02-10T08:18:39,card,refunded
5688,5688,1438.96,2024-09-29T16:06:13,bizum,completed
5689,5689,588.67,2026-01-17T11:48:28,transfer,pending
5690,5690,2082.57,2026-03-22T06:35:32,transfer,completed
5691,5691,1805.42,2025-09-19T06:17:23,card,completed
5692,5692,1951.78,2024-03-22T19:13:36,card,refunded
5693,5693,2068.47,2024-12-05T16:24:56,card,completed
5694,5694,1805.42,2026-03-27T10:55:55,paypal,completed
5695,5695,685.65,2024-04-14T09:07:36,card,completed
5696,5696,205.61,2026-02-21T13:44:06,card,completed
5697,5697,10.02,2024-12-31T02:27:40,card,completed
5698,5698,3610.84,2024-07-24T19:58:11,paypal,completed
5699,5699,1112.5,2026-01-23T05:02:15,card,completed
5700,5700,1249.18,2026-05-07T19:15:38,card,completed
5701,5701,427.93,2025-12-17T17:18:03,card,completed
5702,5702,3088.96,2024-10-23T01:05:59,bizum,completed
5703,5703,176.46,2024-01-13T21:31:45,card,completed
5704,5704,150.62,2026-04-23T12:10:57,card,refunded
5705,5705,77.14,2025-08-25T08:34:03,card,completed
5706,5706,69.93,2025-11-26T00:55:29,card,completed
5707,5707,282.23,2024-10-16T07:16:56,card,completed
5708,5708,259.14,2024-06-03T11:55:09,paypal,completed
5709,5709,1463.19,2026-06-14T09:22:14,bizum,pending
5710,5710,451.55,2024-12-07T23:53:34,card,refunded
5711,5711,2519.66,2024-08-02T17:14:47,paypal,completed
5712,5712,794.81,2026-02-16T12:20:33,bizum,completed
5713,5713,723.07,2024-12-14T02:48:09,card,completed
5714,5714,632.28,2024-12-09T05:21:28,card,completed
5715,5715,1879.71,2026-04-28T14:39:08,card,completed
5716,5716,516.39,2025-05-07T06:33:47,transfer,completed
5717,5717,784.32,2024-02-06T23:25:40,card,completed
5718,5718,3528.04,2025-02-04T02:43:51,card,completed
5719,5719,2272.29,2025-04-21T17:50:37,paypal,completed
5720,5720,49.76,2025-08-31T17:54:23,paypal,refunded
5721,5721,579.4,2025-10-14T05:59:05,card,completed
5722,5722,1390.65,2024-12-06T22:27:23,paypal,completed
5723,5723,83.62,2024-08-12T04:09:04,paypal,completed
5724,5724,1648.21,2026-02-13T21:00:44,paypal,completed
5725,5725,1375.42,2025-11-12T06:23:52,card,completed
5726,5726,1407.89,2026-05-31T21:03:56,card,completed
5727,5727,2179.42,2026-01-19T06:31:24,card,completed
5728,5728,635.25,2026-05-24T15:02:40,bizum,pending
5729,5729,434.1,2025-02-26T20:00:36,card,refunded
5730,5730,2154.66,2026-02-06T14:28:23,card,refunded
5731,5731,2386.44,2026-02-16T02:49:09,card,completed
5732,5732,563.18,2025-03-01T02:36:05,bizum,completed
5733,5733,861.38,2024-12-29T00:42:13,paypal,completed
5734,5734,220.54,2026-01-13T07:03:50,card,completed
5735,5735,2496.9,2026-02-22T00:23:32,bizum,completed
5736,5736,744.38,2025-06-07T07:35:51,bizum,completed
5737,5737,29.43,2025-10-06T09:14:26,card,completed
5738,5738,387.83,2026-06-08T04:07:08,paypal,refunded
5739,5739,364.8,2024-10-06T20:30:19,bizum,completed
5740,5740,444.02,2026-03-08T20:12:52,card,completed
5741,5741,193.88,2025-01-18T08:05:36,card,refunded
5742,5742,482.46,2024-09-02T14:28:47,paypal,completed
5743,5743,1859.89,2026-01-06T12:44:08,paypal,completed
5744,5744,696.34,2026-02-23T21:58:38,card,completed
5745,5745,303.31,2025-06-08T04:37:55,card,completed
5746,5746,656.93,2024-05-25T17:57:32,transfer,completed
5747,5747,700.73,2026-02-06T20:50:50,card,failed
5748,5748,4379.55,2025-05-27T14:06:45,bizum,completed
5749,5749,219.93,2025-07-02T10:52:00,card,completed
5750,5750,4540.84,2024-06-05T15:40:19,paypal,completed
5751,5751,2093.55,2024-05-21T12:03:21,paypal,completed
5752,5752,650.22,2024-09-18T23:27:58,card,completed
5753,5753,174.44,2026-03-19T17:48:47,card,completed
5754,5754,1684.31,2024-01-21T21:20:58,card,completed
5755,5755,331.2,2025-10-24T00:01:14,paypal,completed
5756,5756,2170.86,2026-03-10T00:06:05,card,completed
5757,5757,769.7,2025-03-12T15:01:44,card,completed
5758,5758,49.71,2025-01-02T19:51:58,card,completed
5759,5759,1139.51,2025-10-30T03:45:37,card,completed
5760,5760,43.99,2026-06-02T06:02:25,card,completed
5761,5761,1559.3,2025-11-25T02:49:51,card,pending
5762,5762,3969.82,2024-03-25T10:53:48,card,completed
5763,5763,471.92,2026-01-20T01:11:09,card,completed
5764,5764,846.62,2026-06-09T19:44:29,paypal,refunded
5765,5765,992.85,2026-01-30T01:15:34,card,completed
5766,5766,1027.7,2024-01-29T05:42:42,card,pending
5767,5767,1688.07,2025-12-31T07:00:21,paypal,pending
5768,5768,108.25,2026-03-07T06:18:36,transfer,completed
5769,5769,2519.66,2025-04-12T02:26:52,card,completed
5770,5770,1709.96,2026-01-29T23:44:15,card,completed
5771,5771,873.54,2025-04-04T22:30:27,transfer,refunded
5772,5772,3878.39,2025-03-11T10:19:42,bizum,completed
5773,5773,3715.13,2026-03-29T01:12:56,card,completed
5774,5774,410.45,2026-05-17T20:11:04,paypal,completed
5775,5775,363.9,2025-12-10T07:34:42,card,completed
5776,5776,5799.67,2025-12-29T05:54:20,card,completed
5777,5777,2710.25,2026-03-30T05:56:32,paypal,completed
5778,5778,454.05,2025-04-26T19:33:58,card,completed
5779,5779,1555.74,2025-10-24T19:36:04,card,refunded
5780,5780,2083.87,2025-11-27T09:48:39,card,refunded
5781,5781,770.61,2025-04-29T21:06:33,transfer,completed
5782,5782,1036.93,2024-12-25T21:47:19,transfer,pending
5783,5783,896.45,2026-03-20T22:23:01,card,completed
5784,5784,2343.1,2026-06-04T05:11:36,paypal,completed
5785,5785,347.14,2024-09-07T02:44:23,card,completed
5786,5786,1116.9,2026-03-10T21:24:30,paypal,completed
5787,5787,4358.85,2026-01-09T05:49:38,bizum,completed
5788,5788,360.2,2024-03-13T06:38:08,card,completed
5789,5789,2856.61,2025-08-19T07:23:47,card,refunded
5790,5790,624.59,2025-06-11T22:39:04,paypal,completed
5791,5791,805.6,2025-01-06T14:24:02,paypal,refunded
5792,5792,641.9,2026-06-03T08:20:25,card,failed
5793,5793,57.55,2025-10-16T13:33:28,transfer,refunded
5794,5794,35.65,2026-04-24T14:35:31,bizum,completed
5795,5795,3052.36,2025-08-16T11:35:46,card,completed
5796,5796,775.24,2025-04-21T14:30:50,card,refunded
5797,5797,2279.16,2024-04-13T03:44:45,card,completed
5798,5798,1901.82,2025-01-29T22:36:10,paypal,completed
5799,5799,233.3,2024-08-26T08:19:18,card,pending
5800,5800,899.67,2025-10-19T21:35:37,card,completed
5801,5801,240.32,2024-02-29T19:24:27,card,completed
5802,5802,34.35,2024-05-09T02:13:26,card,pending
5803,5803,371.01,2024-02-06T03:51:19,paypal,completed
5804,5804,70.72,2026-06-08T12:04:58,card,completed
5805,5805,2334.36,2025-04-04T09:51:48,paypal,refunded
5806,5806,3232.69,2025-02-24T05:04:54,card,completed
5807,5807,432.62,2025-06-04T10:54:17,bizum,completed
5808,5808,1268.79,2025-05-22T01:47:50,card,pending
5809,5809,1157.9,2026-06-16T21:31:40,card,completed
5810,5810,249.29,2024-10-09T16:58:17,paypal,completed
5811,5811,1249.06,2024-09-24T09:09:01,card,completed
5812,5812,1799.96,2025-08-05T03:24:05,paypal,completed
5813,5813,1119.21,2024-02-23T09:15:41,bizum,completed
5814,5814,779.14,2025-09-26T03:59:07,card,pending
5815,5815,1653.91,2026-02-24T00:16:13,transfer,refunded
5816,5816,303.31,2026-04-25T19:45:36,card,completed
5817,5817,3376.58,2024-11-14T17:56:20,paypal,refunded
5818,5818,694.53,2025-08-31T07:36:30,card,completed
5819,5819,4204.94,2026-04-19T20:19:23,transfer,completed
5820,5820,35.65,2026-01-04T13:01:59,card,refunded
5821,5821,1458.32,2024-03-15T19:45:59,card,completed
5822,5822,846.62,2026-01-02T18:55:26,bizum,completed
5823,5823,2743.33,2024-12-21T18:19:49,card,refunded
5824,5824,2604.14,2024-09-17T06:59:39,card,completed
5825,5825,230.34,2024-03-23T15:55:10,paypal,completed
5826,5826,1027.83,2024-05-26T06:15:31,bizum,completed
5827,5827,1276.09,2026-04-09T14:29:13,paypal,failed
5828,5828,775.66,2026-02-05T23:58:25,card,completed
5829,5829,3192.37,2024-12-10T07:53:24,paypal,refunded
5830,5830,259.14,2024-11-03T21:19:16,card,refunded
5831,5831,216.29,2025-09-06T06:17:04,bizum,completed
5832,5832,1177.8,2026-04-25T03:52:11,paypal,completed
5833,5833,560.82,2024-12-24T23:08:33,card,completed
5834,5834,180.1,2025-07-15T06:15:57,paypal,failed
5835,5835,623.37,2026-05-14T06:52:13,paypal,completed
5836,5836,790.97,2025-05-01T03:18:00,paypal,completed
5837,5837,1521.75,2025-02-09T03:10:28,card,completed
5838,5838,4673.64,2024-09-06T21:37:39,card,completed
5839,5839,3392.86,2024-05-23T23:51:08,card,refunded
5840,5840,2047.6,2024-07-13T06:11:53,card,completed
5841,5841,2198.94,2026-06-14T14:30:32,card,completed
5842,5842,730.87,2025-12-27T01:54:56,card,refunded
5843,5843,578.06,2024-02-07T06:44:22,bizum,completed
5844,5844,31.02,2026-03-21T01:25:56,card,completed
5845,5845,458.34,2025-11-20T02:43:33,bizum,completed
5846,5846,899.67,2025-04-19T07:59:44,bizum,completed
5847,5847,28.13,2025-10-25T07:18:38,paypal,refunded
5848,5848,267.51,2026-03-05T05:50:13,card,completed
5849,5849,603.49,2025-08-03T21:32:59,card,completed
5850,5850,1867.77,2025-03-23T01:42:11,bizum,completed
5851,5851,2079.95,2024-01-05T16:47:57,bizum,refunded
5852,5852,2867.21,2025-01-11T14:33:45,bizum,completed
5853,5853,721.61,2025-09-04T15:13:06,bizum,completed
5854,5854,281.0,2024-04-28T04:43:33,card,completed
5855,5855,1492.69,2024-12-23T19:08:27,paypal,completed
5856,5856,860.54,2026-04-19T11:51:12,transfer,refunded
5857,5857,6.17,2025-02-15T06:18:56,card,completed
5858,5858,1853.11,2025-06-03T16:11:26,card,completed
5859,5859,1533.08,2026-06-28T08:07:00,card,completed
5860,5860,744.38,2026-04-07T07:13:02,card,completed
5861,5861,281.0,2025-02-21T22:28:20,card,completed
5862,5862,1886.13,2025-06-03T15:50:52,card,refunded
5863,5863,1618.6,2024-12-23T03:36:34,card,failed
5864,5864,233.3,2025-07-29T10:28:30,paypal,completed
5865,5865,5585.52,2025-10-15T06:30:19,card,completed
5866,5866,1558.87,2024-10-16T23:58:29,transfer,completed
5867,5867,444.02,2026-06-12T17:21:10,transfer,completed
5868,5868,1330.67,2025-10-28T07:35:19,card,refunded
5869,5869,2573.96,2026-05-20T10:38:34,card,refunded
5870,5870,457.8,2024-07-20T01:38:18,card,refunded
5871,5871,351.25,2026-01-29T15:36:13,paypal,completed
5872,5872,775.66,2026-04-28T12:23:08,card,completed
5873,5873,730.27,2026-05-15T00:43:11,card,completed
5874,5874,1835.41,2026-05-20T22:24:34,card,completed
5875,5875,862.79,2025-06-10T06:39:13,card,completed
5876,5876,1460.54,2025-08-18T07:58:50,bizum,refunded
5877,5877,54.58,2026-02-25T09:43:58,card,completed
5878,5878,818.09,2025-10-08T09:46:54,paypal,completed
5879,5879,934.65,2025-04-14T12:12:20,card,completed
5880,5880,1102.21,2026-05-19T09:18:12,card,completed
5881,5881,1318.65,2024-01-06T13:04:06,card,completed
5882,5882,281.59,2025-02-24T08:12:22,paypal,completed
5883,5883,1245.18,2024-10-18T20:40:25,card,completed
5884,5884,1394.29,2025-06-15T06:17:49,card,completed
5885,5885,765.0,2024-01-24T09:41:34,paypal,refunded
5886,5886,496.62,2026-06-01T21:41:09,card,completed
5887,5887,507.52,2024-05-28T12:16:39,paypal,completed
5888,5888,526.43,2026-01-31T09:45:16,bizum,completed
5889,5889,603.58,2025-08-24T10:08:27,card,completed
5890,5890,2546.28,2025-09-20T00:34:57,card,refunded
5891,5891,1216.52,2026-01-19T08:01:24,transfer,completed
5892,5892,205.61,2025-06-18T02:49:38,card,completed
5893,5893,3878.39,2024-09-14T01:49:01,bizum,failed
5894,5894,784.32,2025-11-16T23:34:34,paypal,refunded
5895,5895,2294.13,2025-01-24T03:25:02,card,completed
5896,5896,1728.12,2025-03-15T18:23:36,paypal,completed
5897,5897,2033.92,2025-06-07T16:38:24,card,completed
5898,5898,529.74,2025-09-13T02:59:54,card,completed
5899,5899,2300.6,2025-11-28T12:47:39,paypal,completed
5900,5900,1844.8,2024-12-28T17:00:57,paypal,refunded
5901,5901,1492.69,2024-03-25T08:30:49,paypal,refunded
5902,5902,554.43,2024-10-12T23:59:52,paypal,completed
5903,5903,970.93,2025-01-17T13:34:19,card,completed
5904,5904,5838.45,2025-04-19T01:13:18,card,completed
5905,5905,182.4,2024-11-15T17:18:28,card,completed
5906,5906,1800.0,2026-05-01T18:49:27,paypal,completed
5907,5907,1257.58,2025-01-23T16:32:42,card,completed
5908,5908,92.0,2026-04-13T00:44:38,card,completed
5909,5909,2046.93,2026-03-14T15:35:51,card,completed
5910,5910,3848.87,2024-10-08T09:01:43,paypal,completed
5911,5911,1330.67,2025-06-19T18:32:21,card,completed
5912,5912,128.6,2025-06-13T17:35:13,card,completed
5913,5913,471.83,2024-09-01T14:43:45,card,refunded
5914,5914,1436.75,2025-01-18T04:56:18,paypal,completed
5915,5915,225.78,2024-12-14T14:56:20,paypal,completed
5916,5916,422.94,2025-05-09T02:57:33,card,completed
5917,5917,1831.34,2025-01-17T23:33:29,paypal,completed
5918,5918,135.12,2024-10-07T18:17:28,card,completed
5919,5919,551.89,2025-10-22T21:45:54,paypal,refunded
5920,5920,1259.83,2024-10-25T07:28:22,paypal,completed
5921,5921,9.43,2024-04-10T06:09:32,card,completed
5922,5922,672.74,2024-11-28T18:20:22,card,completed
5923,5923,366.52,2026-06-24T11:27:56,paypal,completed
5924,5924,4068.79,2026-03-28T23:11:06,card,completed
5925,5925,1792.92,2026-05-05T04:17:39,transfer,completed
5926,5926,529.74,2025-01-21T20:25:35,paypal,completed
5927,5927,648.75,2025-10-18T14:37:01,paypal,completed
5928,5928,1861.84,2025-01-13T07:29:52,paypal,completed
5929,5929,7364.34,2024-12-27T02:13:40,card,completed
5930,5930,543.57,2025-05-13T05:55:46,bizum,refunded
5931,5931,419.69,2025-09-30T00:32:23,transfer,completed
5932,5932,5213.88,2025-12-19T06:27:20,card,completed
5933,5933,1701.58,2024-05-22T20:37:51,paypal,completed
5934,5934,6581.96,2026-06-04T20:27:23,paypal,completed
5935,5935,2198.94,2025-11-11T07:25:48,transfer,completed
5936,5936,1196.86,2024-08-15T00:13:16,card,completed
5937,5937,30.98,2025-02-20T09:33:15,card,completed
5938,5938,1725.76,2024-04-10T05:44:34,paypal,completed
5939,5939,3217.78,2026-04-23T21:31:50,paypal,completed
5940,5940,804.04,2026-05-08T03:10:16,card,completed
5941,5941,109.16,2025-09-10T23:17:31,card,completed
5942,5942,4066.52,2025-08-10T13:03:47,bizum,completed
5943,5943,1146.35,2024-05-15T00:58:30,card,completed
5944,5944,1943.72,2026-05-03T22:27:42,paypal,completed
5945,5945,231.51,2026-02-07T00:04:21,card,completed
5946,5946,5429.62,2025-05-17T05:54:46,card,refunded
5947,5947,1070.86,2024-10-30T18:39:51,paypal,completed
5948,5948,569.67,2026-04-26T01:58:37,transfer,pending
5949,5949,355.22,2024-07-26T02:44:35,bizum,completed
5950,5950,25.6,2026-03-04T15:05:01,card,completed
5951,5951,35.65,2025-12-13T23:05:01,transfer,refunded
5952,5952,635.26,2025-07-31T23:20:03,card,refunded
5953,5953,694.46,2024-12-22T08:04:30,card,completed
5954,5954,157.12,2024-08-17T21:06:48,paypal,completed
5955,5955,331.2,2026-05-21T09:11:48,card,refunded
5956,5956,543.22,2026-06-05T23:48:47,transfer,completed
5957,5957,2371.19,2024-02-11T00:03:13,card,pending
5958,5958,846.62,2026-01-31T16:20:20,paypal,completed
5959,5959,1014.3,2024-04-02T21:48:42,card,completed
5960,5960,998.16,2026-01-14T22:58:01,card,completed
5961,5961,804.04,2024-10-29T01:44:41,card,completed
5962,5962,1245.03,2025-04-21T19:38:23,card,completed
5963,5963,2529.61,2026-03-21T02:23:17,card,refunded
5964,5964,220.71,2024-05-05T19:14:56,card,completed
5965,5965,1713.13,2025-11-18T06:19:47,card,refunded
5966,5966,833.72,2025-03-11T01:05:57,card,refunded
5967,5967,165.14,2026-05-15T05:21:47,transfer,refunded
5968,5968,537.37,2024-05-17T21:05:50,bizum,refunded
5969,5969,2625.33,2026-01-31T20:34:08,card,completed
5970,5970,401.93,2026-06-15T22:59:11,card,completed
5971,5971,327.21,2025-12-14T19:39:17,bizum,completed
5972,5972,723.28,2026-01-22T04:05:23,bizum,completed
5973,5973,1121.23,2025-01-26T17:11:38,card,completed
5974,5974,1754.38,2024-09-01T20:17:48,card,completed
5975,5975,301.79,2024-10-27T00:36:34,transfer,completed
5976,5976,1302.3,2026-05-20T04:22:14,transfer,completed
5977,5977,4181.4,2024-10-25T06:22:47,paypal,completed
5978,5978,448.18,2025-02-09T10:13:00,card,completed
5979,5979,271.62,2026-02-26T21:39:29,card,completed
5980,5980,367.46,2025-03-06T23:22:18,transfer,completed
5981,5981,1011.97,2025-11-22T17:38:31,card,completed
5982,5982,2236.39,2025-09-01T10:44:57,card,completed
5983,5983,861.38,2025-12-06T23:56:36,paypal,completed
5984,5984,2294.13,2025-07-07T14:50:54,transfer,completed
5985,5985,477.66,2025-09-30T05:41:14,card,completed
5986,5986,692.19,2026-02-15T13:15:40,card,completed
5987,5987,1460.54,2025-11-18T09:41:39,card,completed
5988,5988,1831.34,2024-09-27T02:08:26,transfer,completed
5989,5989,1309.19,2025-06-21T16:20:32,paypal,completed
5990,5990,1312.62,2025-07-05T10:41:28,transfer,completed
5991,5991,1031.29,2025-05-05T11:13:34,card,completed
5992,5992,63.85,2024-05-08T15:28:14,card,completed
5993,5993,295.34,2024-06-23T19:23:53,card,completed
5994,5994,737.62,2026-06-22T00:35:32,paypal,completed
5995,5995,3484.13,2026-02-09T18:34:09,card,completed
5996,5996,567.5,2026-06-12T20:45:05,paypal,failed
5997,5997,570.58,2026-05-16T09:03:26,card,completed
5998,5998,211.9,2026-01-31T14:33:57,card,completed
5999,5999,543.57,2025-08-07T04:37:48,card,refunded
6000,6000,4451.89,2024-05-14T01:23:58,paypal,completed
6001,6001,410.1,2025-05-20T22:45:10,paypal,completed
6002,6002,231.51,2025-04-19T02:40:58,card,completed
6003,6003,1709.37,2025-04-19T11:18:06,card,completed
6004,6004,730.27,2024-11-29T06:20:30,card,completed
6005,6005,434.1,2026-04-09T06:46:18,paypal,refunded
6006,6006,764.18,2026-03-13T06:43:05,transfer,completed
6007,6007,1560.68,2026-04-20T04:41:23,paypal,completed
6008,6008,1184.4,2026-04-13T15:10:50,transfer,completed
6009,6009,71.21,2025-11-30T20:43:25,bizum,refunded
6010,6010,1720.55,2025-10-14T06:26:29,card,completed
6011,6011,599.15,2024-01-20T21:28:53,paypal,completed
6012,6012,1715.17,2025-02-20T19:57:28,card,completed
6013,6013,64.31,2026-02-25T20:07:42,bizum,completed
6014,6014,326.65,2025-11-18T18:44:31,paypal,completed
6015,6015,215.42,2025-03-15T22:14:33,paypal,refunded
6016,6016,319.6,2024-08-12T15:47:42,card,completed
6017,6017,1394.07,2025-02-08T09:16:38,paypal,completed
6018,6018,2294.13,2025-04-02T19:03:04,paypal,completed
6019,6019,58.4,2025-09-04T11:55:09,card,completed
6020,6020,46.08,2024-04-17T06:54:11,card,completed
6021,6021,846.62,2026-01-05T14:39:10,paypal,completed
6022,6022,1814.5,2024-06-01T00:09:39,card,completed
6023,6023,3006.65,2025-08-02T23:45:07,card,completed
6024,6024,1530.55,2026-04-27T22:27:43,paypal,completed
6025,6025,926.7,2025-06-21T08:15:30,card,completed
6026,6026,1220.73,2024-12-30T20:32:07,card,completed
6027,6027,319.96,2025-11-07T10:56:29,bizum,completed
6028,6028,602.2,2026-01-17T20:55:54,card,completed
6029,6029,6697.33,2024-06-29T23:08:25,card,completed
6030,6030,386.93,2024-09-02T21:32:00,card,completed
6031,6031,2622.76,2024-05-11T13:58:18,card,completed
6032,6032,2041.45,2024-10-06T04:55:51,card,pending
6033,6033,64.18,2025-12-30T00:24:48,card,completed
6034,6034,3886.21,2025-10-21T05:30:35,card,completed
6035,6035,1447.43,2025-04-08T12:15:49,paypal,completed
6036,6036,588.67,2024-02-16T15:31:58,paypal,completed
6037,6037,3660.68,2026-05-20T09:30:12,card,completed
6038,6038,737.67,2025-04-05T20:41:39,transfer,completed
6039,6039,403.38,2025-03-28T13:28:19,transfer,completed
6040,6040,2803.94,2025-04-29T00:09:25,paypal,completed
6041,6041,1085.72,2025-07-12T08:57:24,card,completed
6042,6042,877.49,2024-01-14T14:53:33,card,completed
6043,6043,983.84,2024-08-14T20:49:16,paypal,completed
6044,6044,709.62,2025-08-25T23:43:31,card,completed
6045,6045,2985.2,2025-08-08T11:11:25,card,completed
6046,6046,27.88,2024-11-23T05:56:52,bizum,completed
6047,6047,652.83,2025-08-22T07:04:10,paypal,completed
6048,6048,2258.24,2024-09-11T14:44:05,card,completed
6049,6049,1345.1,2025-01-02T18:03:58,card,completed
6050,6050,978.37,2024-02-21T06:10:24,card,completed
6051,6051,482.46,2024-10-02T08:13:10,card,refunded
6052,6052,2857.87,2024-11-03T20:57:24,card,refunded
6053,6053,980.17,2025-02-23T12:08:35,paypal,failed
6054,6054,702.68,2026-02-20T02:35:03,bizum,completed
6055,6055,1827.15,2025-06-07T07:38:40,paypal,refunded
6056,6056,1102.09,2024-05-10T06:41:37,card,pending
6057,6057,650.71,2024-03-28T11:18:19,card,completed
6058,6058,690.85,2024-07-18T22:10:14,card,refunded
6059,6059,475.41,2025-09-25T09:51:51,card,completed
6060,6060,1928.11,2025-07-15T19:27:43,transfer,completed
6061,6061,2123.12,2024-11-25T08:12:35,card,completed
6062,6062,1105.12,2025-06-23T17:07:40,card,completed
6063,6063,820.9,2025-03-25T22:08:51,paypal,completed
6064,6064,331.2,2025-06-02T20:17:34,card,completed
6065,6065,1659.09,2025-03-03T17:35:49,paypal,completed
6066,6066,31.02,2025-06-28T19:35:44,bizum,completed
6067,6067,37.39,2026-01-12T13:57:49,paypal,completed
6068,6068,1516.59,2026-04-20T02:40:17,transfer,failed
6069,6069,303.31,2024-08-26T12:53:21,card,completed
6070,6070,507.52,2026-01-12T19:49:42,card,completed
6071,6071,471.92,2025-07-26T03:28:29,card,pending
6072,6072,1373.66,2024-11-29T16:27:10,paypal,completed
6073,6073,740.23,2025-12-26T22:32:33,card,failed
6074,6074,76.34,2024-08-08T21:55:41,card,failed
6075,6075,2101.89,2024-06-30T14:30:15,card,completed
6076,6076,524.68,2024-11-27T17:12:50,paypal,completed
6077,6077,368.99,2026-03-01T21:24:08,paypal,completed
6078,6078,433.56,2024-01-10T11:36:43,card,completed
6079,6079,286.7,2025-01-09T00:40:08,paypal,completed
6080,6080,2294.13,2024-04-18T05:26:49,transfer,completed
6081,6081,255.5,2025-12-01T07:36:34,card,completed
6082,6082,165.72,2026-03-25T05:50:13,card,completed
6083,6083,149.74,2025-11-17T13:32:05,transfer,completed
6084,6084,458.34,2026-02-22T10:08:49,card,completed
6085,6085,345.57,2025-03-18T19:40:42,transfer,completed
6086,6086,759.59,2025-03-11T05:43:57,card,completed
6087,6087,94.45,2026-03-29T13:54:47,card,refunded
6088,6088,1671.5,2026-04-23T15:55:21,card,completed
6089,6089,441.42,2025-03-08T12:28:18,bizum,refunded
6090,6090,867.83,2025-11-02T06:54:47,card,completed
6091,6091,675.7,2024-02-28T00:45:08,transfer,pending
6092,6092,53.11,2026-01-30T18:28:03,card,completed
6093,6093,712.13,2025-04-02T18:24:28,card,pending
6094,6094,49.71,2024-03-16T01:32:58,card,completed
6095,6095,707.16,2024-09-23T04:16:38,card,completed
6096,6096,3251.54,2025-12-27T22:54:30,card,completed
6097,6097,599.26,2025-04-03T03:20:42,bizum,completed
6098,6098,1489.43,2025-04-26T14:11:31,transfer,completed
6099,6099,976.37,2026-05-04T12:12:26,card,completed
6100,6100,633.94,2025-01-11T20:25:15,paypal,completed
6101,6101,243.81,2026-03-26T14:32:22,card,completed
6102,6102,532.22,2024-11-04T04:03:26,bizum,completed
6103,6103,4277.0,2026-05-15T05:47:11,card,completed
6104,6104,360.2,2025-07-08T21:52:04,card,completed
6105,6105,639.29,2026-04-01T17:19:56,card,completed
6106,6106,646.26,2025-01-12T10:08:25,paypal,completed
6107,6107,1883.03,2025-02-23T02:03:52,card,completed
6108,6108,861.38,2025-02-22T05:00:33,paypal,completed
6109,6109,4493.06,2026-03-15T02:18:46,bizum,completed
6110,6110,507.15,2024-02-03T22:29:08,card,completed
6111,6111,900.0,2025-12-08T20:59:33,card,completed
6112,6112,744.38,2025-12-26T14:06:28,card,completed
6113,6113,28.84,2026-03-28T14:50:04,card,completed
6114,6114,5604.81,2025-08-23T20:58:46,card,completed
6115,6115,968.71,2025-09-08T00:29:43,card,completed
6116,6116,915.07,2024-10-03T19:27:53,bizum,completed
6117,6117,206.74,2024-09-12T17:42:02,card,completed
6118,6118,2539.15,2025-03-30T16:19:35,card,completed
6119,6119,635.2,2025-11-17T14:36:37,card,completed
6120,6120,1350.16,2026-04-13T08:36:39,card,completed
6121,6121,4451.89,2025-06-13T08:41:27,card,completed
6122,6122,364.8,2025-03-02T04:42:23,bizum,completed
6123,6123,926.35,2025-06-03T23:33:20,card,completed
6124,6124,4084.29,2026-01-20T19:50:36,transfer,completed
6125,6125,3453.5,2024-08-19T01:35:41,card,completed
6126,6126,1208.69,2026-02-26T08:38:17,card,completed
6127,6127,694.28,2026-03-05T00:50:54,card,failed
6128,6128,1131.07,2024-04-11T05:45:19,card,refunded
6129,6129,493.53,2025-06-19T17:01:14,card,pending
6130,6130,2343.1,2024-05-08T04:04:54,paypal,completed
6131,6131,1418.06,2025-08-13T01:31:00,paypal,refunded
6132,6132,3118.6,2025-11-20T19:25:19,paypal,completed
6133,6133,1468.86,2026-05-28T16:52:27,transfer,completed
6134,6134,2438.43,2024-08-22T11:42:43,card,completed
6135,6135,564.0,2024-01-21T21:30:02,card,completed
6136,6136,2518.39,2024-10-10T20:16:25,card,completed
6137,6137,3786.33,2025-12-30T11:59:32,card,completed
6138,6138,314.64,2026-04-04T20:17:44,card,completed
6139,6139,54.58,2025-02-04T19:57:10,card,completed
6140,6140,1715.15,2026-02-12T19:16:28,paypal,completed
6141,6141,1492.69,2024-01-25T12:01:16,card,completed
6142,6142,180.41,2025-12-28T06:06:43,card,completed
6143,6143,2814.63,2024-09-16T22:26:49,paypal,completed
6144,6144,3042.65,2025-12-23T14:49:58,paypal,completed
6145,6145,1475.28,2024-03-26T14:52:08,bizum,completed
6146,6146,948.41,2026-02-10T19:43:29,card,completed
6147,6147,41.47,2025-05-01T10:47:20,paypal,completed
6148,6148,4368.59,2024-04-25T15:20:59,paypal,completed
6149,6149,1184.96,2024-10-05T07:09:47,card,completed
6150,6150,721.61,2025-06-26T02:17:22,paypal,refunded
6151,6151,608.5,2026-04-01T02:35:06,card,pending
6152,6152,913.58,2024-10-31T07:14:49,paypal,completed
6153,6153,254.01,2025-01-08T23:06:45,paypal,completed
6154,6154,1175.14,2024-06-14T18:05:49,paypal,refunded
6155,6155,427.87,2024-07-02T12:37:43,card,refunded
6156,6156,2326.98,2024-07-15T20:49:43,bizum,completed
6157,6157,2052.49,2025-01-06T09:18:29,transfer,completed
6158,6158,1871.74,2025-04-03T07:36:58,bizum,refunded
6159,6159,54.62,2026-06-10T16:06:18,card,completed
6160,6160,1831.34,2025-01-23T13:40:01,card,completed
6161,6161,552.32,2025-04-12T07:47:02,card,pending
6162,6162,32.78,2025-02-22T11:38:46,card,completed
6163,6163,78.96,2026-01-11T16:45:23,card,completed
6164,6164,475.41,2025-09-03T23:24:37,paypal,pending
6165,6165,45.14,2024-06-21T20:57:22,card,pending
6166,6166,2987.37,2024-02-24T10:56:06,paypal,completed
6167,6167,1253.7,2024-05-14T12:01:06,paypal,refunded
6168,6168,2343.1,2024-01-29T04:28:49,bizum,completed
6169,6169,72.62,2024-11-29T11:44:00,transfer,completed
6170,6170,355.22,2025-02-22T20:22:23,paypal,refunded
6171,6171,2159.21,2024-03-31T00:15:06,transfer,refunded
6172,6172,206.74,2025-11-02T06:45:44,card,completed
6173,6173,496.76,2025-02-24T17:24:47,card,completed
6174,6174,1542.93,2025-02-18T09:39:41,card,completed
6175,6175,790.89,2025-05-04T20:31:20,paypal,failed
6176,6176,870.67,2025-09-06T00:55:46,paypal,pending
6177,6177,3227.17,2026-04-14T17:47:57,card,completed
6178,6178,308.62,2024-06-07T05:13:49,bizum,completed
6179,6179,543.39,2025-09-05T07:39:28,transfer,completed
6180,6180,3662.68,2025-01-09T01:27:12,card,refunded
6181,6181,406.19,2025-12-28T20:24:48,card,completed
6182,6182,917.18,2024-06-25T05:57:58,bizum,completed
6183,6183,612.36,2026-06-20T21:37:02,card,refunded
6184,6184,805.31,2025-09-15T17:14:09,card,refunded
6185,6185,4451.89,2026-06-20T05:48:19,card,completed
6186,6186,269.69,2026-05-28T12:18:41,card,refunded
6187,6187,567.48,2024-05-02T04:58:32,paypal,completed
6188,6188,191.23,2024-08-01T20:56:36,card,completed
6189,6189,196.4,2024-10-01T02:22:33,transfer,completed
6190,6190,308.02,2026-05-07T08:17:58,bizum,refunded
6191,6191,1167.96,2026-04-10T05:02:07,paypal,completed
6192,6192,47.43,2026-05-22T02:34:13,bizum,completed
6193,6193,1800.0,2025-11-01T17:35:43,card,completed
6194,6194,5685.41,2026-03-11T09:47:02,card,completed
6195,6195,46.61,2025-03-02T16:06:47,card,completed
6196,6196,489.21,2025-11-19T22:11:08,transfer,completed
6197,6197,2183.54,2026-02-08T04:31:34,bizum,completed
6198,6198,769.48,2026-03-27T14:19:16,card,completed
6199,6199,1380.43,2024-03-08T07:46:16,card,completed
6200,6200,3252.57,2025-03-21T05:28:52,card,completed
6201,6201,833.72,2026-03-15T16:59:52,card,completed
6202,6202,751.23,2025-07-14T18:25:52,card,completed
6203,6203,529.8,2026-04-13T10:52:36,paypal,completed
6204,6204,3723.68,2024-06-01T07:32:55,card,completed
6205,6205,174.8,2025-09-08T13:46:44,card,completed
6206,6206,635.26,2026-06-11T06:10:12,card,pending
6207,6207,1119.0,2024-03-26T11:04:36,card,completed
6208,6208,1267.21,2026-05-03T01:22:07,paypal,refunded
6209,6209,2434.82,2026-06-24T01:57:11,card,completed
6210,6210,28.13,2025-11-01T23:35:35,card,completed
6211,6211,4264.89,2026-02-17T06:04:49,paypal,completed
6212,6212,1791.24,2024-12-05T13:31:00,card,completed
6213,6213,639.35,2024-10-27T05:49:18,bizum,completed
6214,6214,1203.99,2026-03-23T14:44:22,paypal,completed
6215,6215,344.43,2025-02-12T23:05:38,card,completed
6216,6216,2297.69,2024-08-24T02:35:02,card,completed
6217,6217,385.81,2025-05-09T11:28:15,transfer,refunded
6218,6218,1350.35,2026-01-21T21:20:34,card,completed
6219,6219,188.28,2024-02-07T21:22:29,card,refunded
6220,6220,1733.33,2025-10-22T17:38:11,transfer,completed
6221,6221,246.75,2026-01-09T21:46:41,card,completed
6222,6222,533.24,2025-04-20T18:25:33,card,completed
6223,6223,280.41,2024-08-19T22:34:53,paypal,completed
6224,6224,744.38,2024-10-28T10:16:14,transfer,completed
6225,6225,1120.46,2025-04-27T15:10:49,transfer,completed
6226,6226,1093.85,2024-08-10T07:52:54,card,refunded
6227,6227,3291.26,2024-03-08T21:29:55,transfer,completed
6228,6228,227.27,2026-04-05T03:40:17,card,refunded
6229,6229,113.95,2026-05-23T19:57:14,card,completed
6230,6230,1330.63,2025-09-26T23:41:56,card,completed
6231,6231,86.52,2025-12-28T03:47:54,card,completed
6232,6232,3899.73,2025-06-18T12:21:30,paypal,failed
6233,6233,1229.46,2025-09-09T00:35:34,card,completed
6234,6234,2154.66,2025-07-06T16:23:58,card,completed
6235,6235,43.99,2025-04-30T05:56:50,card,completed
6236,6236,5022.44,2024-11-17T11:04:30,card,completed
6237,6237,1526.42,2025-10-27T23:11:29,paypal,completed
6238,6238,515.75,2026-01-23T16:47:16,paypal,pending
6239,6239,5851.23,2025-12-23T17:54:07,paypal,completed
6240,6240,2209.1,2024-09-17T05:08:46,paypal,completed
6241,6241,209.67,2025-08-17T23:24:34,card,refunded
6242,6242,64.89,2026-05-21T17:35:18,bizum,refunded
6243,6243,147.48,2025-04-11T23:55:48,card,refunded
6244,6244,877.6,2026-05-13T19:00:40,paypal,pending
6245,6245,108.65,2024-07-13T02:48:17,bizum,pending
6246,6246,3299.88,2025-10-09T20:57:16,card,completed
6247,6247,325.12,2025-12-15T20:56:00,card,completed
6248,6248,2807.34,2026-06-01T11:49:01,paypal,completed
6249,6249,1680.14,2025-01-15T22:42:07,paypal,completed
6250,6250,301.79,2025-10-25T14:05:01,card,completed
6251,6251,2359.5,2024-02-08T00:08:05,transfer,completed
6252,6252,2154.66,2024-03-05T07:19:48,card,refunded
6253,6253,893.38,2025-08-26T04:20:40,transfer,completed
6254,6254,2097.59,2026-03-19T05:07:22,card,completed
6255,6255,1160.26,2025-04-13T04:49:15,paypal,completed
6256,6256,1800.0,2025-07-11T12:58:24,card,completed
6257,6257,701.23,2026-06-22T18:26:36,card,completed
6258,6258,616.13,2025-10-16T19:01:56,card,completed
6259,6259,2328.22,2025-10-25T13:03:05,card,completed
6260,6260,2097.33,2024-08-31T06:16:03,transfer,refunded
6261,6261,3286.73,2025-06-09T00:12:29,paypal,completed
6262,6262,24.88,2025-08-17T16:15:11,card,refunded
6263,6263,347.14,2024-12-17T15:06:25,card,completed
6264,6264,274.78,2025-05-22T02:05:35,transfer,completed
6265,6265,1101.73,2025-09-13T12:50:55,transfer,completed
6266,6266,899.67,2025-11-05T06:22:33,card,refunded
6267,6267,429.16,2024-10-28T11:00:54,paypal,failed
6268,6268,524.53,2025-12-19T22:16:06,card,completed
6269,6269,3268.33,2025-01-05T07:20:39,card,completed
6270,6270,331.2,2026-06-30T19:27:26,card,completed
6271,6271,220.54,2025-02-25T08:29:49,paypal,completed
6272,6272,1492.69,2025-05-27T17:06:37,paypal,completed
6273,6273,1223.09,2026-06-15T00:43:25,transfer,completed
6274,6274,593.36,2026-01-07T01:39:34,card,completed
6275,6275,1800.0,2025-06-30T07:43:28,card,completed
6276,6276,2239.19,2025-01-14T02:12:44,card,completed
6277,6277,1203.99,2025-05-11T01:45:58,paypal,completed
6278,6278,3770.43,2025-03-24T19:28:00,card,completed
6279,6279,4483.43,2024-01-25T10:07:15,paypal,completed
6280,6280,1864.15,2026-06-22T21:03:30,paypal,completed
6281,6281,1252.33,2024-09-21T02:24:38,paypal,completed
6282,6282,1852.7,2024-06-28T20:57:58,card,completed
6283,6283,1879.95,2026-05-11T05:33:55,card,completed
6284,6284,4597.6,2025-08-04T07:38:11,card,completed
6285,6285,301.79,2026-01-09T19:10:26,paypal,completed
6286,6286,581.77,2025-12-30T01:32:16,card,failed
6287,6287,1674.43,2025-11-12T13:44:58,card,completed
6288,6288,775.66,2026-03-01T20:51:49,bizum,pending
6289,6289,239.2,2025-02-16T23:18:34,card,completed
6290,6290,519.6,2026-01-09T00:41:09,card,completed
6291,6291,792.14,2025-12-25T19:58:13,card,completed
6292,6292,1752.66,2026-03-14T00:02:22,paypal,completed
6293,6293,1538.83,2026-03-09T09:50:24,card,completed
6294,6294,913.58,2025-10-21T01:36:45,card,completed
6295,6295,1547.9,2026-02-17T21:51:44,card,completed
6296,6296,483.92,2024-09-09T22:13:42,bizum,pending
6297,6297,690.85,2025-08-28T11:21:57,card,refunded
6298,6298,269.1,2026-03-04T20:31:01,paypal,completed
6299,6299,2005.38,2025-04-15T17:09:16,card,failed
6300,6300,1817.0,2025-01-18T15:54:10,card,completed
6301,6301,1097.52,2025-10-12T04:08:20,card,refunded
6302,6302,1027.7,2025-09-29T15:29:12,paypal,completed
6303,6303,327.21,2026-05-24T05:47:16,card,completed
6304,6304,599.21,2024-09-17T04:42:06,card,refunded
6305,6305,1019.46,2025-10-26T23:21:07,card,completed
6306,6306,1120.27,2026-03-23T18:43:30,card,pending
6307,6307,462.52,2024-02-04T20:46:23,card,completed
6308,6308,2116.39,2026-06-21T08:00:07,card,completed
6309,6309,2669.79,2025-03-24T23:24:16,card,completed
6310,6310,1160.26,2024-04-13T22:40:19,card,completed
6311,6311,394.12,2025-05-14T17:29:48,card,completed
6312,6312,2167.18,2024-08-04T16:08:44,paypal,completed
6313,6313,47.43,2024-11-13T14:40:03,transfer,completed
6314,6314,1438.96,2025-02-22T23:22:59,paypal,completed
6315,6315,1047.94,2024-12-26T19:16:59,paypal,completed
6316,6316,2138.05,2026-04-18T18:13:41,transfer,completed
6317,6317,730.27,2026-05-29T13:53:21,card,completed
6318,6318,1742.07,2024-12-10T15:05:05,card,completed
6319,6319,8734.57,2026-04-30T15:18:23,card,completed
6320,6320,3694.48,2026-05-15T05:15:28,paypal,completed
6321,6321,60.83,2025-09-04T16:23:43,card,completed
6322,6322,1050.58,2026-04-05T06:14:07,transfer,refunded
6323,6323,173.17,2026-06-16T20:52:11,paypal,refunded
6324,6324,633.94,2025-05-27T15:35:52,card,completed
6325,6325,1162.89,2024-04-27T09:55:47,card,completed
6326,6326,861.38,2026-02-15T02:01:31,card,completed
6327,6327,1594.02,2024-08-15T21:09:02,card,completed
6328,6328,1069.24,2025-04-03T22:49:57,paypal,completed
6329,6329,329.19,2025-04-11T11:25:40,card,failed
6330,6330,2782.97,2024-03-19T19:06:30,bizum,completed
6331,6331,28.13,2026-02-20T01:26:55,bizum,completed
6332,6332,239.9,2026-02-15T18:43:15,card,completed
6333,6333,233.3,2024-10-03T11:39:56,paypal,completed
6334,6334,1463.19,2024-04-18T21:09:16,card,completed
6335,6335,721.87,2024-06-20T22:50:06,paypal,completed
6336,6336,142.13,2026-02-27T20:01:20,paypal,completed
6337,6337,1267.88,2024-12-09T20:02:34,transfer,completed
6338,6338,2018.2,2024-11-07T19:07:09,card,completed
6339,6339,910.56,2025-11-01T17:26:21,transfer,completed
6340,6340,77.1,2025-12-08T21:36:54,transfer,failed
6341,6341,2162.54,2025-03-22T03:57:37,paypal,completed
6342,6342,3544.1,2024-06-26T21:56:27,card,completed
6343,6343,880.03,2025-03-24T03:12:42,paypal,completed
6344,6344,3697.18,2024-04-29T19:54:33,paypal,completed
6345,6345,2060.92,2025-12-21T19:39:41,bizum,completed
6346,6346,2159.4,2026-02-28T23:52:19,card,completed
6347,6347,1989.9,2026-02-27T00:58:00,card,completed
6348,6348,7091.81,2026-01-13T21:41:57,paypal,completed
6349,6349,1444.64,2026-04-15T21:20:26,card,completed
6350,6350,1566.04,2025-02-08T17:30:51,paypal,failed
6351,6351,1516.91,2025-05-19T20:12:03,card,completed
6352,6352,691.05,2025-10-20T08:24:33,paypal,completed
6353,6353,983.84,2025-08-17T15:53:53,paypal,completed
6354,6354,294.38,2025-04-20T16:32:02,paypal,completed
6355,6355,836.26,2025-10-11T01:36:38,paypal,pending
6356,6356,493.11,2026-05-16T11:56:18,transfer,completed
6357,6357,1175.61,2024-11-17T22:21:42,transfer,completed
6358,6358,2744.28,2024-07-28T08:12:08,card,completed
6359,6359,853.55,2025-02-23T16:14:30,paypal,refunded
6360,6360,469.95,2024-04-08T03:41:51,card,refunded
6361,6361,285.92,2024-10-04T11:45:23,card,completed
6362,6362,2064.54,2025-02-02T11:35:19,transfer,completed
6363,6363,4104.98,2024-12-29T01:11:30,paypal,completed
6364,6364,242.76,2025-09-03T19:06:26,card,refunded
6365,6365,1375.34,2025-11-22T08:06:22,paypal,completed
6366,6366,531.52,2024-01-09T10:12:00,paypal,completed
6367,6367,2041.16,2026-04-12T18:32:08,transfer,refunded
6368,6368,288.14,2025-03-07T03:48:39,card,completed
6369,6369,900.01,2026-01-03T11:14:04,paypal,completed
6370,6370,566.67,2025-09-30T03:43:42,card,refunded
6371,6371,2855.92,2025-03-26T11:44:57,card,refunded
6372,6372,623.37,2024-09-18T16:09:51,card,completed
6373,6373,3610.84,2024-01-25T14:19:42,card,completed
6374,6374,964.92,2024-08-24T01:21:51,paypal,completed
6375,6375,228.38,2024-08-21T15:56:37,paypal,completed
6376,6376,146.1,2026-03-18T01:56:44,card,pending
6377,6377,2848.8,2025-11-08T23:15:30,card,completed
6378,6378,632.28,2025-02-12T15:31:22,card,completed
6379,6379,50.0,2025-05-09T15:00:03,card,completed
6380,6380,502.41,2026-06-26T10:41:02,card,completed
6381,6381,1559.3,2025-06-24T15:33:23,card,completed
6382,6382,1601.98,2026-01-14T07:56:04,transfer,completed
6383,6383,206.74,2025-08-16T07:57:36,transfer,completed
6384,6384,351.25,2025-04-22T07:35:03,card,completed
6385,6385,2014.61,2024-03-31T18:08:22,card,completed
6386,6386,394.12,2024-07-30T05:49:53,paypal,completed
6387,6387,1718.42,2025-08-08T03:48:11,transfer,completed
6388,6388,2139.05,2025-11-25T07:35:12,card,completed
6389,6389,488.6,2026-02-19T03:13:49,bizum,completed
6390,6390,147.48,2026-01-30T11:04:45,card,completed
6391,6391,1179.45,2024-05-06T10:55:32,paypal,refunded
6392,6392,476.77,2024-01-12T02:30:40,card,completed
6393,6393,2190.0,2025-07-24T09:15:30,bizum,completed
6394,6394,1344.55,2024-08-14T14:09:55,card,refunded
6395,6395,2287.58,2024-09-15T07:32:51,paypal,completed
6396,6396,180.1,2026-06-28T17:08:47,card,completed
6397,6397,1753.11,2026-03-24T04:27:14,card,pending
6398,6398,1153.0,2025-12-24T23:01:02,paypal,completed
6399,6399,1155.42,2025-08-10T23:40:36,bizum,refunded
6400,6400,1330.67,2026-04-30T22:49:56,bizum,completed
6401,6401,3237.51,2026-06-30T22:12:02,transfer,completed
6402,6402,548.24,2025-03-15T00:06:25,transfer,completed
6403,6403,3714.77,2024-05-29T06:01:43,bizum,refunded
6404,6404,3862.0,2025-05-04T14:43:37,card,completed
6405,6405,1340.12,2025-12-21T10:26:15,card,completed
6406,6406,41.81,2025-11-27T09:57:22,card,completed
6407,6407,1625.77,2024-04-29T02:07:57,card,completed
6408,6408,1810.81,2026-05-07T17:43:32,bizum,refunded
6409,6409,220.71,2026-06-10T00:56:25,paypal,refunded
6410,6410,4877.31,2025-08-28T04:33:53,paypal,completed
6411,6411,303.31,2026-02-10T23:11:22,transfer,pending
6412,6412,1265.45,2025-10-07T01:02:38,bizum,refunded
6413,6413,392.29,2025-05-14T23:05:54,paypal,completed
6414,6414,893.38,2024-04-19T23:30:47,transfer,completed
6415,6415,198.21,2026-03-23T06:48:52,card,completed
6416,6416,496.76,2025-09-14T13:43:48,card,completed
6417,6417,1628.67,2025-10-20T13:44:46,card,completed
6418,6418,496.76,2024-03-14T15:51:22,card,completed
6419,6419,2914.4,2025-07-11T14:21:02,card,completed
6420,6420,440.77,2025-03-26T01:10:03,transfer,completed
6421,6421,35.65,2025-11-22T08:00:59,card,completed
6422,6422,1013.93,2025-04-18T01:26:32,card,completed
6423,6423,312.43,2025-06-15T15:24:52,card,completed
6424,6424,1680.69,2025-12-29T15:19:38,bizum,completed
6425,6425,184.62,2026-01-24T00:35:16,paypal,completed
6426,6426,690.85,2024-11-20T02:37:39,card,completed
6427,6427,2191.2,2025-08-10T10:03:06,card,completed
6428,6428,38.57,2026-06-10T00:58:46,bizum,completed
6429,6429,1732.17,2026-02-08T12:45:35,bizum,completed
6430,6430,1722.76,2024-05-10T14:23:52,card,completed
6431,6431,2171.72,2025-12-05T13:43:20,paypal,completed
6432,6432,1212.97,2025-12-13T08:58:07,bizum,completed
6433,6433,54.58,2025-11-07T02:25:14,paypal,refunded
6434,6434,231.51,2024-10-19T12:59:13,bizum,completed
6435,6435,410.45,2026-03-11T12:57:43,card,completed
6436,6436,3200.33,2025-02-06T17:41:36,bizum,completed
6437,6437,1856.41,2025-09-26T03:22:27,card,completed
6438,6438,1182.92,2026-01-01T07:52:35,paypal,pending
6439,6439,204.27,2026-05-11T00:05:25,card,completed
6440,6440,323.39,2025-03-11T02:18:49,paypal,completed
6441,6441,434.21,2026-01-30T09:18:50,paypal,completed
6442,6442,1447.12,2025-03-16T05:07:19,card,completed
6443,6443,656.09,2026-04-30T19:30:47,card,refunded
6444,6444,432.62,2025-09-10T17:04:09,card,completed
6445,6445,1264.56,2026-05-09T13:09:02,bizum,completed
6446,6446,2052.49,2026-04-13T03:02:49,card,completed
6447,6447,340.41,2026-01-10T21:07:35,card,completed
6448,6448,539.57,2025-07-03T04:10:02,card,completed
6449,6449,92.0,2024-10-26T21:25:17,paypal,pending
6450,6450,645.65,2024-04-17T18:49:31,card,completed
6451,6451,3740.74,2026-02-07T02:18:46,card,completed
6452,6452,2294.13,2024-08-10T00:30:30,card,completed
6453,6453,632.28,2024-03-08T16:02:58,bizum,pending
6454,6454,580.13,2025-12-21T15:51:14,bizum,completed
6455,6455,29.43,2025-04-07T01:53:05,card,completed
6456,6456,825.29,2025-12-02T02:10:34,card,completed
6457,6457,732.32,2026-01-23T19:30:43,card,completed
6458,6458,3028.78,2024-04-10T07:30:17,transfer,completed
6459,6459,1818.23,2024-05-03T02:21:49,card,completed
6460,6460,1206.04,2026-06-16T19:28:25,card,completed
6461,6461,1830.99,2024-10-04T00:32:17,card,completed
6462,6462,781.64,2024-02-18T16:36:22,bizum,completed
6463,6463,1207.31,2024-06-22T14:45:35,paypal,completed
6464,6464,1155.07,2025-04-14T10:57:57,paypal,completed
6465,6465,804.29,2026-01-27T01:55:30,paypal,completed
6466,6466,106.76,2026-01-21T00:05:01,paypal,completed
6467,6467,1157.96,2025-07-22T07:12:22,paypal,refunded
6468,6468,3769.69,2024-11-12T09:35:08,card,completed
6469,6469,694.28,2024-10-23T07:08:33,paypal,completed
6470,6470,517.71,2026-02-02T06:43:27,paypal,completed
6471,6471,475.41,2025-05-31T18:17:04,paypal,completed
6472,6472,861.38,2025-10-21T12:12:07,card,refunded
6473,6473,791.68,2024-02-27T05:01:41,card,completed
6474,6474,1626.95,2026-04-04T03:29:21,bizum,completed
6475,6475,564.14,2024-08-13T14:53:09,paypal,completed
6476,6476,450.41,2024-08-11T02:44:41,paypal,completed
6477,6477,49.71,2025-09-19T20:37:17,paypal,completed
6478,6478,219.93,2025-10-28T14:37:44,card,pending
6479,6479,1909.2,2026-04-29T09:05:48,card,completed
6480,6480,240.32,2026-05-05T04:41:12,card,completed
6481,6481,2343.1,2026-05-09T01:21:36,card,completed
6482,6482,657.85,2024-05-28T21:22:33,transfer,completed
6483,6483,1405.84,2025-07-06T01:43:05,card,completed
6484,6484,5567.56,2024-10-21T01:00:08,card,completed
6485,6485,808.51,2026-01-20T01:41:16,card,completed
6486,6486,1844.53,2024-11-25T07:33:48,card,completed
6487,6487,2271.16,2025-09-07T08:08:31,card,completed
6488,6488,58.82,2026-03-08T23:21:54,card,completed
6489,6489,1295.06,2026-06-17T13:47:34,card,completed
6490,6490,64.3,2024-06-08T21:45:42,card,refunded
6491,6491,856.17,2024-08-11T14:59:25,card,completed
6492,6492,94.45,2026-06-07T11:04:42,card,completed
6493,6493,868.14,2026-01-10T10:50:52,card,refunded
6494,6494,1800.0,2025-02-06T09:36:04,card,completed
6495,6495,115.09,2025-04-14T07:02:19,card,completed
6496,6496,3726.75,2024-12-02T21:14:19,transfer,completed
6497,6497,2519.66,2025-11-25T16:31:22,card,refunded
6498,6498,1327.46,2026-02-09T20:51:24,bizum,completed
6499,6499,954.85,2025-04-12T06:27:25,card,completed
6500,6500,819.78,2025-02-13T03:21:13,card,refunded
6501,6501,559.5,2025-06-23T06:27:53,card,completed
6502,6502,27.92,2024-06-27T12:06:23,card,completed
6503,6503,496.06,2025-09-16T14:12:09,paypal,completed
6504,6504,874.28,2024-12-28T23:17:11,card,completed
6505,6505,1116.38,2026-04-30T15:09:58,transfer,completed
6506,6506,76.8,2026-06-04T09:42:23,paypal,completed
6507,6507,410.45,2024-01-26T13:27:07,card,completed
6508,6508,753.55,2025-05-28T21:10:32,paypal,completed
6509,6509,255.5,2025-02-15T09:51:33,paypal,completed
6510,6510,930.61,2024-03-14T11:34:12,card,refunded
6511,6511,794.1,2025-06-11T07:35:12,card,completed
6512,6512,684.94,2025-05-23T14:50:40,card,completed
6513,6513,182.7,2025-03-18T12:20:44,card,completed
6514,6514,58.4,2026-05-07T14:08:09,card,completed
6515,6515,56.58,2025-05-10T03:45:34,paypal,completed
6516,6516,1715.15,2024-07-06T23:20:11,card,completed
6517,6517,2968.57,2025-11-30T15:13:53,card,completed
6518,6518,603.49,2025-03-18T08:10:39,card,completed
6519,6519,367.46,2025-03-31T10:26:07,card,failed
6520,6520,3086.94,2025-06-18T11:57:40,card,completed
6521,6521,1864.06,2024-02-08T21:02:06,card,completed
6522,6522,575.97,2024-02-13T19:36:09,card,pending
6523,6523,1406.45,2026-04-10T20:35:22,card,completed
6524,6524,185.05,2026-02-08T22:25:28,card,refunded
6525,6525,744.38,2025-09-14T03:30:06,card,completed
6526,6526,3105.81,2024-09-17T03:01:58,card,completed
6527,6527,318.07,2024-08-21T07:09:46,card,completed
6528,6528,4588.26,2026-02-08T00:50:30,card,completed
6529,6529,584.81,2025-05-05T13:49:07,card,pending
6530,6530,2068.41,2025-04-16T06:02:44,transfer,refunded
6531,6531,331.2,2026-06-04T09:58:16,paypal,completed
6532,6532,11.79,2025-02-27T17:32:53,card,completed
6533,6533,30.98,2026-02-01T20:14:27,card,completed
6534,6534,522.04,2024-01-09T20:53:34,card,completed
6535,6535,5834.43,2026-06-05T04:27:34,card,pending
6536,6536,536.68,2025-01-13T07:09:10,card,completed
6537,6537,162.09,2026-04-13T06:41:49,card,completed
6538,6538,2409.36,2025-08-27T05:14:54,card,completed
6539,6539,4392.96,2025-10-13T10:47:47,transfer,completed
6540,6540,47.43,2025-08-07T06:57:48,bizum,completed
6541,6541,57.68,2024-07-24T21:18:07,paypal,completed
6542,6542,1147.36,2026-06-01T07:50:10,transfer,completed
6543,6543,1454.4,2025-11-27T20:50:59,card,completed
6544,6544,679.96,2026-03-03T03:59:56,paypal,completed
6545,6545,216.29,2025-08-14T13:57:15,card,refunded
6546,6546,734.97,2025-02-03T22:35:19,bizum,refunded
6547,6547,1087.14,2026-02-15T00:55:52,paypal,completed
6548,6548,299.0,2025-04-08T07:57:12,card,completed
6549,6549,1782.99,2025-12-04T01:11:47,paypal,pending
6550,6550,900.0,2026-06-13T03:54:41,card,refunded
6551,6551,1874.48,2025-09-12T20:47:50,card,pending
6552,6552,75.01,2025-04-04T14:36:46,transfer,completed
6553,6553,478.7,2025-03-09T21:18:10,card,failed
6554,6554,30.98,2026-01-25T02:57:36,paypal,completed
6555,6555,344.43,2025-03-08T09:54:34,card,completed
6556,6556,861.38,2024-10-30T15:15:53,card,completed
6557,6557,11.79,2025-09-22T09:57:45,paypal,completed
6558,6558,1389.87,2025-12-02T20:30:39,bizum,completed
6559,6559,2055.4,2025-02-03T02:15:36,card,completed
6560,6560,471.92,2025-11-20T07:52:58,card,completed
6561,6561,879.58,2024-03-30T19:49:16,card,pending
6562,6562,76.34,2025-12-04T14:34:48,paypal,refunded
6563,6563,330.12,2025-01-21T21:29:33,card,refunded
6564,6564,1481.33,2025-10-28T11:20:35,transfer,refunded
6565,6565,432.62,2025-11-29T01:24:26,paypal,completed
6566,6566,262.35,2025-10-27T15:11:27,card,completed
6567,6567,242.72,2025-08-30T19:49:01,card,completed
6568,6568,896.41,2025-04-29T22:36:15,card,completed
6569,6569,665.6,2025-06-05T04:26:29,card,refunded
6570,6570,27.31,2026-04-09T18:16:30,bizum,completed
6571,6571,2235.52,2025-04-09T05:40:38,paypal,completed
6572,6572,1551.32,2026-05-07T02:43:09,card,completed
6573,6573,3809.37,2025-02-16T20:35:17,paypal,refunded
6574,6574,2154.66,2025-08-04T07:28:43,card,completed
6575,6575,1270.59,2024-12-03T11:47:37,card,pending
6576,6576,1015.09,2025-08-04T03:08:45,card,refunded
6577,6577,846.62,2025-07-04T07:24:04,bizum,completed
6578,6578,264.87,2026-04-04T21:13:30,transfer,completed
6579,6579,1234.84,2026-06-05T11:02:54,paypal,completed
6580,6580,288.14,2025-12-06T18:57:36,card,completed
6581,6581,204.78,2024-10-10T03:21:00,paypal,completed
6582,6582,58.82,2025-06-15T23:00:37,card,pending
6583,6583,964.92,2025-02-11T04:58:39,paypal,completed
6584,6584,1267.88,2026-06-25T22:07:15,card,completed
6585,6585,311.66,2025-07-28T18:34:16,card,completed
6586,6586,33.87,2026-06-10T15:36:30,card,completed
6587,6587,849.84,2025-03-08T20:10:28,paypal,completed
6588,6588,344.43,2025-05-16T10:58:59,paypal,completed
6589,6589,1641.99,2024-02-04T21:01:46,card,completed
6590,6590,180.1,2025-03-21T05:31:30,transfer,completed
6591,6591,1330.67,2026-04-10T01:44:36,transfer,completed
6592,6592,1960.04,2025-01-03T12:12:56,paypal,completed
6593,6593,1798.84,2025-06-02T14:57:45,paypal,pending
6594,6594,239.35,2024-11-22T06:45:19,card,completed
6595,6595,2576.36,2025-03-18T09:13:16,bizum,completed
6596,6596,1354.44,2026-03-06T11:45:59,card,completed
6597,6597,1313.88,2024-12-24T11:21:19,card,completed
6598,6598,639.35,2025-09-21T13:13:36,paypal,completed
6599,6599,174.44,2025-12-16T02:22:00,card,completed
6600,6600,43.99,2025-05-19T19:45:46,bizum,completed
6601,6601,4719.77,2026-06-30T13:04:00,card,completed
6602,6602,92.16,2026-04-10T18:26:52,card,completed
6603,6603,861.38,2025-06-02T01:06:54,bizum,refunded
6604,6604,496.62,2025-12-21T12:24:20,card,failed
6605,6605,481.82,2025-05-31T14:37:56,card,completed
6606,6606,471.92,2024-02-12T13:15:18,card,completed
6607,6607,2557.6,2024-10-28T06:42:27,transfer,failed
6608,6608,4309.32,2025-11-21T03:08:47,card,refunded
6609,6609,530.9,2025-10-05T14:11:20,card,refunded
6610,6610,2277.05,2026-06-12T14:44:56,card,completed
6611,6611,2450.49,2024-01-13T00:17:27,bizum,completed
6612,6612,51.71,2025-09-22T01:33:34,card,completed
6613,6613,331.2,2026-05-30T09:59:33,card,refunded
6614,6614,1042.95,2024-07-27T13:45:54,paypal,completed
6615,6615,87.69,2025-08-28T06:33:17,paypal,completed
6616,6616,3285.9,2026-06-26T18:38:22,card,completed
6617,6617,2900.93,2026-06-01T23:14:06,transfer,refunded
6618,6618,789.1,2026-05-20T02:08:52,card,completed
6619,6619,60.83,2025-10-16T04:56:10,card,completed
6620,6620,1831.46,2026-06-16T14:50:30,card,completed
6621,6621,2379.21,2025-07-07T18:15:32,card,completed
6622,6622,1284.87,2024-06-28T05:52:26,card,completed
6623,6623,6137.71,2025-05-05T20:06:19,card,completed
6624,6624,580.13,2025-10-06T06:22:16,card,refunded
6625,6625,607.38,2024-12-05T10:20:12,paypal,completed
6626,6626,1040.96,2024-12-09T17:09:00,paypal,refunded
6627,6627,811.97,2025-11-28T05:39:47,card,completed
6628,6628,366.39,2025-07-20T21:31:10,card,completed
6629,6629,900.0,2025-09-09T03:21:33,card,completed
6630,6630,463.02,2025-03-09T16:28:13,bizum,completed
6631,6631,240.32,2024-11-29T03:42:20,paypal,completed
6632,6632,641.9,2024-09-12T01:04:53,paypal,completed
6633,6633,526.29,2026-02-25T16:07:44,card,completed
6634,6634,947.35,2026-05-17T21:33:21,card,refunded
6635,6635,764.72,2026-02-27T00:16:43,card,completed
6636,6636,344.43,2026-04-21T13:05:05,card,failed
6637,6637,1844.77,2025-11-02T21:48:05,paypal,completed
6638,6638,1203.99,2026-05-08T01:03:48,paypal,completed
6639,6639,2041.62,2025-06-28T02:39:00,paypal,completed
6640,6640,900.0,2025-07-04T22:38:54,bizum,completed
6641,6641,650.46,2025-04-11T08:49:56,card,completed
6642,6642,2661.34,2026-02-11T04:35:47,transfer,completed
6643,6643,645.69,2025-10-09T10:28:57,paypal,completed
6644,6644,1649.98,2024-09-26T16:32:04,card,completed
6645,6645,388.92,2026-02-05T20:02:48,paypal,completed
6646,6646,344.43,2025-10-21T18:33:58,card,completed
6647,6647,860.39,2024-11-01T14:02:11,card,completed
6648,6648,1203.99,2024-05-30T20:21:41,card,completed
6649,6649,775.66,2025-01-22T08:16:38,card,completed
6650,6650,597.08,2025-06-25T04:12:06,card,completed
6651,6651,34.71,2024-02-27T22:35:38,card,completed
6652,6652,313.99,2025-06-27T14:39:16,transfer,refunded
6653,6653,157.12,2025-01-27T12:05:07,paypal,completed
6654,6654,260.38,2024-11-30T17:56:56,card,completed
6655,6655,561.03,2024-09-19T11:08:36,card,refunded
6656,6656,1297.3,2025-10-18T10:07:51,transfer,completed
6657,6657,348.88,2026-02-01T15:15:32,card,completed
6658,6658,1039.93,2025-05-02T10:51:04,card,completed
6659,6659,887.36,2025-02-20T19:46:41,paypal,completed
6660,6660,1800.04,2025-09-03T01:45:53,card,completed
6661,6661,1167.03,2024-05-15T08:45:34,paypal,completed
6662,6662,2426.11,2024-09-12T16:10:02,card,completed
6663,6663,2343.64,2025-09-11T05:14:21,card,refunded
6664,6664,1620.04,2025-11-14T03:23:40,paypal,completed
6665,6665,1919.05,2026-06-22T20:23:38,bizum,pending
6666,6666,656.09,2026-02-18T02:07:59,transfer,completed
6667,6667,1861.84,2026-06-21T00:44:46,card,completed
6668,6668,274.78,2026-02-09T07:04:47,card,completed
6669,6669,274.08,2026-02-20T22:20:49,card,refunded
6670,6670,2088.99,2025-12-21T22:18:50,paypal,refunded
6671,6671,531.52,2024-11-10T09:48:24,card,pending
6672,6672,70.72,2025-10-28T06:33:58,bizum,completed
6673,6673,437.24,2025-09-10T06:42:21,card,completed
6674,6674,2656.54,2024-10-24T05:07:39,card,completed
6675,6675,845.19,2024-03-06T07:44:24,card,completed
6676,6676,2151.34,2025-09-25T01:09:42,paypal,refunded
6677,6677,6911.15,2026-02-03T16:32:35,card,refunded
6678,6678,1529.04,2026-05-24T12:03:04,card,refunded
6679,6679,2179.42,2025-10-08T14:30:08,paypal,completed
6680,6680,1027.7,2025-01-18T12:18:27,card,completed
6681,6681,3362.81,2024-06-28T21:17:51,card,completed
6682,6682,86.52,2024-07-27T18:10:03,card,refunded
6683,6683,930.98,2026-06-06T10:06:19,bizum,completed
6684,6684,1580.27,2026-05-02T08:42:27,bizum,completed
6685,6685,756.34,2024-09-05T22:35:41,card,completed
6686,6686,27.88,2025-10-10T13:03:53,card,completed
6687,6687,203.85,2024-04-11T23:18:10,paypal,completed
6688,6688,341.22,2024-01-13T08:14:29,paypal,completed
6689,6689,3999.22,2025-11-01T05:05:26,card,completed
6690,6690,43.99,2024-08-06T22:28:22,paypal,completed
6691,6691,1759.15,2025-09-04T17:40:18,paypal,completed
6692,6692,930.61,2026-03-05T04:46:13,bizum,completed
6693,6693,641.9,2026-03-14T16:53:38,paypal,failed
6694,6694,2877.92,2025-10-30T06:26:17,card,refunded
6695,6695,2290.32,2026-02-12T08:45:54,paypal,completed
6696,6696,900.0,2026-03-20T07:38:34,card,completed
6697,6697,507.52,2026-04-08T04:35:41,card,completed
6698,6698,27.31,2025-07-04T08:23:48,card,completed
6699,6699,3742.46,2024-03-10T19:21:22,paypal,completed
6700,6700,11.9,2026-02-05T01:38:29,card,completed
6701,6701,866.05,2025-02-19T01:46:29,transfer,completed
6702,6702,1779.39,2024-10-21T08:51:58,paypal,completed
6703,6703,1196.68,2024-09-08T17:49:07,card,completed
6704,6704,1044.94,2025-02-02T00:04:30,card,completed
6705,6705,812.09,2025-06-06T21:10:53,card,pending
6706,6706,3087.19,2025-07-13T05:19:25,paypal,completed
6707,6707,1483.01,2024-02-23T10:13:21,card,completed
6708,6708,280.21,2024-04-24T13:24:55,card,refunded
6709,6709,287.93,2025-06-20T11:15:14,card,refunded
6710,6710,214.58,2026-03-24T16:21:56,paypal,completed
6711,6711,4811.3,2026-01-08T00:01:01,card,completed
6712,6712,23.8,2024-08-26T07:54:28,card,completed
6713,6713,1617.29,2025-07-03T14:01:11,bizum,completed
6714,6714,43.99,2025-03-25T02:44:51,transfer,completed
6715,6715,437.0,2024-09-10T16:03:34,card,completed
6716,6716,416.72,2024-05-01T04:18:21,card,pending
6717,6717,205.88,2024-05-31T12:50:34,card,completed
6718,6718,1271.5,2026-01-23T03:48:05,paypal,pending
6719,6719,947.35,2025-11-22T16:26:00,card,completed
6720,6720,1330.65,2025-11-14T15:35:00,card,completed
6721,6721,508.44,2025-01-06T23:59:14,card,refunded
6722,6722,2845.77,2026-04-21T15:13:19,paypal,completed
6723,6723,206.43,2026-03-26T20:57:11,paypal,pending
6724,6724,512.81,2025-03-18T03:09:03,transfer,completed
6725,6725,771.31,2025-06-02T14:48:37,card,refunded
6726,6726,993.6,2024-04-02T05:40:31,bizum,completed
6727,6727,829.17,2026-04-08T02:31:16,transfer,completed
6728,6728,95.01,2024-07-21T19:55:08,transfer,refunded
6729,6729,222.44,2024-09-21T17:23:49,card,completed
6730,6730,54.58,2025-07-08T04:55:58,card,completed
6731,6731,1295.06,2025-03-22T17:42:19,bizum,completed
6732,6732,1412.75,2025-05-19T05:39:17,bizum,refunded
6733,6733,788.24,2026-02-27T23:08:50,card,completed
6734,6734,758.37,2025-07-21T18:39:51,card,completed
6735,6735,643.45,2025-01-30T18:07:51,card,pending
6736,6736,184.0,2024-12-03T10:24:55,card,refunded
6737,6737,182.4,2026-05-20T11:20:37,card,pending
6738,6738,227.9,2025-05-01T01:27:28,card,completed
6739,6739,930.61,2024-10-15T12:15:25,paypal,refunded
6740,6740,385.81,2026-06-19T05:24:24,card,completed
6741,6741,4588.26,2026-04-23T02:39:47,bizum,completed
6742,6742,7577.26,2024-02-14T12:32:44,card,completed
6743,6743,624.59,2025-12-20T07:35:53,card,completed
6744,6744,650.22,2026-05-23T09:23:17,bizum,completed
6745,6745,306.37,2025-07-18T07:20:37,paypal,completed
6746,6746,3862.13,2026-03-19T02:36:21,card,completed
6747,6747,1138.1,2025-09-30T19:04:14,card,refunded
6748,6748,1861.84,2026-02-02T03:25:53,card,completed
6749,6749,748.22,2024-12-28T01:06:15,paypal,completed
6750,6750,2526.1,2025-08-06T15:34:54,paypal,completed
6751,6751,1835.3,2024-02-14T16:12:22,card,completed
6752,6752,702.5,2025-05-26T05:15:39,card,refunded
6753,6753,620.53,2026-05-11T12:34:35,card,completed
6754,6754,639.35,2026-06-27T13:18:17,card,pending
6755,6755,328.29,2025-02-11T14:03:01,card,completed
6756,6756,1954.16,2026-06-17T16:04:00,bizum,failed
6757,6757,3195.74,2026-05-10T21:25:59,paypal,completed
6758,6758,104.41,2026-05-09T21:02:07,card,completed
6759,6759,3247.57,2025-08-27T04:22:49,paypal,completed
6760,6760,1203.99,2025-04-21T05:01:39,card,completed
6761,6761,1636.62,2025-07-31T15:02:48,card,completed
6762,6762,268.12,2024-12-19T15:14:53,paypal,completed
6763,6763,2854.86,2025-09-30T12:09:12,card,refunded
6764,6764,100.56,2024-05-02T15:21:13,card,completed
6765,6765,1145.49,2024-06-23T17:55:12,card,completed
6766,6766,262.35,2026-03-24T11:38:07,paypal,completed
6767,6767,551.09,2024-01-19T07:50:47,paypal,completed
6768,6768,35.19,2025-09-29T09:48:16,paypal,completed
6769,6769,2351.49,2025-11-05T20:57:15,card,completed
6770,6770,1344.76,2026-02-14T23:54:40,paypal,completed
6771,6771,248.61,2025-03-05T07:07:54,paypal,completed
6772,6772,983.84,2024-12-18T00:13:39,paypal,completed
6773,6773,134.37,2025-11-24T20:39:08,paypal,refunded
6774,6774,3927.05,2024-07-04T18:55:24,transfer,failed
6775,6775,775.24,2025-07-23T23:51:49,card,completed
6776,6776,2370.55,2025-04-07T08:22:49,card,completed
6777,6777,531.93,2026-03-10T16:29:07,paypal,pending
6778,6778,196.4,2024-07-22T05:14:36,card,completed
6779,6779,390.69,2026-03-21T05:40:55,bizum,completed
6780,6780,228.38,2026-03-23T09:49:13,card,completed
6781,6781,766.66,2024-07-30T14:22:15,card,completed
6782,6782,526.29,2026-01-15T00:25:40,bizum,refunded
6783,6783,5076.4,2024-12-07T14:49:05,card,refunded
6784,6784,686.12,2024-11-22T05:07:11,card,completed
6785,6785,1259.83,2024-07-14T07:17:54,card,completed
6786,6786,435.02,2026-03-05T05:31:03,transfer,completed
6787,6787,1099.47,2025-02-22T18:51:34,card,completed
6788,6788,500.93,2026-04-17T09:46:22,card,refunded
6789,6789,602.24,2026-06-25T19:46:30,bizum,completed
6790,6790,1999.05,2025-05-14T16:26:00,card,completed
6791,6791,2198.94,2024-07-01T18:33:02,paypal,completed
6792,6792,58.4,2024-08-20T14:45:45,card,completed
6793,6793,1345.91,2025-10-24T23:14:01,card,completed
6794,6794,949.2,2025-04-13T00:19:03,transfer,completed
6795,6795,2395.65,2024-08-09T22:05:06,card,refunded
6796,6796,28.84,2026-02-05T00:52:29,card,completed
6797,6797,3122.04,2026-05-30T15:15:59,paypal,completed
6798,6798,1160.26,2026-01-27T01:53:35,card,completed
6799,6799,385.81,2026-02-09T22:37:58,paypal,completed
6800,6800,117.64,2024-01-30T07:50:00,card,failed
6801,6801,462.36,2026-03-02T23:46:41,paypal,completed
6802,6802,1498.47,2024-02-29T12:04:49,card,refunded
6803,6803,1181.26,2025-11-16T12:33:37,transfer,completed
6804,6804,2096.48,2025-01-29T23:23:05,paypal,completed
6805,6805,650.22,2026-05-29T01:46:34,paypal,completed
6806,6806,868.62,2024-04-17T21:00:38,card,refunded
6807,6807,2299.34,2025-01-21T02:28:50,card,completed
6808,6808,698.17,2026-01-09T08:48:38,transfer,refunded
6809,6809,899.67,2025-12-12T14:46:11,bizum,refunded
6810,6810,2367.68,2024-05-29T18:31:51,card,completed
6811,6811,5185.87,2026-02-07T12:01:16,paypal,completed
6812,6812,77.38,2024-11-17T23:05:39,card,refunded
6813,6813,1870.11,2025-08-21T07:54:34,card,completed
6814,6814,872.18,2024-10-11T12:49:31,bizum,completed
6815,6815,2926.39,2025-09-07T01:31:53,bizum,completed
6816,6816,276.16,2025-04-17T11:34:09,card,completed
6817,6817,2680.14,2025-08-15T04:00:16,card,completed
6818,6818,1722.52,2025-06-09T01:18:50,card,pending
6819,6819,1031.85,2024-01-05T16:50:32,card,completed
6820,6820,27.31,2026-03-17T20:20:37,card,completed
6821,6821,2136.05,2026-02-04T15:52:18,card,completed
6822,6822,475.41,2024-11-17T14:10:21,card,completed
6823,6823,364.8,2024-08-04T03:06:05,card,completed
6824,6824,351.25,2025-10-27T14:01:52,bizum,completed
6825,6825,2033.12,2025-11-24T18:58:49,card,completed
6826,6826,264.87,2024-02-06T15:04:00,card,completed
6827,6827,4606.82,2025-02-24T11:40:54,paypal,completed
6828,6828,963.94,2024-05-07T13:39:02,bizum,completed
6829,6829,540.79,2025-10-21T19:37:43,card,completed
6830,6830,1465.93,2024-01-14T11:54:40,paypal,completed
6831,6831,970.93,2025-07-23T05:27:34,bizum,pending
6832,6832,3167.78,2026-01-12T08:43:00,card,completed
6833,6833,1013.62,2025-08-19T18:32:19,paypal,completed
6834,6834,583.78,2026-03-06T14:07:22,card,completed
6835,6835,723.28,2024-12-04T17:02:38,bizum,completed
6836,6836,1941.86,2026-04-02T02:25:20,card,completed
6837,6837,2926.39,2025-10-30T15:29:07,transfer,completed
6838,6838,424.81,2025-03-20T07:34:25,card,completed
6839,6839,1270.52,2024-02-05T18:45:59,paypal,completed
6840,6840,1771.06,2025-10-29T16:49:18,card,completed
6841,6841,1710.0,2024-08-14T21:34:23,bizum,completed
6842,6842,1786.76,2025-02-09T11:31:44,paypal,completed
6843,6843,4006.48,2024-05-26T02:13:45,card,completed
6844,6844,99.87,2025-02-28T18:51:16,card,completed
6845,6845,1204.4,2025-12-04T08:41:07,paypal,refunded
6846,6846,433.09,2026-02-27T06:56:01,card,completed
6847,6847,441.08,2025-06-30T17:10:53,paypal,completed
6848,6848,1140.08,2024-12-21T16:37:37,card,completed
6849,6849,3333.78,2025-09-28T06:04:38,card,completed
6850,6850,240.32,2026-03-16T16:35:53,card,completed
6851,6851,985.08,2024-10-10T05:06:17,card,completed
6852,6852,698.57,2025-10-23T17:30:10,card,completed
6853,6853,38.17,2024-11-01T21:56:16,paypal,completed
6854,6854,1222.8,2024-10-30T03:01:11,card,completed
6855,6855,603.49,2026-01-27T05:09:14,card,completed
6856,6856,214.58,2025-04-10T10:34:05,card,refunded
6857,6857,70.72,2024-08-07T01:53:13,transfer,completed
6858,6858,2192.99,2025-11-16T16:16:33,paypal,completed
6859,6859,90.12,2026-01-27T15:33:13,card,completed
6860,6860,1483.97,2025-05-19T22:58:12,bizum,refunded
6861,6861,588.67,2024-06-04T13:41:49,paypal,completed
6862,6862,3288.12,2025-12-14T12:44:17,bizum,completed
6863,6863,512.74,2025-06-25T16:34:31,paypal,completed
6864,6864,1528.63,2026-01-20T22:11:15,card,completed
6865,6865,6157.47,2026-05-07T10:28:12,paypal,completed
6866,6866,1302.07,2025-07-20T13:20:56,card,refunded
6867,6867,847.1,2026-01-06T10:15:03,card,completed
6868,6868,330.03,2026-01-22T13:16:19,card,completed
6869,6869,3564.74,2025-12-07T06:38:14,card,completed
6870,6870,1802.0,2025-03-19T02:45:53,card,completed
6871,6871,1447.38,2024-04-23T00:29:01,card,refunded
6872,6872,462.52,2026-06-01T13:10:27,transfer,completed
6873,6873,458.49,2024-11-16T08:51:22,card,completed
6874,6874,410.45,2026-01-25T04:09:04,card,completed
6875,6875,2903.43,2026-05-19T04:09:40,transfer,completed
6876,6876,1511.02,2024-09-02T03:30:06,card,completed
6877,6877,3865.47,2025-08-23T05:30:43,bizum,completed
6878,6878,971.66,2024-05-17T01:11:25,card,completed
6879,6879,654.42,2024-03-18T20:49:09,paypal,pending
6880,6880,309.99,2026-01-22T09:31:35,card,completed
6881,6881,380.75,2026-04-15T20:15:16,card,completed
6882,6882,72.52,2024-06-10T18:28:52,transfer,completed
6883,6883,1914.49,2024-05-07T13:02:24,bizum,pending
6884,6884,444.02,2025-10-29T03:14:59,paypal,failed
6885,6885,292.46,2026-05-04T10:19:43,paypal,completed
6886,6886,188.28,2024-09-19T03:19:25,card,completed
6887,6887,1194.16,2026-05-29T18:23:58,paypal,completed
6888,6888,1758.75,2026-01-28T10:19:36,card,completed
6889,6889,849.62,2024-10-29T07:33:39,card,completed
6890,6890,784.32,2026-05-05T23:56:06,card,completed
6891,6891,837.55,2026-02-05T18:52:33,card,completed
6892,6892,708.11,2026-02-18T12:07:36,paypal,completed
6893,6893,770.49,2025-02-24T18:08:01,card,failed
6894,6894,635.26,2026-06-02T01:15:06,paypal,pending
6895,6895,401.24,2026-06-01T19:52:58,card,completed
6896,6896,10989.55,2025-01-03T11:04:31,paypal,completed
6897,6897,526.29,2024-06-03T21:27:11,card,refunded
6898,6898,275.54,2025-06-18T12:18:11,card,pending
6899,6899,2066.12,2025-01-07T05:12:54,card,refunded
6900,6900,978.43,2024-01-29T04:10:13,card,completed
6901,6901,1568.64,2026-01-24T02:04:33,card,completed
6902,6902,1777.39,2024-11-29T15:19:16,card,refunded
6903,6903,94.86,2024-02-23T07:18:35,card,completed
6904,6904,943.58,2024-12-02T01:22:23,card,refunded
6905,6905,11.79,2025-06-17T21:40:12,bizum,completed
6906,6906,580.05,2024-12-18T16:08:33,card,completed
6907,6907,1536.27,2024-10-01T11:16:35,paypal,pending
6908,6908,571.84,2026-02-02T06:18:59,card,completed
6909,6909,335.01,2026-01-11T10:08:47,paypal,refunded
6910,6910,90.12,2025-10-29T21:51:01,card,pending
6911,6911,575.42,2026-06-20T01:50:28,card,completed
6912,6912,135.12,2024-02-23T08:01:57,paypal,completed
6913,6913,56.97,2026-03-03T08:49:37,card,pending
6914,6914,373.77,2024-02-13T06:12:13,card,refunded
6915,6915,54.58,2025-01-30T23:23:59,card,completed
6916,6916,3689.05,2026-01-05T04:59:30,card,completed
6917,6917,1024.38,2026-05-17T02:25:52,transfer,completed
6918,6918,2906.28,2024-09-28T20:49:43,paypal,completed
6919,6919,1826.65,2024-02-09T16:40:30,card,refunded
6920,6920,825.46,2026-04-28T12:39:05,transfer,refunded
6921,6921,198.49,2025-01-02T12:42:04,card,completed
6922,6922,1312.16,2025-01-25T08:54:08,paypal,completed
6923,6923,113.95,2026-04-16T07:23:01,transfer,refunded
6924,6924,1621.12,2025-10-20T18:20:39,card,completed
6925,6925,1097.52,2025-10-18T21:16:55,paypal,completed
6926,6926,37.24,2024-12-05T15:22:17,paypal,completed
6927,6927,1523.25,2026-06-16T14:51:42,card,completed
6928,6928,57.87,2025-06-25T03:46:51,paypal,completed
6929,6929,2213.09,2026-02-16T03:34:43,card,completed
6930,6930,990.64,2026-01-13T04:33:38,paypal,refunded
6931,6931,1519.8,2025-12-18T07:53:29,card,completed
6932,6932,473.62,2025-01-18T19:08:59,card,refunded
6933,6933,389.93,2025-03-24T23:50:18,paypal,completed
6934,6934,1027.96,2026-05-15T14:37:07,card,completed
6935,6935,612.01,2024-05-06T15:28:40,card,completed
6936,6936,591.42,2025-12-17T18:44:46,bizum,completed
6937,6937,723.28,2025-06-23T07:05:21,card,refunded
6938,6938,410.45,2024-07-21T14:27:26,paypal,completed
6939,6939,1044.5,2026-01-06T06:49:04,card,refunded
6940,6940,1861.84,2025-10-30T23:19:54,card,completed
6941,6941,1239.89,2025-01-15T10:36:38,paypal,refunded
6942,6942,1308.26,2025-09-26T11:34:39,card,completed
6943,6943,444.02,2025-08-05T11:46:36,card,completed
6944,6944,4314.35,2025-05-16T16:55:29,card,completed
6945,6945,645.73,2025-07-20T18:03:32,card,completed
6946,6946,773.5,2025-03-18T06:50:36,transfer,completed
6947,6947,3576.62,2025-12-31T19:22:36,card,completed
6948,6948,934.65,2024-11-30T02:38:14,card,completed
6949,6949,893.92,2025-05-04T14:06:34,card,completed
6950,6950,1941.86,2025-09-18T21:12:57,transfer,completed
6951,6951,641.9,2025-03-03T05:03:48,paypal,completed
6952,6952,890.95,2026-02-12T03:22:45,transfer,completed
6953,6953,679.14,2025-08-15T02:55:22,bizum,completed
6954,6954,79.18,2026-03-27T11:13:38,bizum,completed
6955,6955,205.61,2024-07-02T23:43:11,card,completed
6956,6956,438.57,2026-01-23T21:58:17,card,completed
6957,6957,474.56,2025-07-20T23:15:02,transfer,refunded
6958,6958,1560.13,2026-04-17T16:16:56,card,completed
6959,6959,320.08,2026-01-27T17:53:12,card,completed
6960,6960,141.41,2024-02-02T22:48:31,card,pending
6961,6961,142.13,2025-04-21T00:36:23,paypal,completed
6962,6962,543.57,2024-12-01T04:29:46,card,pending
6963,6963,2106.41,2024-06-24T05:27:31,paypal,completed
6964,6964,848.71,2025-01-03T23:26:17,transfer,refunded
6965,6965,151.39,2025-04-02T17:57:51,card,completed
6966,6966,926.95,2026-06-25T00:50:09,card,pending
6967,6967,228.3,2026-06-22T23:24:56,card,pending
6968,6968,1884.93,2024-04-05T06:35:44,card,refunded
6969,6969,356.84,2024-06-14T22:01:02,card,completed
6970,6970,24.51,2026-04-27T04:20:06,card,completed
6971,6971,983.84,2026-03-06T01:31:25,transfer,failed
6972,6972,1386.1,2025-03-07T00:43:16,card,completed
6973,6973,3680.01,2024-01-29T14:00:48,paypal,completed
6974,6974,2621.54,2025-11-23T20:54:23,card,refunded
6975,6975,564.43,2024-08-12T08:42:34,paypal,completed
6976,6976,2108.79,2025-01-10T00:54:21,card,completed
6977,6977,2325.73,2026-01-03T23:22:28,card,completed
6978,6978,543.37,2025-01-31T21:45:23,card,refunded
6979,6979,1969.55,2025-03-25T18:03:36,card,completed
6980,6980,563.18,2025-04-13T19:45:39,card,completed
6981,6981,4729.94,2025-10-21T11:03:56,card,completed
6982,6982,822.74,2025-10-08T09:15:42,card,completed
6983,6983,836.26,2025-05-09T13:51:54,transfer,completed
6984,6984,215.42,2025-06-22T15:14:57,bizum,completed
6985,6985,1847.37,2024-01-22T09:44:43,paypal,completed
6986,6986,2461.24,2025-10-18T08:19:28,card,completed
6987,6987,496.76,2026-03-31T15:37:04,paypal,completed
6988,6988,165.39,2026-02-28T15:09:50,card,completed
6989,6989,195.33,2024-06-13T10:54:44,paypal,refunded
6990,6990,1165.02,2024-10-05T01:04:00,card,completed
6991,6991,588.67,2026-04-17T17:08:54,card,completed
6992,6992,281.59,2025-04-10T08:52:22,card,completed
6993,6993,4699.88,2024-08-25T22:12:44,card,completed
6994,6994,622.59,2025-02-27T23:37:23,paypal,completed
6995,6995,533.5,2026-05-28T15:40:42,card,refunded
6996,6996,954.58,2025-06-12T00:51:56,card,completed
6997,6997,855.0,2025-07-11T02:10:08,card,refunded
6998,6998,762.63,2026-04-20T06:22:00,paypal,completed
6999,6999,1033.29,2025-07-15T06:00:51,card,refunded
7000,7000,422.13,2024-11-02T16:40:15,bizum,completed
