review_id,order_item_id,rating,comment,review_date
1,4806,5,Stellen Zeitung legen Dorf acht oder Seite Uhr Haus Kind natürlich kalt Minutenmir Zeit oft.,2025-06-08T16:53:40
2,2584,5,Industria imagen económica sociedad libro parís los estado puede.,2024-09-19T00:59:21
3,4203,3,,2024-10-11T22:09:48
4,11309,4,Quasi suscipit perferendis hic ipsum dolor ipsum voluptate perferendis veniam asperiores ipsum.,2024-06-17T18:31:51
5,10784,4,Explicabo ducimus velit fugit ipsam earum hic.,2024-10-30T01:00:08
6,5580,1,Rendre bord au préférer argent décrire prouver forêt dès.,2025-02-11T17:05:00
7,4599,5,Tempora similique modi amet velit tempora debitis doloribus fuga quidem.,2026-03-28T12:46:04
8,6131,5,,2024-08-30T18:42:47
9,6253,2,Noch einfach lieb Kopf gewinnen damit fertig packen warten gehen schaffen heiß Musik da gestern Ding.,2026-07-09T18:23:08
10,5412,5,Part ensuite poitrine être avec pendre ton joie arriver quelque.,2024-04-11T04:03:22
11,10976,1,,2026-07-01T14:44:56
12,5807,3,,2024-10-23T23:55:00
13,9817,2,Bringen Brot sich Fahrrad mal Frage Fahrrad Wetter schwarz ich bekommen traurig.,2026-04-07T23:11:06
14,6126,4,,2025-08-12T16:19:27
15,717,5,Porro sint quidem occaecati mollitia facere ullam omnis eum veritatis occaecati iste.,2026-04-07T16:32:46
16,7242,3,Oben sofort nicht springen bei dabei Maus möglich unter hart mehr wichtig wie fast verkaufen Mann.,2025-01-18T15:25:56
17,770,5,Alto mismo dos jorge j central volvió.,2025-09-14T10:28:21
18,3528,3,Explicó segundo seis hora mismos u imagen finalmente causa así pedro texto capital proceso pesar.,2026-06-05T16:32:25
19,809,5,Porque casi interés mañana casi chile pronto cama iglesia diario arte ahora vez.,2025-03-19T03:29:37
20,7504,5,Uns Bett rufen sprechen drehen Schule bleiben.,2024-05-16T22:09:31
21,6256,5,Formación alguien blanca universidad tarde dicen ejemplo maría mejor fondo.,2026-03-10T19:55:12
22,10305,5,Fliegen Tier sofort Bruder lassen Teller hart Brief schlimm.,2026-04-03T14:44:22
23,3119,4,Mensonge réflexion sous crise jamais appartement grain puissance protéger agent.,2025-10-25T21:33:40
24,10587,3,,2024-01-18T10:12:00
25,959,4,,2024-09-02T15:42:37
26,4830,4,Folla il fino solito estate pericolo accordo perfetto massa riferire ufficio procedere affrontare chiaro finire mantenere.,2026-02-22T00:15:02
27,1200,5,,2025-07-27T00:46:38
28,9958,3,,2024-01-29T21:28:53
29,11168,5,Territorio tentare lì marito campo vasto intenzione passione capo termine sapere nascere realtà tendere interessare.,2025-11-30T15:35:00
30,263,5,Contre fonder perdre tempête vieillard fortune armer colère médecin certain rare examiner.,2026-07-03T18:14:33
31,3008,4,,2025-01-25T23:20:23
32,6855,5,,2024-11-12T07:27:38
33,5068,4,Briller veiller soir plonger ouvert simple coucher résistance désirer feuille.,2024-11-15T06:21:30
34,1718,3,Apoyo cámara necesario rosa vuelve junio arriba primer r están todavía pesar precio informe.,2024-09-28T14:17:43
35,8818,3,Spesso contento utile tendere problema giornata notevole ottenere giungere nudo continuo continuare condurre.,2026-06-09T12:50:19
36,6878,4,Gerade schnell Monate Tisch natürlich klettern natürlich man.,2025-01-14T06:38:26
37,91,3,Bruder sehen Hund heißen Hilfe rufen Sonne hart ist Rad Monate Stein sein nein.,2024-11-02T19:51:56
38,7332,5,Osservare armare avere famoso popolo recente aspettare convincere polizia significare piede preoccupare inoltre trasformare.,2025-06-12T23:35:38
39,3737,5,Man schreien mögen wohl Geschenk Geburtstag so.,2025-04-13T04:45:11
40,5305,5,Dem Papa dir Brief zur setzen gestern unser aus dem kein war neben klettern.,2026-05-28T12:55:51
41,5604,4,Serie ninguna militares mitad casa pasa tal mantener muerto mira policía unidad dos américa para toda.,2024-10-30T17:48:25
42,2082,5,Jorge parte grupos madrid sus incluso trabajadores salida dejó sola ahí calle servicios.,2024-07-11T03:49:45
43,9700,5,Dinanzi fenomeno insistere annunciare piangere giornale foglia preparare generale minimo braccio signora stesso.,2026-03-24T05:50:13
44,1613,4,Posibilidad memoria pronto abril plaza diversos blanca ambos.,2025-08-28T15:54:03
45,6312,5,Nihil adipisci iusto consequuntur iure possimus accusantium ratione architecto nulla omnis cumque molestiae molestias autem consequatur.,2025-06-15T12:27:19
46,5552,5,,2026-03-21T14:08:27
47,1039,5,Labore dolorum corrupti maiores neque ad hic esse sed veritatis officia error dignissimos eveniet eius.,2026-05-31T08:01:25
48,10272,4,Notizia lingua considerare raggiungere antico nome qualcuno prato macchina li.,2025-11-15T17:35:43
49,6491,5,,2025-09-01T21:25:52
50,4883,4,Douter rayon inutile tromper paquet discussion cours.,2025-11-26T04:21:15
51,2459,5,,2026-01-14T04:02:19
52,9062,2,Aquellas período europa fiscal quiero sol dejó bajo blanco septiembre relación consumo.,2025-10-14T11:09:19
53,6674,5,Vel voluptates distinctio nam quos vel laboriosam modi voluptates officiis nisi odit quae nihil.,2024-12-15T19:09:31
54,4063,2,Neben kam kaufen Mutter Leben Bauer lesen Haus setzen Herr Stein grün ganz fast Geburtstag fröhlich.,2025-08-04T14:13:19
55,9363,2,,2024-08-24T16:35:54
56,6466,5,Jung was uns Onkel zu Tag bleiben dich bauen später Leute die wir.,2024-06-17T06:49:19
57,139,5,Costituire speciale antico punta chilometro qualsiasi qualche luogo.,2024-11-12T17:49:17
58,2984,4,Illum debitis et minus blanditiis suscipit vitae quaerat necessitatibus.,2024-03-03T02:50:45
59,6270,5,Sido cantidad menor tengo ciencia empresa así señaló.,2024-12-08T21:06:04
60,870,5,Oben besser wichtig gab merken jetzt waschen schlagen böse weinen Ferien.,2026-05-01T13:16:14
61,6281,5,,2025-08-29T20:06:38
62,8532,5,Kommen alt Brot Essen zurück dir als gegen Garten Erde.,2024-06-24T15:52:13
63,1161,5,Carne rivoluzione bambina aria mano stato proposta soprattutto arrestare lungo forse male.,2025-02-19T05:32:22
64,9402,5,Iusto deleniti dolor odit in iste saepe nihil harum commodi corrupti voluptatibus repudiandae modi repellat exercitationem.,2026-06-21T04:18:50
65,2974,5,Professore sorridere pericoloso davanti parte massimo concetto inizio sognare lungo lontano sentire condizione.,2025-12-04T13:53:22
66,2067,4,,2025-03-16T11:26:33
67,9479,4,,2024-02-18T23:25:40
68,3864,5,,2025-02-15T03:20:32
69,9100,5,,2026-03-31T10:23:45
70,6630,5,,2026-01-31T06:50:00
71,6655,5,Acheter jouer cours trop construire parti prévoir officier poche attaquer miser pour mal siècle étendue étouffer.,2025-12-11T03:04:49
72,10815,5,,2025-09-26T14:12:09
73,2812,4,Richiedere per sinistro escludere proposito piangere tanto certamente notte trascinare sviluppo puro parlare popolo guidare nessuno.,2025-07-09T10:54:12
74,2643,3,,2024-09-22T01:07:36
75,9688,4,,2024-08-02T06:11:53
76,10685,5,Años tenía sistemas hijo muestra naturaleza aquí energía.,2026-02-13T00:35:16
77,8461,1,Race mort sept remercier droit l'un mouvement on signifier vieil côté certain instant.,2025-08-27T09:16:26
78,2451,3,Winter voll Haus was zwei Mensch Eltern frei mich Abend hinter.,2025-10-03T12:56:02
79,7243,4,,2025-01-15T15:25:56
80,3636,5,Nisi eveniet eligendi suscipit laboriosam rerum minus nisi ab cumque vitae illo necessitatibus minus commodi.,2026-04-06T15:39:35
81,3893,2,Quería trata señora luz vuelta clase toma toma.,2025-04-28T18:29:34
82,4401,2,,2026-06-04T04:08:01
83,277,5,Fuga porro veniam harum provident repudiandae reprehenderit nobis optio consectetur tempore tempora animi minus aliquid alias.,2025-11-10T00:27:40
84,110,3,,2026-05-16T20:30:22
85,1087,4,Voluptatem ad tempora earum autem inventore quibusdam ab nulla amet asperiores minima ipsum occaecati nisi.,2025-12-18T03:36:12
86,11295,3,Scoprire quasi ricchezza diritto ultimo coloro comunque zitto patria ecco massimo.,2026-03-15T23:46:41
87,9532,5,Harum occaecati magni sint ducimus quaerat et esse iusto impedit alias laudantium amet est ipsam.,2025-07-18T10:52:00
88,655,2,,2025-08-27T08:24:58
89,8435,5,Ullam nulla quisquam laborum ab aspernatur quae corporis tempore vero maiores doloremque eius perferendis optio doloremque.,2025-04-27T16:41:30
90,10003,3,,2026-05-29T09:30:12
91,6331,5,Fuga distinctio facilis perspiciatis eum quis corporis mollitia.,2025-12-11T16:52:29
92,5602,5,Hechos primeras cámara cosa unión podemos cuadro qué a.,2026-06-26T17:29:33
93,8844,5,Momento siglo han según participación nacional horas rafael.,2026-07-03T21:23:30
94,4922,3,Sehen laufen Wetter oft müssen hat Sonne mich Sohn natürlich vor auf Weihnachten.,2024-11-18T20:26:06
95,8902,5,,2026-03-27T00:45:08
96,8465,5,Repudiandae maiores repellat et corrupti molestiae neque nihil non magni aliquam eius sit.,2026-01-01T06:49:52
97,11431,5,Hacen pablo atención suerte muestra ante precios conocer reforma quedó datos cultural director meses suficiente existencia.,2025-09-04T05:30:43
98,1785,5,Oft lesen versuchen bis Weg krank seit Minutenmir Mutter führen hat Haare Pferd Geld.,2026-04-15T13:28:07
99,8243,3,,2025-05-30T12:27:35
100,2754,4,Consequatur eaque esse quisquam minima temporibus neque.,2026-06-19T07:04:40
101,9118,3,Schuh dort wir nach Woche für dein bald Papa.,2026-02-08T14:41:49
102,4624,5,Elemento popolazione fondo vicino servire descrivere persona.,2026-02-23T21:04:10
103,1996,5,Conseguenza svegliare lungo nero luogo cavallo dottore brutto.,2026-02-25T09:23:24
104,4595,2,,2026-06-30T06:17:51
105,1637,4,Was einigen zusammen Loch verlieren wirklich stehen Geschichte oder andere Affe nun natürlich.,2026-03-07T02:50:34
106,10050,5,Malgré engager trou juge combien répondre chose faute trou intéresser discussion agiter.,2024-12-07T08:12:35
107,3975,3,Pedro modo cuyo estos mantener tierra partes escuela sueño grupos otros abril cabeza.,2024-02-12T10:18:15
108,10611,5,Beim Auge grün wo zusammen laut gewinnen wir liegen heraus Polizei fertig.,2025-06-29T15:33:23
109,2890,3,Wohl Kind heute hinein baden Nase bin nun jeder Sonntag Fenster Spiel dir einigen.,2024-09-20T04:10:31
110,9715,4,Costringere spirito assai per costa posizione qualche potere ritenere governo no uno istante.,2025-06-23T16:11:26
111,11281,5,Relación formación españa según largo precios banco mis cultural después.,2025-10-30T23:14:01
112,8428,4,,2024-02-02T09:24:17
113,2071,4,,2025-06-02T10:29:44
114,205,5,Entier respect cruel tôt joindre bien échapper.,2025-10-25T04:45:17
115,5956,4,,2024-01-23T06:18:49
116,11438,5,Cacher ouvrir étouffer inutile disposer attitude battre.,2026-04-19T20:15:16
117,465,5,Encuentran educación lado esfuerzo mucha bajo abril cuestión único gran.,2025-11-19T08:38:55
118,5858,3,,2025-02-17T21:53:10
119,604,2,Ricordare avvicinare estero sperare riconoscere verità spalla accompagnare tempo suonare diventare scrittore storico.,2026-07-12T03:12:19
120,4650,5,,2025-06-05T08:52:07
121,7928,5,,2025-11-07T21:36:43
122,2957,5,Saepe autem delectus dolore modi odio ducimus eius deleniti ut autem voluptas dolores.,2024-09-20T08:52:02
123,10703,4,Auf trinken genau neun genau zwischen hinter schlecht.,2026-03-25T12:57:43
124,7851,5,,2026-02-02T06:57:49
125,2550,3,,2026-03-26T00:04:33
126,3520,5,Possible quarante cuisine souhaiter d'autres près abattre fuir dent jeu attirer place.,2024-07-31T05:06:04
127,7038,5,Pequeño grupo va últimos cuenta cosa punto río oficial obras cuenta todos algún humana victoria gracias.,2026-03-16T04:43:29
128,11376,5,,2026-03-13T06:56:01
129,5874,5,Côte que indiquer usage coup particulier goutte engager projet jeune penser énergie nuit l'un.,2026-06-23T13:24:32
130,2534,4,Oben darauf kann Finger Uhr hängen Jahr heiß.,2026-04-03T14:22:24
131,2384,4,Laudantium enim ipsum eligendi soluta rerum expedita nostrum totam temporibus minima illum quos magni.,2025-11-15T14:22:44
132,8857,4,Accanto aumentare futuro spazio uscire riunire iniziare nave contenere grande servire.,2024-12-13T22:23:38
133,3987,5,Facile azzurro pagina viaggio assumere significare economico quasi provocare qualcuno spettacolo.,2025-07-20T03:34:23
134,693,5,Schnell Pferd was rennen Buch ab er spielen lieb nämlich heraus Klasse.,2024-11-18T05:42:48
135,4652,5,Quinze fort visible malheur placer voici refuser toute nez fumée.,2024-06-25T12:18:06
136,1547,4,Dignissimos ea voluptatem aut voluptatum sapiente debitis ex voluptatum.,2026-06-29T21:34:53
137,3550,5,Contenido meses cuanto exterior tendrá alrededor solución capaz campaña estilo respecto.,2026-01-20T23:14:34
138,11585,3,Théâtre rêve simple remplir étudier bleu crier continuer être apprendre ne représenter terre.,2024-02-07T14:00:48
139,5139,4,,2025-12-04T08:04:39
140,588,4,Neque nihil vel facilis labore nobis laborum placeat quaerat harum.,2025-01-04T04:17:17
141,1218,5,Rerum quod facere vel ducimus nisi est repellat unde ab reiciendis illum alias.,2024-06-20T02:18:22
142,8033,4,Licht Bein Oma ihn vom Arbeit hier ja.,2025-10-31T10:26:49
143,8473,3,Alrededor aunque habrá esos estos mantener prensa tenido aspectos.,2024-06-30T16:40:16
144,8660,2,,2025-12-24T12:53:06
145,10796,5,Diverso legge attimo braccio quasi idea abitare accanto voi figlio.,2026-06-17T11:04:42
146,2903,4,Joie flamme complètement doute fait campagne faire au visage tirer.,2024-04-22T01:15:14
147,9475,5,Officia in voluptatibus ex nobis molestiae commodi odio quaerat.,2026-05-14T14:39:08
148,5403,4,Francia base carne tierra éxito esta paso cuestión psoe hora les origen libro tienen años intereses.,2026-06-10T14:29:53
149,5769,4,Gern durch merken Fahrrad hin jung lesen heiß mich.,2026-06-01T01:36:11
150,4438,5,Joie parfaitement discours découvrir chercher lorsque tu avec promettre en soir bruit lune au ailleurs dimanche.,2026-07-17T13:36:45
151,3595,4,Endlich genau Papa kommen wieder sofort dauern zusammen gehören fallen Wald Weihnachten von beißen schicken.,2024-03-13T17:13:51
152,1197,5,Hacía u vida importancia corazón cualquier productos ley adelante título primeros hacen santiago arte.,2024-11-04T03:54:36
153,4574,5,Glück leicht Lehrer Stück rechnen essen finden.,2024-02-05T22:05:31
154,7139,5,,2025-01-06T17:57:11
155,1674,5,Luogo carattere innamorare tentare mano rendere nord quanto toccare perfino seguito pomeriggio anima.,2025-08-31T14:12:07
156,2379,5,,2025-08-31T21:22:46
157,3405,5,Ejército ese media cerca encima lado algunos será hacer políticos llegar una libros momento.,2026-05-20T14:28:20
158,2277,5,Porte professeur tranquille front joindre espoir choix éternel cependant sec.,2024-10-07T22:33:39
159,9654,1,Nennen denn klettern Schuh Stunde vergessen baden davon scheinen.,2024-04-04T19:45:59
160,6506,5,Segunda solución lópez humanos medida resulta vida según sus otros prueba podría peor no.,2024-07-04T08:20:58
161,630,3,Amet in molestiae iusto beatae recusandae ipsam facere minima nesciunt labore quaerat ratione.,2025-12-28T03:56:10
162,7237,4,Sapiente reiciendis omnis quae distinctio nostrum omnis maiores illo facilis delectus atque dolores voluptas maxime.,2026-06-27T18:04:44
163,3671,5,Frais saint agir secret environ réfléchir spectacle vivant rideau.,2024-06-01T06:02:51
164,10378,4,,2025-07-27T12:58:24
165,352,4,Pietà bravo autore pomeriggio chissà ascoltare appena pregare come particolare più pensare.,2026-05-20T16:22:05
166,8799,4,Svolgere giustizia recare mamma considerare confessare indicare ragazza atto diverso.,2025-10-17T09:48:10
167,8147,4,Fugit beatae quisquam culpa nemo optio reprehenderit.,2025-11-25T05:33:08
168,8785,3,Soffrire pieno presto braccio mantenere sognare poeta fantasia cielo capello.,2025-01-30T11:41:44
169,11407,3,Bambina valle pericolo segnare confessare luogo gioco quale fresco numero condizione.,2026-02-03T22:11:15
170,6632,5,,2026-01-31T06:50:00
171,2440,5,Sofort tragen wohnen dort viel freuen steigen halten Gesicht Himmel.,2025-04-04T17:58:33
172,11235,5,Dürfen sonst mein in Bruder wer gewinnen Loch schaffen stehen ließ Katze Dorf ja Freund mein.,2024-06-30T17:55:12
173,2263,4,,2026-01-27T10:18:09
174,122,5,Voluptates reprehenderit dolorem inventore ipsum amet dolorem mollitia tempore.,2024-07-25T17:34:58
175,5054,4,,2025-07-13T23:44:19
176,8112,3,Blau am hören Wald hören reich Geschichte Bett fährt Stadt ihr Junge und.,2026-04-17T23:56:57
177,10930,5,Tempora sed ex omnis neque vitae fuga dolorem dicta ducimus neque ipsa.,2026-06-16T11:02:54
178,9026,4,,2025-09-13T09:38:56
179,4734,5,Diez efectos modelo objetivo buena origen régimen constitución voy ésta doctor pedro interés mira eran luis.,2024-03-19T11:49:10
180,1256,4,Voluptate necessitatibus cupiditate quasi inventore aperiam totam dicta quaerat harum soluta saepe quia.,2024-02-23T12:49:39
181,3727,5,Fuori procedere storia proposta medio limite svolgere speciale niente vivo svegliare personale anno.,2026-04-20T03:37:31
182,3846,3,Afirmó joven enfermedad nosotros pueda ahí hora.,2025-11-09T15:51:45
183,6242,5,Auge werden versuchen Wiese rund beide kann dick Meer ging hoch war oder.,2026-06-05T07:21:50
184,10431,3,Fornire segnare destro affare possibilità domandare fiducia ufficiale.,2025-08-13T07:38:11
185,10416,2,,2025-04-01T19:28:00
186,3682,3,Eos ad sequi dignissimos labore ab dolorem mollitia rem.,2026-05-07T12:13:37
187,4326,5,,2024-08-23T18:31:12
188,3902,4,Sieht einfach wohnen werden Geld ließ lustig Sohn will spielen sollen.,2026-06-26T09:03:49
189,3015,5,Nihil odio amet nostrum sit laudantium quaerat quaerat quisquam excepturi ut ipsam impedit animi.,2025-06-09T14:01:46
190,381,5,Estudios militares hubo cambios b solución relaciones.,2024-04-02T22:32:36
191,5526,5,Maxime explicabo ducimus accusantium amet consequuntur dicta accusamus quidem facere provident maiores.,2025-04-29T20:49:21
192,6361,5,Feuer Schüler gehören ob sehen sehr Hase.,2024-07-21T10:04:03
193,6407,5,Dafür kennen gar nun am Wissen früh.,2024-06-10T01:41:43
194,4196,5,Evitare sogno qualcosa facile milione sogno viso bastare felice.,2026-01-03T01:37:01
195,9445,5,Comercio idea pocos los importancia escuela cuya imágenes ahí.,2024-12-24T16:24:56
196,254,5,Pensiero gridare nascere assai prendere inglese dottore amare lago metà europeo chiudere sinistro nave pesare.,2025-03-13T14:05:03
197,1919,4,,2024-08-02T11:04:16
198,10197,4,Cum sapiente mollitia magni ipsum temporibus ducimus et minus temporibus qui ratione blanditiis.,2025-05-10T10:47:20
199,10956,5,Branche déposer dos raison éclairer conseil autrefois observer durer bleu son abandonner.,2026-03-11T11:45:59
200,9550,3,,2025-11-09T03:45:37
201,5788,4,Apparire valere bruciare recente cittadino angolo civiltà riunire ecco concedere animale vedere guerra.,2026-06-02T05:18:16
202,2431,5,Serio denaro mercato importare ne nome soldato nord qualcuno pagare.,2026-07-04T21:55:18
203,133,5,Molestias ducimus aliquam animi iure sapiente impedit pariatur non.,2025-12-13T22:21:32
204,3500,5,Partido solución cinco contra izquierda país silencio argentina nueva salida.,2025-12-31T03:10:36
205,1978,5,,2026-02-24T13:53:59
206,4526,5,Impressione costituire produrre distinguere costa unico confessare buio.,2025-05-23T21:38:36
207,750,4,Mehr war neun böse noch Fenster Auge Winter zum Ball schlafen deshalb.,2024-01-16T07:38:07
208,2657,4,Cour devant auteur pas empire asseoir élément.,2026-04-01T18:12:58
209,10944,4,Marito villa fra succedere utile ritorno figlia.,2024-02-21T21:01:46
210,5665,4,Geschenk her gehen gern Hund hin andere dort Schule Blume rund vor Buch braun jung zu.,2025-08-20T02:12:18
211,8715,2,Dopo cucina sorprendere male film procedere vuoto nemmeno servizio scoppiare mio.,2024-11-06T08:37:38
212,1520,4,Diciembre quien diversos proceso trabajo pese niveles naturaleza unas.,2025-07-12T03:34:38
213,100,5,Millones medida se sueño medida parís corazón.,2026-04-06T13:43:32
214,2152,5,Alcuno naturale stamattina bere università loro espressione.,2025-07-03T19:20:07
215,7465,5,También niño cuarto socialista niveles región gracias n tierra camino luego congreso respuesta podemos.,2024-06-22T21:25:16
216,10804,5,Conservare mercato riportare contadino pericolo venire intendere fissare diffondere affatto osservare paese aiuto potere città.,2024-12-09T21:14:19
217,2221,4,Popular todos demasiado propios pequeño llegado ojos nombre marzo trata hombre lleva decisión millones libro punto.,2024-09-19T07:39:35
218,7537,5,Esse harum dolor expedita perferendis natus fugit totam.,2026-06-24T05:59:37
219,2819,2,Solo maría propuesta pese fuerza tierra posición ejército claro políticos.,2026-03-27T03:07:35
220,10059,5,Vivere stupido caldo volto minuto mestiere troppo bene attenzione suonare dolore affare.,2025-07-07T19:35:44
221,6821,4,Lejos cuba obra pública boca viene esos decía viene formas fuego torno soy.,2026-05-19T00:14:13
222,2378,3,Monsieur curiosité cabinet passer bien témoin rose vendre.,2026-02-19T03:01:57
223,2358,4,Né accettare festa lo suo tavolo unire medio impedire sino pagina massa giù motivo.,2025-06-05T12:26:33
224,1308,5,Fin menos tres vivir usted pocos ellos última acuerdo gran favor.,2025-09-14T15:39:29
225,5598,3,,2024-08-05T16:14:09
226,5082,5,Deserunt asperiores voluptas molestias ea minus nobis magnam dicta molestiae laudantium officiis minima dicta.,2026-04-23T21:57:51
227,708,4,Quisquam libero quasi nulla reiciendis reiciendis placeat eos quis quos sequi.,2024-04-01T00:38:49
228,3321,4,,2026-01-21T05:05:33
229,6268,4,Personale eccellenza produrre esporre aggiungere se caldo raggiungere successo opporre contro maggiore nudo domanda.,2024-12-05T21:06:04
230,7257,4,Consequuntur sint repudiandae architecto iusto quod assumenda iure voluptatum reiciendis expedita odit vitae.,2024-03-12T03:06:30
231,6252,4,Reprendre départ âgé bon sauver rêve point raconter sous moment si.,2026-07-01T18:23:08
232,51,5,Paysan en demander permettre soit an en comment mot vaincre réponse coeur ferme.,2024-02-16T15:41:29
233,2467,4,Souffrir sérieux livre sauver flot vue ancien fumer savoir habitant couvrir.,2024-04-07T18:25:08
234,6259,4,Sein wir Sonne nimmt wieder oder wichtig klein tragen Boden vier.,2025-06-07T10:21:28
235,6114,4,Après juge petit âge quant à beaucoup vers mentir aider eh autant si rond.,2024-10-31T18:39:42
236,4305,4,Decía generales fernando española dicen habían primero.,2024-11-07T04:49:11
237,8099,4,Terminer soi puissant honte conclure ce frère pierre fille se promettre grâce.,2024-10-25T16:15:47
238,8687,5,,2025-02-22T02:44:25
239,7308,3,Società assoluto prossimo sotto rivedere riempire mese utile gente domanda odore esempio colpire naturale rispondere.,2025-07-08T07:17:42
240,25,5,,2025-12-20T02:51:19
241,8640,5,Quibusdam aliquid molestias tempore dolore dignissimos veritatis quam iure aliquam necessitatibus culpa.,2025-03-05T03:27:28
242,8819,4,Extraordinaire masse naturellement honneur tranquille lui oublier heureux et nécessaire.,2025-06-02T07:08:49
243,2629,4,,2024-11-17T12:26:18
244,6527,5,,2025-11-22T06:22:30
245,5743,1,Esse molestiae fugiat neque reprehenderit magnam odio facilis distinctio debitis fuga dolor dolores asperiores.,2025-08-15T14:08:50
246,11159,5,,2024-09-22T16:03:34
247,5661,4,Repellat doloribus voluptatem id labore dicta laborum aspernatur unde harum doloribus.,2026-01-31T20:27:26
248,4460,5,,2026-05-28T17:09:47
249,3579,5,,2025-02-27T22:41:59
250,362,4,Ritornare tentare domani antico ricevere confessare merito.,2026-06-15T14:43:24
251,7807,3,,2025-02-19T10:54:25
252,4021,5,Cuatro encuentra revolución zonas qué desde figura podía perdido niveles propios casi quién sea.,2025-03-18T10:34:46
253,3961,5,Ridurre contenere sole porto mangiare recare tagliare stupido genere muovere.,2026-03-06T12:38:01
254,7328,5,,2025-07-19T09:18:11
255,11251,4,,2025-08-07T23:51:49
256,399,4,,2026-06-15T09:42:14
257,3664,5,,2025-08-12T14:47:45
258,10539,1,War drei Lehrer kennen antworten wie mögen Fußball gibt also nur heiß Nacht hin.,2024-05-13T19:54:33
259,5477,5,,2026-01-18T14:18:08
260,11103,2,Minore levare caffè difendere fornire alzare preciso preciso zia dolore continuare grande tentare metà.,2024-08-13T18:10:03
261,7159,5,,2024-09-17T01:37:08
262,3461,4,Viaje personas has españoles haya dicen mujer menos embargo permite propios comenzó deben presente fuera edad.,2025-03-20T05:37:32
263,3314,5,Accettare suonare mentre insegnare andare possibilità cielo piuttosto ferire studio chiedere suo.,2025-03-17T19:15:49
264,2866,3,Schwarz gestern hinter gefährlich müssen sich haben Abend hat Vogel liegen Herr ohne.,2026-03-10T10:49:47
265,2965,5,,2025-02-06T15:06:20
266,1115,5,Magnifique sembler résoudre champ fine exécuter plaisir veiller mois vivre.,2025-06-21T03:45:01
267,11036,4,,2025-10-21T10:28:57
268,10235,3,,2025-03-09T09:39:41
269,6552,2,Coscienza braccio cattolico piantare sogno cantare romano francese difficoltà ricerca.,2026-03-23T01:57:30
270,1231,5,Pesetas hace diciembre lleva mejor haber equipo.,2026-01-22T22:43:05
271,11262,2,Necessitatibus fugiat quia iste tempore nostrum quae architecto.,2024-08-09T14:22:15
272,5005,2,Gehen Tür hinter einige sieben fahren suchen Garten er jung fest bekommen Weg Jahr Haare.,2025-05-03T02:45:02
273,484,4,,2026-01-20T06:43:52
274,9519,4,,2024-09-08T14:28:47
275,1845,4,Restare bisognare rompere almeno vecchio dottore parlare accogliere pranzo famoso dove assai.,2026-07-09T20:07:30
276,4702,4,Largo miembros próximo precios forma nivel cara fuerza grandes superior plaza persona ninguna lejos su tales.,2025-12-03T17:30:00
277,4559,4,Ajouter me bête deviner toujours père couche absence produire choisir saisir ni morceau extraordinaire.,2025-06-11T22:02:28
278,4122,4,Et veritatis totam doloremque ea mollitia voluptas occaecati.,2025-02-01T12:02:54
279,7319,4,Mögen lesen zeigen einigen Mädchen das verlieren merken Kopf hier nehmen nun.,2025-11-22T21:25:37
280,5428,4,,2024-03-12T08:56:54
281,4450,3,Efectos esfuerzo lejos sabía clase militares mientras dan apenas silencio muchos españa universidad sabe iglesia.,2026-01-10T19:43:21
282,3610,5,Zeigen Küche Polizei heiß Tag sehr darauf Brief früher Kopf tief wollen.,2025-09-14T03:50:01
283,4765,5,,2025-11-23T08:03:29
284,4733,4,Neu Seite nennen krank schwer danach wird den.,2024-03-25T11:49:10
285,8398,5,,2025-08-13T01:49:29
286,9377,5,Adipisci magni quidem minima adipisci labore soluta earum nesciunt impedit assumenda repellat.,2025-10-23T02:38:48
287,815,5,,2026-05-12T00:51:53
288,8237,4,Ohne Stunde draußen Woche lassen acht plötzlich nennen später bis Ding Bauer wohnen fünf antworten.,2026-05-29T20:42:17
289,506,3,Éclairer français direction réflexion nommer matin seulement ni théâtre.,2026-03-01T14:28:02
290,2153,4,,2026-04-29T02:47:28
291,1481,1,Resultados padre porque otros siguiente ni embargo especial nadie mujeres lenguaje veces largo precios.,2025-04-09T23:12:38
292,2804,4,Discussion bas remonter supporter bon million glace parvenir bien haute.,2024-11-30T07:17:34
293,9660,5,Podía propia secretario llegado uno somos cuerpo felipe políticos creo interior.,2024-09-21T06:59:39
294,6061,4,,2024-10-23T15:24:38
295,8197,5,Tombe sérieux dont volonté ressembler succès long paix d'abord.,2025-09-02T20:19:34
296,2619,3,,2024-06-09T04:28:38
297,4990,1,,2024-10-08T11:25:51
298,1491,5,Officiis sequi dolorum natus molestias reprehenderit minima.,2024-02-01T12:18:14
299,4089,4,Sicurezza cadere signore costruire permettere preferire segnare governo croce ordinare osservare alto.,2024-07-10T22:16:43
300,9913,4,,2025-11-30T17:38:31
301,10010,5,Qualcosa poco minuto elettrico ognuno ampio cortile ragazzo preparare uscire giovanotto bisogno sangue.,2025-04-09T13:28:19
302,11152,5,,2026-01-14T00:01:01
303,5774,4,Springen sollen Junge nennen erst hören lachen danach.,2026-05-16T16:18:38
304,1840,4,Accusantium mollitia facere pariatur maxime ducimus eius blanditiis corporis magnam laboriosam assumenda eos assumenda consectetur.,2024-09-14T16:56:58
305,7949,4,,2026-01-23T13:53:52
306,9321,4,Libertà idea strano rompere concludere tono distinguere quale ci vedere modo epoca camera stazione gesto.,2024-09-12T03:49:17
307,5700,3,,2026-03-27T20:18:16
308,5198,4,,2025-11-23T20:57:28
309,5194,2,Piede presidente appartenere puro voi filo trovare.,2026-04-08T17:45:45
310,3338,5,,2024-09-12T03:55:39
311,3681,5,Affare cercare sostenere difficoltà volta capitare latino sorridere istituto ci modo mercato.,2026-03-24T12:49:25
312,7572,5,,2025-01-24T23:07:55
313,2571,5,Ipsum harum et reprehenderit odit minima inventore sit reiciendis saepe quia maiores.,2024-01-21T07:29:35
314,6548,3,,2025-09-17T14:46:31
315,2407,4,Enim laborum debitis ut tenetur ipsa quam consequatur omnis aliquam.,2024-04-18T20:43:56
316,3581,5,,2025-03-01T22:41:59
317,10917,4,Ridurre serio minore tranquillo elevare passione spesso sviluppo addosso perché chiave relazione necessità avere numero.,2025-04-14T05:40:38
318,664,5,Beißen hoch Schule Mutter ihn offen nehmen fährt.,2026-05-25T12:28:41
319,4199,3,Possibilità limitare possedere osservare puro occhio fatto giallo armare sistema piede spegnere alcuno difesa anzi base.,2025-09-10T15:41:43
320,5860,5,,2025-02-23T21:53:10
321,1593,5,,2024-07-14T11:31:37
322,5789,4,,2025-09-27T14:49:06
323,71,5,Minus consequuntur quos voluptate nam veritatis natus libero dolorem nesciunt nostrum.,2025-03-04T10:02:50
324,1160,3,Letto largo carattere allontanare quarto metro senso.,2025-02-09T05:32:22
325,375,4,,2026-06-21T06:06:58
326,9624,4,Vuelta exterior nuestros no presidente socialista chile industria diez social.,2026-06-16T12:04:58
327,9968,4,Roche étrange si terminer tête lequel par écraser retourner établir.,2025-04-10T19:03:04
328,9925,5,Mich Bett sieht ihm bald mehr war anfangen mein zusammen erst hart möglich.,2025-05-20T11:13:34
329,7049,5,Corps enfoncer empêcher hiver semaine or réveiller rejeter courant.,2024-09-29T18:34:34
330,10248,3,,2025-09-11T07:39:28
331,8989,3,Certain monde inutile année envie ne terme fin tranquille accent chef médecin fait changer reconnaître signer.,2024-05-31T17:17:25
332,4324,2,Anima stesso secondo scoppiare attaccare attuale carne.,2024-11-17T00:17:00
333,7662,5,Acht verstecken letzte fressen Mädchen sich dafür hart Name Tag wünschen Stunde schreiben lange Frau.,2026-06-15T03:09:03
334,2687,5,Già rivelare riprendere mestiere quale comprendere breve commissione onore indietro piangere mamma.,2025-11-19T12:24:29
335,4111,5,Vero ducimus perspiciatis magni ipsam repudiandae ea assumenda nisi repellendus sit.,2026-02-04T20:20:29
336,3865,4,Nichts traurig schwarz sehen Sohn krank Tisch fährt Rad groß Ball Uhr nämlich gibt.,2024-08-13T12:51:09
337,3332,3,Continuare interessare sposare voltare formare comporre sogno niente punto insegnare prezzo disposizione.,2024-04-18T09:40:38
338,10365,5,Rad fragen mit müssen im Ferien lassen für beide.,2026-06-09T11:49:01
339,486,4,Ea sit quae deleniti repellat ratione vitae quibusdam nobis nulla nemo doloremque dignissimos quibusdam quam.,2026-03-12T16:13:48
340,10743,4,Aller oiseau garder chute roche sien lettre faim chanter.,2024-10-15T00:32:17
341,2452,4,Lange Frau dein zwei aus rot ist Himmel Jahr kalt hinter wenn kurz Spaß also.,2025-01-07T05:30:15
342,711,5,,2026-04-22T20:17:04
343,3574,5,Causa principe cioè spiegare confessare sotto rivoluzione mio vasto pelle vista.,2026-02-05T08:25:52
344,8038,3,,2025-05-17T23:33:52
345,10788,5,Her für warm müssen Polizei langsam fragen dabei Baum.,2024-12-09T07:33:48
346,5112,5,Travailler traverser agiter race veille surprendre absolument envelopper poche direction soleil parce que partir traverser propre.,2025-01-29T23:51:52
347,1086,4,Considerare grigio cantare scherzare iniziare magari distinguere tentare libro.,2026-01-02T03:36:12
348,1128,5,Buenos mujeres asimismo estado cuadro muy cuba hombre quedó cuerpo.,2026-03-11T19:38:05
349,5697,3,Küche die schlagen so mich lassen Küche Lehrerin Sommer einfach will lesen neun dafür arbeiten.,2024-06-13T14:25:03
350,6896,5,Plusieurs établir oeil nerveux considérer tourner cri puis.,2025-05-03T04:19:56
351,3971,4,,2024-12-30T10:43:50
352,4939,4,Voile vague cher contre simplement fête taire visible avoir engager renoncer moitié.,2026-06-05T05:43:15
353,2549,5,Rentrer douze rose glisser exécuter éviter trente manier découvrir fier trou pourquoi.,2025-04-03T10:19:16
354,3431,4,,2024-11-25T23:55:55
355,355,5,Poco vino ese estaba hablar lópez la sola ante quienes libro.,2024-12-23T19:30:44
356,95,4,Amet occaecati error consequatur pariatur ad laudantium quaerat quis similique natus adipisci.,2025-07-17T02:31:04
357,8734,5,Sueño nivel existe española segundo solución sólo dinero producción pueblo riesgo.,2026-03-17T15:57:25
358,9534,4,In voluptatibus vitae consequatur tenetur cum cum similique fuga delectus.,2024-06-12T15:40:19
359,8217,5,Ciascuno nobile pazzo inoltre ridurre vendere stupido salutare.,2025-03-21T13:31:45
360,7711,3,,2025-09-26T03:17:04
361,8400,5,Lachen zur ob um natürlich und ins lernen nichts Zahl.,2025-12-20T09:35:36
362,1610,4,Stück Wissen später rufen jung mögen er doch Finger Hase schwimmen vor dann die doch.,2025-04-09T04:34:15
363,2582,4,Car bois champ pas rang histoire jouer.,2026-02-24T06:09:36
364,10249,1,Doloremque delectus quis aliquam rerum non culpa omnis atque nemo tempore iusto sint quam accusamus blanditiis.,2025-09-14T07:39:28
365,5591,5,Sechs damit mal zehn mal am gerade vom Finger Eltern.,2026-05-05T21:33:55
366,330,5,,2025-06-16T08:25:39
367,5361,4,,2024-07-09T02:00:24
368,8636,5,Espoir avant maladie sauvage pur détail danser façon par avis habitant port puis seigneur.,2025-11-10T00:43:13
369,6309,5,,2025-06-10T12:27:19
370,773,4,Plaza ciudad vida mundial juego importante está armas político película necesidad trabajar fuerzas tampoco.,2026-06-03T16:07:53
371,7717,4,Schenken dazu schwimmen wollen tragen vorbei spät besser verlieren reich Affe werden suchen schenken dort Monat.,2026-03-15T10:12:23
372,2989,4,Porro doloribus repudiandae sequi dolorem cum totam autem molestiae voluptatum illum saepe voluptatem.,2026-02-15T13:05:31
373,7531,4,,2025-08-14T09:56:48
374,4513,4,Porta descrivere autorità diverso energia decidere qualsiasi dirigere essa abito mare.,2025-01-04T09:08:50
375,4448,5,Zwischen sein Spaß ruhig Tante schlimm reiten lustig las hinter am kaufen Bauer natürlich sie.,2024-06-16T09:49:49
376,6104,4,Schreiben Kind ist darin es Kopf war kurz leben wohnen stehen.,2026-06-28T14:32:09
377,4625,5,,2025-03-22T16:22:19
378,2713,5,Pariatur numquam sequi inventore neque autem vero.,2025-10-24T00:26:50
379,3823,5,Poco ciencia ayer u juan cosa vuelta sin importantes presidente.,2024-01-26T15:20:12
380,1564,4,Le acto gente tres mundial unidad perdido santa también cargo para derechos.,2025-11-25T18:29:37
381,5380,5,Centrale poco nave differenza senso nero perdere affare gusto fornire esempio dopo riportare spirito attenzione.,2025-07-13T16:38:50
382,9919,5,Solitude moins bonheur chat combat remplir payer complet bon.,2026-02-23T13:15:40
383,8054,2,Dernier refuser apprendre corde regard neuf devant combat verser oreille.,2024-09-06T14:50:20
384,11621,5,Podrá escuela adelante hizo cualquier ella número club actividad español importantes dicho.,2025-03-04T23:37:23
385,8146,4,Nichts darin oder Schüler Schnee wissen Tier spät Zeit Küche zwischen Herz.,2025-11-30T05:33:08
386,2077,4,Blau fertig Hund Glück Sache fest verkaufen hängen den alle.,2025-04-14T16:09:50
387,5594,5,Müssen Brief tun vor dazu heiß Glas sollen steigen antworten.,2025-03-25T09:09:46
388,5961,4,Puede luis quiere atención marzo población hora horas.,2025-11-08T23:03:46
389,10997,5,Sommer den Hunger davon der mögen Minutenmir werfen wo mit lernen wissen lernen Seite Wald.,2025-07-13T18:15:32
390,7207,5,Quisquam quod asperiores rem ipsa eius deleniti odit ducimus voluptas consectetur asperiores.,2026-01-02T12:29:09
391,11448,5,,2026-02-04T10:19:36
392,9009,4,Comunicación formación produce ejército cómo muerte intereses estado río clase diciembre programas derecho nunca cómo mañana.,2025-05-10T08:44:43
393,7529,4,Impossibile comprare estero prevedere niente quadro contenere porto.,2024-07-02T02:52:52
394,1541,5,Formación siendo usted llegó yo visto imposible garcía.,2025-05-24T20:00:06
395,9551,5,,2025-11-03T03:45:37
396,1822,1,Omnis ab velit tempora totam assumenda voluptates repudiandae quis expedita aliquam ullam sapiente est reprehenderit.,2026-05-24T15:15:27
397,3639,4,Bien on gauche aventure jeune forcer rejoindre remettre soit souhaiter il échapper parfaitement.,2025-10-24T00:50:07
398,1884,5,Réunir plusieurs difficile foule double rencontrer prétendre marché.,2024-12-13T02:26:22
399,5396,5,Jung verkaufen treffen lieb zeigen werfen lernen Hund gern erklären das.,2024-04-13T22:48:41
400,11261,5,,2024-08-16T14:22:15
401,8567,4,,2024-04-07T14:06:58
402,7492,5,Efecto fueron atrás tanto servicios alguien cuyo viene general derecho paz pública problema minutos.,2025-04-02T18:06:48
403,7708,5,,2024-12-23T04:17:17
404,8514,4,Dedicare nave tipo poco speciale presente atto termine eppure figlia prima viso stampa privato fuori.,2025-11-07T23:57:16
405,7358,3,Eaque beatae quod natus earum blanditiis repellendus quasi velit fuga quo velit est cupiditate rerum.,2024-05-10T16:10:55
406,10339,2,Accordo sottile voltare congresso viaggio classe felice.,2024-11-24T11:04:30
407,8035,4,Ein Weg fest Zimmer Blume bis einige Wasser erzählen dem Woche.,2024-06-25T11:08:50
408,7311,5,Île mois jardin soit vendre six oublier milieu disposer colon tout ami mot jeune nul veille.,2024-09-09T14:19:53
409,7978,3,,2026-01-23T17:44:28
410,5606,4,Possedere sinistro età coloro luce croce fondare buio strano quadro servire.,2025-01-12T08:18:19
411,6301,5,Marzo oficial fuego nueva recursos político paso nueva deben empresas hospital mundial diferencia jóvenes.,2024-12-16T09:49:56
412,5569,3,,2025-01-24T04:26:27
413,7418,4,Unique étaler beaucoup chaîne humide rocher six lèvre chasse résultat sentier grandir étonner.,2025-12-24T05:30:36
414,3812,5,Etwas beißen oben gibt gut Gesicht langsam Mensch dafür man wird neu öffnen ins wird Zeitung.,2024-04-23T16:56:37
415,9412,5,Gatto forza perdere operaio figlia interno ricordo automobile pianta buttare libertà ciascuno rientrare cambiare produzione.,2026-06-06T03:35:05
416,8837,5,Gibt gut Wald Brief können eigentlich weiter wieder wünschen.,2025-10-29T08:10:23
417,7694,5,Arte servizio vino finestra commercio parlare spalla lanciare staccare.,2024-11-06T13:03:10
418,2841,5,Machen fünf ihn nehmen Zahl glücklich packen warum.,2024-05-11T01:10:02
419,483,5,Mismo policía carácter unidad mis propia millones país deben violencia estamos.,2025-04-21T09:38:54
420,8685,5,,2025-05-03T18:07:57
421,262,5,Corrente fiducia libertà ripetere sicurezza spazio contatto girare brutto indicare oro.,2025-02-07T14:29:23
422,4050,5,Abito scrivere piano semplice escludere vita davanti potere temere giallo paese figura ragione.,2025-04-13T03:54:28
423,6228,5,Praesentium magni facere ad pariatur fugiat iste inventore impedit natus quasi quidem.,2025-04-27T12:33:51
424,10954,2,Freund oder gesund Junge Mädchen Fisch Rad mal früher erzählen ging ich beißen drei.,2026-03-14T11:45:59
425,6110,3,,2024-08-11T12:45:47
426,982,5,,2026-04-16T22:16:40
427,3557,5,,2025-11-01T10:16:55
428,6688,5,,2025-05-01T11:45:38
429,6948,5,,2024-02-20T22:21:21
430,128,4,Küche gehören fest da Angst fehlen stark.,2026-03-31T15:31:25
431,10104,5,,2025-04-14T03:20:42
432,10086,4,,2025-03-30T19:40:42
433,1468,5,Nun dich uns Weihnachten Apfel merken hängen Stadt hinein Beispiel.,2024-03-15T11:31:22
434,5753,5,Vestito origine albero esprimere fuggire dichiarare peccato campagna azzurro segno bosco presentare ecco.,2024-05-10T10:11:37
435,3114,3,Maiores fugit dolores aperiam sunt autem sunt.,2025-09-20T13:53:43
436,9623,5,,2024-02-21T03:51:19
437,8933,4,Journal hauteur distance doucement cependant magnifique dieu mari bataille dont grand connaissance porte pointe prochain réunir.,2025-02-04T20:41:01
438,3148,4,,2025-11-29T14:16:57
439,9342,3,,2024-05-19T20:07:00
440,6219,1,,2026-06-23T04:35:29
441,832,5,Intereses esa unidad por investigación problema especialmente del unidad oficial ahí.,2025-09-26T22:05:03
442,9663,4,Zug Sonntag mögen grün las voll beißen essen Junge brauchen.,2024-06-14T06:15:31
443,7284,5,,2024-08-01T02:09:45
444,5372,4,,2025-06-26T01:54:32
445,152,5,Además si pueda modelo tarde partido visto contenido autoridades cuadro.,2026-02-28T05:01:10
446,9104,5,,2025-01-28T15:20:20
447,11025,1,Illo veritatis reprehenderit nihil est ea nam natus ipsa numquam dolorem.,2026-05-20T01:03:48
448,5560,3,,2025-07-02T04:40:46
449,8390,4,,2026-06-27T21:05:49
450,10684,5,Época lenguaje méxico antes cultura actividades alto habían cualquier.,2026-01-02T15:19:38
451,7587,5,Gouvernement fidèle rien projet gauche heureux appartement travers violent instinct spectacle quel avant bataille humain.,2025-02-25T10:09:09
452,6510,4,,2025-03-30T12:42:18
453,1621,3,Ratione distinctio autem quae quasi laboriosam a ad perspiciatis iusto unde.,2025-01-24T20:05:58
454,3467,5,,2025-05-13T14:00:29
455,1135,5,Singen rund schwer natürlich verkaufen früh langsam tragen werfen tun plötzlich sagen einige dumm Nacht.,2024-02-03T03:15:38
456,1465,2,,2025-10-17T20:48:10
457,2690,5,,2024-08-12T08:37:10
458,1673,5,Risquer ramasser rue seul instinct obéir voisin succès rue froid espèce prévenir apparence.,2024-08-11T19:23:18
459,9514,2,Id velit facilis sequi fugit magni ad asperiores voluptatum occaecati esse.,2025-10-17T09:14:26
460,762,4,Omnis nihil enim maiores rem quam blanditiis cumque perferendis maiores dolore eligendi.,2025-03-09T02:03:39
461,9069,5,Sobre lado mes vía nuestros principio solo.,2026-02-21T02:59:44
462,55,5,Delà flamme doucement oiseau tombe compter gouvernement robe.,2024-03-31T14:51:23
463,6152,5,Qualunque muovere avanzare errore attenzione trascinare relazione fiore padre profondo vita conoscenza sbagliare attento.,2025-03-11T02:54:41
464,10362,5,,2026-06-18T11:49:01
465,8693,3,,2024-04-21T14:30:54
466,4399,5,Suscipit quibusdam sit rem sequi fugit deleniti atque.,2026-06-04T04:08:01
467,9720,5,,2026-04-15T07:13:02
468,9727,3,Lira storico differenza bocca vecchio piede posto importare strano attenzione.,2025-08-04T10:28:30
469,9640,3,Früher hart lieb genau erst auch wirklich.,2024-03-08T09:15:41
470,4759,5,Magnam porro autem animi nihil eius fugiat debitis.,2025-09-28T09:55:40
471,9259,4,Vuoto nascondere solo luce rispondere prevedere crescere anno libero pubblico esercito.,2025-04-23T02:47:18
472,2514,4,Familia económico peso visto respuesta fácil junio ciento nombre nunca usted oro carne eso.,2026-04-18T20:50:30
473,8816,4,Hablar mañana no ver medida argentina carlos vuelve ni energía crisis cuadro ese estado.,2025-08-24T18:25:26
474,1855,5,Recusandae perspiciatis ratione quas mollitia ullam commodi optio expedita qui ullam.,2026-04-28T17:26:58
475,10234,4,,2025-02-25T09:39:41
476,8385,5,,2025-12-13T04:56:30
477,5688,4,Octubre personas exterior dan ella madrid toda jefe ayuda últimos falta crisis premio europea tienen nuestros.,2024-09-15T11:53:29
478,9261,5,Pariatur soluta dignissimos aliquam iste at iusto fuga.,2025-06-18T17:13:57
479,6102,4,,2026-01-10T05:05:29
480,10816,5,Chasse garde interroger auprès animal cher professeur ouvrage.,2025-10-01T14:12:09
481,3544,4,Vel perferendis soluta fugit mollitia sint atque sed.,2025-10-14T03:48:03
482,7071,5,Neun ihm weil Pferd Arzt springen Wohnung uns Himmel Maus.,2025-03-14T11:33:19
483,6791,5,Conseguir nuestras sociedad son junto cuyo nueva.,2024-10-30T04:17:09
484,9752,5,Vaste attacher mine problème neuf père ville offrir théâtre arrière ce éternel.,2026-05-23T09:18:12
485,5559,5,Solamente fuego embargo manuel mil puerta apoyo mil productos encuentra fuerte aquellas.,2025-07-15T04:40:46
486,8226,4,Objet tromper musique besoin lutter voler branche fait mort dès lequel portier attacher.,2026-03-02T05:24:23
487,11173,5,Eaque quis dolores nemo suscipit consequatur quidem ea delectus.,2026-05-11T15:13:19
488,6310,5,,2025-06-23T12:27:19
489,4928,5,Carne mandare fatica vivo tutto rapido amore signorina animo affrontare massa riconoscere consentire perdere.,2026-07-07T11:05:29
490,6750,5,,2025-02-03T05:11:30
491,2441,4,Coin jeune français grand départ tant camarade réflexion âme poésie détail sien.,2025-04-15T17:58:33
492,3034,5,,2025-08-12T14:59:10
493,4777,5,Somos prensa ve nuevas españoles punto posibilidad espera momentos aunque contenido según primeros.,2025-12-11T14:12:06
494,10779,5,,2024-06-09T21:22:33
495,1872,5,Caro spettacolo musica sicurezza scala intenzione cattivo epoca conto posizione parola togliere osservare fondo posare.,2025-01-15T14:00:46
496,3453,4,Dès semaine prison relever haute autrefois quelque épaule.,2026-04-24T00:45:15
497,5081,5,,2026-04-22T21:57:51
498,8732,5,,2024-05-15T03:32:05
499,11062,4,,2025-09-07T01:45:53
500,10827,5,Ningún gente es ocasión juez fuego imposible figura debía estos palabra.,2025-07-01T07:35:12
501,10423,2,Chissà libertà iniziare sviluppo qua medesimo dinanzi isola ricordare qualsiasi.,2026-07-08T21:03:30
502,2010,1,,2025-04-04T21:07:07
503,4656,4,,2026-04-01T15:30:22
504,11335,5,Brauchen früh einmal ins fliegen Frage weiter.,2025-11-11T14:01:52
505,4692,4,Coloro perciò gruppo triste raccontare pensare apparire.,2024-03-31T12:22:24
506,4843,5,Legge ragione o dipendere pace intero pietà capo sedere come quello minuto punto luna battere.,2026-04-26T15:36:15
507,9839,4,Besoin charge attitude espèce fleur fin cabinet sec veiller elle.,2026-06-19T20:27:23
508,4467,4,Pericolo cambiare palazzo libro conseguenza domanda noi.,2025-06-01T00:54:22
509,8742,4,Non eum sint ea delectus tenetur molestias eligendi.,2025-03-14T01:16:16
510,4079,2,,2024-10-10T01:38:08
511,6961,4,,2024-06-27T09:48:21
512,6648,4,Noir lorsque hésiter queue françois juger lune route aide.,2026-05-10T01:32:26
513,5025,4,,2025-04-27T16:39:58
514,5625,5,Soprattutto celebrare nemico felice principe continuo caro volontà affrontare vivere ragazzo signorina caffè.,2026-07-05T17:21:22
515,7086,5,Mesure doux usage toit content rire revenir dent veille mince.,2026-06-25T23:24:58
516,7169,4,Popolo comune quale madre odore costituire frase aprire e noi chiaro aumentare luna divertire.,2026-02-12T01:28:20
517,5678,4,,2024-11-11T11:26:08
518,10031,3,,2024-03-03T06:10:24
519,1592,5,,2024-07-19T11:31:37
520,2674,5,Six rang page empêcher un mentir herbe inquiétude précipiter principe quelque dès animal trop charger.,2025-06-09T18:52:13
521,3522,5,Parere scappare soldato limitare rapido esercito infatti.,2025-09-01T14:58:59
522,9908,3,Concludere letto prendere fretta resto mantenere essere freddo finalmente dichiarare.,2024-11-09T06:22:47
523,4947,2,Böse müssen mit hinein ihr Schüler Winter.,2024-09-23T11:03:15
524,1054,5,Officier plan action route prêt intéresser poursuivre heureux politique sang donner heure porte apparence race.,2026-04-04T17:56:14
525,9520,3,,2026-01-22T12:44:08
526,3053,5,Aria specie imporre studiare nudo effetto qualcosa preparare sera mese avvertire salire continuo mandare civile.,2025-06-14T23:10:18
527,1795,2,,2025-08-31T17:19:51
528,7528,5,Letto passione pianura meno differenza avanti esperienza possibile ospedale da pagina salvare cattivo grazia capace spegnere.,2024-09-03T18:00:19
529,3243,3,Fine pubblicare ridurre zitto dovere procedere inutile sapere rosso rapido situazione relazione mostrare arrestare ricchezza.,2024-10-14T21:58:36
530,1129,5,,2026-03-25T19:38:05
531,5880,2,Déposer table société vaste rouge combien interroger nourrir après depuis combien souvenir.,2025-07-25T18:27:48
532,10833,3,Fahrrad Tisch das Tisch mein wo Gott lassen schauen nass treffen.,2025-05-18T03:45:34
533,2681,4,Vel quasi dignissimos perspiciatis dicta incidunt dolores incidunt alias quo soluta exercitationem aspernatur dolor.,2026-05-15T09:06:05
534,8923,2,,2025-09-18T12:51:38
535,2963,3,Prova peso ricco europeo sostenere posto ultimo libertà mercato necessario stampa diretto discorso storico comunque cane.,2024-06-08T16:09:20
536,5159,3,Attendere arte sviluppo madre difesa segno bestia prezzo opporre.,2025-05-25T05:48:18
537,266,2,Rang voie quelque dans frais robe afin de véritable quelqu'un habiter témoin victime.,2025-08-15T18:36:57
538,2455,5,Soit l'une selon espèce inconnu prêter retenir certes craindre art.,2025-01-11T05:30:15
539,6271,4,Mercado mesa pasa diversos organización ellas ir salud vez local ello sector pie teoría chile.,2025-07-16T19:19:25
540,2285,5,At cum sunt animi sunt ab natus voluptates itaque provident.,2024-03-02T12:20:56
541,4605,4,Eius maxime ut tempora iure labore quis velit dolorem enim deleniti.,2024-07-26T03:08:46
542,45,2,Gerade hängen sein Schule ruhig schenken mein müssen grün Geschenk.,2026-01-14T14:11:08
543,2359,5,Fusil respect figure fuir aimer accomplir vert souffler creuser descendre en regretter approcher vers parler.,2025-05-27T12:26:33
544,5573,2,Oreille distinguer dont savoir précéder as unique décrire désert contenir.,2025-09-22T00:08:23
545,253,5,Combat valeur distance réserver saison bataille parcourir souffler grandir fort éprouver.,2025-03-18T14:05:03
546,9638,3,Imparare principale naturalmente giusto togliere seguire serio intenzione gioia quarto frase.,2025-08-13T03:24:05
547,9787,5,Kennen nimmt gleich kalt her für hart Sonntag Lehrer bis gut finden.,2024-10-19T23:59:52
548,4189,5,Ipsa cupiditate porro tempore architecto neque tenetur inventore atque vitae unde quia vel.,2024-07-01T16:01:48
549,8425,5,Tour abattre reprendre seigneur abri naissance branche raconter inviter parti.,2026-06-10T02:03:47
550,1150,4,Paraître également menacer de changement puissant poète long exemple classe quartier cri bien.,2024-01-23T22:46:02
551,3549,4,,2025-10-30T00:23:58
552,2089,2,Sera pregare sorgere sognare verde guardare erba esame.,2026-07-02T18:10:19
553,10480,5,Haya pueda militar siguientes encima s tiene te derecho grado libertad conocimiento otra menor material perdido.,2025-03-31T23:24:16
554,1954,5,Speranza mente attimo occasione finché bianco scena grosso papà altro.,2025-06-01T23:20:58
555,4300,4,Mercado diversos pie atrás aquí apoyo distintas especialmente mercado hace.,2025-12-05T17:06:25
556,3717,5,Jour crise présent comme présenter peine signer réclamer vieillard.,2025-11-02T14:19:12
557,8993,5,Minima molestiae dolorem expedita mollitia totam ullam quisquam.,2026-06-17T06:46:57
558,3041,5,Type million avec six éloigner déchirer fort bureau brûler si as venir jusque voiture exposer.,2026-03-04T15:10:36
559,10761,5,,2026-02-11T06:43:27
560,2651,4,Avanti importante marito esprimere carta quale futuro bellezza onore segno largo imparare figurare pubblicare.,2024-02-01T11:02:18
561,11153,5,Illum ipsam autem eaque earum doloremque magni.,2026-01-15T00:01:01
562,8449,3,Der schwimmen sie mich rufen warten tief laut fragen scheinen Eis.,2025-10-28T13:05:54
563,5077,5,,2025-01-12T00:32:38
564,9088,1,Occasione prima civiltà più metro attento celebrare conseguenza improvviso oh.,2025-11-21T01:20:56
565,5500,5,Reprehenderit vitae magni iste laborum quas reprehenderit dicta voluptas et accusamus expedita labore dolorum vel.,2024-05-20T03:16:29
566,5061,5,,2026-03-14T04:39:30
567,2255,5,Zusammen Rad zusammen von kam unser wollen.,2026-06-14T13:23:44
568,1631,3,Veniam soluta iure autem magnam magnam suscipit.,2026-03-04T02:54:54
569,754,5,Dent sien maladie fois éclat plante depuis retomber arrière éclater note fixe rejeter.,2024-08-14T12:49:28
570,667,5,Creación ii necesario cuya buenos joven ojos desde presente.,2025-01-12T04:49:28
571,2237,5,Spaß allein nämlich wir Stadt gern wissen heraus Schüler hier.,2025-08-24T22:52:32
572,1122,5,Numquam inventore blanditiis cumque aut nostrum accusantium.,2025-06-20T10:20:47
573,5767,3,,2026-05-29T01:36:11
574,5172,5,Dolor accusamus sed recusandae voluptates magni aliquid placeat cum odit possimus odio cupiditate.,2025-11-01T16:32:34
575,111,4,,2024-04-15T00:23:02
576,4303,3,Blanditiis autem cum illo ipsam fugiat dolore molestiae iusto dignissimos.,2025-05-15T15:42:27
577,1632,5,,2026-03-03T02:54:54
578,11499,5,Nennen seit nämlich legen vor See Geburtstag Tante man oben unter treffen fest braun.,2025-01-22T12:42:04
579,8333,3,Dabei waschen Schluss von Mutter gerade nach merken natürlich.,2026-05-04T23:56:04
580,10702,5,Signorina ampio difficoltà uso nessuno rapido distruggere quanto mezzo sguardo.,2024-10-28T12:59:13
581,8835,3,,2025-10-25T08:10:23
582,6054,5,,2026-03-14T05:09:24
583,11020,5,,2026-03-01T16:07:44
584,2408,3,Rivedere camminare scoppiare raccontare resistere mestiere gioia notare stabilire meritare segretario.,2025-02-10T03:44:16
585,8414,5,,2026-03-11T04:53:41
586,8236,4,Sieben stark natürlich sie Stelle alle neben braun sitzen Bett bin wie fliegen klettern wohnen.,2026-05-21T20:42:17
587,9185,5,Eaque unde sunt dignissimos minima a suscipit laborum ad reiciendis facere soluta repellat dolorum laboriosam.,2026-06-29T15:01:56
588,805,4,Quidem tenetur repudiandae aut sint nihil hic nihil enim quis quos debitis sequi dicta tenetur.,2024-03-26T23:43:17
589,9548,4,Arzt tot Fisch Teller schwarz Schule Junge finden um Schiff bei.,2025-01-16T19:51:58
590,8643,4,,2026-04-09T19:35:46
591,888,5,,2026-07-01T23:48:29
592,6864,3,Rem facilis quos qui ad labore quisquam repellat dolorem ducimus dolorem eligendi hic.,2026-06-16T21:34:27
593,8524,3,Miedo paz general poder este tiempos posibilidades favor cualquier control respuesta políticas tierra prueba capacidad.,2026-05-20T01:00:40
594,2249,3,,2024-09-11T00:50:10
595,11016,2,,2025-09-27T03:21:33
596,8459,1,,2026-02-10T12:29:49
597,6112,3,,2026-03-10T15:46:44
598,8279,3,Ni sourd source réfléchir lire certes possible bout partager tourner douceur garçon entre spectacle.,2025-07-29T11:14:30
599,1280,4,Daran wenn Hunger ließ fragen packen ihm dabei liegen sicher las sagen waschen Geschenk.,2025-11-30T14:33:22
600,9079,3,,2025-12-14T15:18:57
601,5791,3,Idea organización mar parece volver importante muchas cuyo mejores evitar campo operación.,2025-05-07T18:00:16
602,4365,4,Garde route veiller action retenir essayer huit jour amour faux plaindre public hors calmer croire tout.,2025-09-16T18:58:47
603,9184,5,Que toile auquel oh bas certain dresser feuille écraser françois intéresser aussi tout tuer jour.,2025-08-16T13:13:01
604,4619,5,Wissen nur stark gehen jetzt gefährlich Bauer halbe kommen Dorf Klasse dumm Geld.,2025-07-10T20:34:20
605,10770,5,Briser te demi cour secret miser consulter achever briller ailleurs.,2024-08-22T14:53:09
606,9072,4,Fin ami énergie retourner traîner public croix froid effort.,2025-08-27T11:06:28
607,4119,5,Hôtel ciel poésie considérer passé celui annoncer connaissance fête rideau empire triste juste entraîner fort rejeter.,2025-02-02T12:02:54
608,6051,5,Dito malattia avvicinare tirare cosa dovere scappare internazionale utile pagina essa ministro ferire.,2026-03-14T05:09:24
609,3828,5,Sourire bas mince main avoir joli tuer occuper.,2025-03-18T23:26:06
610,2623,2,Consentir trente chemise histoire cesse ventre étranger souffrance rencontrer quarante.,2026-03-02T11:35:20
611,3959,5,,2025-09-22T12:29:53
612,7890,4,Garten fiel für los holen dein er jung singen Wohnung heute.,2024-12-04T08:47:51
613,9343,4,,2024-05-20T20:07:00
614,10880,5,,2025-12-06T20:50:59
615,618,5,Lontano abbastanza scegliere immagine porta piccolo territorio quello attento.,2025-05-22T18:56:35
616,1602,2,Aliquid aliquam harum natus dolore odio quasi labore odio consequatur laborum eligendi sint.,2024-12-20T15:43:05
617,239,4,Necessario campagna recare noi necessità pietra mattina provocare comodo improvviso raccontare puro enorme capitare verde scoprire.,2025-11-10T14:59:23
618,5633,5,Grün ja wirklich Minute Dorf tot Ferien Jahr baden ab vorbei Gott Flasche.,2024-06-03T04:42:44
619,2148,4,Rouge ensemble entretenir confier avancer mur quel figure toile posséder.,2025-02-14T01:43:50
620,11450,2,,2024-11-08T07:33:39
621,9080,5,,2025-12-20T15:18:57
622,3253,5,Davon Auge her auch ohne weiter drehen gern vorbei weinen fast Platz lange.,2024-09-13T11:09:40
623,4710,5,Repellat delectus non velit a porro laudantium quibusdam vitae omnis.,2025-08-26T04:41:14
624,1307,4,,2025-01-04T19:05:14
625,2215,4,Stelle waschen lernen mein tief unser Tag auch Schüler aus oft dort voll Herz Stein Frage.,2026-02-22T08:36:23
626,8462,5,,2025-08-20T09:16:26
627,2613,5,,2024-06-08T18:34:49
628,6771,5,Ihn wir hart ein groß verkaufen bringen nah hin gerade legen Bild freuen Sonne warum Baum.,2026-03-15T13:41:05
629,7733,3,Sonst packen dafür alle offen Affe Jahr darauf Schnee.,2025-08-23T13:34:29
630,11461,5,Costa gatto iniziare grazie quindi naturale nemico corpo piacere.,2025-01-21T11:04:31
631,3936,5,Assai dunque riportare un impedire uso soffrire futuro articolo tranquillo stato cielo privato immagine vedere soffrire.,2026-03-24T17:51:52
632,5119,4,Cama cabo las había ojos política horas unidos méxico viaje realizar.,2025-05-08T17:44:38
633,4597,3,,2026-03-29T12:46:04
634,806,5,Exposer tête paysage écrire jardin rose commun fois chiffre lorsque.,2024-03-15T23:43:17
635,4617,4,Pietà li denaro sera oro soffrire immagine veramente parlare dimenticare grado riva.,2024-09-19T13:48:36
636,8934,5,Demasiado uso semana largo mañana saber interés programas pronto guerra.,2025-11-10T04:12:43
637,1687,4,Tras cambios tipo líder encima porque pequeña lugar volvió semanas otras económico.,2026-02-28T03:34:41
638,2151,4,Origen paso ciento volver principios capacidad metros veces.,2026-05-18T21:32:56
639,3822,5,Glisser as que soulever caresser détail alors deviner trou vêtir.,2024-01-13T15:20:12
640,10449,5,Prensa américa cultura había misma nada precios nadie comunicación militares ir primer estamos.,2026-03-21T00:02:22
641,9160,3,Es heute vielleicht hinein verkaufen fast Vater er Herz vier schreien auf ziehen ruhig Berg.,2025-08-01T02:59:34
642,5441,5,,2026-07-13T20:38:31
643,5658,5,,2024-12-23T02:08:56
644,2728,4,Rosso mandare zia insomma sforzo conto qualità giudicare fatica passione tenere ospedale bellezza.,2026-03-23T21:57:59
645,1949,5,Figlia senza fame estendere porto peggio società enorme giudicare pericoloso cristiano annunciare fresco interessante.,2026-01-19T04:05:21
646,718,4,Ex velit hic fuga amet dicta earum voluptatum iure ipsum soluta harum doloribus dolore sequi officiis.,2026-01-09T17:13:34
647,2411,5,Algún mediante historia producto causa mejor otras central favor ni contrario trabajadores constitución alta formación cama.,2025-05-08T21:04:06
648,9149,4,,2025-02-20T20:40:11
649,3919,5,,2025-01-19T16:34:26
650,5877,4,,2026-06-27T01:13:15
651,3616,5,Rufen ließ Ding seit Schnee einfach Freund viel Arzt allein Vogel.,2025-02-20T14:08:05
652,2999,4,Producción miedo ya luz trabajar mujer buenos origen mejores.,2026-02-13T06:54:14
653,712,3,Soluzione sperare europeo vendere angolo volta consentire giù esame credere scusare ufficiale.,2025-08-07T21:59:54
654,10054,5,Antworten waschen reich mal schreiben ihm schreiben es Winter dunkel richtig Polizei helfen drei.,2025-04-02T22:08:51
655,1980,2,,2026-02-22T13:53:59
656,5881,5,,2025-07-23T18:27:48
657,1620,3,Riferire girare concludere esistere pianura storia accadere perché arrestare recare vostro presenza valle medesimo mamma eccetera.,2025-01-24T20:05:58
658,377,5,Tavola quindi naturalmente giovanotto dimenticare aggiungere matrimonio minore girare umano opera dedicare pensiero rimanere.,2026-02-27T06:17:30
659,8733,5,,2024-05-26T03:32:05
660,9456,4,Gern zehn überall nein er schnell erklären werfen Bild glücklich.,2025-12-22T17:18:03
661,6557,5,Fliegen grün las nennen packen mehr Schule Essen treffen.,2026-05-13T04:36:11
662,3665,5,Colpa triste giorno ultimo mi repubblica perfetto destino poeta.,2025-12-16T16:24:15
663,8413,4,Stasera domanda verde ripetere consiglio nemmeno riva fine.,2024-10-05T05:34:55
664,11574,4,,2025-04-08T17:57:51
665,7371,3,Mettere arte conservare corrente quello riferire ridere pianura.,2024-08-20T17:16:08
666,4255,5,,2025-01-20T18:27:25
667,10491,4,Cupiditate nemo odio dolor ex inventore impedit accusamus facere.,2026-04-26T18:13:41
668,345,4,Siempre contenido hospital años público estudios estamos control ciento alto tiempos.,2024-11-10T11:28:08
669,2307,5,Dos pierre confiance non davantage même cependant police avouer habiller partager depuis oeuvre causer.,2025-05-13T20:25:12
670,23,4,Fugit laboriosam perferendis delectus dicta repellat aut adipisci facilis officia aliquam exercitationem assumenda illo ipsam praesentium.,2025-12-16T02:51:19
671,7382,5,Amuser voisin joue soutenir naître ministre livrer étage.,2024-10-30T15:33:07
672,5695,5,Nihil at dicta reiciendis assumenda aliquam mollitia corporis maiores impedit non praesentium beatae consequuntur ab sapiente.,2026-03-04T02:15:46
673,2341,5,,2024-02-01T03:22:10
674,10024,1,,2025-08-31T07:04:10
675,3382,5,,2024-05-17T21:16:28
676,10307,4,Expression là papa convenir branche calme repas plonger écraser répandre occasion position arrêter le droit.,2024-08-31T02:35:02
677,1540,4,Elementos paz tras constitución fin alguna norte ella cuestión casos.,2025-03-30T18:42:58
678,5867,5,Aggiungere lavoro sala posare sembrare certo industria.,2024-12-30T06:39:03
679,7438,4,Mal bouche guerre essuyer prononcer objet conscience grand attendre compagnon jeunesse expression doucement risquer bien votre.,2024-09-21T04:32:07
680,8104,5,User haut terreur quand répondre air conversation certain.,2025-09-18T09:38:24
681,2186,4,Deseo nuestras trabajadores concepto aún juego comunicación hay razón mismos respuesta pedro encuentro.,2024-07-04T23:56:10
682,9472,4,Fleur monde sommet accord mince succès toucher heure souffrance terreur si fonction banc pauvre ici rapporter.,2024-12-27T02:48:09
683,1878,5,,2026-03-23T13:18:38
684,4254,5,Amigo p acto pequeño les tengo ellas parecía septiembre igual elementos entrar sistema intereses.,2025-01-09T18:27:25
685,4361,4,Quibusdam adipisci iusto quasi occaecati nulla quidem neque a explicabo aliquam maxime.,2025-03-14T02:42:25
686,814,4,Accomplir offrir puis guère apercevoir parmi révolution côte.,2024-11-27T15:50:47
687,8101,1,Romano accendere salire commercio treno fantasia camera.,2025-10-09T16:30:01
688,6031,4,Dolorum odit repudiandae incidunt ex ullam dignissimos.,2024-07-14T16:27:56
689,9883,4,Ganz jeder Flasche dürfen über heiß fährt verkaufen groß fiel sehr Mädchen fiel.,2026-01-23T22:58:01
690,5588,2,Aspernatur perferendis magnam voluptatum aliquam sint quaerat corporis ex ab laborum.,2026-03-17T04:30:54
691,2374,5,Partito fede piantare campagna nazione accanto possibile figlia volto ricordo genere probabilmente quadro numeroso secolo.,2025-10-22T18:19:47
692,11549,3,,2024-12-15T02:38:14
693,8861,4,Quibusdam eligendi accusamus beatae occaecati magnam consectetur minima.,2025-08-30T23:07:25
694,2768,3,Halten Schule unten drehen mit Arzt kennen trinken nimmt Papa in Gott zwei Leute.,2025-08-19T13:37:34
695,7930,5,,2025-10-03T06:31:25
696,134,4,,2024-11-28T14:09:25
697,9593,3,Der gesund ließ schnell wissen sieht Wetter ich bin man Minutenmir bald.,2025-01-14T21:47:19
698,3302,5,Dos falloir reste occasion supposer chasser tendre sérieux chair.,2025-11-08T22:58:49
699,7604,4,Hängen Eis sagen richtig ruhig Freund schicken leise warum weit lassen warum.,2024-01-26T19:12:45
700,8058,5,Doch ob gab sehen plötzlich nah klein aber Stück wollen hängen kaufen Seite.,2024-07-30T13:50:42
701,9297,4,Ließ Tier Bett Mama Bruder Eis wer nicht traurig essen ganz Glas schaffen damit wissen gesund.,2026-05-19T07:08:19
702,235,4,Libertà studiare insistere accadere quanto appena pace sicurezza.,2025-11-06T05:12:04
703,2091,4,Voix prêter début couper proposer roi fil village comprendre content établir vent diriger.,2025-09-26T21:57:38
704,2361,5,Optio vel fugiat iusto accusamus architecto odio.,2024-07-25T05:38:45
705,4067,4,Dolores dolore quibusdam iusto assumenda voluptates ut autem.,2026-05-12T05:05:55
706,5178,4,Fahrrad lange den Bild um man ziehen essen noch grün jung dick Eis gleich endlich das.,2025-10-24T21:17:54
707,5929,5,Davantage dominer supposer enfant désirer réunir tendre accorder peur glace.,2024-11-03T05:17:59
708,9714,4,Interessante guardia aiuto notizia destino macchina un antico bere.,2025-06-13T16:11:26
709,1068,5,,2026-06-20T09:48:31
710,649,5,,2024-06-14T04:01:14
711,6721,5,Molestiae architecto laborum perferendis corrupti rem assumenda occaecati unde deleniti voluptatum maiores dolore aspernatur veritatis.,2024-12-03T05:23:03
712,7229,4,Sequi eos corrupti repellendus quae quidem tenetur ipsa quidem vel omnis vero eos praesentium asperiores praesentium.,2024-10-20T13:40:27
713,10688,1,,2025-08-30T10:03:06
714,9013,5,Terreur glace accompagner ligne depuis mort pas ressembler paraître.,2025-05-14T22:37:26
715,1603,5,Deja arriba palabra presidente punto servicio e sistemas consecuencia área tenemos poco origen.,2025-11-10T13:56:13
716,683,5,Europea palabras valor voluntad mira silencio madrid niños.,2026-01-15T19:06:28
717,7510,4,Autoridades podría cuenta primero haya esa pesetas u tras ni militares quiero manos.,2025-10-27T10:31:44
718,10495,5,Sera contrario controllo intorno uno libero generale estendere domenica dubbio giorno acqua contare affare.,2024-12-15T15:05:05
719,7611,5,Schluss darin Ding zwei Loch es Sohn nennen fliegen werfen Baum.,2024-06-22T13:53:02
720,895,5,Système vol caresser douze depuis fin grand.,2025-06-02T00:23:08
721,8748,2,,2024-11-16T01:43:59
722,5934,1,Países poner deben sino me opinión juan hijo grupos.,2024-02-03T20:23:44
723,1121,5,Affe dürfen Leben wahr Zahl Woche lustig kein schicken ging geben Schwester bei öffnen zusammen helfen.,2024-09-08T23:50:30
724,204,4,Facile tendere sopra rivedere maniera presente fornire tagliare dottore normale tuttavia realtà.,2025-10-31T04:45:17
725,6858,5,Tan investigación humanos igual fondo energía población existe esfuerzo mañana elementos nuestro luis.,2026-04-07T13:49:45
726,8798,5,Mine réserver avant charge quartier divers coûter quitter figurer revoir tard.,2025-10-29T09:48:10
727,9195,5,Aquellos viejo junto don ellos san otra fútbol.,2026-01-07T19:37:37
728,1324,5,,2024-10-12T05:08:46
729,958,4,,2024-03-21T21:58:18
730,4809,5,,2025-01-01T14:56:18
731,1408,5,Moins car retour âme asseoir près aujourd'hui charger tantôt signer vague croix.,2026-01-29T18:49:20
732,2541,5,Chercher propos un an toit mari dégager.,2025-11-23T07:44:31
733,7866,3,Das Onkel Geburtstag schwarz Name groß bauen früher etwas Bein Geschenk Wort Kopf.,2024-09-14T10:06:03
734,3659,4,Años sólo momento medidas hacerlo educación fernando política favor.,2025-12-26T20:45:52
735,1907,4,,2026-04-12T07:26:12
736,9025,5,Hier zum danach nämlich tun bekommen beißen hat müssen lachen Zug wichtig schnell.,2025-09-18T09:38:56
737,4704,4,Général sur certain vite route doigt pendant instant drame.,2025-01-26T05:57:15
738,10957,4,,2025-01-12T11:21:19
739,10773,2,Animal tête ce petit madame bruit parce que autour seigneur empêcher hors lettre.,2025-10-01T20:37:17
740,130,5,,2026-02-10T06:42:56
741,11012,4,Asociación rodríguez queda gracias escuela zonas bueno tierra incluso produce.,2025-12-09T05:39:47
742,10785,4,Lange kam ist drehen Haare nehmen verstehen lange ob Eltern Bild laufen dumm wenn Schule leicht.,2024-11-02T01:00:08
743,5331,4,,2026-03-07T06:27:44
744,8944,3,Accusantium delectus numquam magnam cum distinctio adipisci repellat non itaque tempora.,2025-04-15T18:58:39
745,9535,4,Existen próximo mano interés director destino cuanto.,2024-06-17T15:40:19
746,1702,5,Soluta incidunt error a magnam ducimus hic ipsa dolor repudiandae iure repellat.,2024-10-13T04:22:05
747,4350,5,,2025-12-03T16:11:44
748,5232,5,,2024-12-29T10:47:04
749,8317,4,Dehors mesure réfléchir couvrir presque claire droite frais doigt mariage regarder.,2026-03-28T02:51:11
750,10523,4,Repudiandae aut quas occaecati tempora sed tenetur a odit.,2024-06-29T22:50:06
751,6685,5,,2026-04-11T17:56:03
752,723,3,,2024-11-25T19:00:17
753,3716,5,,2026-06-16T20:14:01
754,5364,5,Campaña problemas varias pablo manera cuadro director ellas cultura.,2025-09-02T20:47:58
755,7037,4,,2026-02-08T04:47:33
756,4287,3,Ferien Haare kalt essen Oma acht immer.,2026-02-01T09:28:35
757,7706,4,Música nacional países encuentra materia jefe has autoridades tierra eso.,2024-04-18T16:47:02
758,10719,4,Cuales ahí semanas tarde tribunal barcelona cámara.,2026-05-02T03:02:49
759,2843,5,,2024-09-19T02:31:48
760,6712,4,,2025-11-13T04:29:04
761,7266,4,Prossimo basso ne anno unico americano valore solo bene ottenere malattia film orecchio camminare roba.,2025-11-27T11:37:49
762,3440,5,Mundo central eso esa mayores bastante menor necesario importancia trabajo.,2024-03-16T18:03:26
763,1145,4,Ex eos sequi illum magni iure fugit est voluptate porro soluta ullam eius iusto nesciunt.,2026-05-18T14:59:27
764,6400,5,Dürfen fressen lange in geben damit Weg dann draußen zusammen später.,2024-08-21T09:17:03
765,6048,4,Schuh den arbeiten schwer Seite legen Zug kennen.,2025-10-06T20:07:39
766,4887,5,Centro quello mentre speciale riferire chiamare differenza bruciare medico escludere fuoco.,2026-05-08T01:11:44
767,541,4,Estructura construcción busca solamente llega tu también objeto mujer dicen necesidad.,2024-04-26T13:33:39
768,738,4,In minus odio adipisci deleniti soluta quis eligendi.,2025-12-16T18:30:28
769,3884,4,Medida c están salir centros congreso buscar ocho negro central mirada estructura diez libro amigos ante.,2026-02-27T00:36:14
770,11105,4,Anno osservare ponte possibilità nemico braccio potenza consentire uso mi colpire mestiere sviluppo per.,2026-06-22T10:06:19
771,11129,4,Animale domanda tardi folla università cura modo arma ora attività attento ombra problema.,2024-03-22T19:21:22
772,9610,4,Pauvre crier public bientôt ennemi noir public résultat décrire contenter couvrir.,2026-05-10T14:35:31
773,10039,5,,2026-03-07T02:35:03
774,1538,5,,2025-01-14T16:03:37
775,843,5,Daran offen dürfen Opa Weg turnen bringen zurück.,2025-01-18T01:31:15
776,4565,5,Holen schlecht anfangen denken zusammen frei leise Baum sitzen wir denken setzen ließ drei kein.,2025-09-09T13:18:51
777,2645,1,Unde deleniti expedita vitae sed consequatur dolores commodi modi earum tempora nam aliquam labore odio voluptates.,2025-07-10T00:18:25
778,5279,4,Voy tema pesar juego encuentran mismo figura agua hicieron tierra pasado hecho flores prensa imágenes.,2025-09-19T02:19:19
779,9371,3,Tuvo trata señor movimiento autor permite generales trabajar estoy finalmente siquiera blanco llama.,2025-06-29T04:18:38
780,509,2,Aparece cuanto carta muerte vuelve nunca sola pública muerte metros buenos de programa llamado ahora.,2024-11-25T21:23:34
781,9361,5,,2024-06-26T04:25:30
782,3396,5,Quae laborum nam enim amet voluptatum recusandae pariatur excepturi accusamus odit.,2025-12-26T09:11:39
783,11046,5,Deleniti deleniti ducimus voluptas nostrum nesciunt quasi excepturi iusto reiciendis itaque harum.,2025-02-11T08:16:38
784,7547,5,Estudios camino yo madre médico oro aquí hubiera suerte.,2026-04-06T09:13:09
785,4983,5,Inventer avec fonction seuil froid abattre valeur lendemain cher rouge grâce porter puis supporter.,2025-12-16T15:57:23
786,11406,5,Beim selbst müde beim Wagen jetzt Abend weiß ohne.,2026-01-28T22:11:15
787,29,4,,2024-11-28T22:02:00
788,7416,5,,2026-07-14T15:52:15
789,6547,3,Éxito he precios jóvenes haya comisión seis antonio españa aparece universidad cuyo orden proyecto siguientes.,2024-01-26T22:04:26
790,7423,3,Voluptatem soluta soluta dignissimos occaecati nam facere veritatis libero necessitatibus vero enim iure ab libero unde.,2026-04-12T07:48:28
791,10168,5,Nudo certamente cane servire programma scienza medico volere veramente.,2026-06-15T16:52:27
792,11321,3,Aún g todo gracias río r enero europa intereses jóvenes ni.,2025-09-18T01:31:53
793,7369,2,Stamattina un senza fenomeno lungo sangue continuare domenica piccolo gente mattina diretto regione ma.,2024-08-31T17:16:08
794,9113,3,Précis écrire prochain grain déjà mesure épaule cheval accord sable entraîner nombreux.,2024-01-14T17:51:56
795,6458,5,,2025-11-13T22:20:25
796,6062,5,Ci pendre clair réserver et habiter construire importance autrement enfermer accompagner.,2025-02-03T07:06:49
797,10768,4,Economía congreso tres estar casa permite tú he allá.,2026-04-21T03:29:21
798,681,5,,2026-01-14T23:50:48
799,8711,5,,2025-05-17T17:33:57
800,7948,4,,2024-06-20T17:07:42
801,7035,5,,2025-03-26T20:26:35
802,8025,5,Puntos sigue cómo dicho lado por fuerte conocimiento familia primer tarde al gobierno.,2024-12-23T14:46:37
803,4699,5,,2024-11-18T05:29:18
804,10178,4,Darauf fahren lachen also kam Tante Arbeit Baum.,2026-01-06T11:59:32
805,8843,4,Occaecati soluta iure provident atque hic quas ratione sunt assumenda magnam.,2026-07-10T21:23:30
806,5514,5,,2026-03-27T09:04:48
807,1418,4,Verità strumento tratto ritenere povero non scena estendere.,2025-10-23T23:36:50
808,1297,3,Hoy últimos hacen baja en derecha aumento instituto cada modelo operación agua.,2025-11-09T14:21:24
809,2267,4,Aventure forme course droite cher mariage oiseau prochain.,2025-08-07T23:33:54
810,8866,5,Algunos manera educación lejos comunicación casos viene desarrollo van santa viejo estudio llevar principal esto construcción.,2025-09-06T22:58:52
811,5530,3,Stunde ihm Fenster Tier bleiben bekommen Wort gern will Freude Schuh Papa nach Fußball Kopf legen.,2025-08-31T20:38:09
812,6393,5,,2024-09-03T08:39:43
813,6336,5,,2024-08-24T12:24:16
814,9493,4,,2026-03-02T21:00:44
815,7002,4,Invitare amare caratteristico ridurre numeroso morale imporre festa cantare magari necessario gamba.,2025-04-12T14:03:50
816,8482,5,Costa mayor de película marco desde estados otros semanas tratamiento cama riesgo.,2026-07-09T22:33:09
817,3339,5,,2024-09-10T03:55:39
818,3856,5,Estas precio partido partidos casos va cierta crisis voluntad ver unidos frente proceso.,2026-03-25T04:21:55
819,11068,4,Alias vel itaque odio praesentium provident harum quibusdam consequatur aut.,2024-09-30T16:10:02
820,5917,4,Consectetur deserunt dolorum provident quod impedit reprehenderit repudiandae consequatur temporibus minima.,2025-12-26T08:10:54
821,9751,5,Animi harum corporis eius quod laboriosam cumque eaque delectus necessitatibus tenetur quas culpa numquam.,2025-04-28T12:12:20
822,1614,5,Rêve chien haute etc malgré sien humain droit porter essayer plonger coucher.,2025-09-07T15:54:03
823,3483,1,Intéresser coup magnifique écouter armée recueillir gris expliquer état précieux me depuis sommet quel je certainement.,2025-04-22T14:13:16
824,4080,3,Natural tierra ellas forma política hacia como rafael posibilidad civil mismos televisión espacio argentina hacía.,2024-10-14T01:38:08
825,5419,4,Libros tu segunda sin deseo sangre servicios radio primer lejos.,2025-04-03T05:11:51
826,6183,4,Comment ailleurs user défendre secrétaire remonter voie nuit long vivant autrefois remplacer pauvre fier sentier.,2024-08-12T03:01:03
827,2000,5,Desarrollo igual r principio expresión congreso común proceso casa director.,2025-03-26T13:08:58
828,6839,3,Moi bon le engager poser éclairer dangereux.,2026-03-08T16:20:54
829,583,4,Weit oben ruhig sehen voll Fußball vergessen Geschenk spielen anfangen heiß Oma im schlafen.,2025-07-12T17:08:26
830,9955,5,Senso prossimo immagine disposizione dottore prima problema.,2025-10-30T06:26:29
831,7826,5,No matrimonio figlio pane muovere esporre salutare facile trasformare.,2024-12-27T00:41:43
832,8409,5,Hacen capacidad elecciones centros nuestras prensa qué música riesgo difícil lucha especialmente.,2025-03-27T10:12:23
833,309,5,Provident nobis possimus velit consectetur assumenda consequatur eveniet sequi amet vel.,2025-10-19T14:35:50
834,3477,2,,2026-04-23T15:28:57
835,9757,5,Sentimento rivelare memoria primo odore saltare passione stanco conto spalla mano.,2024-10-31T20:40:25
836,9270,3,Oben setzen Mädchen liegen in Vogel die gestern Vogel Eltern Schiff Arbeit damit Papa.,2024-07-19T11:11:10
837,8851,3,Educación mediante diversas sola posición izquierda algunas formas marcha encima sociedad.,2025-02-01T03:05:39
838,6302,4,Illum corrupti inventore iure amet deserunt quasi laboriosam porro dolor.,2026-02-27T04:25:17
839,3673,5,Fuga nemo aliquid veritatis quaerat quia esse magni voluptatem id dicta aspernatur.,2024-06-07T06:02:51
840,8053,4,,2024-12-10T22:29:23
841,1652,2,Maniera essere discutere sole bosco utile dolore stabilire attività poco attenzione interesse favore.,2026-05-23T21:02:58
842,8372,2,Étranger part vision occasion affaire de éclater quinze projet ni.,2025-02-05T10:51:44
843,7640,4,,2025-09-09T08:52:57
844,4794,3,Étendre du facile absolument ami honte saint trente son rôle champ.,2026-03-02T14:36:15
845,10740,4,,2024-05-07T02:21:49
846,8324,3,,2024-04-29T09:22:17
847,3373,4,Mí administración conocimiento explicó juicio diferencia hemos.,2026-03-19T06:43:47
848,10898,4,Collo enorme aprire perfino battere vicino muovere segno città alzare cristiano figlio polizia direttore frutto.,2025-12-16T20:30:39
849,10126,5,Staccare invece entro segretario sinistro insomma età azione difendere qualcosa ordinare spegnere interessare conoscere.,2026-03-23T02:18:46
850,5402,4,Sit numquam nobis cum nemo mollitia doloremque ab.,2026-06-10T14:29:53
851,10064,4,Hören oder klein ihn nur aber jeder dort.,2026-01-30T19:49:42
852,8018,5,,2025-06-26T10:02:43
853,3807,5,,2026-04-23T02:38:41
854,10181,5,Sicher gibt Freude etwas trinken Leben führen heute Lehrerin vorbei zu uns Welt.,2025-02-09T19:57:10
855,7168,4,Asunto investigación algunos días hacen al ésta ambos movimiento varias hacerlo carácter haber formas juicio varias.,2025-09-23T23:12:28
856,8061,5,Comunicación acciones tienen objetivo proyectos del sean pasado tampoco río nuestras.,2025-12-15T13:18:44
857,9179,4,,2025-05-08T20:52:27
858,4307,3,Or double personne vague occuper marchand celui marchand.,2024-11-15T04:49:11
859,3040,4,Perferendis delectus rerum repudiandae dolorem cum similique quis temporibus aspernatur tempore dignissimos quas quas maxime eligendi.,2026-05-10T03:31:37
860,7258,5,,2024-03-02T03:06:30
861,4588,5,Società assai salire gamba studiare ripetere film casa.,2025-05-07T00:36:25
862,3362,4,Attendere addosso ufficiale quindi presto privato articolo guidare dichiarare affatto ambiente esprimere fuoco servire temere immagine.,2025-08-25T19:06:49
863,10990,5,Wiese Hunger nichts hören merken weg Fisch schreien lustig Affe jetzt nächste fest.,2026-06-16T23:14:06
864,6501,4,,2025-06-30T00:13:53
865,10346,4,,2025-12-31T17:54:07
866,10657,5,Repubblica sino frutto aria convincere vi salvare politico superare esperienza valle messa.,2026-01-04T10:26:15
867,2642,5,,2024-09-24T01:07:36
868,11500,4,Somos decía los casos estas mundial civil ellos contenido entrar.,2025-01-29T08:54:08
869,4812,4,,2025-06-20T11:50:01
870,4782,4,Croix faible possible léger forcer souvent soutenir autrement oh porter souvenir paysage fauteuil vie jusque.,2024-09-07T12:34:19
871,821,5,Poste baisser calmer fort taire six rouge.,2025-07-03T08:17:17
872,11620,3,Über Hunger bei kein neun fröhlich Schule Wohnung wirklich.,2024-09-03T22:12:44
873,4030,5,,2025-09-06T00:14:05
874,6932,3,Jefe efectos tuvo meses informe derecha razones hablar internacional vino sigue.,2026-03-02T09:07:49
875,9834,4,Victime venir recommencer lit taille pays soudain vue sept riche causer femme demain.,2026-01-03T06:27:20
876,11125,4,,2026-04-20T04:35:41
877,8474,5,Id beatae neque placeat autem ullam doloremque.,2024-06-27T16:40:16
878,9473,5,Viejo crecimiento junio sería más también embargo ambiente marcha autor valores.,2024-12-25T02:48:09
879,8777,5,Vitae in porro placeat fuga tempora repudiandae voluptates ut laudantium et.,2025-11-20T03:19:40
880,4849,5,,2025-08-09T12:22:22
881,2079,5,,2026-05-10T02:32:03
882,2167,3,,2024-05-28T05:22:45
883,5356,5,Iste sit unde provident tenetur aperiam optio velit ratione quaerat atque aspernatur quasi reiciendis tenetur possimus.,2025-08-24T14:43:04
884,1915,5,,2025-07-18T21:04:11
885,11146,5,Route prier content sorte fou donc quelque ton suffire anglais vin doute lors réfléchir connaissance si.,2024-03-01T10:13:21
886,4554,5,Milch setzen Zahl überall gern nächste Wissen Auge.,2026-03-27T14:19:03
887,5921,5,,2026-03-20T08:47:12
888,9187,5,Cuales pueblo pública tres demás negro superior van llega rodríguez palabras dirección.,2026-03-22T13:39:20
889,2519,3,Couche posséder mettre coin erreur croix couvrir simple horizon ombre.,2025-01-27T05:05:46
890,7858,4,Votre quart prétendre reculer propos dire forcer précéder force tenir preuve vite.,2024-09-18T08:23:45
891,6861,4,Queda encuentran peso sólo cargo actitud segunda haya estoy cual cuanto.,2024-08-15T06:55:54
892,6909,5,Periodo luogo tratto accanto congresso ridere sera partito sacrificio fumare sperare giusto gridare lotta fiore.,2025-03-09T13:19:37
893,787,4,Schnee Sonntag ich müde Polizei weg sprechen las grün verkaufen.,2026-03-10T01:51:05
894,933,5,Poeta pronto caffè società comodo storia però avvenire cristiano passato opera luce ricchezza.,2025-11-20T04:39:22
895,9275,4,,2025-08-20T03:09:47
896,8111,5,Considera octubre donde imposible niveles llegar mucha existen asociación educación tener espacio ellas te operación.,2025-09-06T02:01:58
897,9192,4,Mejor república manera saber entre pasó poco población lejos septiembre nadie carlos siempre.,2025-05-18T09:43:15
898,7796,5,Facilis odit corporis commodi officia culpa ea animi aliquam neque cumque saepe ad incidunt.,2026-05-22T10:48:18
899,10417,5,,2025-03-31T19:28:00
900,745,4,,2025-06-27T10:42:37
901,11380,5,Eveniet animi odio laboriosam cupiditate earum cumque perspiciatis.,2024-12-28T16:37:37
902,3892,1,E proyectos piel objetivo dólares considera características título particular.,2024-08-25T07:43:15
903,493,5,Mí edad cuarto formación luz tipo estructura salida carácter paciente sido dice pone mismos francia.,2026-03-05T21:28:16
904,10839,4,Iure explicabo itaque assumenda quaerat numquam fugiat consequuntur quibusdam tempora fuga libero vel saepe eveniet.,2025-06-27T11:57:40
905,5430,5,Alguna color maría tribunal guerra problema visita junio comunicación ve yo llegó través características.,2025-07-11T05:13:10
906,2554,4,Polizia tentare pianura effetto esercito ora luna riuscire metro il.,2025-07-21T12:17:59
907,6157,3,Mentre accanto tipo chiedere il signore nord bellezza ne lei vino uno operaio prova giù felice.,2025-03-01T21:28:23
908,8829,4,,2024-12-31T03:54:34
909,6277,5,Comisión doctor experiencia fin dinero chile cuadro mano alto uso ellos.,2026-01-13T18:04:55
910,11156,5,Me zona va misma control razones va ve carrera dicen.,2025-07-08T14:01:11
911,11619,4,Soi apporter étendue plan jour planche vol neuf obtenir emporter exécuter depuis briser.,2025-04-29T08:52:22
912,2709,5,A illo magnam eius rem laboriosam commodi unde optio natus magni repellendus sit voluptatum doloribus sunt.,2024-09-14T00:56:44
913,4793,4,Membre marquer aussitôt branche curieux sac scène sein perte pareil plein avance tôt circonstance avouer.,2026-03-10T14:36:15
914,494,4,Corporis accusantium perferendis saepe placeat voluptatibus adipisci repudiandae rerum illo quibusdam eos nostrum.,2025-07-16T14:05:38
915,9199,3,,2024-04-26T10:31:17
916,6827,2,Seguire certo opinione senso arrivare papà frutto accorgersi appena credere attaccare finché camminare notizia.,2025-06-05T02:24:39
917,11617,4,,2024-10-12T01:04:00
918,889,3,Explicabo similique itaque laudantium ab eum sed totam quis sunt libero beatae ea veritatis sed.,2026-06-23T23:48:29
919,7506,4,,2025-06-26T13:27:14
920,2776,5,Spiel packen Leben Baum rot ziehen waschen lachen Welt später fest.,2025-02-19T01:56:20
921,3222,4,Dio torno europa s tres música social hace nivel final tendrá memoria cuales.,2025-01-17T06:50:51
922,1079,4,Itaque aliquam sed ratione architecto soluta inventore neque assumenda tempore eius natus.,2026-03-11T22:57:40
923,7448,4,Ritenere base peso rompere nemico questione bastare poiché sentire inizio accanto appunto io.,2024-07-27T00:06:13
924,10174,3,,2024-10-16T20:16:25
925,7957,4,Conversation retour patron victime petit avenir savoir recevoir brusquement folie lieu malgré.,2025-03-25T06:16:33
926,9541,5,Vitae pariatur molestias ullam necessitatibus ratione excepturi numquam facilis ex quas quas cum eaque.,2024-01-26T21:20:58
927,4865,5,Trarre prevedere mancare qualità produzione costruire guidare latino però domandare meno.,2026-02-04T23:04:45
928,4315,4,Accompagner coucher rentrer pied finir frais attention huit poste rose combien même sur recommencer profondément considérer.,2026-07-05T16:22:30
929,3980,4,Auteur capable tout fin marquer million sable cruel soudain arbre camarade heureux faveur goutte époque.,2026-05-10T03:07:52
930,8252,5,,2024-10-13T02:35:21
931,7764,5,Accusantium provident occaecati ratione culpa aliquid vel.,2026-05-17T01:35:47
932,9802,4,Placeat eligendi repellendus eum necessitatibus a atque dignissimos vitae modi.,2024-09-11T14:43:45
933,1586,4,Hin Brief Sommer Bauer Maus tief traurig Küche Mädchen Kind.,2024-01-20T05:03:28
934,5844,5,,2025-11-25T01:15:01
935,1134,4,Ridere marito bambino fuori scomparire principio differenza lira scappare paese avvenire.,2025-10-27T12:38:24
936,7384,5,Cou soulever je envoyer genre compagnie élever apparence bras petit public président.,2026-06-02T09:02:00
937,3348,4,,2025-10-24T05:33:07
938,1216,5,Occasione importanza isola gamba seguire marito teatro muovere freddo dirigere.,2025-10-24T00:40:53
939,124,3,Effort préparer puissance mieux plusieurs habitant bête surprendre.,2026-03-11T04:11:24
940,1118,5,Minuto chiudere sala posare vestire bianco trattare questo abito piano.,2025-10-13T14:27:17
941,1882,4,Breve fornire treno bambina conoscere specie iniziare pure labbro tempo gamba gesto finestra distruggere.,2025-07-02T13:20:29
942,3553,3,,2025-09-11T11:27:12
943,7747,5,Fils route année semblable arrivée premier cesser fête droit je mieux abattre cent.,2024-05-02T04:57:07
944,8351,4,Informe cerca i ve momentos pasado sé presidente primeras cambios congreso siete ver todavía.,2026-05-16T21:19:16
945,5632,4,Estendere fino campagna ringraziare famoso speciale concludere invitare cadere attuale desiderio fondare qualcosa intenzione matrimonio.,2024-06-07T04:42:44
946,1291,5,Di fratello autore francese comunque forte certamente forse porta.,2024-04-25T19:39:29
947,737,4,Antico medico parete punta loro no stampa meritare assistere escludere fuggire.,2025-12-07T18:30:28
948,4258,5,,2025-03-24T10:18:24
949,10490,3,,2026-05-03T18:13:41
950,5637,5,,2026-03-28T13:35:36
951,4146,5,,2026-04-27T00:39:31
952,11542,4,Età mestiere moglie scherzare dire letto persona mente importanza industriale uscire lettera dirigere consentire fatica.,2025-06-02T16:55:29
953,10395,3,,2025-09-21T12:50:55
954,7161,4,Quarto dottore che attraversare enorme spesa monte attaccare concedere scuola fuggire aspettare.,2026-01-06T16:57:07
955,8634,4,Quae consequatur magnam nostrum tempora delectus placeat repellendus necessitatibus harum sint at et sapiente ea alias.,2026-04-12T02:18:16
956,308,4,Veniam consequatur animi incidunt quaerat distinctio illo adipisci temporibus alias totam exercitationem vel.,2026-05-13T01:55:03
957,8445,5,,2024-05-06T23:09:29
958,4636,5,Tag gut seit Papa traurig leicht verstehen andere Geschenk überall arbeiten.,2026-06-23T05:05:25
959,4145,4,Interessante europeo tecnico perdere italiano costa legge eh.,2026-02-14T07:08:32
960,104,4,Leise Auto wollen gut vor schenken eigentlich Hund wenn kalt Kind Maus groß neun besser damit.,2026-05-27T19:32:53
961,822,5,,2025-07-09T08:17:17
962,3933,5,Scappare figura spingere più veramente giardino isola gridare tedesco scegliere azione fresco libertà triste.,2025-07-27T18:19:08
963,3372,2,,2025-09-23T17:11:13
964,3667,4,Matrimonio giro avvertire pure moglie zitto ricco.,2025-06-05T21:03:29
965,11353,5,Unter Glück hören zur unten Bauer Mama gegen kennen Himmel Geburtstag Zahl scheinen Angst den was.,2026-01-29T08:43:00
966,6929,2,Parece ante libertad un porque producto mejores aparece hubiera ésta él manuel.,2026-03-12T08:22:00
967,2743,2,,2026-04-22T07:59:17
968,8746,4,Port moins prévoir je moyen pas danger lui inconnu honte étendre police.,2024-11-21T01:43:59
969,11415,1,Là su nudo lago situazione allora sotto scopo possibilità li girare.,2026-02-05T13:16:19
970,10567,2,,2024-12-01T22:21:42
971,7422,3,Schnell Spaß fehlen tot rechnen daran krank fährt fallen Eltern Papa überall Milch sehr antworten Wasser.,2025-02-15T22:41:29
972,8600,5,Buio nessuno proposta esistere chiaro territorio operaio innamorare fiume corsa signorina.,2026-06-08T00:11:45
973,10711,5,Rispondere segretario tagliare esempio mese mancare favore scappare come trattare elemento sereno caffè.,2025-03-31T02:18:49
974,6673,4,Vouloir tromper ciel genou immobile distance jardin peur amuser considérer.,2024-12-26T19:09:31
975,4779,4,Tutto differenza basso nemico oramai coloro accadere fede dire sembrare amare ragazzo addirittura.,2025-12-08T14:12:06
976,2046,5,Schlecht Straße Zeit Schluss essen wohnen schaffen baden hoch.,2026-07-10T03:30:48
977,3538,4,Tun schnell Lehrerin Finger brauchen er Meer neu wohl wünschen schlimm Spaß Wald.,2025-01-25T14:16:58
978,11411,2,Simplement promettre maladie aujourd'hui blond ajouter autre état avec.,2026-01-23T10:15:03
979,4795,5,,2025-10-06T07:55:41
980,10612,2,Baum fressen richtig er Wissen und Seite bin sehen alle neun Loch gegen Monate haben oben.,2026-02-01T07:56:04
981,10795,4,Dolor nam et unde aspernatur iure nisi esse.,2024-08-19T14:59:25
982,6215,5,,2024-07-31T05:24:53
983,7925,3,Envelopper chaleur cher tromper corde nul manger vieux été appuyer soi public.,2025-02-18T12:10:45
984,1555,5,,2024-05-31T16:56:40
985,1436,2,,2026-05-23T11:12:58
986,6704,5,,2025-06-18T21:42:08
987,3546,5,Id consequuntur officiis quos rem eligendi molestias dolorum blanditiis rerum ducimus accusamus vitae.,2025-01-18T19:43:04
988,6413,5,Schreiben Herz genau Winter geben fährt schwer Schule dauern dunkel wünschen warm vor beißen mehr.,2025-04-23T00:30:03
989,7324,5,Haare halten Name die mein springen viel Schuh unter.,2024-09-02T20:05:56
990,10253,4,Bei jung bei das See so bekommen Frau hoch ließ schlimm schlagen immer beim viel Bett.,2026-01-07T20:24:48
991,9139,5,Tür letzte lustig Polizei Meer Wiese hängen braun.,2024-12-09T00:39:42
992,9762,5,,2024-06-13T12:16:39
993,5670,5,Fornire diretto elemento pranzo salvare erba decidere servire mercato avanzare sud.,2025-10-22T09:02:15
994,9843,4,,2025-11-19T07:25:48
995,6934,4,Aún llegó grado futuro se conciencia crecimiento ministerio luz fueron carta político últimos unidos n.,2025-12-18T10:51:17
996,10731,4,,2025-04-16T01:53:05
997,2024,4,Famille fier lentement pensée marchand côte pas échapper faire habitude tu art ville consentir barbe effacer.,2025-12-31T05:03:40
998,4727,5,,2025-06-21T10:15:24
999,10961,1,,2025-06-07T19:45:46
1000,10289,4,,2026-04-21T10:52:36
1001,5007,5,,2025-09-07T03:11:38
1002,320,1,Geben wer Familie sieben draußen nichts Platz lassen rennen oben tragen dumm Meer Haus hängen.,2026-03-09T08:28:59
1003,5540,4,Sint officiis repudiandae ipsum alias fugit dolores suscipit dolore hic tenetur aut totam optio.,2025-07-08T09:12:03
1004,4752,2,Horizon aussitôt malade durant fortune bouche cesse lettre vivre derrière principe.,2025-09-01T01:46:40
1005,11608,5,Nascere frutto guerra figura estendere lago bere massa.,2024-02-06T09:44:43
1006,951,4,,2026-05-14T07:22:02
1007,10186,5,At earum culpa delectus ipsam magnam cupiditate vel reprehenderit alias sint corporis alias.,2024-09-24T22:26:49
1008,252,5,Nuestro cuadro y acciones r europea da alta interior también más políticas.,2025-02-07T19:14:03
1009,10933,5,Natürlich geben Bett blau Arzt um suchen dann.,2025-12-23T18:57:36
1010,5492,5,Minute böse damit Feuer zwischen Tür Loch aus Dorf doch.,2025-09-29T08:56:44
1011,1835,4,,2026-06-20T06:28:58
1012,725,5,Occasion émotion reprendre courage poids respecter compagnon profiter prix victime celui plante yeux soudain.,2025-02-20T05:58:36
1013,11184,4,Danger dresser accompagner autour nature note cause.,2024-10-01T17:23:49
1014,2037,3,Attacher fille avance poche ailleurs empire proposer train mais presque lutter.,2026-02-07T17:37:52
1015,2747,5,Divertire vostro sud prevedere sotto allora diffondere risolvere.,2024-09-23T14:34:29
1016,2119,5,Experiencia voluntad ser social agua sala ellos hubo militar aquellos vamos día programas.,2026-04-23T17:06:20
1017,11624,5,,2026-06-15T15:40:42
1018,10561,5,Già evitare godere fuoco maggiore oggetto presente senza tavolo considerare infatti meno.,2025-11-02T08:24:33
1019,5345,4,Laboriosam voluptatem voluptatem nesciunt quibusdam molestias eligendi quibusdam odio officia ducimus ipsa quidem soluta quia veniam.,2025-11-25T13:18:52
1020,7505,5,Trop travailler ainsi lettre seul dernier un debout cri marier prière distance ne.,2025-06-24T13:27:14
1021,9953,5,Nous rose crainte prouver terre libre fille croire beau.,2026-04-24T15:10:50
1022,10228,5,Officia soluta voluptas perspiciatis fuga doloribus error.,2024-12-03T11:44:00
1023,7824,4,Algo fútbol profesional demasiado respuesta visto tipo tratamiento ex.,2026-01-17T08:30:14
1024,430,1,,2025-06-18T20:51:22
1025,824,3,Stasera principe naturale trarre ne sforzo affermare.,2026-05-30T22:56:43
1026,10999,3,Compagnie mur titre froid table doux condition toit simplement droit exemple obtenir pendant.,2025-07-11T18:15:32
1027,9018,4,Est verser voyager poésie croiser course souvenir désirer bas précéder désirer départ me réponse.,2024-08-19T10:05:13
1028,10511,2,Hier war wohnen Eis weil spät dazu vergessen wünschen Zeit Baum Weihnachten.,2024-08-29T21:09:02
1029,11101,4,Imágenes compañía anterior libro aquellas al algo expresión dado eran mejor familia.,2024-07-15T21:17:51
1030,10998,3,,2025-07-26T18:15:32
1031,11360,4,Devenir oeuvre verser président fond anglais fois colon interrompre assez désert maître.,2026-04-18T02:25:20
1032,9882,4,Siempre uno material c europa cabeza aumento dios grande días el.,2026-01-22T22:58:01
1033,1776,4,,2025-07-30T20:58:13
1034,8318,3,Para norte era político elementos pueblo carácter josé tres resultado evitar historia.,2026-02-26T22:36:04
1035,9986,4,Error cum ducimus ipsam modi in aperiam quisquam asperiores.,2025-11-20T10:56:29
1036,10676,3,Quizá existen palabras del reunión g cinco natural siempre rodríguez debido últimos conciencia tiene.,2025-04-12T01:10:03
1037,7577,3,Stesso linea breve probabilmente risolvere ma migliore ricordo dolce tranquillo risultare proporre.,2025-05-26T05:16:22
1038,5395,4,Politique enfance début lisser content livrer entourer sentiment dire chiffre essuyer service mien inventer.,2026-07-02T06:53:57
1039,1677,5,Capire vostro forse ritenere monte zio aprire appartenere scusare passo passato storico istituto forza musica.,2025-04-29T15:49:41
1040,3081,5,Pesare rendere materia gesto insomma esame metà.,2024-03-14T19:19:10
1041,2238,5,Prueba próximo sol mayoría solución será jóvenes durante cambio eso parís banco.,2025-08-18T22:52:32
1042,7535,4,,2024-05-03T15:28:24
1043,4131,4,Apercevoir ah jusque consulter sourire sauter réponse partie tout etc même vrai naître surtout poésie différent.,2024-05-17T09:34:38
1044,3248,5,Esprit lisser naturellement remettre brusquement nord chacun long chaque.,2026-03-21T02:24:05
1045,7031,4,,2024-12-09T12:53:01
1046,11312,1,Raggiungere americano svegliare umano termine questo orecchio divenire importante rappresentare grado silenzio.,2024-06-11T18:31:51
1047,4661,5,Levare spalla davvero conto pane pubblico mangiare impressione stupido treno.,2024-03-22T10:56:37
1048,2992,3,,2026-03-29T15:46:50
1049,1261,5,Algunos cara pedro centros todo oficial niño animales o.,2025-06-27T13:39:20
1050,2250,1,Bauen was unten auch war Mutter Woche nur auch Minute bis wollen vor Bett.,2024-09-21T00:50:10
1051,823,3,Enero b hecho cuales serán contenido suficiente base pesetas todo arriba.,2025-07-13T08:17:17
1052,1582,4,Fuggire nave contrario estate dunque lanciare scuola campagna.,2026-05-30T14:46:28
1053,378,2,Eltern haben schreien zu der Leben sind Frau.,2025-01-28T10:11:21
1054,10437,5,Infatti accadere interessante medico spazio valere credere silenzio.,2025-11-21T13:44:58
1055,441,5,,2026-06-21T07:38:03
1056,2243,4,Stehen Tier freuen hängen drehen Sommer um danach denken gleich Kopf gleich gewinnen Stunde.,2026-04-28T04:51:39
1057,1842,5,Sofort Woche überall klein plötzlich einmal beim Erde bauen heiß gut.,2024-09-05T12:30:33
1058,8299,5,Larga demasiado central esas línea posición bien aquellos único madrid año.,2024-07-08T01:13:46
1059,8609,5,,2025-11-18T12:56:07
1060,138,4,Wird Freund wieder tot Jahr bin jeder Auge Flasche Straße endlich Name Weihnachten vergessen Herz.,2026-06-21T16:39:32
1061,6725,5,Frutto restare potenza dedicare proporre dopo azione diffondere.,2024-08-29T10:42:08
1062,5599,5,,2025-10-16T11:35:33
1063,6172,3,,2025-11-05T11:25:50
1064,5679,5,Reiten jeder Wohnung Kopf helfen zwei nein unten schwimmen zehn.,2025-07-20T07:12:03
1065,3853,5,Siendo actividades crisis después pese lejos importante una próximo origen izquierda.,2026-04-14T09:36:07
1066,2524,5,Rad zwei laut auf Ding schlagen dumm sollen Mama fröhlich.,2026-03-30T15:29:56
1067,6338,4,Cuba jamás máximo total deseo público verdad media.,2025-10-06T23:13:54
1068,7082,5,,2026-03-22T18:11:21
1069,530,4,Testa sentire dinanzi fatica godere andare luogo militare grado tendere contadino li monte specie punto.,2024-03-18T18:27:06
1070,6186,5,Largo padrone uscire lavoro braccio contare acqua pietà dentro rispondere conoscenza voltare imporre.,2026-01-05T00:18:32
1071,1044,5,Classe poche sol chemin circonstance serrer sérieux serrer sous.,2025-09-04T11:25:39
1072,10832,4,Pleurer guerre car rôle réduire monter entourer intérieur dresser discuter fin occuper.,2025-05-21T03:45:34
1073,11200,5,Esta dado cuenta otro mesa pasar éxito rafael rey mejor puso persona material falta hablar gonzález.,2026-04-27T02:39:47
1074,2254,5,,2026-06-09T13:23:44
1075,1758,5,,2025-05-06T12:21:10
1076,1791,5,,2026-04-08T17:43:47
1077,3224,5,,2025-09-20T21:55:24
1078,2644,4,,2025-09-16T13:42:12
1079,2729,5,Partidos siendo menos puerto fecha sea consejo pensar muy nueva tres anterior ahí fecha nadie.,2024-02-12T18:50:53
1080,2920,5,Assai già distanza alcuno se spesa scomparire camminare interessare loro movimento notte.,2025-03-26T06:59:45
1081,2499,4,,2026-02-04T23:37:13
1082,9047,2,Fenomeno seguire appartenere opinione stanza tirare indietro esporre specie basso impossibile affatto lo.,2026-03-14T06:53:59
1083,10304,5,Folie sommeil marier remonter immobile aucun homme vers existence commander auteur distinguer.,2024-11-12T05:49:18
1084,2331,5,Piano arrivare numeroso aiuto fede costringere sereno eccellenza.,2024-10-30T16:29:48
1085,4915,4,Marcha hombres operación estos propuesta relaciones manuel palabras palabra estados futuro.,2026-06-24T18:28:11
1086,1691,4,Memoria seguridad espacio universidad encuentro plan fuera.,2025-04-02T21:26:05
1087,9652,4,,2026-01-23T13:01:59
1088,119,5,,2025-10-23T00:53:39
1089,8547,4,,2024-10-15T05:43:02
1090,9850,4,Nobis accusantium dicta ad repellat nesciunt numquam libero nisi sunt fugiat dolores odit nam.,2026-04-28T21:31:50
1091,6780,5,Loch Fisch Stück fehlen darauf Vogel Wald warten mehr.,2025-09-03T18:13:13
1092,5384,4,Personale inverno famiglia luna medesimo lasciare pena stesso divertire mezzo segnare scopo guerra soldato.,2026-04-23T23:19:01
1093,2436,3,Mayo seguridad grado falta voz expresión van favor casi amigo fiscal.,2026-05-14T17:34:53
1094,7285,5,,2024-08-05T02:09:45
1095,6117,5,Er schauen waschen Hund Onkel lange Minutenmir fragen Minute fressen.,2025-09-21T11:17:57
1096,7265,2,Schluss Musik Nase hin baden wo rufen Eis sehr doch Teller müde Weihnachten mögen also.,2025-11-15T11:37:49
1097,4328,5,,2024-08-10T18:31:12
1098,7407,4,Grâce image rendre fauteuil journal chemin apporter jardin.,2025-01-15T19:45:22
1099,7189,4,Fratello mettere piccolo questione diverso vasto passare festa concedere partecipare scrittore coloro onore bagno perciò sereno.,2026-07-16T00:10:43
1100,5547,2,Accusamus aliquid quod ullam provident dolore accusantium cumque minima placeat explicabo quidem occaecati optio quas.,2026-05-15T22:43:31
1101,8536,4,Vista cantare passato questione smettere forza sorella nostro istante sereno.,2026-01-15T22:39:42
1102,9590,4,Fertig Minute wo Meer gut schenken Tier nichts Winter Tag wer rechnen reiten.,2025-05-12T21:06:33
1103,2476,2,Consequatur voluptas totam iste debitis vitae illo architecto unde rem earum est a cumque est quidem.,2025-03-20T05:31:11
1104,10946,3,Iste ratione inventore ea pariatur optio maiores nostrum aliquam vero accusamus perferendis aliquam sed corporis delectus.,2026-04-30T01:44:36
1105,6087,5,Mince crainte sombre résoudre pour un service voler entre pouvoir chute conscience manger partager trésor bonheur.,2025-07-04T23:34:09
1106,2612,5,,2024-05-25T18:34:49
1107,2953,5,Qui promener sûr rond secret de à oreille consulter vide plonger.,2024-03-15T04:31:00
1108,9346,3,Medida larga julio líder político total quería vuelve campo hacen hemos.,2026-02-27T21:24:40
1109,4872,2,,2024-01-24T11:01:49
1110,2157,4,Voluptatibus quo debitis at laboriosam voluptatibus sint esse ipsum iste qui reiciendis.,2026-05-03T19:56:10
1111,7073,4,,2025-03-30T12:22:35
1112,10849,5,,2024-09-26T03:01:58
1113,11106,4,Amet magnam praesentium minus quia animi porro numquam atque dicta error amet debitis vero ex animi.,2026-05-14T08:42:27
1114,8946,5,,2026-02-20T02:30:03
1115,8947,2,Sentir militaire tourner interrompre chance croix part perdu.,2025-12-19T03:49:01
1116,9713,4,,2025-02-25T06:18:56
1117,5475,4,,2025-04-04T14:51:44
1118,1844,3,,2026-06-29T20:07:30
1119,577,5,,2025-09-04T06:54:52
1120,7833,2,Nadie sigue hacen personas boca pacientes obras texto momento vuelta.,2026-03-17T22:36:33
1121,8432,5,,2025-02-09T04:47:56
1122,6947,2,,2026-02-26T16:27:25
1123,2714,5,Buio relazione confessare essere problema contare cioè regione.,2025-10-12T00:26:50
1124,10156,2,Eveniet voluptatem officiis eos esse occaecati neque fuga dolorem.,2026-02-04T19:50:36
1125,2913,4,,2024-04-19T01:46:18
1126,4523,3,Baum endlich selbst kommen mich Klasse wenig ins.,2024-05-30T12:03:09
1127,6936,3,,2025-12-10T10:51:17
1128,6340,5,Céder abattre rire droit eau sonner employer mode quel.,2026-06-24T15:29:49
1129,1232,5,,2026-01-24T22:43:05
1130,2415,5,Togliere inizio legare greco attesa volta diritto tardi sorridere ordinare giù oggi lato paura sicuro assoluto.,2025-03-31T14:33:06
1131,5133,4,Claro mayo nada doctor jóvenes conocer tarde tendrá.,2025-03-19T04:35:54
1132,2099,5,Stazione ricco non riconoscere escludere nazionale e volta stampa fiducia godere chiedere.,2026-01-16T13:55:52
1133,7820,4,,2025-10-15T11:48:59
1134,2337,4,Investigación derecho plazo pensar negro capacidad seguro u cuanto voy casi necesidad ellos cambio suelo.,2026-04-15T02:01:19
1135,3599,5,,2026-05-19T14:53:32
1136,2788,5,Innamorare signore poco ancora futuro gettare svolgere considerare suonare bene continuo qualcosa assoluto aprire.,2025-02-03T13:43:45
1137,2555,5,,2025-05-14T22:03:11
1138,1396,4,Labore odit laborum placeat recusandae suscipit recusandae sunt error totam.,2026-06-18T20:49:24
1139,488,4,Vers que officier profondément accorder corde cela fenêtre sujet avancer robe secrétaire premier réveiller.,2024-10-19T05:30:08
1140,3891,4,Porte reprendre verre répandre armer presser cela semblable.,2024-08-18T07:43:15
1141,10869,5,,2025-09-03T05:14:54
1142,9564,2,Libertad pregunta reforma d fuego personas octubre posición hijos izquierda buena fecha.,2025-05-02T02:26:52
1143,9840,5,Grün mal Stelle Garten machen Polizei kaufen voll überall er wahr Flasche fangen war.,2026-06-16T20:27:23
1144,6713,3,Corporis eaque quo voluptas voluptatem recusandae accusantium atque nisi nemo dignissimos labore officiis.,2024-04-27T03:57:47
1145,10802,5,Pocos propio tener haber explicó i nos ciento grande oficial carne actividades línea don los volver.,2024-12-06T21:14:19
1146,7883,4,,2025-01-26T00:41:59
1147,353,5,Über wohnen sechs groß Buch wichtig erklären scheinen laufen singen Oma Zug.,2024-12-17T19:30:44
1148,2165,5,,2025-01-04T02:10:48
1149,10158,4,,2026-03-02T08:38:17
1150,1678,3,,2025-04-21T15:49:41
1151,4789,4,Pueden democracia superior han primeros sociedad amigos.,2025-11-15T13:46:41
1152,1736,3,,2025-04-21T13:59:47
1153,2955,5,,2024-03-02T04:31:00
1154,9982,4,,2025-07-05T08:15:30
1155,2873,5,,2025-08-06T20:42:09
1156,4011,4,Faux animer durer empire si tranquille réduire commun sable recherche convenir observer.,2024-08-22T20:35:30
1157,6358,4,Lontano fondare sicurezza antico pesare papà sostenere ordinare qualche sorprendere conoscenza aiuto.,2025-03-11T07:43:47
1158,9998,4,Colore decisione presenza dormire accettare qualsiasi grande.,2025-11-03T05:30:35
1159,8997,5,Lourd remercier hésiter paysage depuis attirer vent bête réveiller.,2024-01-24T12:41:42
1160,8918,4,Haben kurz Winter ist stehen Fisch Auto gesund Schuh sie am Ball.,2025-02-14T12:29:50
1161,6101,3,Tout moyen tourner poursuivre nécessaire rocher appuyer ciel ramener témoin même abattre par.,2026-01-15T05:05:29
1162,10004,3,,2026-06-07T09:30:12
1163,3788,4,Puerto temas aquella juez sería cuatro marcha dicen flores familia pedro cosas sería he pueblo.,2025-07-27T10:14:02
1164,401,4,Numquam natus quibusdam veniam facere nesciunt voluptatibus fuga debitis rerum recusandae.,2025-10-11T06:19:28
1165,1,5,Baja hombre aspecto miedo podía nueva cuestión edad pudo creo tener rodríguez tenían.,2026-02-03T02:02:35
1166,2828,5,Odeur entrée cesser ramener fil mesure retirer le pourtant autre curieux banc.,2024-09-08T23:59:16
1167,3658,3,Quisquam necessitatibus illum ducimus occaecati dicta inventore suscipit maiores quibusdam quaerat nulla aspernatur.,2025-12-26T20:45:52
1168,1266,1,Affermare conto avere prima ammazzare vincere volare rispetto sala francese.,2026-07-05T01:15:43
1169,20,3,Ante mismos habría sea voz características estructura.,2024-05-23T08:45:19
1170,5578,5,,2025-12-06T07:11:00
1171,6602,5,Avant je supporter violent chez dont robe repousser mer robe secret.,2025-10-12T18:46:58
1172,3945,5,Parvenir réalité voir après lutter environ accrocher peur y route nouveau.,2025-03-12T18:54:26
1173,14,5,,2025-06-14T11:27:00
1174,1611,4,Destro escludere operaio spesa fuggire soltanto organizzare metà commercio signorina ciascuno.,2026-02-25T00:34:18
1175,7233,5,,2024-02-02T20:42:42
1176,6344,3,,2026-02-26T15:00:05
1177,10111,5,,2026-04-04T14:32:22
1178,4346,3,,2026-05-11T21:47:12
1179,4921,4,,2024-11-26T20:26:06
1180,516,4,Zwei Blume fröhlich darauf treffen kaufen denn wir Mensch baden Polizei Tante merken Ende.,2024-09-01T01:21:50
1181,3043,2,Zur besser hinter Weg bis Minute Bruder Herr dann einfach.,2026-02-23T15:10:36
1182,4654,4,Diario local noche cama diferencia ministerio vuelta serán buscar libre octubre otras quienes durante medios.,2025-09-15T01:27:39
1183,9455,4,Nisi molestias nisi molestiae sequi facilis cumque excepturi consequatur quam labore sequi beatae delectus suscipit.,2025-12-26T17:18:03
1184,1694,5,Europeo salvare pelle avvocato baciare salutare signorina misura.,2025-01-07T00:18:30
1185,4201,5,Davon Stück Eltern schlagen dürfen dumm da Affe kurz Apfel dann warm so singen Gott.,2025-07-16T01:08:23
1186,5230,3,Modelo hacer santiago era elecciones del el española.,2024-12-30T10:47:04
1187,954,2,Revenir petit mois plaindre pluie personne refuser.,2024-12-25T17:19:33
1188,11508,5,Debitis voluptatibus molestias distinctio consectetur neque voluptate minus quis eos aspernatur cumque itaque iste asperiores numquam.,2026-06-22T14:51:42
1189,5641,4,Sé uso josé acuerdo españoles calle creo cama ciento habrá comisión corazón martín nuestro.,2026-02-01T02:17:53
1190,2232,4,,2026-05-24T18:26:06
1191,3370,5,Vitae tenetur consequuntur quasi adipisci minima architecto numquam nulla ab nam excepturi.,2025-09-28T17:11:13
1192,8522,4,Giovanotto caffè si genere sangue faccia attuale vivo fede quello colpo sposare leggero importare ordinare.,2024-08-01T19:45:37
1193,5651,3,Strada stamattina mente cattolico stamattina ferro temere rompere povero giusto grado caratteristico esporre ospedale scienza condurre.,2024-05-09T00:42:22
1194,8421,5,Molestias harum aspernatur maxime laboriosam expedita adipisci tempora aperiam asperiores esse dicta esse nesciunt.,2024-01-30T04:28:22
1195,1349,5,,2024-06-12T20:12:17
1196,5512,4,Crier chiffre lier mêler cacher chez que français réflexion armée achever.,2024-09-05T22:53:22
1197,5855,5,Verità muovere possibilità movimento sangue inutile motivo.,2024-03-30T19:30:10
1198,306,4,Destino solo obstante tiempos fácil felipe como temas mano único área información problemas dirección organización pacientes.,2025-04-01T13:34:24
1199,6621,4,Laboriosam sequi illo laborum recusandae nostrum numquam eligendi praesentium consequuntur soluta alias necessitatibus deserunt numquam officiis.,2025-09-04T20:14:08
1200,10912,2,Tenían habían va cuba bien jóvenes actividad humana jamás.,2025-05-19T22:36:15
1201,5727,3,,2025-01-25T23:43:01
1202,10484,4,Más unidad producto servicio siempre b tomar mañana televisión semana siendo somos políticas.,2024-08-11T16:08:44
1203,11203,4,Pietà partire giornale né scappare controllo periodo mattino.,2026-01-01T07:35:53
1204,660,5,Briser angoisse sauvage marché français rappeler claire arrière épais travail masse me.,2025-08-18T01:40:14
1205,7453,3,Comenzó m natural pueda sino producción carrera valor.,2024-02-15T11:53:08
1206,3582,2,Weg gab mich schlagen neu nun fragen Milch glücklich Bruder Wiese Familie schaffen Feuer zeigen Polizei.,2025-02-28T22:41:59
1207,11305,3,García propios movimiento anterior relaciones siquiera seguro tratamiento escuela mismo pues fútbol.,2025-02-07T02:28:50
1208,9815,5,Fête habiller exécuter toi soirée fine imposer drame vivant.,2024-12-12T18:20:22
1209,1724,5,,2025-03-03T09:25:47
1210,8188,5,Chiesa pesare serio apparire sicurezza centrale qui.,2026-04-27T18:07:32
1211,9217,3,Debía carrera tienen baja hasta pp jamás miguel.,2025-01-09T10:26:39
1212,2784,4,Vuelve distintos española embargo buena solamente buenos expresión buscar compañía cultura hechos vuelve medio muerte jóvenes.,2024-08-31T23:13:57
1213,7683,5,Zwei wer ja Platz reich Schule Zug Hunger Schuh ziehen.,2025-01-09T22:22:06
1214,3404,5,,2025-01-29T01:39:16
1215,1880,4,Herr glauben lesen sonst glücklich tot schlagen gehören wird nämlich bei lernen mal denken erschrecken.,2026-03-31T13:18:38
1216,3882,3,Examiner tu mieux approcher fleur ci juge bas choix acheter tard peau emmener préparer.,2025-08-05T21:01:00
1217,918,5,,2026-01-23T06:01:46
1218,10136,4,Aquella decía sobre perdido diferencia contra temas único.,2025-08-27T20:58:46
1219,9773,5,,2025-03-30T18:23:36
1220,5618,4,Boden dürfen Sommer glauben kein Stadt war Zug Spaß.,2025-07-18T21:35:17
1221,9702,4,Plötzlich helfen rennen Zimmer denken zu fallen Brot.,2025-04-01T01:42:11
1222,9679,4,État désir façon présent puis conversation commencer commencer nature voisin classe doucement quant à ici politique.,2025-02-17T03:10:28
1223,7417,4,Antes humana pasa actitud espera vuelta aquel cuenta la.,2025-12-26T05:30:36
1224,9301,5,Socialista título voz miembros ve tipo secretario señaló serán cabeza número importante plaza vamos ha primeros.,2024-05-11T08:59:52
1225,9594,5,Stunde ging davon arbeiten Pferd trinken Geburtstag danach Sohn.,2025-01-09T21:47:19
1226,2838,4,Autem dolore iste ea excepturi cum tempore facere autem fuga labore nostrum nam ipsa.,2026-06-16T17:17:10
1227,1805,3,Couler branche conscience fou durant essayer nul enfant suite absence trace.,2024-05-24T19:18:14
1228,9999,4,Berg Musik rechnen zur vergessen Papa aus Glück jeder heraus Platz kann.,2025-11-09T05:30:35
1229,10159,5,Eum et nemo dolores exercitationem culpa neque minus dolor.,2026-03-13T08:38:17
1230,9154,3,Langsam Abend machen Sache weiter fressen ihm gesund dem holen erzählen Mensch.,2025-09-19T21:00:50
1231,7405,4,,2025-01-27T19:45:22
1232,3709,4,Dir früh Tante Stelle Blume Bein Familie Fahrrad fahren heißen.,2024-02-11T00:57:20
1233,6218,5,,2025-09-16T21:23:48
1234,2960,5,Monsieur plonger douze plein goutte ministre regarder ceci double accord planche entrer enfoncer or rejoindre.,2025-07-17T07:26:29
1235,6098,3,,2024-04-19T15:51:26
1236,5677,3,,2026-06-24T20:12:59
1237,3508,4,Ella rodríguez quizá ejército noche tiene pensar izquierda nada programas haciendo alguien sean américa.,2024-09-12T20:04:46
1238,1374,4,Estero giornata fenomeno ponte partecipare qualcosa paese attraversare estremo gettare fatica aspettare scomparire.,2026-03-02T08:24:26
1239,10892,4,Müssen nein sicher wahr dir früher erzählen.,2025-04-24T14:36:46
1240,8202,4,Pensée cercle fatiguer retirer enfance envoyer rayon être voix car rue secret ensuite droit beau officier.,2026-04-27T16:06:54
1241,5544,5,,2025-08-05T11:09:51
1242,4043,5,,2026-02-22T15:44:29
1243,5671,5,,2025-10-08T00:23:50
1244,7066,5,Wer los packen nie fest über langsam drei vier Auge drehen weit.,2024-03-18T05:40:39
1245,11364,2,Ihn Feuer Baum weiß fast vergessen Wissen damit dunkel tot Wald Berg verkaufen langsam mich nächste.,2025-11-13T16:49:18
1246,3478,3,,2026-04-17T15:28:57
1247,2599,5,Derecha lejos e derechos fácil mismos supuesto qué medida.,2024-12-09T03:41:45
1248,11337,5,Carne probabilmente soldato raccogliere civile periodo risposta correre grazia superiore.,2025-12-10T18:58:49
1249,6589,5,,2024-10-24T10:27:21
1250,6619,5,Terme lumière importer quoi volonté figure réunir dent.,2024-02-11T14:15:37
1251,6836,5,Antes nadie trata principales corazón televisión presidente mediante casa.,2026-07-10T18:01:55
1252,5721,5,Miser troisième réfléchir céder remplir président salut noire terrible plusieurs.,2024-03-11T07:20:22
1253,5950,4,Interrompre appel comme vieillard amener complet remercier accent petit raconter.,2026-05-25T09:36:31
1254,11430,3,Oltre se università tu zitto realtà inoltre.,2024-09-07T03:30:06
1255,389,4,Unten Arbeit fünf denn halten Erde mehr Haus stehen jung waschen Wiese klein.,2025-07-03T19:49:31
1256,7036,5,Trinken lachen ließ Hase reiten sofort Garten beim zur Papa.,2025-03-27T20:26:35
1257,5461,4,,2024-10-18T04:33:07
1258,334,3,,2026-03-27T03:28:47
1259,6528,5,,2025-12-04T06:22:30
1260,9824,4,Bruder mehr andere war schwarz Brot Bruder spät Uhr kommen legen rot gab Sache.,2025-10-30T14:37:01
1261,10412,4,Perfetto grande angolo ragazza avvicinare dirigere grado questione entrare ringraziare zona palazzo.,2025-01-28T02:12:44
1262,1926,3,,2025-10-14T05:35:17
1263,4261,5,,2025-03-21T17:08:13
1264,5546,5,Bras enlever parole depuis suivre fruit cependant armer reculer liberté reconnaître bataille passer.,2024-03-06T02:55:17
1265,8260,5,Quiere estar donde cual unas puedo punto mejores meses el elecciones internacional popular escuela.,2026-03-24T19:22:07
1266,2726,4,Schlimm unser Welt sollen schreiben nichts hängen Schnee.,2024-12-29T19:42:08
1267,2424,5,Pública tenía realizar día empresa pequeño función haya jefe ha tiempo.,2026-06-03T17:14:01
1268,2405,4,,2025-05-05T16:12:41
1269,6369,4,Aumentare tanto lato anche già spettacolo nudo qualità angolo.,2025-05-29T12:08:01
1270,1901,1,Omnis fuga voluptatem alias placeat voluptas nesciunt nemo saepe vitae deserunt architecto.,2024-11-16T02:55:08
1271,2493,4,,2024-06-11T19:12:58
1272,2303,4,Scrivere dormire persona mio estate stare lì pensiero preciso stamattina animo linea proporre difendere aggiungere.,2026-02-11T01:59:12
1273,5022,5,,2026-01-15T08:06:54
1274,2376,4,Explicabo quam voluptatibus dignissimos nesciunt ducimus reprehenderit iusto.,2025-11-03T16:51:10
1275,581,5,,2026-02-10T23:56:34
1276,1149,5,Leute gut Hund Bein offen reich dir antworten Mann verstecken wie schwer natürlich in Eltern Tisch.,2024-01-27T22:46:02
1277,436,3,,2024-11-10T18:03:55
1278,3942,5,Dolore quos sequi possimus recusandae vitae accusantium commodi vero est itaque.,2024-01-23T12:09:03
1279,6275,5,,2026-02-14T18:16:05
1280,283,5,Futuro están miguel conciencia será dólares gracias solamente haciendo sol región.,2025-03-17T01:04:07
1281,11404,1,,2025-07-10T16:34:31
1282,1886,5,,2025-09-12T12:11:39
1283,3548,2,,2025-01-23T19:43:04
1284,4252,3,,2026-04-06T01:37:43
1285,7685,3,Mois nul campagne justice désirer soin tandis que penser sien.,2025-06-21T21:31:50
1286,11048,4,Soprattutto questo troppo anzi orecchio costruzione albergo tale.,2024-03-14T22:35:38
1287,759,5,,2025-11-15T00:27:53
1288,10771,5,Naturalmente romano ridurre porre diritto memoria giustizia enorme comune rivolgere bambina.,2024-08-20T02:44:41
1289,4135,3,,2024-02-21T02:09:44
1290,5125,5,Error voluptatibus harum sed sequi doloremque libero iusto distinctio architecto qui exercitationem.,2025-09-29T02:17:52
1291,5982,4,Giudizio provincia ultimo strano palazzo francese buono usare visita grado importare questione pezzo.,2026-05-13T02:33:31
1292,8244,2,Einigen mögen sechs erst sechs aber neu Zeitung stark Mann.,2024-01-08T20:44:15
1293,6831,4,Illo beatae ex est dolore ea mollitia atque sint repudiandae commodi est id vero placeat nesciunt.,2025-09-01T11:42:05
1294,10754,5,,2026-02-04T00:05:01
1295,1033,5,Beatae soluta commodi optio iure quibusdam aspernatur.,2024-08-10T19:35:04
1296,10053,3,Voie lumière réel mentir officier second début journée rejeter confier rire.,2025-06-29T17:07:40
1297,10350,2,Zur fehlen wirklich ihr singen weit acht schon waschen ihm.,2024-09-28T05:08:46
1298,11539,4,Auf früher im vom bin Berg Tag Zeit Musik früher ob sollen Minutenmir.,2025-06-04T16:55:29
1299,9085,5,Weiter mal fast braun schaffen Rad glücklich packen ohne allein setzen Glas.,2025-08-21T21:16:31
1300,3694,5,Estudios época perdido e bajo nosotros junto eran miedo estaban otros.,2025-02-04T22:42:46
1301,9140,5,,2024-12-19T00:39:42
1302,1876,3,Feuer dafür rot nein Polizei ich Haare haben frei Junge Geschenk.,2024-07-29T12:13:20
1303,11529,4,,2024-07-31T14:27:26
1304,6294,5,Schreien See warum sprechen vielleicht packen Eltern erzählen Weg.,2024-10-26T09:21:37
1305,329,5,Visage accomplir achever campagne esprit mais rassurer cabinet objet blanc réponse gagner revenir hasard céder au.,2025-06-05T08:25:39
1306,6689,5,,2025-10-14T01:15:55
1307,644,5,Dolorum sapiente tempora voluptatibus voluptas provident voluptates aliquid hic temporibus corporis et blanditiis unde earum.,2026-03-31T07:16:21
1308,764,4,Oramai perfino preciso ministro pagina risposta anno.,2025-10-26T09:07:21
1309,9337,5,Uno psoe policía tener creación días energía desde mis vio embargo características artículo con autoridades deseo.,2025-01-07T17:02:19
1310,2423,5,,2025-09-23T02:18:44
1311,6390,3,Últimos sistema personas existencia le dios ocasión hizo dio congreso española actitud pequeño fueron.,2026-03-28T19:02:27
1312,8880,5,Selbst Apfel bringen tragen finden treffen fliegen Musik spät Auto.,2024-08-02T05:49:15
1313,766,5,,2025-02-11T19:42:12
1314,11370,5,Ayuda paso lugar saber cambios mujeres líder torno cambios podía poner.,2024-06-11T02:13:45
1315,5920,5,,2026-02-04T18:33:07
1316,2230,4,Quam sed alias quod facilis necessitatibus enim culpa repellat rerum perferendis reprehenderit eaque maxime.,2026-05-26T18:26:06
1317,6201,5,,2025-01-16T14:13:51
1318,9215,4,Quos vero fuga quas aut sit nihil cupiditate nam laudantium beatae.,2026-04-02T22:59:38
1319,7496,4,Autrefois appartenir ou examiner sujet compter soin passion.,2026-04-03T15:52:01
1320,2196,4,Domanda di rosso interessare ciò male campo interessare.,2026-06-10T06:22:37
1321,3137,4,Dolor sunt fuga dolore adipisci quas fuga corrupti impedit ab tenetur.,2025-07-05T22:58:36
1322,4847,4,Jeder Herz weiß richtig weil Ende Geld Seite denken einfach Zeit schaffen bis machen.,2025-06-30T04:04:11
1323,9861,4,Ullam atque ipsam dolorum soluta nam reprehenderit veniam adipisci veniam vero.,2026-05-07T22:27:42
1324,9987,4,Stehen Hase Angst fast ins warten hören bleiben von.,2025-11-19T10:56:29
1325,10720,5,Piel agua llama poder dos diez opinión poner obras especialmente había hechos derechos.,2026-01-25T21:07:35
1326,534,5,Occasion condamner repas naissance ne argent social feuille promettre.,2026-01-13T07:01:05
1327,9678,5,,2025-05-10T03:18:00
1328,508,5,Male cura sorridere romano cuore tranquillo vista però camminare commissione ritrovare pranzo difendere.,2024-11-28T21:23:34
1329,7005,5,Creación da era necesario cuestión suerte especialmente cuarto aumento seis tiene derecha marcha.,2025-10-07T09:31:42
1330,2632,3,,2026-04-16T00:34:40
1331,2284,3,,2024-02-28T12:20:56
1332,10180,3,Und Minute nur nimmt gefährlich Weg warten führen noch kein andere will.,2026-04-13T20:17:44
1333,11369,5,Vino parte vivere sviluppo impedire perfino bocca battaglia concedere opera.,2024-06-14T02:13:45
1334,10866,5,,2026-04-30T06:41:49
1335,4855,4,Examiner oreille accepter poitrine glisser minute valeur haut offrir troubler parti chaud rapporter relation billet.,2024-04-12T16:11:24
1336,10577,5,Quidem recusandae molestiae vitae amet vitae quisquam nam magnam nulla laborum corporis quos est.,2024-10-12T11:45:23
1337,1133,3,,2025-10-19T12:38:24
1338,4058,1,,2025-09-18T12:54:54
1339,3001,4,Bett Hilfe doch durch kann Garten fährt krank Stadt blau weinen schauen.,2026-02-11T06:54:14
1340,9133,4,Assumenda vero aut sapiente vel nihil ab praesentium.,2026-01-10T00:21:15
1341,9151,4,,2025-02-18T20:40:11
1342,4818,5,Optio corporis dolor recusandae voluptatem enim expedita quidem similique ducimus suscipit nihil quisquam.,2025-10-10T08:42:47
1343,7370,5,Aspect doucement me suivre tracer pleurer oeil bien société danser large conduire.,2024-09-01T17:16:08
1344,4246,5,Historia común esa ella carrera construcción varias vista pensar enero animales artículo hospital hospital garcía.,2025-02-14T20:08:56
1345,3871,5,,2025-05-21T03:48:21
1346,394,4,Salutare promettere intanto qui segnare escludere fiume verità parte prossimo vivere uscire.,2025-01-14T11:36:35
1347,10800,5,,2025-04-26T07:02:19
1348,9570,5,,2026-04-14T01:12:56
1349,3035,5,,2025-08-12T14:59:10
1350,7686,4,,2025-07-01T21:31:50
1351,6408,5,,2026-02-22T07:56:31
1352,3045,3,,2024-02-21T04:53:27
1353,908,5,Hic ipsa sed quod explicabo odit vel ab earum aliquid ratione quae eligendi ullam fugit.,2025-05-15T13:42:49
1354,63,4,Wo fangen tun mich Spiel einige jeder sicher Straße mich früher.,2026-07-09T03:05:01
1355,7406,2,Früher laut endlich las rennen gewinnen verstehen.,2025-01-21T19:45:22
1356,9530,5,Avvicinare accorgersi direttore però scuola sede sottile determinare bravo stringere esercito impossibile prodotto lira bisognare.,2025-06-10T14:06:45
1357,9898,5,Bestia sviluppo scienza pensare crisi avanti soldato attorno cattivo elevare fondare stringere parola immaginare sorella.,2026-07-02T22:59:11
1358,8159,5,,2024-04-08T10:57:48
1359,6181,3,Ja spielen Beispiel schlecht aus Familie gibt Essen doch zum möglich denken Herz schenken.,2025-12-16T06:00:13
1360,11118,4,,2025-09-15T17:40:18
1361,2684,5,,2025-04-28T00:52:28
1362,7043,3,Note entourer souvent commencer devant traiter haute livrer.,2025-11-18T12:02:50
1363,10142,5,Consectetur corporis veniam iure cupiditate quae aliquid perferendis vel asperiores distinctio deleniti ipsa.,2025-04-09T16:19:35
1364,4185,4,Dick tief Feuer hören erklären nach Abend ab fahren Geld sich den ganz.,2025-07-21T13:33:29
1365,9811,3,,2024-11-07T07:28:22
1366,8388,5,Fisch gibt Zug zum Hunger ohne hier sehen bin wohl alt werden Abend.,2026-03-08T10:58:06
1367,6765,3,,2024-11-29T21:08:52
1368,4880,5,Habían dinero medidas varios otra cama juan movimiento algunas conocer pensar son violencia instituto.,2024-10-13T17:37:18
1369,2038,4,Quibusdam modi possimus quos ipsam alias odio earum.,2026-02-06T17:37:52
1370,650,4,Dolorum quasi facilis earum ab odio ullam culpa dolorem doloremque pariatur aliquid quidem nobis.,2024-06-14T04:01:14
1371,6775,4,Qui quaerat suscipit minus numquam consequuntur maiores similique consectetur aliquam facere ad explicabo hic at ipsa.,2025-03-02T09:02:12
1372,1225,5,Opa Freude einige beißen draußen Brot Stelle ein als schauen Bild dürfen Küche sechs Abend Klasse.,2024-04-20T01:35:37
1373,632,5,Vitae similique ipsa quasi doloribus eius dolore inventore sed quibusdam ducimus.,2024-06-12T15:10:27
1374,9775,5,Estoy juego horas llamado opinión cama estuvo escuela libro.,2025-04-01T18:23:36
1375,8375,5,Uso vivir aún período fuerte policía hacía ejército derechos campaña hombres ocasión otro pueden crecimiento.,2025-01-27T14:26:16
1376,668,5,Voluptates beatae mollitia quod vero provident expedita corrupti corrupti eius quos hic nobis veniam quae.,2025-11-18T21:30:30
1377,9950,5,Prétendre enfoncer épais attirer second souffrance caresser absolu propos dehors gris poser quartier bataille.,2026-03-30T06:43:05
1378,5160,4,,2025-04-20T09:03:00
1379,663,5,Ad tempora provident doloremque explicabo libero et voluptatum iste omnis nemo.,2024-06-28T15:56:12
1380,1141,5,,2025-05-07T00:18:10
1381,5106,5,Pourquoi jusque rapporter hiver trait aventure confondre entier frais réel siècle long humain madame tantôt oeil.,2024-10-22T12:31:15
1382,2344,3,Quod suscipit rem impedit doloribus repellat aliquam corrupti blanditiis culpa minus aperiam.,2026-05-19T14:39:02
1383,6155,5,,2026-07-08T19:56:57
1384,3376,1,,2025-09-20T00:29:50
1385,7551,5,,2024-10-10T15:37:40
1386,7864,5,Villa saltare quanto pietà inoltre riunire rispondere prato riunire maestro istante difesa giudizio.,2024-09-14T10:06:03
1387,6752,5,Debitis expedita omnis corrupti nisi incidunt a ducimus quas unde culpa.,2025-02-10T05:11:30
1388,1623,1,,2024-02-16T06:45:52
1389,960,5,Erklären dauern am kennen wohl Eis her einige unter weiß verkaufen nennen Nacht weiter.,2024-09-05T15:42:37
1390,9801,5,Auch Hand Name schenken auch Schüler erklären laufen Hilfe wieder klein traurig.,2024-09-06T14:43:45
1391,1921,5,Están diciembre corte costa francisco voy punto vio mantener viaje estoy.,2025-05-21T01:43:22
1392,322,5,Costringere rivedere monte ammettere prossimo denaro gatto nero istituto.,2026-02-11T00:20:57
1393,7947,4,,2025-09-27T02:58:09
1394,9972,4,Daran drehen Seite turnen Weg singen frei hoch Bauer.,2024-06-12T00:09:39
1395,10302,2,Nennen Glas Tante Mensch See sehr werden hat Stunde Leute Tag schreiben frei Spiel dabei.,2026-03-07T06:04:49
1396,75,4,Hand Lehrer Rad vier Frage bis fahren gut.,2025-07-04T22:27:08
1397,1727,3,,2026-04-08T23:18:50
1398,2224,5,Escuela reunión eran puso instituto hemos abril europa solo cara entrar.,2026-04-14T02:54:58
1399,9437,5,Sien événement gagner forme exister escalier seuil rire petit.,2026-04-06T06:35:32
1400,4138,4,Richtig Leute aber Gesicht tot Minute lernen Affe Haare natürlich sich Nase früher.,2026-01-14T15:09:17
1401,10428,3,Grazia assumere posare eh dolce carta accanto il nome dire provare ragazza oramai mentre successo rosso.,2024-10-02T02:24:38
1402,8996,4,Weg später Frage Maus Bauer zehn Sache Stelle fragen wünschen und freuen schenken wieder Garten.,2024-01-17T12:41:42
1403,6937,5,Nein frei Polizei nein wohl wichtig turnen dann auf bin Gott fangen fährt fehlen Hunger lachen.,2025-06-01T20:09:13
1404,9921,4,Causa principales puerto te pone políticas media pedro al.,2024-10-05T02:08:26
1405,4132,4,Sembrare merito cavallo breve notizia giocare resistere congresso salvare concludere giro.,2024-05-09T09:34:38
1406,4282,5,,2026-07-08T14:55:29
1407,10078,5,Facilis veniam dignissimos a facilis dolore ab assumenda rem debitis ab laudantium delectus perspiciatis error id.,2024-01-23T11:36:43
1408,11253,3,Doloremque molestiae harum blanditiis ex veniam quos cum aliquid.,2025-04-12T08:22:49
1409,2730,4,,2024-03-07T20:22:08
1410,9576,4,He unión aspectos cantidad llegó mientras habían buscar acerca cine.,2026-01-07T05:54:20
1411,5928,4,Erst gehören bis ziehen Ball lachen Polizei sehr Arzt fahren wahr schwer eigentlich den bekommen nehmen.,2024-11-17T05:17:59
1412,9045,4,Tuvo negro otras tampoco muy finalmente agua papel aún.,2025-06-09T20:30:04
1413,5141,4,Educación soy dos cuba barcelona pronto final son precisamente algo hace iglesia.,2024-12-06T19:19:01
1414,3837,4,Habitude briller loin remercier charge ville partout perdre vieillard situation poids place mettre gris.,2025-03-12T20:15:35
1415,8700,4,,2025-08-07T23:18:07
1416,3168,5,Schuh steigen dauern letzte Mann sagen schön Apfel gesund Fisch verstecken Schule Tier schlagen kam.,2025-08-11T01:54:37
1417,5176,4,,2026-06-07T09:18:02
1418,3325,5,Minute autre aimer partager couleur empire nord répandre feu durer.,2025-04-15T13:04:45
1419,1078,5,,2025-02-03T00:21:16
1420,5134,5,,2025-03-22T04:35:54
1421,10002,4,Sala mirada estos realidad tener niños juicio has.,2024-03-01T15:31:58
1422,85,4,Medesimo religioso fornire chiaro minimo sacro camminare che assumere ragazza prato come.,2024-05-30T23:02:35
1423,5138,4,Quod necessitatibus omnis nemo eius harum a a laboriosam officiis.,2026-02-19T14:28:28
1424,5513,5,,2026-04-06T09:04:48
1425,797,5,Alrededor santiago mil ninguna gonzález entre meses nada no a económica unos comisión veces quedó.,2024-09-26T16:13:34
1426,6702,4,,2026-03-02T23:11:11
1427,8083,4,,2024-06-17T13:07:30
1428,847,2,Imparare trovare possedere ogni imparare ricco questione società mese tu articolo poesia villa.,2025-06-26T12:31:09
1429,7710,5,Carne costruire parola arrivare appoggiare forza civiltà merito collina entro succedere reale personaggio scorrere indicare.,2025-09-21T03:17:04
1430,7402,5,Joindre frapper changer genou long profond quitter leur précéder rôle masse.,2026-01-17T14:03:05
1431,980,5,Importer billet autre devenir dernier poste choix accent agent malade.,2025-07-22T09:30:49
1432,10147,4,,2025-12-04T14:36:37
1433,4432,5,Accorder soutenir confondre accomplir travail seul joli retirer genre malheur dont vague lendemain endroit ah.,2026-01-29T12:08:04
1434,1112,4,,2025-04-17T00:50:27
1435,3947,5,At repellat suscipit cumque veritatis molestiae in aspernatur harum laboriosam consequatur dignissimos quo quo ipsum molestias.,2025-05-16T18:07:31
1436,7166,5,Chiaro servizio pena prato uscire merito bravo caldo pericolo esso viso spesso.,2026-01-18T13:33:04
1437,9196,5,,2026-01-11T19:37:37
1438,495,4,,2025-07-17T14:05:38
1439,3494,5,Participación enero consejo siempre puerto presidente lleva régimen.,2024-04-07T18:05:56
1440,435,4,Autre yeux même milieu colline poursuivre continuer bas poursuivre bleu course quart par.,2024-11-22T18:03:55
1441,11151,4,,2026-01-17T00:01:01
1442,4927,5,Intereses rosa semana resultados presidente nuestra quienes.,2024-03-31T05:56:21
1443,11393,4,Abandonner début tout avance voilà ouvrage mesure juste patron ordre désespoir but appartenir soulever.,2024-08-17T01:53:13
1444,7203,4,Sur part mêler quartier libre course puissant précis nous dès.,2024-09-19T06:34:45
1445,11260,3,,2024-08-06T14:22:15
1446,11044,5,Musik so Glück neben früher tot kalt Maus Mann Sache Schnee man.,2024-11-07T14:02:11
1447,6160,3,Veniam culpa dicta neque possimus consequatur officiis aliquam excepturi.,2024-03-01T17:35:59
1448,3082,3,,2026-02-23T16:27:13
1449,8604,3,,2025-01-24T06:51:53
1450,5350,5,,2026-03-17T17:29:30
1451,3128,3,,2024-09-26T21:30:34
1452,1306,5,Presentare trasformare presto città intenzione scorrere grave corrente dipendere notevole potere.,2025-01-02T19:05:14
1453,4626,5,,2025-07-30T05:40:08
1454,9884,4,,2024-11-07T01:44:41
1455,8741,5,Boca economía ella grado orden enfermedad supuesto nuestro mundo noche otro capacidad.,2025-03-08T01:16:16
1456,7586,1,,2024-11-29T18:43:15
1457,8008,5,Tragen Frage verkaufen turnen schon daran ihm.,2025-08-02T22:08:27
1458,6841,4,Andare visita successo rientrare processo colpo comporre commissione fronte serio.,2026-03-08T16:20:54
1459,575,2,,2024-08-01T18:06:31
1460,9929,5,Storia donna entrare materia presentare posizione uguale macchina venire.,2024-07-12T19:23:53
1461,4695,4,Pauvre passer tu semblable face animer arriver entourer recevoir goutte boire an précéder bouche.,2026-04-07T08:22:36
1462,3069,5,Jusque rose trois centre prêter tout présent absolument fixe mur porte jeunesse blanc.,2026-05-04T12:16:15
1463,7653,5,Préparer genou cas recherche arme ensuite crainte crainte occuper.,2025-06-18T11:59:38
1464,9194,5,,2026-01-11T19:37:37
1465,10377,4,Voluptas iusto enim vitae distinctio aperiam laboriosam.,2025-05-01T04:49:15
1466,10513,5,Buscar pasar distintas fiscal comisión dado cámara sentido finalmente hombre base recursos casa existen juan.,2025-04-18T22:49:57
1467,10349,4,Propos prévenir considérer doux cesser payer sein réalité plaindre falloir conduire exécuter deux figurer finir.,2024-10-01T05:08:46
1468,8966,4,Lien connaissance demain exister bas poser énorme aussitôt manier malgré.,2026-03-24T06:19:27
1469,8007,5,,2025-03-06T02:41:42
1470,7144,2,,2025-03-01T21:58:36
1471,1385,5,Algunos plaza haya autor ello obra podrá europa parece estudios.,2026-03-09T07:26:52
1472,10525,5,,2024-12-16T20:02:34
1473,6359,5,,2025-02-24T07:43:47
1474,9799,4,,2025-06-29T18:32:21
1475,8717,4,Grave egli padre zona collina salutare magari presentare questo.,2025-05-19T20:08:46
1476,11186,4,,2025-03-27T17:42:19
1477,4637,5,Adipisci dicta architecto temporibus beatae doloribus iste quam doloremque.,2026-06-24T05:05:25
1478,2247,5,,2025-10-17T14:19:36
1479,185,3,,2024-10-14T05:19:28
1480,727,4,,2025-04-13T06:49:41
1481,10381,2,Noir retour selon point caractère tomber vert car.,2025-11-05T19:01:56
1482,7960,5,Contenter sourire marché combat entendre bon mesure pied falloir même.,2025-04-04T11:19:22
1483,438,5,Plante liberté épaule rose rencontre intérêt instant presque grâce bleu commander gauche mari.,2024-04-29T03:13:49
1484,8131,2,Aspernatur numquam nisi vitae rem ratione eaque iure.,2025-12-02T23:41:00
1485,7559,4,Comprendere svegliare impedire aiutare tuttavia umano pubblicare bruciare vestito ah.,2025-09-06T17:53:09
1486,1440,5,,2025-06-15T18:09:18
1487,2850,4,,2025-07-12T19:31:53
1488,8557,4,Fuerza principales dentro alta nos edad nuevo debía propia existen ministro buenos ocasiones metros seis armas.,2025-09-11T21:13:15
1489,675,5,Quam reiciendis hic beatae dolorem iste debitis dicta nostrum odit.,2025-05-11T04:45:25
1490,2161,4,Ciascuno territorio subito sbagliare credere considerare scala naturalmente.,2024-03-14T18:47:42
1491,1285,5,Attention goût seulement abattre voyager mari vouloir.,2024-08-19T01:21:38
1492,7731,4,,2025-08-27T13:34:29
1493,7534,2,Distinguere perfino partecipare ripetere marito chiaro caso mio papà pubblicare bisognare gente presenza.,2024-05-02T15:28:24
1494,7917,5,Solamente sino acto marco mujeres fueron antonio hoy fernando campo mientras estado ello amor calle tiempos.,2025-02-26T18:35:03
1495,2274,3,Región constitución misma ir organización ocho yo modo política una alto.,2024-05-06T02:08:20
1496,5914,5,Minute lors bien préférer aile croix inconnu brûler lumière propos continuer politique quitter réunir titre.,2024-07-15T09:33:22
1497,2327,4,,2025-04-21T21:29:36
1498,1841,5,Suffire extraordinaire fonder envie résistance debout plein permettre autre forme crier.,2024-08-30T12:30:33
1499,6600,4,Souvent brusquement comprendre faute ceci poste rencontre suite côté larme.,2026-02-05T09:30:47
1500,4393,2,Connaître rassurer revoir an signe entretenir vol employer.,2024-10-29T13:00:09
1501,3018,4,Addirittura avvicinare badare poesia tutto segretario dovere dinanzi piantare prima offendere sforzo.,2025-06-13T17:23:36
1502,3212,5,,2024-03-23T10:56:40
1503,7641,5,Molestias culpa nemo molestiae accusantium non ipsam magni voluptate occaecati animi doloribus nam doloremque.,2025-08-04T01:43:28
1504,9226,5,José fuerte llama diario sentido marzo buena constitución blanco profesional.,2025-12-22T03:09:19
1505,8063,5,,2026-03-17T08:11:19
1506,423,4,Zur Bein am weg traurig gab verkaufen Hase wichtig Ding Erde andere sagen hier weiter zehn.,2026-01-31T04:58:04
1507,9138,2,Dicho mayores padres medida nuevo administración valor vida profesional mujer siguiente contenido local.,2026-04-04T07:34:40
1508,2816,5,Perspiciatis optio recusandae vitae officia consequatur molestias ex nostrum cumque iste quis reiciendis sapiente beatae.,2024-11-06T07:38:28
1509,9073,5,Entrer attention durer se risquer main bureau toile source forme disposer seulement étonner livrer.,2025-08-24T11:06:28
1510,8368,5,Existen amigo tipo luego hacen objeto diario septiembre después joven nos.,2025-06-03T15:39:52
1511,6955,4,Quidem voluptatem optio error saepe autem odio tempora.,2025-05-01T21:00:02
1512,10071,5,Azione biondo scendere domani bambina contare lavoro esistere sorgere forse superare preciso chiaro sole zona.,2024-07-06T14:30:15
1513,9907,4,Hizo cuatro mirada tienen viene ocasión negro momento entre cuerpo mi popular estructura música.,2024-11-06T06:22:47
1514,4360,4,Vraiment dresser pluie en bras haute non chaise atteindre.,2025-03-12T02:42:25
1515,2994,4,Zusammen halbe mich darauf klettern gestern kochen anfangen.,2025-08-02T19:33:31
1516,1714,2,Général fil près patron fauteuil grâce tellement douleur.,2025-11-11T02:16:17
1517,10361,5,,2025-12-29T20:56:00
1518,11201,3,,2024-02-18T12:32:44
1519,3377,4,,2025-09-10T00:29:50
1520,6507,4,Ambiente religioso fretta accorgersi costituire rivolgere piacere montagna freddo.,2025-03-23T12:42:18
1521,9152,5,Aiutare poesia abbandonare errore latino passione niente bambino persona restare alto non scrivere.,2025-05-30T18:00:11
1522,4989,2,Viel früh wie wenn hängen langsam wird Ende verstecken See Stelle schwer Zahl einfach erst heute.,2025-01-12T00:47:44
1523,876,4,Económica sobre carta centros siquiera proyecto libertad conciencia i carne aire.,2025-01-24T13:05:18
1524,87,4,Près mien presque autorité dans droit fusil confondre cause regard terrible je autre corde.,2026-06-30T13:41:30
1525,5275,1,Pariatur ratione qui quod eos molestias iste facilis rerum nostrum fugiat doloremque totam eius cum.,2025-08-27T02:05:42
1526,1198,5,Regard sonner asseoir écrire membre rassurer suivre accent confiance pareil hésiter poser pourquoi envoyer exemple.,2026-05-30T20:19:44
1527,9779,4,Automobile giornata preferire rivolgere pomeriggio fronte distanza ognuno stato atto ricerca stampa.,2025-06-22T16:38:24
1528,7392,3,Weit legen Spaß Bild Tag sechs Minute beim führen.,2026-01-01T16:45:24
1529,9399,5,Accusantium velit architecto vero iure molestiae mollitia consequatur consectetur.,2026-07-05T22:22:19
1530,7415,2,Magni natus corrupti cum pariatur velit dolorum placeat atque aspernatur reiciendis culpa voluptates tempora.,2026-07-04T15:52:15
1531,3365,5,Beim Herz Tür wünschen Jahr heute reiten langsam stellen.,2026-02-21T04:00:25
1532,3110,5,Oben Monat Tisch Frage her weiter fünf Arzt los langsam.,2026-01-30T04:56:33
1533,10655,3,Isola conoscenza abito fuoco segnare giocare ridurre superiore.,2025-05-18T14:43:37
1534,2111,4,Pariatur voluptate deserunt architecto in repudiandae dolor porro numquam velit non repudiandae recusandae impedit cum.,2025-05-06T13:42:07
1535,3218,5,Impossibile posizione riempire produzione campagna quindi di.,2025-07-27T11:23:37
1536,1857,5,,2026-04-21T03:01:30
1537,5627,5,Culpa pariatur ullam quos eius reiciendis earum nisi dicta animi ipsam ut.,2025-02-19T11:12:51
1538,10677,5,Quaerat suscipit totam laboriosam veniam dolores quasi dolorem laborum perspiciatis rerum aliquid quis sit modi error.,2025-03-31T01:10:03
1539,4725,4,Herr gehören erst blau mit schlagen fiel.,2026-06-15T22:22:26
1540,11420,3,,2025-04-05T02:45:53
1541,8469,3,,2025-12-16T03:04:40
1542,9909,5,,2025-02-16T10:13:00
1543,272,5,,2024-12-27T08:41:18
1544,7696,4,,2024-11-13T13:03:10
1545,5924,4,Neanche gamba ciò pagare albergo fortuna annunciare figurare persona figlio pagare per.,2025-04-02T02:43:57
1546,643,5,Interessare si oro titolo giocare forte tornare costruire eh numero passare fuoco incontrare.,2025-05-16T04:09:03
1547,11371,4,Jeune drame veiller argent entendre veiller lèvre pauvre contraire garçon.,2024-06-07T02:13:45
1548,831,4,Unser Licht scheinen weit fliegen endlich sieht.,2025-09-24T22:05:03
1549,2192,4,Essen fallen Bruder Glas schlecht sofort für halbe sie Garten fest bekommen werden wo laut.,2024-08-28T18:04:30
1550,10406,2,Wie stellen darin unter Polizei mein Licht vier weinen.,2025-06-05T17:06:37
1551,3127,4,Políticas pp texto familia podrá pasar tienen políticas ella corte tener otros centro tres deseo.,2024-09-30T21:30:34
1552,3632,4,Económico serán dios acciones resultados francisco servicio.,2024-12-07T07:46:19
1553,10951,3,Molestiae voluptas magni commodi sed excepturi minima sunt nam non culpa at praesentium numquam in.,2024-12-12T06:45:19
1554,8709,5,Luego fuera respecto eso dolor fuerte encontrar médico crecimiento desarrollo sueño movimiento prensa quién habrá.,2026-03-31T08:03:44
1555,679,5,Schule will schwer Meer Dorf wünschen Lehrer merken wichtig reiten zur Schule.,2025-05-04T14:58:27
1556,4767,5,Bande moitié phrase décrire avant sein leur le fer entretenir bruit.,2024-05-06T10:28:46
1557,3888,5,Eccetera mercato naturalmente futuro cattolico attimo passato.,2025-01-21T17:20:21
1558,6477,5,,2025-12-16T02:46:36
1559,2802,3,Erschrecken groß anfangen Junge Schuh packen Schnee Fußball man wollen nein.,2026-05-10T10:03:51
1560,5316,4,Alto strada rispetto arte elettrico piede in assistere giungere neanche reale posare fondare.,2024-04-02T02:09:12
1561,2836,3,Aussitôt parent réclamer répondre marche effacer position mériter doigt visage.,2025-02-24T14:13:21
1562,7175,4,,2025-06-28T03:59:09
1563,2978,3,Hacerlo están iglesia animales viaje líder estamos carrera práctica calle cualquier dios cuatro internacional.,2024-09-28T22:55:46
1564,268,5,Springen Mutter essen sprechen damit wird wie Apfel aber schwarz Zug bekommen tun tragen mein.,2025-08-14T18:36:57
1565,6072,5,Análisis idea dan c hora entonces empresas.,2024-04-13T17:04:41
1566,1207,3,Laudantium occaecati architecto assumenda optio nesciunt doloribus optio earum rem dolorum eius eveniet.,2025-10-05T12:39:29
1567,6151,5,Tres fuego universidad tres adelante sur gracias rosa cultural aspectos.,2025-03-18T02:54:41
1568,6972,1,Oltre esporre ottenere filo stagione sedere forza.,2026-03-24T09:08:46
1569,8517,4,Neben oder kochen sieht mich lernen rot ein gehen fröhlich mehr oben bleiben nicht stark.,2024-10-11T11:31:28
1570,9774,4,,2025-03-21T18:23:36
1571,8455,5,,2025-07-05T05:24:02
1572,2746,5,Faire place enlever rappeler recevoir oeil champ subir monter aimer accuser sac.,2024-09-18T17:30:12
1573,4735,3,,2024-03-27T11:49:10
1574,5756,5,Ganz ganz gehen Wetter uns Hand heißen schenken Sonntag nächste Wasser da Leben Maus Sonne.,2025-11-15T16:38:10
1575,8331,4,Deserunt accusantium laudantium sint qui facilis consequuntur ipsam molestiae.,2024-06-03T09:49:02
1576,8452,5,Comme feuille prononcer qualité manger événement asseoir.,2026-05-14T16:02:44
1577,800,4,,2025-09-07T22:36:52
1578,9021,5,,2025-07-02T14:11:28
1579,9338,4,Iusto consectetur sit magni nostrum aperiam consequuntur pariatur autem asperiores nobis nam culpa vero.,2025-01-11T17:02:19
1580,1083,2,Figura relaciones señor bajo llegado dónde oro llegar presente pasó seguridad industria rodríguez expresión.,2026-01-29T17:43:02
1581,5330,4,Cabinet franc manger ah retirer inutile raison sept petit chaque pour avoir danger céder.,2026-02-28T06:27:44
1582,8576,4,Angst schlecht Auto einigen zwei kennen sonst haben Welt Stunde schlecht dabei.,2024-04-22T22:16:21
1583,840,5,Eaux grave détacher manier où oser part indiquer demain servir étendue milieu où français pourquoi.,2025-09-13T00:24:21
1584,9835,5,Quo error natus temporibus temporibus reprehenderit distinctio dolor quisquam.,2026-01-08T06:27:20
1585,7316,2,Auf Baum Ball fertig tragen rufen draußen Mama Tante Hunger Spiel Fuß Ding Tante.,2026-05-01T03:38:49
1586,2150,5,Quos occaecati totam reprehenderit velit amet quibusdam voluptatum ea repellendus quibusdam reiciendis a qui nulla facilis.,2026-05-10T21:32:56
1587,10306,5,Armas aunque mientras gran bajo y primer jefe puso consecuencia campo saber juego padres.,2025-02-23T23:05:38
1588,10939,3,,2025-08-06T18:34:16
1589,1378,4,Sunt consequatur iure modi dolor unde maxime cupiditate recusandae beatae totam voluptatum aut incidunt.,2026-03-17T06:41:54
1590,5028,5,,2025-12-14T00:57:17
1591,2260,4,Memoria lanciare alzare disporre puro inizio sedere mantenere diffondere produzione spettacolo suonare gusto volgere maniera.,2024-11-25T04:18:53
1592,11324,4,,2025-06-24T01:18:50
1593,9906,4,Lehrer mehr Schwester ziehen geben Herr braun ruhig weil.,2026-05-26T04:22:14
1594,6269,5,Tante halbe acht Straße merken böse offen böse vielleicht Glas über.,2024-12-07T21:06:04
1595,8877,4,,2025-07-03T03:36:00
1596,8696,4,,2025-04-17T13:51:54
1597,6296,5,Chemise étroit bord tenter peuple eaux côte inviter seul quel amener.,2025-03-11T05:58:03
1598,7055,5,,2024-09-09T21:25:12
1599,6494,5,,2025-09-02T21:47:03
1600,1407,3,Si pour français autre liberté rejeter de rouge révolution vous là place compte.,2026-01-29T18:49:20
1601,7280,4,Jouer prison moitié mener un suffire maintenir écraser conversation hésiter fils rapporter impossible chasser loi.,2025-12-17T06:16:47
1602,2950,4,Onkel Nacht tun Dorf gelb singen vorbei.,2024-08-31T21:18:01
1603,3311,5,Rompere chiave discutere bambina usare presentare mentre soffrire.,2025-07-05T03:41:22
1604,21,4,Excepturi consequuntur harum fugit cum esse minus iste perferendis laborum non.,2025-05-14T19:40:52
1605,10512,5,Nouveau repas morceau creuser armée reste occasion second saint minute minute reprendre.,2025-04-14T22:49:57
1606,476,5,Duda hacer menos aquel posibilidades autoridades personas importante paso tuvo.,2025-12-14T02:58:59
1607,5532,3,General trabajar cuerpo niveles situación participación dinero partido muy niño unidad lleva tipo sabía cuadro.,2024-06-06T13:28:12
1608,8306,5,,2026-02-08T23:07:09
1609,1815,5,Tant quitter séparer proposer chat soi secrétaire leur portier plaindre accompagner courir.,2025-01-26T22:27:27
1610,11138,5,Uccidere povero dividere stanza regno labbro cielo sposare porto.,2025-02-12T00:04:30
1611,6577,5,Dabei ließ glücklich Wasser Finger Freund zehn.,2026-04-09T23:11:38
1612,5752,4,Erklären durch sicher uns Monate nass Klasse wissen Frau verstehen gern mal.,2026-07-06T06:56:46
1613,2134,4,Faible compagnie appeler instant disposer d'autres prononcer l'un parent.,2025-07-15T16:46:52
1614,3129,4,,2026-06-21T19:35:55
1615,1904,4,Salvare facile girare vario campo convincere partito relazione attendere.,2025-05-15T04:04:43
1616,9168,4,,2024-06-12T21:43:33
1617,3144,5,Eso crecimiento buena seis producto derecho libre área padres viaje reunión.,2025-07-02T07:40:05
1618,6538,2,,2025-12-08T21:32:33
1619,9054,4,Comunicación policía suerte naturaleza nombre concepto momentos pensar centros seis juez.,2025-07-09T06:45:31
1620,9701,5,,2025-08-11T21:32:59
1621,8009,5,Técnica dio dolor modo mercado pie pues embargo proyecto miedo era junio salida hicieron garcía líder.,2025-08-17T22:08:27
1622,1837,5,,2026-03-29T04:37:53
1623,5351,2,Unter denn zur lesen hängen legen warten vielleicht denn dich nichts sehen gelb ganz verkaufen.,2025-06-07T23:50:26
1624,11517,4,,2026-01-01T07:53:29
1625,3294,3,,2025-08-23T04:51:14
1626,10568,5,Ipsa ab id perspiciatis exercitationem modi perspiciatis maiores.,2024-12-04T22:21:42
1627,8781,5,,2024-06-14T09:51:21
1628,2083,2,Sieben heute und stellen die drehen man.,2026-01-30T03:05:41
1629,8657,5,,2025-11-23T14:32:10
1630,7852,5,Último arriba sé domingo sus decisión personas opinión recuerdo papel.,2026-01-27T06:57:49
1631,3808,4,Das kennen sind jung also Rad viel verkaufen ließ davon bauen Stein.,2026-04-25T02:38:41
1632,4323,5,Produzione oppure raccontare contenere entrare tavolo trovare prima qua spiegare osservare principio passione contrario storico.,2024-11-12T00:17:00
1633,4045,3,Hier fressen Loch ihn tot Schuh Dorf unser gestern so.,2025-06-10T19:54:14
1634,5300,3,Grosso dovere luogo attore insegnare anche più carattere direzione formare.,2026-06-09T03:25:41
1635,3031,5,Español menos régimen conciencia razones vino proyecto luz costa propia proyecto amor.,2025-08-27T19:24:47
1636,594,5,Maison choix voisin mauvais accord dangereux grandir construire.,2025-01-25T21:07:42
1637,11340,5,Nobis consequatur quibusdam cupiditate fugit culpa blanditiis molestias reprehenderit a.,2025-03-03T11:40:54
1638,1601,4,Porter noire important vie oser race passage pouvoir.,2024-02-05T13:04:46
1639,11558,3,Heure visible cerveau maître manquer jour joli jeunesse pas intérêt religion prêter grand te entier.,2024-07-08T23:43:11
1640,7860,4,Fuga consectetur enim a harum quae deserunt delectus dicta ea itaque atque repudiandae sequi iusto ut.,2024-11-17T10:28:48
1641,3644,5,Vitae dolorum sed dicta debitis odio necessitatibus corrupti repellat ipsum vel veritatis cum architecto ipsam.,2024-11-15T02:31:17
1642,7029,1,Numeroso campagna esame ricordare italiano antico nemico a esporre valore.,2024-09-14T23:25:20
1643,10934,4,Efectos peor cambio pp central ministerio hacía lo aún temas sí septiembre acerca.,2024-10-21T03:21:00
1644,4937,4,Pensar encuentran ir europa jamás decía investigación paciente desarrollo temas igual pequeña estoy produce.,2026-06-02T05:43:15
1645,3412,4,Nesciunt consequatur optio aperiam tempora hic dolor officia porro ut nisi sit et dolor voluptatum.,2024-06-29T07:32:02
1646,1566,3,,2025-04-29T23:38:44
1647,5584,5,,2026-06-02T02:13:50
1648,1417,3,Militare maestro stanco appartenere pace nord amare poesia avanzare.,2025-10-23T23:36:50
1649,3481,5,Man öffnen rennen sieht ihn an blau Tante fröhlich antworten hängen krank anfangen Frage gelb.,2026-04-09T09:39:46
1650,1062,4,,2024-03-16T15:24:26
1651,804,4,Fugit expedita sapiente placeat impedit totam necessitatibus.,2025-09-26T18:31:20
1652,4219,4,Victoria común luego haciendo vio josé cosa nunca grado universidad flores ellos toda color fue sigue.,2024-06-22T12:17:21
1653,4153,5,Especialmente organización cabo modo central campo tribunal.,2025-02-19T04:17:45
1654,6402,5,Nuestra fiscal pasó trabajo será también cabeza hubo estaban origen mundo tema.,2025-03-04T21:30:29
1655,1005,5,Buio università uccidere proposta ampio vincere parete bene treno sì scusare russo punto.,2026-05-05T01:22:28
1656,47,5,Reprendre sauver livre ressembler inspirer mort liberté page devoir parfaitement système retour près regarder.,2026-01-15T14:11:08
1657,11161,1,Verstecken bleiben Berg uns zeigen Stein kein mit Tag nach.,2024-06-07T12:50:34
1658,62,4,Uscire cercare coraggio modo bello atteggiamento ricerca base cane sole arma togliere corso.,2026-07-03T03:05:01
1659,5810,4,Prensa vamos fernando conocimiento alto cuarto principio ciencia empresa pueda varios puso lo muestra obstante buscar.,2024-11-19T06:51:24
1660,5095,4,,2025-12-29T16:49:34
1661,1478,5,Nobis ab deleniti iste ad molestiae quibusdam inventore molestias debitis.,2026-03-14T07:32:55
1662,5048,4,Werfen Hunger schreien unser rechnen wollen zeigen.,2024-11-14T03:18:20
1663,6484,4,Illo sit aut consequuntur dolorem alias dicta at culpa accusamus sint.,2025-01-29T04:56:29
1664,11189,3,,2026-03-10T23:08:50
1665,6305,4,,2024-10-03T04:26:43
1666,9807,5,Teatro maggio tenere fortuna invitare decidere portare sole bosco strano autorità prezzo diffondere.,2025-01-22T23:33:29
1667,7197,4,Maiores praesentium voluptates eveniet corrupti amet quibusdam in quia sunt quam.,2026-05-11T01:56:52
1668,4029,4,,2026-03-09T05:38:06
1669,4896,5,Praesentium exercitationem ut vitae nobis perferendis tempora temporibus nisi id facilis at inventore.,2024-02-05T16:36:17
1670,8710,5,Elecciones saber va película pequeño jóvenes recursos tuvo comisión apoyo.,2024-08-01T20:13:36
1671,3956,5,Buenos marcha fuerzas dirección claro fútbol misma marco pasó español.,2025-01-12T09:39:34
1672,9605,2,Précipiter juste problème jeune entrée impression voir papa au ensuite.,2025-06-20T22:39:04
1673,37,5,Police mourir comme reprendre vie acte tourner.,2026-01-11T21:19:51
1674,9325,4,,2026-01-30T23:09:39
1675,93,4,Nam quam odio laboriosam possimus quos iusto sit rem beatae natus illum.,2024-10-05T16:48:25
1676,1616,5,Composer parti frère autre absence pénétrer ton notre désespoir assurer répéter tenter oser route rapporter.,2025-08-28T15:54:03
1677,6656,5,Profesional don socialista puntos buenos justicia aquel s.,2026-06-26T10:11:12
1678,5450,4,Iusto suscipit quae aspernatur earum recusandae placeat molestiae sint laudantium pariatur at hic vitae.,2026-06-09T17:51:38
1679,4610,5,Kommen Brot traurig nah oben dauern nämlich nehmen plötzlich Geld Gott.,2025-02-02T13:38:10
1680,2291,5,Consequuntur laboriosam nihil voluptates a enim iste maxime enim ex ipsum ullam accusantium nulla harum culpa.,2025-06-22T01:36:28
1681,344,5,Folla mercato esso assoluto accompagnare svolgere puro mano sforzo scopo rivolgere casa.,2024-11-03T11:28:08
1682,7293,5,Étaler maintenir loup poids paraître état réussir barbe relation terreur ou finir sec.,2025-12-04T01:06:35
1683,10376,5,Ding am vor Seite heute dir zwei krank kennen Wasser schlafen Mutter sofort leise Gesicht das.,2026-04-03T05:07:22
1684,5674,4,,2026-03-30T15:20:36
1685,7260,4,Man alle in Tante ging möglich reiten ließ Uhr bis Straße fragen auf sieben.,2024-11-17T15:00:46
1686,5495,4,,2025-01-03T22:17:38
1687,1894,4,De bête dont rapidement chaque mot naître comme sommeil oui terminer songer gagner confier vers.,2024-08-19T17:42:10
1688,3731,5,Spettacolo opera sera tratto straordinario soldato strumento vicino attenzione mantenere esperienza sede dimostrare.,2025-08-04T20:07:50
1689,1490,2,Doch kein beißen Buch sonst brauchen tragen weit vergessen da als.,2024-07-02T01:03:36
1690,7605,5,Estados arriba ahora cuatro j tenían edad j ni región desarrollo rafael esto.,2024-02-01T19:12:45
1691,9776,5,,2025-03-27T18:23:36
1692,6962,4,Política arte proceso hubiera bastante zona final política papel es nuevo.,2026-05-09T14:12:18
1693,4703,4,Cent qualité spectacle former avis surveiller silence ou chant.,2025-12-09T17:30:00
1694,5504,3,Resulta propia actitud sino derechos idea radio señora presente iglesia llegado principales va.,2025-07-25T16:15:38
1695,11204,4,Ihn sitzen lernen schlagen wirklich lustig springen.,2026-06-03T09:23:17
1696,8271,3,Debe momentos generales partir necesario fondo peso pedro primero mil cara.,2026-06-02T23:37:12
1697,3391,5,Stagione capo conoscere staccare trasformare insistere merito entro presenza abitare piccolo buio.,2025-02-06T16:13:47
1698,4198,4,,2025-09-11T15:41:43
1699,9740,4,Respecter habiller quinze bon personnage aucun aujourd'hui noir écouter chasse.,2026-05-04T12:23:08
1700,8824,1,Eigentlich weiß zwei liegen ging Sommer erzählen an.,2025-10-25T14:52:35
1701,5293,4,Coscienza conservare vendere studio sedere spirito finché origine gamba fornire automobile americano attenzione levare proposito.,2024-06-12T02:35:07
1702,9372,5,Parere cosa minore contare programma latino strada fornire raccontare fondo discutere.,2025-07-01T04:18:38
1703,5603,5,Programa manos mediante e fecha tenemos pasa tres dejar seguro por partes punto nuevas.,2026-06-27T17:29:33
1704,5368,4,Sang son toucher médecin connaître poste pauvre imaginer.,2026-05-21T01:44:45
1705,387,5,Page rouler vif d'autres heure gros but lever pousser campagne près hésiter ferme position.,2024-06-30T00:42:39
1706,8342,5,Bruder Tag Loch danach steigen aus kam unten lieb Fenster glauben leben gefährlich neben.,2026-07-04T19:01:10
1707,7525,4,,2026-02-08T14:08:08
1708,2488,4,,2024-11-21T20:55:08
1709,4267,3,,2025-12-31T21:10:16
1710,10745,4,Souvent moins ciel léger nuit égal grâce veiller.,2024-10-21T00:32:17
1711,5652,5,,2024-05-19T00:42:22
1712,4868,4,Schlimm gesund mein gut einigen heute in Winter besser Leben hinein noch warten braun lange.,2025-11-20T10:44:10
1713,8416,5,Voluptatem expedita in fugit dignissimos ducimus provident nemo unde dolorum praesentium dignissimos.,2024-03-22T07:50:49
1714,7320,4,,2025-11-23T21:25:37
1715,7939,5,,2025-07-15T23:33:28
1716,7117,5,Appartement fin précieux travail leur aussi son entier consulter surprendre avouer acheter précis signer.,2025-01-31T17:04:02
1717,8624,2,Car ancien réflexion demande simplement lourd émotion.,2025-09-11T09:01:23
1718,6965,2,Nuevos estoy y queda mayor diario nuevo fondo por fútbol.,2024-12-31T04:32:41
1719,8952,5,,2025-12-09T20:23:48
1720,4913,4,Profondo finché promettere opinione rappresentare futuro metà internazionale.,2026-02-08T16:36:42
1721,981,3,Français journée élément partir but doigt officier etc papier seul importance signe danser.,2025-07-20T09:30:49
1722,10841,5,Ipsum perspiciatis mollitia dolor cumque illo mollitia illo commodi nemo temporibus eligendi blanditiis aperiam.,2024-02-12T21:02:06
1723,6651,5,,2025-06-11T13:26:11
1724,3264,5,,2026-02-21T01:55:29
1725,8535,5,Accuser seuil marier condamner président comme forêt gloire supporter interroger éprouver entendre.,2026-01-22T22:39:42
1726,442,1,Notare restare dio straniero pietra fondare convincere restare necessità io vista peccato gettare denaro inglese pronto.,2025-01-31T09:20:40
1727,459,3,,2025-08-21T23:47:53
1728,4049,5,Honneur drame absolu défaut d'autres essuyer pourquoi large.,2025-08-16T10:01:08
1729,7000,4,Voiture taire vieux blanc société rompre conduire sourd attirer.,2026-05-07T14:14:37
1730,8019,1,Éviter noir pierre ramasser passer danser faire chaud.,2025-07-01T10:02:43
1731,7208,5,Quae occaecati nulla voluptas quidem atque corporis repellat.,2024-03-17T22:40:54
1732,9264,4,Wohnen böse nicht Haus schlafen stark schön grün vorbei denken.,2025-09-09T07:33:42
1733,7827,5,Natus voluptas soluta voluptas pariatur modi eaque amet a consequatur facere adipisci eaque deleniti eligendi earum.,2025-01-03T00:41:43
1734,1008,4,,2026-06-08T18:58:09
1735,6964,1,,2025-12-22T16:37:32
1736,7730,5,,2025-08-22T13:34:29
1737,7882,5,Medico quarto toccare carne triste gridare creare proprio via.,2025-01-25T00:41:59
1738,10646,3,Masse aide sentir commander yeux songer ou renoncer froid force.,2026-07-14T22:12:02
1739,363,5,,2026-06-18T14:43:24
1740,1192,3,Calme papier vol rencontre pourquoi herbe comme danger colline danger marchand hôtel.,2024-12-27T05:44:29
1741,2121,4,Véritable voyager nom paix assez lutte aujourd'hui chef face envoyer soit île monter.,2024-02-28T02:01:45
1742,1577,4,Administración usted dan voluntad productos historia puntos todos últimos joven etapa habla.,2026-04-28T08:35:53
1743,4073,4,Mismos cambios actitud paso tras mejor sí objeto cama muchos vamos según las veces pero.,2026-05-03T17:10:33
1744,1512,4,Los ließ stark sieben fangen nicht Minute hat.,2024-02-23T04:05:10
1745,1229,5,Kochen fröhlich Spaß las dir Oma Papa zu unser weil verlieren werden gibt.,2025-11-07T20:47:23
1746,4477,5,Ab quo praesentium veritatis aspernatur repellendus nobis odio dignissimos.,2025-01-21T17:50:00
1747,9845,5,,2024-08-22T00:13:16
1748,392,5,,2024-04-26T11:42:33
1749,2523,5,Pudo cuatro lado últimos tú barcelona parece pone lópez.,2025-06-24T13:09:12
1750,1353,5,,2026-01-25T18:57:31
1751,3102,4,Schule schwimmen warum finden arbeiten aus rufen lesen führen.,2026-06-07T08:46:15
1752,2751,4,Medio encuentra junio fuera algún imágenes paz mal persona única millones juez electoral hablar existencia.,2026-04-06T20:11:44
1753,11365,4,Salutare anima compagnia elevare apparire cura finestra mantenere tu.,2025-11-18T16:49:18
1754,6298,3,,2025-05-07T05:39:50
1755,4376,5,Hijo minutos serán través ve aún amigos hora existencia todo quien algunos.,2025-11-13T18:47:53
1756,9084,5,Laufen ziehen Bett leicht weiß Meer Flasche denn Buch.,2026-06-15T04:52:35
1757,6616,4,Croiser quart agir menacer type étendre poésie parfaitement confier composer puis solitude taille titre si.,2025-03-21T02:12:37
1758,2562,5,Esa atrás nuestras único partir ciudad trabajo poco ciencia otras falta seguir contenido punto socialista fuerte.,2024-02-01T06:01:47
1759,8713,5,,2025-05-17T17:33:57
1760,8788,2,Buttare riempire lavorare atteggiamento dubbio italiano sorella ufficiale toccare linea considerare comunque.,2024-07-11T21:16:45
1761,11056,2,Efectos parís gonzález final alta tiempos sociales río diario posible noviembre podría música camino presidente.,2026-02-06T15:15:32
1762,3625,3,Visible moment saluer goutte chiffre divers gauche mourir politique nous éprouver.,2026-03-31T22:00:15
1763,5195,4,Anfangen sich zur Lehrer setzen Weihnachten mich Milch unten Wasser.,2025-08-27T22:05:11
1764,10137,5,,2025-09-26T00:29:43
1765,2124,5,Accompagner craindre avis grain léger regretter vide.,2025-09-13T01:01:29
1766,2795,4,Dado obra últimos meses población ciudad lenguaje.,2024-07-03T13:22:50
1767,10025,4,,2025-09-07T07:04:10
1768,3832,5,Spazio causa zona prendere arrestare che bene pubblicare.,2025-02-01T00:35:32
1769,4218,5,Bianco estremo mestiere cortile umano veramente iniziare.,2024-06-15T12:17:21
1770,10328,4,Voluptates dolor itaque enim perferendis voluptatibus libero quia a sint quae veritatis laboriosam itaque deserunt.,2024-03-20T21:29:55
1771,9739,4,,2026-02-05T15:36:13
1772,8109,5,Libero ut ab ea quos assumenda accusantium facilis voluptate nisi similique quia.,2025-09-09T02:01:58
1773,3178,5,Maxime velit quis blanditiis nesciunt neque eum impedit quidem unde.,2025-03-24T14:26:29
1774,4195,5,Da española internacional grado importancia norte sola imagen sueño actividad energía encuentra propios peso.,2026-01-04T01:37:01
1775,8759,4,,2025-12-11T22:10:21
1776,7658,5,,2026-02-02T14:11:49
1777,7379,3,Ins bringen dürfen über hängen über wollen jetzt ihm Bauer verlieren neun Eis.,2026-06-08T17:22:19
1778,571,5,Foi content doucement cent résister champ figurer vision partout non.,2026-04-29T08:44:56
1779,4728,4,Partidos origen informe temas libro alto con cuba ningún mayo baja para teatro somos costa.,2025-06-24T10:15:24
1780,3284,5,Fuentes buena nombre martín técnica plan material cambio primero contenido mujer radio.,2025-09-05T04:58:01
1781,7341,3,,2026-04-19T06:39:48
1782,9161,5,,2025-08-11T02:59:34
1783,7657,5,Magnam ducimus quae ratione ea aut dicta voluptas ut.,2026-02-02T14:11:49
1784,6801,5,Moyen résistance aimer droite matière pays de fin arbre rare content anglais convenir.,2024-05-14T20:37:01
1785,4121,5,Vitae dignissimos ad dignissimos accusantium ab quis quidem molestiae ab aperiam enim amet.,2025-01-31T12:02:54
1786,10622,4,,2025-08-17T03:48:11
1787,6212,5,Rendere segretario causa serie paura direttore riguardare procedere sentire felice basso apparire fondo presenza passione avvenire.,2025-05-14T16:28:31
1788,1696,4,Dimenticare punta dirigere quale normale gettare speciale allontanare almeno caratteristico tenere dottore.,2024-06-17T07:59:19
1789,8164,5,Volare attorno oggetto accorgersi venire esso attore ricchezza erba più arrestare luce.,2026-03-08T14:29:26
1790,187,5,Cuenta días primeros quien izquierda médico estar es las carta constitución pudo.,2024-10-16T05:19:28
1791,5722,4,,2024-03-16T07:20:22
1792,8531,5,Comprendre précipiter obliger refuser entier mais huit défaut règle relation de partout.,2024-06-26T15:52:13
1793,7103,4,Actividad respecto toma efectos somos análisis mano p prensa.,2025-08-04T06:00:34
1794,7028,3,,2024-09-13T23:25:20
1795,7905,4,Ins erst nach langsam Nase tragen Hunger groß.,2025-08-20T20:51:02
1796,10494,3,Con todo madrid estudios carne voy produce debido pero resultados unidad nuestra cargo miembros campo puerto.,2024-12-24T15:05:05
1797,2435,4,Ciudad capaz abril estaban r interés área hablar presente principios.,2024-08-26T07:32:39
1798,5517,3,Pese valores seguir decir éste presidente siguiente mi oposición últimos lenguaje sector pablo familia tuvo.,2024-12-08T01:26:01
1799,10334,4,,2025-09-19T00:35:34
1800,907,5,Tra bambina capitare venire mangiare conto pezzo stesso mentre russo evitare misura numero limitare opinione situazione.,2026-06-15T09:35:13
1801,106,2,Objet victime reposer accorder fait signifier reposer simplement obéir habitude choisir.,2026-06-10T19:32:53
1802,2105,5,,2024-01-26T17:50:58
1803,2234,2,,2026-06-08T01:53:48
1804,7552,5,Quaerat deserunt nobis consequuntur at aut fugiat est voluptates.,2025-01-29T10:23:02
1805,2962,5,,2024-05-30T16:09:20
1806,10344,4,Mes área cinco hemos poder ciento dice mesa libertad.,2026-01-10T17:54:07
1807,9250,5,Llama carrera forma siendo propia siguientes felipe.,2025-07-21T20:19:41
1808,6749,5,Senza migliore carta operaio prova dottore infine rivedere pure coraggio avvenire proprio disposizione bagno.,2025-02-06T05:11:30
1809,4885,4,,2026-01-24T20:43:53
1810,228,4,Vel maiores labore dolorem autem harum ad.,2025-04-03T00:20:17
1811,6933,5,,2026-03-05T09:07:49
1812,2439,4,Écouter général décrire cercle chien étendue espace rire ce mouvement commencer croix.,2025-04-14T17:58:33
1813,9783,5,,2025-12-09T12:47:39
1814,689,5,Pousser trois affaire silencieux passé être cas protéger soit.,2025-05-01T09:03:01
1815,11361,4,,2025-11-18T15:29:07
1816,4826,5,Coscienza immagine inglese proporre collina battaglia segno spazio luce poco procedere togliere fede politico.,2024-06-22T23:21:06
1817,637,4,Quasi ipsam repellat possimus sequi enim animi deserunt.,2025-05-06T09:12:06
1818,3608,5,Remercier article remplir je dame queue île être troisième nouveau égal.,2025-03-14T08:54:48
1819,1228,5,Corso attendere interessante imparare allora decisione significare polizia facile marito.,2025-11-10T20:47:23
1820,5329,5,Armas había hijo minutos llegar aparece parecía.,2026-02-23T06:27:44
1821,7490,5,Sommer mal genau Weg groß Vogel Buch besser Hunger vor möglich darauf auf gibt müde.,2026-06-24T09:58:30
1822,11154,4,,2024-09-03T07:54:28
1823,3002,5,Reprehenderit iusto ratione possimus autem cupiditate maiores.,2025-08-11T13:37:34
1824,1743,2,Langsam gegen sehen alt Seite Haare Uhr Mama schnell rot springen Musik einigen etwas.,2025-06-08T07:23:43
1825,4347,1,,2025-07-11T07:06:16
1826,1230,4,Iure ea odio delectus ullam quibusdam eveniet laborum quae soluta maxime consectetur culpa dolor magni.,2026-01-26T22:43:05
1827,7561,3,,2025-08-24T17:53:09
1828,1759,4,,2024-10-06T14:45:50
1829,1262,1,Tiempos objeto éxito seis distintas te ejército hoy pero creo propuesta.,2025-06-26T13:39:20
1830,3629,4,Pferd Sommer einmal Sonntag Wagen nah also freuen See glauben verstehen will Milch oder.,2026-07-01T17:20:19
1831,8964,4,Éclater effort curieux personne sien vendre vérité presque haut ton curiosité hôtel.,2025-10-25T14:38:28
1832,11110,4,,2024-09-24T22:35:41
1833,5260,4,Name gehören eigentlich Pferd ihr Minute für nein mal ganz alle gern Rad zur kommen klein.,2026-05-21T13:16:17
1834,1935,5,Dafür Apfel viel der Abend werden Fuß beißen Weihnachten schwimmen spielen Spiel Gesicht sieht fressen Schüler.,2026-07-07T01:15:46
1835,1925,5,Consectetur ab odit ea sunt fugit possimus incidunt fugiat.,2025-10-15T05:35:17
1836,10899,3,,2025-12-18T20:30:39
1837,10227,4,,2024-02-15T04:28:49
1838,4012,5,Violence figure glisser classe montagne ramasser exprimer long chacun manier tapis.,2026-03-17T14:40:14
1839,6164,4,Las sehr Haare Sohn klein sofort früh und wollen ging leise dazu freuen.,2026-02-03T05:23:14
1840,2988,4,Ipsa occaecati adipisci odio dignissimos aperiam voluptate dolorem.,2025-03-28T23:08:29
1841,7198,5,Consentir taille président espèce réclamer préparer cacher dresser comment.,2026-05-23T01:56:52
1842,9526,3,Petit habiter repas pas vague égal beaux regard voile jeu arrêter grand cuisine.,2024-06-03T17:57:32
1843,10942,5,Doute juger cesser monsieur note depuis supérieur inconnu au pas appel scène approcher.,2025-03-21T20:10:28
1844,7741,4,Eius placeat tempora quo ipsam deleniti dolor voluptas fugit nemo incidunt pariatur illum.,2025-10-07T01:48:44
1845,8185,5,Viel Zahl Angst wissen See drehen stehen Stelle mit Milch Polizei dafür Hund Stück Zahl nur.,2025-06-06T12:44:36
1846,11179,2,Hängen wichtig wenig singen sagen dich Eltern möglich Kind drehen kennen zwischen allein sprechen Fisch.,2026-04-22T02:31:16
1847,1595,5,,2025-11-27T15:49:40
1848,5309,5,Un accorder vie ressembler oncle fil après.,2024-10-14T14:36:55
1849,3734,4,Industria mitad cuerpo josé conocimiento bajo varios campo marcha ayer.,2025-03-13T21:36:03
1850,2624,5,Vio josé él europea tu violencia busca economía.,2026-03-05T11:35:20
1851,539,5,Auquel côté droite cause type contre fier émotion terrible certain atteindre ci joue suivant battre argent.,2024-05-24T14:27:08
1852,688,3,Cupiditate doloremque sed at consectetur laudantium praesentium eveniet veritatis illo est placeat magnam.,2025-05-08T09:03:01
1853,1017,5,Hase daran dir kann Garten nie können hinter auf jeder gern halbe dumm Sonntag dabei.,2026-03-13T01:18:46
1854,258,4,Nisi commodi eius sint assumenda commodi ratione dicta blanditiis sit veniam cumque omnis ut blanditiis.,2026-07-06T02:39:27
1855,2214,1,Inventore a eaque quia quod rerum doloribus.,2025-11-25T23:15:48
1856,4810,3,,2025-10-08T08:09:45
1857,9512,5,Porque manos decisión vino ahí tú campo pesar deseo.,2026-03-11T00:23:32
1858,7511,5,Sou casser enfin là céder pousser exister cher coeur situation extraordinaire.,2025-05-26T12:09:38
1859,646,5,Monat glücklich Essen sie führen Papa bringen.,2025-12-23T18:04:18
1860,3455,4,Maus waschen laufen Klasse jeder Fuß weil neu baden versuchen Uhr helfen spät ganz neun sicher.,2024-05-13T05:11:35
1861,1916,5,Vida obstante tú adelante hermano hijos modo él finalmente figura entre gracias recursos diferentes fernando algún.,2025-07-24T21:04:11
1862,1332,4,Possimus eaque ut ea quos et accusantium natus enim aut.,2025-01-19T13:06:54
1863,5460,3,Ne distanza pena pregare popolazione conoscere atteggiamento divenire.,2024-10-24T04:33:07
1864,1969,4,,2025-06-07T15:07:54
1865,4861,5,Iusto labore atque repudiandae a cum blanditiis aut aperiam.,2026-06-10T08:02:49
1866,10282,5,Campagna oltre presto fuggire amico adesso tagliare ragazzo.,2024-03-22T07:46:16
1867,10992,4,Recherche prêt ensuite rouge puis coucher double interroger usage quand trésor cause.,2026-06-18T23:14:06
1868,10736,5,,2024-04-23T07:30:17
1869,10817,4,Passion instant jardin présent parcourir hôtel voile état heureux même rare remonter flamme.,2025-01-12T23:17:11
1870,4278,2,Tornare sogno confessare lo immagine corsa treno lira distinguere volontà religioso.,2025-11-19T16:35:45
1871,140,4,Común norte hacía países diferentes primeras carácter grupos muchas niño producción naturaleza sociedad sobre blanco pasado.,2024-10-28T14:08:59
1872,11616,1,,2024-10-20T01:04:00
1873,10046,4,,2025-10-09T09:51:51
1874,11032,5,Anfangen wird dein besser weil vom tun scheinen.,2025-04-25T08:49:56
1875,8834,3,,2026-01-27T05:55:10
1876,6198,4,Enfermedad grupos aun tu chile presenta cuya amor cómo nivel aspectos civil.,2026-03-02T12:01:12
1877,5432,5,Mehr die gelb singen Hilfe Opa Stunde.,2025-07-14T05:13:10
1878,2490,4,Nobile relazione neppure forse intendere apparire territorio.,2026-05-30T18:55:28
1879,6161,1,Voici sept médecin possible fort attendre précéder le puisque nombre seulement.,2025-02-20T18:09:48
1880,8087,4,Recuerdo cinco proyecto grandes cualquier cuerpo calidad generales tú habían niño donde sueño.,2026-04-26T07:35:44
1881,8683,4,Malheur complètement fruit imposer heureux simplement tache ferme soin.,2025-04-30T18:07:57
1882,9477,4,Riuscire chilometro raccogliere dove trascinare scappare partecipare provocare normale lei occorrere.,2026-05-14T14:39:08
1883,3472,4,,2025-04-23T22:25:00
1884,9911,4,Veritatis beatae dolorem distinctio facilis esse ducimus recusandae.,2025-03-22T23:22:18
1885,212,3,Oder Hunger plötzlich vier im fressen Mensch fallen Name setzen endlich bringen.,2025-05-04T07:21:58
1886,11368,5,Bien établir mériter toujours fuir papier beau écouter tard large voiture arbre l'un enfin secret attacher.,2024-06-11T02:13:45
1887,9123,3,Construire règle éclat grâce ordre mince ouvert forcer rejoindre rôle détail.,2024-03-16T07:11:11
1888,2057,4,Días medida interior tal organización etapa cine mismo dolor silencio servicio solamente tan.,2024-02-29T07:54:02
1889,10465,5,Tono desiderio presente base personaggio breve poesia personale sposare continuo occasione immaginare medio concedere improvviso.,2025-01-27T15:54:10
1890,7746,5,Maître jaune moment cause poste métier unique fixer pendant riche grave sentiment aider complet élément.,2024-05-07T04:57:07
1891,8736,4,Niente fretta appena abbandonare mattina bambino fretta momento infatti possedere.,2025-12-18T16:20:28
1892,8912,5,,2026-06-07T19:20:14
1893,6037,5,Diciembre asimismo material ver voluntad permite valores igual.,2026-03-21T13:20:50
1894,8706,4,Unique cercle interrompre sentier poursuivre intérieur réfléchir bientôt résister promettre toit manger chaîne crainte intérêt couvrir.,2026-05-19T19:49:10
1895,3708,5,Ottenere aspetto soprattutto abbastanza sapere maggiore scienza.,2024-02-10T00:57:20
1896,11480,3,Mira igual mercado cuyo cine vino señor pronto quería.,2026-02-09T06:18:59
1897,4691,4,Cum officiis voluptatem earum maxime consequuntur nostrum optio vel voluptas accusamus quis eligendi blanditiis.,2024-03-22T12:22:24
1898,7617,5,Totam veniam quia ex aperiam fuga repellat voluptate ipsam iste.,2026-03-25T08:34:22
1899,3617,5,,2025-02-20T14:08:05
1900,1227,4,,2025-11-11T20:47:23
1901,2952,5,Unde odit laboriosam nemo repellendus earum et distinctio earum at adipisci dolor illo.,2024-09-30T00:29:02
1902,11531,1,,2025-11-03T23:19:54
1903,705,4,Subito vincere paura zia presto porta rimanere rimanere discorso probabilmente atteggiamento gesto pena creare.,2026-02-11T20:51:48
1904,1326,4,,2025-06-09T19:10:48
1905,10581,5,Movimiento dos voz calidad dijo puesto tenido jóvenes medios.,2025-01-10T01:11:30
1906,11067,2,Luce ricco giornale quello comune figlio finché rompere convincere trattare tutto.,2024-09-19T16:10:02
1907,8794,2,Giustizia calcio consiglio signore spirito maggiore fretta capire sapere moglie.,2025-06-01T23:10:57
1908,7937,4,,2026-05-21T06:52:58
1909,4576,4,,2024-10-18T23:21:45
1910,1217,3,Tiempos cara tanto otra ocasión joven nosotros programa pueden entonces arte padre al último.,2025-10-26T00:40:53
1911,547,4,Septiembre unos están don sido unidos dio p éxito empresas.,2024-10-06T07:48:11
1912,8045,5,,2026-01-27T11:40:16
1913,1672,4,,2024-08-04T19:23:18
1914,10518,3,Una acciones actual especial gobierno éxito junto quien justicia orden precio partir juez.,2026-03-03T01:26:55
1915,11306,2,,2025-01-30T02:28:50
1916,223,2,Teatro tal pasó c acción mundo otros vía memoria.,2024-03-09T11:07:23
1917,587,4,Porto appartenere viaggio continuo formare arrivare limite problema dottore popolo rimanere contare volto forse.,2026-03-26T09:29:12
1918,2106,5,Ocho producción seguir lópez gonzález pablo nivel bueno industria nadie.,2025-08-15T19:40:48
1919,4172,5,Ensemble doigt geste poésie obtenir difficile étranger personne.,2025-09-28T13:21:34
1920,4713,4,Visite âme avouer même amener usage prison source.,2025-01-10T01:59:04
1921,7205,5,Endormir parler éteindre carte couleur eau revoir rêver respecter précéder.,2025-12-31T12:29:09
1922,184,5,Meer drehen in Bein traurig am glücklich kennen frei.,2026-01-29T23:52:49
1923,8158,4,Kochen durch Luft warten neben Welt draußen.,2024-04-06T10:57:48
1924,6446,4,Quoi changer quand soin quand second rire pour veiller cher pauvre lettre.,2025-06-27T05:16:05
1925,3051,3,,2026-03-15T14:53:01
1926,2131,4,,2024-11-14T11:06:05
1927,640,4,,2024-04-06T04:59:38
1928,6263,5,Gente propuesta casi toma vista nadie elementos.,2025-04-10T21:30:49
1929,9183,5,Aspernatur voluptate eveniet illo amet dolores molestiae enim laudantium alias sapiente est minus optio qui doloribus.,2025-08-13T13:13:01
1930,2383,4,,2024-12-14T03:52:16
1931,6945,3,,2025-04-04T14:13:03
1932,3905,4,Jetzt Gott Auto wohnen haben ich bin Winter.,2025-04-18T08:41:35
1933,3647,5,,2024-10-19T16:26:08
1934,8235,5,Mieux cri divers dame planche effacer confiance robe vaincre l'une sauver.,2026-05-27T20:42:17
1935,833,5,,2025-04-26T14:23:08
1936,4053,5,Spesa stare addosso ah accordo accordo immagine imparare libertà.,2026-06-25T04:22:25
1937,6096,4,Verstehen Tisch letzte Nacht fangen uns ja lange hart früh Berg Schwester.,2024-07-19T13:41:15
1938,3513,5,Centre combat prévenir suivre consulter ombre davantage aucun rêve accord appel recevoir intérieur travailler protéger fil.,2025-01-13T03:51:34
1939,2339,4,,2026-04-24T02:01:19
1940,8334,3,Le josé poder varias noviembre existe datos animales tema.,2026-04-24T23:56:04
1941,1990,4,Nimmt Hunger halten Schwester bei Platz Bauer gar gerade schlagen ins dir fünf.,2025-07-22T17:54:32
1942,10879,4,Itaque aut fuga deserunt molestias nemo totam rerum quo.,2025-12-05T20:50:59
1943,2225,4,Ihm bald wenig sieht lesen rennen nah an fast Frau nennen Haus schreien.,2026-04-01T02:54:58
1944,7892,5,,2024-12-02T07:03:27
1945,10626,5,User fixe faveur principe amener demi forme matin pleurer palais personnage briser.,2026-03-07T03:13:49
1946,2314,4,Excepturi mollitia tempore consequatur quis sint optio architecto iure labore.,2025-07-29T18:31:21
1947,9063,4,Leben Geschenk sprechen letzte nichts nein Zeit.,2025-11-18T08:12:47
1948,9114,5,Repudiandae nam saepe veniam consequuntur eius eos autem laboriosam consequatur odit magnam.,2024-01-21T17:51:56
1949,8823,3,,2025-08-17T06:36:34
1950,11040,5,Principales hacerlo siglo centros guerra trabajar puntos mucho consejo podría.,2026-02-22T20:02:48
1951,8974,3,Hic facilis quos rem voluptatibus magni omnis explicabo sunt alias.,2025-03-26T09:40:49
1952,4136,5,,2025-02-07T12:00:02
1953,8537,4,Tief stark ziehen Sommer gern krank zwei allein.,2026-01-07T15:42:32
1954,9002,4,,2025-09-12T00:15:59
1955,7623,5,,2024-08-06T07:43:19
1956,7635,5,Tomar generales reforma condiciones humana bien campaña unidos.,2026-03-14T10:45:28
1957,4960,3,Gelb Wohnung denken beim sehen unser früher Ferien Weg Küche an nach Brief ein hier Rad.,2025-07-24T09:19:05
1958,2916,5,,2025-10-11T00:35:02
1959,10909,4,Numquam distinctio aspernatur impedit ratione laudantium totam quibusdam maxime doloremque ex saepe.,2025-11-11T15:11:27
1960,1519,3,Corazón pues todos antonio través entre posible causa poco personal enero maría.,2025-12-07T19:03:52
1961,2737,5,,2025-02-24T12:03:23
1962,9910,3,Oui sonner poursuivre haine tant avoir rompre toit instinct soir beau égal guerre puis.,2026-03-12T21:39:29
1963,11059,5,Relación del suficiente aquí educación juez española defensa hermano.,2025-03-08T19:46:41
1964,5583,4,,2025-02-21T17:05:00
1965,10278,5,,2025-11-26T22:11:08
1966,1985,4,Accusamus odit laboriosam iste enim maiores consectetur perspiciatis fugiat.,2024-06-07T16:52:25
1967,636,3,Saber libro como radio miembros sur dirección dólares primeros.,2025-05-05T09:12:06
1968,7267,5,,2025-11-27T11:37:49
1969,406,4,Neun Meer aus Kopf warten weit davon Uhr sitzen dafür.,2026-05-22T20:30:07
1970,4651,5,Manier principe nuage chat moi avant compagnie consulter envoyer croiser asseoir intérieur pied.,2025-05-21T08:52:07
1971,4293,4,,2025-01-14T16:31:55
1972,6029,4,Tragen nehmen hinein erzählen sieben seit sind kaufen erklären wenn Boden Tisch möglich rund Ende wo.,2024-11-26T21:51:40
1973,1007,4,Quas sit quae officiis dolore quidem maxime voluptatum architecto magni debitis.,2026-04-24T01:22:28
1974,3245,5,Diffondere che domanda spingere amico seguire tendere sole esprimere egli mondo movimento pietra nemmeno vasto.,2025-08-22T19:21:00
1975,6650,5,,2026-05-12T01:32:26
1976,7439,2,,2024-09-16T04:32:07
1977,8437,5,Né chiave prodotto mandare prossimo sereno recare speranza nero.,2026-04-11T00:35:47
1978,3992,5,Schwarz geben dunkel tief fressen draußen der Tag essen neben ihn lassen Tante Ende möglich.,2024-10-03T07:15:49
1979,8272,5,Herr gewinnen Haus draußen bin hören früh Spaß rennen.,2026-03-20T23:12:25
1980,1176,4,,2024-09-28T01:13:12
1981,4969,5,Aspecto señaló vamos aquí segunda libros sólo semana unas sobre habían.,2024-11-19T21:35:17
1982,892,4,Denken Baum oder tragen Sonntag Leben sprechen Minutenmir groß sollen nicht Essen.,2025-06-30T18:35:00
1983,5020,3,Pregare viso compagnia colpa puro avere comodo discorso celebrare.,2026-01-16T08:06:54
1984,8490,5,Fuga rerum numquam ipsum architecto harum amet tenetur deleniti qui.,2024-03-19T20:18:00
1985,6220,5,Tür holen schaffen eigentlich machen traurig schreiben Geschenk Apfel Name von unter.,2026-06-23T04:35:29
1986,6343,5,Precisamente luz abril pablo puedo fecha términos.,2026-02-28T15:00:05
1987,5219,3,Ministre habiller supposer son montagne livre pouvoir creuser cinquante chant armer jeu regarder désir mourir.,2025-03-29T19:35:47
1988,915,5,Asunto viaje tratamiento arte r suficiente ahí fuerza bueno cosa iglesia pequeña dijo mismos.,2024-12-08T17:33:11
1989,5777,4,,2024-04-28T17:47:12
1990,5692,5,Temporibus dolorum ipsum perferendis architecto quas illo ipsa harum.,2024-06-27T05:56:54
1991,10901,4,Macchina commissione ritornare sole caldo aspettare infatti.,2025-12-02T07:52:58
1992,1073,3,Imágenes ministro obra maría características estructura algunas ahí otras resulta características consumo.,2026-04-19T06:32:58
1993,7491,5,Reprehenderit inventore esse totam mollitia autem nihil blanditiis expedita autem repudiandae fugiat voluptatem.,2026-06-19T09:58:30
1994,5814,3,Découvrir rire dessus silencieux nécessaire reposer achever car déclarer colère plaindre jusque.,2025-10-12T14:47:10
1995,7030,5,Metros valores acuerdo pese martín torno baja deben sería equipo riesgo amigos grado país.,2024-12-11T12:53:01
1996,1040,3,Problème ensemble travailler fatigue partir compte parole.,2024-06-27T18:48:19
1997,5668,5,,2025-10-21T09:02:15
1998,7802,3,Chaque âme serrer simple court dix tourner.,2024-06-21T02:12:06
1999,4994,4,Cualquier soy ministerio aparece alguna derechos sociedad podía estos militar.,2024-09-19T13:11:14
2000,9429,3,Promener double inquiéter sable commun pouvoir ça vieil condamner arme mur.,2025-09-11T08:22:10
2001,8612,5,Campagna volta fretta attuale volere scala essa espressione attenzione rivolgere giallo.,2024-02-26T22:25:33
2002,1065,4,Zona con mercato necessità lo distanza affrontare ieri porto folla governo il servizio neanche energia.,2024-10-04T00:18:23
2003,2380,1,Hizo no viene frente seis actitud términos prensa información explicó todos humana dice rosa tiempo.,2024-03-30T09:39:03
2004,11474,5,Dazu neun sagen führen fliegen dabei klettern.,2024-03-13T07:18:35
2005,10105,4,Principales momento consejo le sistemas hija estas mundo importantes riesgo particular.,2025-04-15T03:20:42
2006,11464,5,Militares luego fuera noviembre estar juez unas doctor jóvenes fue.,2025-01-17T11:04:31
2007,10247,4,Eos blanditiis omnis culpa nemo sed ducimus reprehenderit consectetur aliquam excepturi voluptatem modi dolorem sed soluta.,2024-06-13T05:13:49
2008,159,4,,2025-06-27T18:24:08
2009,5244,4,,2025-07-06T07:58:21
2010,5946,5,,2025-08-05T12:11:48
2011,6523,5,Stelle Mädchen wieder hören mich weit Straße Ende arbeiten Affe tragen.,2024-07-31T10:54:28
2012,3624,5,Voluptates voluptas molestiae pariatur animi doloremque dignissimos.,2024-12-16T14:37:08
2013,9939,5,,2026-05-31T09:03:26
2014,2545,5,,2025-03-02T20:49:02
2015,1295,5,Vouloir rappeler regretter renverser beau choisir défaut.,2026-05-21T03:16:47
2016,7435,5,,2025-06-22T12:06:14
2017,7649,4,Finden Straße hinein müde möglich nun sagen mich freuen Affe will am Tag vor sofort.,2026-02-18T07:13:45
2018,3403,4,,2025-01-15T01:39:16
2019,5704,4,Ciencia teoría tienen equipo capaz democracia cuanto podemos cantidad sí cerca actividad espera ejército nueva.,2025-06-16T11:45:29
2020,6229,5,Détail rentrer maison vers image fête remplacer tandis que établir.,2024-02-07T09:10:53
2021,3395,5,Empêcher avis chose fin lentement présence peu bord triste autre.,2025-04-13T01:35:42
2022,6069,5,,2025-10-31T09:54:55
2023,9452,2,,2026-02-05T05:02:15
2024,2774,4,,2026-05-09T19:29:44
2025,5336,5,Sigue estar baja costa república paciente condiciones nunca produce muy méxico dan.,2025-06-04T11:20:50
2026,9569,4,Metà contare carta duro grazia forte nulla gatto.,2026-04-07T01:12:56
2027,919,5,Fuerza esto p momento busca democracia toda podemos mejor precio reunión desarrollo yo nuevos.,2024-04-06T10:13:26
2028,8497,4,Parlare coloro appunto dente perfetto peggio continuare serie credere tratto colore raggiungere distanza tentare.,2024-01-24T06:24:48
2029,5213,4,Earum fuga corrupti nam harum beatae magni labore illo numquam laudantium exercitationem natus magni nobis fugit.,2024-10-11T09:34:54
2030,6623,5,Hacía bastante mira suerte siendo sea ayer imagen equipo serie viejo hacia encuentra seguridad.,2025-09-11T20:14:08
2031,4988,4,,2025-10-29T09:29:32
2032,2308,5,Endlich Meer überall früher dir reiten zehn für Weg lange gut heißen bleiben Brot hoch.,2025-12-20T05:23:25
2033,8618,4,Petit aide fort passion or place vide relever public coup que intérêt éloigner me prêt montagne.,2024-11-08T18:15:45
2034,5088,3,Particular cámara visto política voz siglo cama base para tratamiento concepto práctica nombre fiscal destino.,2024-08-29T04:43:34
2035,8663,5,,2025-12-26T16:19:08
2036,4862,5,Cui tendere noto atto papà esperienza partito.,2025-09-27T10:36:10
2037,10210,5,,2024-07-19T20:49:43
2038,5491,5,Sus llega humana cambios estudios plazo ellos paso tratamiento políticas salir jamás libros explicó.,2025-12-01T07:12:07
2039,6847,5,Semplice gettare matrimonio nostro indietro avvertire riportare signora rappresentare fissare finire palazzo concedere attorno esercito contrario.,2026-06-26T19:04:39
2040,5258,5,Iusto molestias sit commodi asperiores consectetur odio nobis molestiae doloremque quisquam nemo dolor animi similique.,2026-05-23T13:16:17
2041,155,3,Tenetur dicta corporis perferendis nihil quas odio optio sed.,2025-09-15T05:06:28
2042,3677,3,Suficiente maría junto través cuyo natural lugar ocasiones actual europea rafael siglo mitad acciones.,2024-08-31T13:14:43
2043,11128,3,Lendemain conclure toujours enfermer manier semaine jeter envelopper imaginer lueur plus compte.,2024-03-15T19:21:22
2044,43,5,Mehr Sohn fangen endlich fröhlich Nacht später.,2025-07-21T05:36:54
2045,5726,5,Pauvre fait gris rue presser joindre attendre barbe paupière avant appel voiture.,2025-02-09T23:43:01
2046,8310,3,Uso vi interessare papà vecchio fondare magari niente scena ognuno estremo.,2026-03-26T16:57:53
2047,11053,3,Presente tacere convincere oro fine né libero filo vivere vincere.,2025-10-22T10:07:51
2048,4685,4,Cama juez casi presidente muerto momento esos cuanto.,2025-02-01T11:54:35
2049,4760,5,Éclairer or rouge partir odeur peine toucher offrir produire exprimer.,2026-05-11T15:05:06
2050,5473,5,Por equipo dar presenta blanca social dinero aunque difícil santiago pública profesional futuro paciente frente.,2025-10-16T06:57:10
2051,886,5,,2025-12-18T21:28:57
2052,10369,5,Abril modelo cuadro mismos cabeza televisión igual pasó mundo razón amigo casa países haciendo.,2025-11-07T14:05:01
2053,10164,2,,2024-05-19T04:04:54
2054,10679,5,Mois lumière réflexion lisser installer depuis comment long.,2025-04-24T01:26:32
2055,9017,4,Huit départ fort quand forêt pouvoir joindre moi lutte accorder.,2024-08-24T10:05:13
2056,7400,5,Krank zur weiß lassen Schule eigentlich Oma liegen Spiel nehmen Ball weiß Woche und.,2025-10-19T00:25:22
2057,11345,4,,2024-05-19T13:39:02
2058,6508,4,Festa anno nobile limite periodo risultare straordinario.,2025-04-03T12:42:18
2059,11209,3,Doctor serán persona tenemos usted r últimos hombres primero seis francia éste días no frente antes.,2026-02-22T03:25:53
2060,3901,5,Ejemplo permite república tienen curso debido barcelona volver mirada gran régimen.,2025-01-06T15:47:08
2061,11181,4,Está función llegado obras libre volver buena comunicación s sé millones juicio embargo.,2026-04-27T02:31:16
2062,8207,5,Proposer habiller étendre commencer avoir crainte demander.,2026-07-14T22:06:56
2063,528,4,,2024-12-09T02:02:47
2064,8647,4,Gros nez tendre nommer oui ce mourir moins geste écraser magnifique un renoncer caractère.,2025-10-21T17:00:22
2065,3442,5,Wald Lehrerin lieb will fliegen heißen wie nächste Sommer Klasse Teller klettern um las los Loch.,2026-06-28T06:34:06
2066,10896,4,Figlia oltre pericolo quello dire fissare recente montagna insieme occorrere bambina sicuro muro ponte.,2024-11-10T15:15:53
2067,5235,4,Generales efectos concepto llega principios banco jorge grande equipo cantidad etapa junto manera habla tomar práctica.,2024-04-28T12:23:05
2068,9016,4,Tragen mit schaffen wissen wohnen wahr Luft aber Brot ich schauen Loch rund kochen.,2024-08-24T10:05:13
2069,9298,5,,2026-05-18T07:08:19
2070,8614,4,,2025-04-09T16:25:26
2071,127,3,Primeros suficiente dólares sino viejo otro permite.,2026-03-28T15:31:25
2072,5511,5,Überall verstehen heute rennen Finger Spaß versuchen Herr.,2026-01-28T22:30:40
2073,5709,5,Difficoltà né attuale base durare verità fatto.,2024-06-09T15:06:26
2074,8322,3,Diez días etapa dirección paz hacia hablar nuevo nuestra información.,2025-09-30T15:49:27
2075,10501,5,Führen Minute Papa wieder hin jetzt später Rad.,2025-09-17T16:23:43
2076,9137,5,,2026-04-08T07:34:40
2077,9255,4,Atteggiamento difficile mancare limite celebrare puro fenomeno romano raccogliere folla senza scomparire accadere domandare niente leggere.,2024-08-01T14:16:18
2078,9509,5,,2026-01-17T07:03:50
2079,4039,4,,2026-01-27T17:36:42
2080,1454,5,Welt schön Auge sofort Lehrerin ihn Baum nächste sprechen schlecht fressen schreiben Teller.,2024-11-11T21:04:46
2081,7750,1,Nesciunt corporis ex perspiciatis illum similique id error perferendis incidunt delectus deserunt fugiat.,2024-06-06T11:56:44
2082,7234,5,Turnen Luft Welt vergessen gleich Lehrerin See Platz hier ziehen.,2024-02-04T20:42:42
2083,11232,4,Tenemos méxico u dicen tu conjunto información internacional cuya primera producción.,2024-05-07T15:21:13
2084,10336,5,,2025-09-16T00:35:34
2085,7651,4,Auge man Land Mädchen lustig drei antworten danach mich Bruder Hand Spaß Wissen rechnen.,2024-12-16T06:38:24
2086,4200,5,Radio pasó materia yo volvió partidos varias.,2025-09-12T15:41:43
2087,4260,5,Quos facere eos cumque incidunt quia odit soluta ducimus.,2025-03-20T17:08:13
2088,10669,4,,2026-03-29T06:48:52
2089,10262,5,,2024-05-13T04:58:32
2090,7736,5,Stampa ritorno polizia posizione insieme bagno stesso condurre momento maestro stesso.,2024-12-13T21:02:36
2091,6940,3,,2025-02-06T16:40:15
2092,7714,3,,2024-09-24T21:55:21
2093,8361,5,,2026-04-12T16:48:05
2094,8836,4,,2025-10-25T08:10:23
2095,8842,4,,2026-07-06T21:23:30
2096,7484,5,,2025-10-16T01:47:22
2097,5794,5,,2026-03-15T19:37:55
2098,7145,3,Itaque nemo expedita voluptatibus ducimus officia ipsam quidem est reprehenderit ex.,2025-02-19T20:47:27
2099,3838,4,Appartenere assicurare azzurro peccato compagnia voltare muro fino a.,2025-04-06T14:19:14
2100,6100,5,,2026-01-07T05:05:29
2101,7625,5,Itaque facilis libero reiciendis doloribus harum velit minima laboriosam nesciunt nesciunt.,2024-08-18T07:43:19
2102,6826,5,Auf Ende Zug Woche tun eigentlich Ball in Hase Vater er vier.,2025-10-16T07:02:20
2103,1861,3,Cielo cominciare numero meno ministro rivoluzione simile vivere là cui idea frase mattina assumere un comporre.,2025-01-19T13:02:56
2104,11123,5,,2026-03-03T08:45:54
2105,8393,5,,2025-09-20T20:06:13
2106,8864,3,Passione territorio in origine togliere frase vino articolo ora costruzione proprio entrare.,2024-09-24T16:50:54
2107,11366,5,,2024-08-19T21:34:23
2108,230,4,Accogliere vincere lo assistere cui duro figura presenza ogni dividere ogni scoppiare valle togliere.,2024-12-14T04:23:26
2109,1389,5,Comprendere latino piacere situazione comodo testa amico ieri tuttavia amore venire idea valle godere innamorare provincia.,2024-07-04T22:27:59
2110,2049,4,Santa caso dos después seis persona mismo hijo sus humana.,2024-10-04T07:16:57
2111,7926,3,Marcher défaut pierre fruit vivre moment appel embrasser ouvrir particulier sombre effacer douceur brusquement mort roman.,2026-01-03T19:46:16
2112,10726,4,Respecter tache presser demi tirer heureux déchirer cuisine debout françois naturel bien.,2026-02-21T02:18:46
2113,6837,4,Contra serie única través calle fin aquí has términos hoy vez vuelve segundo llegó.,2026-07-17T18:01:55
2114,8761,2,,2024-03-23T23:07:37
2115,2193,3,,2025-07-09T11:24:39
2116,271,5,Haut dessiner dix machine l'un changement père lors dégager.,2024-12-26T08:41:18
2117,9674,3,,2025-01-12T23:08:33
2118,7681,3,,2025-01-11T22:22:06
2119,4041,5,Vostro francese nemmeno venire coscienza gioco consiglio teatro terreno impressione lasciare lato perdere.,2026-02-11T15:44:29
2120,714,3,Condizione continuare musica circa morire fabbrica certamente bestia avvenire gettare insistere origine arrivare carta ieri notare.,2026-05-27T23:49:59
2121,1488,4,Rosso lago atto giudizio voglia voi guerra energia madre battaglia comunque gruppo labbro piantare giocare.,2025-07-15T12:25:42
2122,8889,3,,2024-09-15T22:12:01
2123,3124,5,Effet étranger ignorer etc danser sous parti chez situation début obtenir tranquille service quartier.,2025-04-06T06:54:45
2124,1360,4,Giorno bosco bambina conoscenza se impressione azzurro carta.,2025-06-02T19:42:36
2125,8838,3,Sì forza ieri risposta cominciare piazza tavola palazzo anno.,2025-10-22T08:10:23
2126,3420,5,Papa rare désert même leur expliquer obliger ramasser angoisse d'autres séparer personnage pourquoi.,2025-06-05T10:06:46
2127,9856,5,Glauben vier wo brauchen jetzt Musik zwischen treffen Freund stellen so dafür.,2025-08-19T13:03:47
2128,2793,5,Podría clase cualquier realizar voluntad lenguaje espacio fin vamos.,2025-03-11T01:29:52
2129,5662,5,Colpa rivedere costringere proprio soltanto proposito grande assoluto uscire.,2025-07-06T11:26:18
2130,1900,2,Siendo hasta consecuencia hijo actividad obstante pocos interés temas reforma largo dicho.,2024-09-07T13:24:13
2131,10020,5,Ist am gehen fallen sagen Blume der Freund Sache Ferien Stück Sache fiel.,2025-09-11T23:43:31
2132,9492,4,Admettre printemps bon papa delà discussion désormais théâtre demander chemin part dimanche.,2024-08-19T04:09:04
2133,6125,5,Las Minutenmir es laufen Finger Abend hoch Licht den um Mensch gut davon Welt.,2025-08-21T16:19:27
2134,4996,5,Settimana termine comunque avere coraggio comprendere necessario verde direttore guardare ricerca ah si.,2024-05-11T00:50:32
2135,7639,5,Mestiere sostenere muro lui invece figura senza incontrare spiegare resto estate produrre punta.,2026-05-15T08:33:52
2136,7098,3,Détail indiquer accent ce empêcher fauteuil point sûr direction choix déjà sérieux.,2026-06-28T11:05:59
2137,7003,4,,2024-12-04T11:40:00
2138,437,4,Cuenta aún superior aumento obstante queda hasta existe fútbol negro cambio doctor ley central crisis través.,2026-02-20T08:39:54
2139,8807,5,Ciascuno lavorare principe presente piede neanche imporre elettrico vento pazzo.,2025-03-17T21:57:20
2140,6620,1,Vérité deux bon autre résistance mêler cours.,2024-02-13T14:15:37
2141,4378,5,Rad was Erde wollen gern Oma waschen einmal Geburtstag spät heute sprechen.,2025-10-12T06:29:05
2142,410,3,Impression loi ordre soi espoir ton retrouver route milieu découvrir autant poésie.,2024-11-08T08:28:10
2143,3260,3,Proposito giocare capire pesare speciale attento denaro.,2026-05-24T21:33:55
2144,10347,4,Glas überall Lehrer gut bis Loch zwei schön turnen.,2025-12-30T17:54:07
2145,4415,5,,2025-12-15T16:05:27
2146,3860,5,Gefährlich doch öffnen Flasche Tier frei hören überall ihr Sonne Weihnachten.,2024-11-06T08:45:25
2147,7460,5,Gern alle Kopf draußen nie fünf Ferien deshalb an zurück haben fünf dein böse.,2025-02-28T14:24:41
2148,1690,5,,2025-03-30T21:26:05
2149,8132,4,Especial radio cine piel sistema vez horas.,2025-12-14T23:41:00
2150,4243,5,,2024-04-26T18:26:56
2151,8363,5,,2026-04-12T16:48:05
2152,9677,5,Principales tema mil mira cómo sido sea.,2025-05-15T03:18:00
2153,4774,5,Carta aquí falta mismo pedro grupos necesidad fin ello viejo quería.,2025-06-22T16:10:46
2154,7365,4,Caso sala convincere tirare neanche grande bene operazione commissione affatto contare fronte uccidere calcio vino tavolo.,2026-03-13T00:56:07
2155,7817,5,,2024-03-24T14:27:24
2156,4484,5,,2025-07-06T21:47:56
2157,8680,5,,2026-02-09T14:25:51
2158,3704,4,Los bin rot beim jeder weinen der dabei da.,2025-10-16T23:28:43
2159,7693,4,Madrid nunca muchos región ir ministerio méxico poner estoy entonces.,2026-04-04T03:10:00
2160,938,3,Nivel posición técnica quién primero presencia dos persona hay texto período estoy.,2024-08-06T06:33:17
2161,5728,4,Effort chair habitude continuer premier dame douze user pierre été agiter.,2025-09-18T04:06:10
2162,10725,5,,2026-02-14T02:18:46
2163,7853,4,,2026-02-05T06:57:49
2164,6418,5,,2025-07-12T16:16:38
2165,7676,5,Rose droite beau vêtir même quitter pencher arme jouer sou terrible.,2024-10-20T19:39:30
2166,2755,5,,2026-07-03T07:04:40
2167,10489,5,Attimo sistema largo direzione patria riferire religioso nascondere qua.,2026-04-23T18:13:41
2168,3471,4,,2024-02-11T08:10:28
2169,10182,3,,2026-03-01T19:16:28
2170,4856,5,Poiché università sottile civile arte attesa quadro arma albero vecchio riprendere fede teatro.,2025-12-14T20:41:19
2171,3439,5,Nouveau troisième attaquer battre élever trésor semblable long libre immobile.,2024-03-22T18:03:26
2172,2110,4,,2025-05-15T13:42:07
2173,11234,3,Est iste odit dicta facere consequuntur assumenda debitis.,2024-07-02T17:55:12
2174,8772,5,,2025-02-12T21:41:50
2175,9798,4,Puso jorge cuyo casos hacía posición campaña.,2024-10-22T09:01:43
2176,1460,3,Pencher étonner contenter extraordinaire finir chant avancer position signifier souffler joie jeter grave pluie.,2025-09-16T10:39:42
2177,3606,5,,2025-03-06T08:54:48
2178,2368,4,Vue profond depuis tâche remettre science médecin joue carte.,2026-01-22T20:41:59
2179,11570,5,Zug mehr Auto darin Schule Brief wollen gut weiter blau schnell Wort wieder Sonne Leute.,2024-07-13T05:27:31
2180,8916,4,Da oft Eis Leute rennen gehören schön rund sehen hängen.,2025-03-18T07:43:30
2181,1747,5,Provident ipsam autem asperiores quo ipsam non veniam soluta ab unde.,2024-11-07T14:12:11
2182,9501,5,,2026-02-07T06:31:24
2183,9231,3,Huit fonder ce raconter casser importer employer haine complet ici visage ramasser autour tourner.,2026-05-20T04:33:16
2184,5091,4,Policía formación exterior punto cosas cine seguridad verdad camino ocasión viejo.,2025-06-24T22:23:31
2185,4140,4,Ideas donde mayoría dirección respuesta llevar nada objetivo iba.,2026-05-22T01:17:46
2186,10886,5,Santiago conseguir rafael suelo humana perdido diversos hablar algo estuvo partidos e ser desde respecto ningún.,2025-04-23T07:57:12
2187,638,4,Arte director proceso comisión r lucha mayoría mundial aún todas derecho luego.,2026-06-25T22:56:56
2188,6870,4,Confessare straniero errore amico attimo terzo ultimo lungo comune.,2025-02-13T08:36:39
2189,846,4,Chose beauté âge naître notre voyager envoyer objet jusque exprimer.,2025-06-26T12:31:09
2190,1922,3,Recusandae illo autem voluptates nobis hic non ipsa vitae ex eligendi necessitatibus voluptates consequatur expedita pariatur.,2025-08-20T06:03:25
2191,221,4,Soluta pariatur laudantium porro rerum dolore voluptatibus.,2024-03-06T11:07:23
2192,2347,5,,2025-10-24T15:44:30
2193,7909,5,Souffler achever lisser saisir apparence consentir rappeler raconter exposer angoisse.,2026-06-08T00:33:16
2194,10838,4,Passione pericolo arte possibilità noi tratto ritrovare.,2025-07-07T11:57:40
2195,3180,5,Schenken Woche Tante halten haben einigen Kind eigentlich fünf kennen wo will antworten sprechen sechs letzte.,2025-08-03T06:16:48
2196,1879,4,,2026-03-29T13:18:38
2197,4120,5,,2025-01-25T12:02:54
2198,2769,5,Ufficiale oh albero stupido imparare porto insegnare letto insistere compagnia cercare chiesa sicurezza.,2025-08-24T13:37:34
2199,751,5,Infine europeo promettere angolo maestro animo tra origine piano dolce qualità dormire semplice fame.,2024-01-19T07:38:07
2200,9059,5,,2025-10-20T10:10:12
2201,11362,5,Alias quo debitis expedita blanditiis dolor dolores fugit ratione.,2025-03-25T07:34:25
2202,6108,5,,2026-02-07T05:17:55
2203,1100,5,,2025-07-28T12:17:02
2204,8510,3,Apparence six terreur quoi matière bouche éteindre cause.,2024-06-23T16:19:05
2205,6384,4,Praesentium dicta aspernatur incidunt ipsa tempore earum sit delectus eveniet rem et recusandae eos inventore.,2025-02-17T20:43:01
2206,2356,3,Hart kalt Polizei Fahrrad lachen liegen einmal die.,2025-12-25T15:48:19
2207,4042,3,Stellen fangen Polizei aber nämlich ihm hängen Sache gefährlich überall Stein.,2026-02-08T15:44:29
2208,2390,5,Rapporter mal frapper nuage somme cheval grandir trace.,2026-01-08T14:22:53
2209,7916,5,Bambino reale sacro ridurre fatto preparare congresso giugno bisognare bianco comunicazione società.,2025-03-04T18:35:03
2210,6530,5,,2025-04-20T05:35:50
2211,5169,5,,2026-01-18T22:53:04
2212,10007,4,,2025-04-18T20:41:39
2213,9400,5,,2026-07-10T22:22:19
2214,157,4,,2024-04-05T17:38:38
2215,2767,5,Nu malgré comment goût conversation toute plein pas soumettre jouer cependant intérieur vivre.,2024-09-08T04:45:43
2216,8176,5,Grupos punto cinco hija días mayoría puso sean españoles.,2025-05-31T13:35:59
2217,2118,5,Minore monte eh fatica consiglio loro verde sera certo.,2025-05-06T17:51:37
2218,6570,5,Bruciare discorso organizzare chilometro prima dubbio cielo pranzo veramente passo famoso mattina giorno o partecipare facile.,2025-06-28T16:06:19
2219,8301,4,Wissen Bruder deshalb Tier fangen Spiel Himmel glauben bekommen schon es packen drei fast bis.,2026-04-10T14:48:27
2220,9781,3,Rappresentare avanzare sottile nascere concludere aggiungere piccolo fissare nudo bosco volta.,2025-12-16T12:47:39
2221,3139,5,,2025-07-01T22:58:36
2222,511,5,Dolorum distinctio tempore similique voluptatem nobis ex nobis.,2024-02-20T05:26:53
2223,8203,5,Rang tour souvent ceci fille valeur revenir descendre garder fortune vaincre année surveiller.,2026-04-22T16:06:54
2224,4867,4,Levare leggere determinare vi ieri domani disposizione diverso nero principale naturale oggetto genere posare improvviso.,2025-11-29T10:44:10
2225,4092,1,Provident occaecati voluptatem aliquid quaerat eaque tempora perspiciatis officiis ea illo suscipit reiciendis inventore ducimus.,2025-01-21T16:21:58
2226,11573,2,,2025-04-21T17:57:51
2227,1104,5,,2026-05-20T05:53:53
2228,1164,3,,2024-09-22T04:33:09
2229,5148,5,Seguito vero ricco via giardino importare stampa salvare arte provare opporre.,2025-02-20T14:35:43
2230,6514,4,Parler corde pauvre marché corde pointe assurer pourquoi entendre imaginer fer direction.,2024-03-12T20:48:54
2231,464,5,,2024-06-23T19:39:55
2232,1997,5,Resultados cultural tratamiento fondo lado seguir sectores.,2024-05-29T18:39:37
2233,11591,4,Cuando instituciones importantes club defensa ocasión médico.,2024-08-28T08:42:34
2234,5328,4,Dejó juicio conciencia tu anterior espacio garcía ejército.,2024-03-06T05:37:53
2235,9074,5,Destino medida intereses alguna debido dirección supuesto mano nuevos padre aunque suelo técnica.,2025-08-24T11:06:28
2236,6774,5,,2024-02-04T13:19:56
2237,10532,4,Davon los Bett Geld schon was kennen.,2025-03-28T03:57:37
2238,2820,5,,2026-03-15T03:07:35
2239,9409,5,Erklären Stelle Garten bauen brauchen dann sagen gesund laut Musik.,2025-03-02T04:02:50
2240,10127,5,,2026-03-23T02:18:46
2241,8206,5,,2025-08-04T18:30:31
2242,3278,5,Beaucoup hiver aimer pauvre rideau petit confier mêler eaux aussi mariage mieux alors énergie briller demeurer.,2025-08-19T03:04:46
2243,9292,5,Sunt quaerat tempora mollitia beatae deleniti facere ex nihil ex esse error nesciunt corporis.,2025-02-12T15:17:00
2244,4510,5,Man gab zwischen schreiben davon Freude Minutenmir Schiff dauern zeigen Sonntag Name weiter wissen fressen holen.,2026-06-03T13:31:50
2245,102,5,,2025-09-03T15:13:47
2246,10192,3,Mer vers hier robe rapporter cou connaître montrer cacher difficile réveiller.,2024-04-04T14:52:08
2247,5537,4,,2026-01-17T03:01:28
2248,1977,4,Oser travailler étranger scène notre sourd briller céder rouler angoisse bien principe.,2025-10-05T16:49:30
2249,2633,2,Brauchen erzählen Hase einigen auch mein ihr Wetter.,2026-04-23T00:34:40
2250,3966,3,,2025-01-02T05:28:10
2251,10918,4,Früher Opa Nacht durch Herz haben frei gesund zwei besser denn Schuh dumm schreien.,2025-04-29T05:40:38
2252,5815,3,Aquella acción veces pablo d ahora riesgo carrera práctica encuentro por fuera grupos final cuenta fondo.,2025-02-27T03:30:59
2253,9408,3,Part fer règle qualité heureux autre condamner devoir environ faux discours choisir cercle que chute.,2025-02-15T04:02:50
2254,3460,2,Accorgersi lira sì domani caffè politico dedicare cambiare qualcuno sapere atto tagliare freddo controllo.,2025-03-22T05:37:32
2255,11063,4,,2025-09-23T01:45:53
2256,2675,5,,2025-08-31T01:34:57
2257,1700,5,Distruggere titolo buio fiducia particolare oggi congresso suonare dormire argomento intanto rapido leggero.,2026-02-11T21:37:54
2258,8786,5,,2025-02-08T11:41:44
2259,6307,5,Espacio recuerdo tú perdido relación necesario muchos anterior sabe pasado crecimiento incluso construcción primera.,2024-06-24T14:07:20
2260,5011,4,Todavía internacional padres costa pp ministerio cabo sino importantes debido.,2026-05-13T10:04:49
2261,2580,5,,2024-12-18T19:43:32
2262,9364,5,Wort antworten sieben sitzen Geschenk jetzt Hund Tante.,2025-08-24T00:43:31
2263,2986,4,Había cosas río estado conocer nos buscar distintas todavía aquel aquel ésta.,2026-03-22T15:26:16
2264,8359,5,,2026-04-22T04:57:53
2265,8633,2,,2026-02-27T06:48:08
2266,2546,5,Corrupti iusto facilis eaque aut adipisci neque.,2024-03-24T04:17:12
2267,1513,4,,2024-02-15T04:05:10
2268,5311,5,Hart dauern fährt verlieren unser Flasche las wo Seite Vogel durch dein liegen Oma mal.,2024-10-24T14:36:55
2269,8900,3,,2026-07-13T23:55:13
2270,4462,4,Weinen Blume werfen Vater auf alt auch so Eltern Musik vergessen Spaß laut fahren.,2024-09-15T08:05:31
2271,1286,5,,2025-07-03T02:02:09
2272,5037,5,Zu helfen lassen Stelle fehlen stellen fressen dich.,2024-09-19T16:00:24
2273,3613,3,Permite francisco hacer puerto mal tipos términos conocer consejo otra.,2025-09-14T03:50:01
2274,5272,5,Von wie fragen kaufen immer nämlich nie.,2025-11-23T20:54:29
2275,2888,4,Tenido alto antonio volver pacientes carácter humanos norte ocasión acuerdo capital blanco encuentro sistema.,2024-10-21T07:04:40
2276,3663,3,Decía pesetas obra has chile papel a quiere constitución términos programas personal tales josé.,2026-06-10T05:22:11
2277,65,4,Políticas difícil g calidad gonzález economía apenas manuel tales autoridades sólo vez tratamiento.,2026-06-29T03:05:01
2278,6923,5,,2025-07-04T09:46:35
2279,2117,5,Grave exemple mensonge importance droite soirée vers bon endroit reprendre regretter.,2025-05-04T17:51:37
2280,5553,5,,2026-02-15T13:39:30
2281,682,4,Moglie fissare pericoloso villa sorriso crisi preoccupare cuore capitare nobile specie cucina partito effetto fuori seguito.,2026-01-15T19:06:28
2282,10644,4,Merken dir steigen nämlich fressen daran mein rufen Schuh lernen Zahl es scheinen.,2026-05-15T22:49:56
2283,2749,4,,2024-09-17T14:34:29
2284,1282,5,Spesa maestro cosa avere tempo volto latte potere russo.,2025-10-23T11:49:18
2285,5188,3,,2025-09-10T09:08:51
2286,4137,3,,2025-08-12T20:31:45
2287,9108,5,Bastare vostro epoca baciare tecnico vincere preciso necessità diverso volto poiché ora.,2025-10-11T18:36:40
2288,7227,5,,2025-05-04T11:53:33
2289,6521,3,Officia alias provident tempore nemo repudiandae cupiditate quam.,2026-04-16T04:17:30
2290,2023,5,Madre josé producto llegar base grupos sobre carácter cada sala claro origen generales.,2025-12-16T05:03:40
2291,3662,4,Algunos pequeño realizar objeto modo tema llegó dado capaz.,2025-11-15T11:31:26
2292,5111,1,Ipsum necessitatibus consequatur exercitationem commodi molestiae doloremque voluptatum dignissimos.,2024-12-18T19:52:29
2293,9146,5,,2025-06-15T04:25:01
2294,10836,4,Cuenta dos momento aparece conocimiento humano afirmó queda me flores.,2025-03-24T08:10:39
2295,10806,1,Nourrir médecin point figure payer observer répéter reposer vêtement oui calme bois.,2026-02-25T20:51:24
2296,6958,5,,2025-06-14T22:45:46
2297,1733,4,Hilfe gegen stellen schreien lachen gewinnen zehn schlimm war nie Arzt zu Schluss gewinnen.,2025-07-31T14:42:21
2298,1179,5,Glücklich Stadt plötzlich antworten erst baden dir sieben finden Hilfe warm Name Lehrer Haus Zeitung.,2024-12-02T01:32:09
2299,10988,4,,2026-07-04T18:38:22
2300,5888,3,,2024-03-30T09:34:32
2301,3551,4,Sunt accusantium ut dicta accusamus nisi magni magnam est modi officiis.,2026-06-21T20:45:27
2302,3438,4,,2024-08-28T15:47:52
2303,7889,4,,2024-11-29T08:47:51
2304,5069,5,,2025-01-15T06:36:44
2305,4090,3,Familie Mädchen liegen tun Minute Gesicht endlich Gott Straße einfach kein bekommen steigen.,2026-07-07T02:39:12
2306,2144,4,Société poser fonction paysan exprimer pitié puisque branche puis problème croix rang.,2025-12-04T18:18:18
2307,10783,4,,2024-11-02T01:00:08
2308,2934,5,,2026-06-02T11:30:50
2309,3126,5,,2026-01-07T13:17:24
2310,6597,5,Puisque souhaiter éloigner morceau mur ordre ensemble cheveu imaginer au dehors.,2026-05-24T15:49:35
2311,6973,5,Quasi quas rerum nostrum praesentium quidem quia ab cupiditate nulla nesciunt et consequatur nostrum eveniet.,2025-12-01T21:36:43
2312,6722,5,Provident perferendis officiis ex id similique suscipit totam maiores expedita.,2026-04-28T12:12:14
2313,5170,5,Visage source dernier peine supposer rapide repas.,2024-09-26T10:52:47
2314,736,5,,2024-09-06T20:08:32
2315,3563,2,Geschenk gehen beim tragen böse Klasse sein davon wir dann steigen.,2025-04-21T03:40:38
2316,4127,4,Práctica fuerte quería qué has grandes organización santa resto uno esos donde josé resulta supuesto d.,2026-03-04T18:51:03
2317,6405,5,Perferendis eligendi quas facilis inventore doloribus voluptas voluptatem minus repellendus cum eius esse fugiat mollitia accusantium.,2024-10-28T04:49:20
2318,8937,4,,2025-11-03T18:29:52
2319,44,4,,2026-01-15T14:11:08
2320,2983,4,,2024-05-10T21:34:37
2321,4217,5,Doloribus aliquam pariatur accusamus quidem unde sed ipsam dolor ipsum reiciendis.,2024-06-15T12:17:21
2322,4150,4,Altro comune energia tacere sognare elevare toccare maggio ambiente se sapere mare dolore portare successo.,2025-12-30T15:32:25
2323,10374,4,Hora junto este cuatro existe hay grado negro cierta habría encima única ninguna esa carrera.,2025-08-31T04:20:40
2324,7493,5,Attendere sorriso ricordo consentire divenire religioso futuro studio soffrire.,2025-03-25T18:06:48
2325,10517,3,Especial profesional mayoría instituto miembros hermano gonzález apenas sin nivel realidad mal intereses.,2024-04-08T19:06:30
2326,5650,5,Ocho dirección supuesto poder capacidad yo ya hablar haciendo.,2024-05-16T00:42:22
2327,976,5,Glück Klasse vielleicht halten Mama kochen spielen alt Stück packen Arzt her Name Gott.,2025-10-09T05:38:07
2328,7367,4,Quarante condamner vide dès loi vif roman dent nourrir établir respecter.,2026-03-09T00:56:07
2329,4066,5,Rispondere ripetere avvenire evitare massimo vi atto ragazza fiducia istante.,2026-05-04T05:05:55
2330,1686,4,,2025-05-15T15:43:15
2331,1301,5,Disporre stupido domenica freddo porta marito via riva viso.,2025-02-20T14:30:35
2332,5605,2,,2025-01-15T08:18:19
2333,1371,4,Van último fue américa temas pregunta nuevo está casos demasiado hospital análisis carne problemas.,2025-04-10T04:47:21
2334,4916,4,,2026-06-24T18:28:11
2335,158,5,Expedita officia iste similique sint fugit iure.,2024-04-19T17:38:38
2336,11162,5,Horas aquella aun manera españa esa calidad torno cosas.,2024-06-12T12:50:34
2337,6459,5,,2025-11-04T22:20:25
2338,11453,5,,2026-03-05T12:07:36
2339,10870,5,Avvertire rispondere numero regione imparare campo dipendere male oggetto chiaro bosco.,2025-09-06T05:14:54
2340,9813,4,Modo como particular sólo madre exterior armas sabe.,2024-12-07T18:20:22
2341,6931,5,,2026-03-04T08:22:00
2342,10001,2,Quam consectetur saepe culpa praesentium adipisci aperiam dolores beatae voluptatibus.,2025-04-20T12:15:49
2343,2889,5,Opinione zitto assicurare giardino zia colpo serio.,2024-10-27T07:04:40
2344,8016,5,Piantare interesse bagno fantasia peso dentro estremo campo denaro cane pianta vino proporre pomeriggio.,2024-12-05T01:03:43
2345,1191,5,Nichts stehen stehen kurz beim nie laut hin im Erde sich führen Wasser acht Hunger geben.,2024-12-16T05:44:29
2346,11346,5,,2025-11-01T19:37:43
2347,11543,4,,2025-08-01T18:03:32
2348,6618,4,Infine proposta classe albero sala vuoto spingere zona pronto vincere breve ancora celebrare terzo dove almeno.,2024-02-12T14:15:37
2349,4950,5,Boden Nacht Land wo Mama gar Bett neun Wald zurück mehr wissen zur blau sechs wie.,2026-03-26T12:53:10
2350,6622,3,Riempire preoccupare pelle esso effetto cura cattolico tuttavia e nazionale politica congresso attraversare nave.,2025-09-05T20:14:08
2351,2883,3,Placeat beatae repellendus maxime ad beatae similique animi recusandae dolorem expedita eaque quos officiis enim id.,2024-10-01T06:00:05
2352,1699,1,Dem Minute offen führen Frau dürfen Wohnung fünf am.,2026-02-22T21:37:54
2353,8182,4,Daran oft sollen Geld nimmt hinein warm.,2024-09-30T22:08:01
2354,11331,3,,2026-02-19T15:52:18
2355,4552,5,Vier Herz sind Licht viel Schluss braun Vater andere fünf andere Wasser.,2026-03-27T17:10:25
2356,7068,4,,2026-04-28T21:20:51
2357,4464,4,Naturel pareil neuf liberté simplement oiseau lien savoir père d'autres inutile supérieur terminer accomplir.,2025-09-29T00:37:36
2358,11606,5,,2025-05-16T13:51:54
2359,2621,2,Admettre plaindre idée passion jusque nez action miser petit adresser briller réveiller.,2024-06-07T04:28:38
2360,11112,5,,2024-04-27T23:18:10
2361,3687,4,,2024-04-20T19:45:41
2362,8932,1,,2025-01-24T20:41:01
2363,10975,4,Pont passion professeur terme pain passé appartement pluie sein.,2026-06-23T14:44:56
2364,6610,5,,2026-04-29T17:06:13
2365,7553,3,Llegar salir sistema sectores participación juez economía hacer don menor comunidad esos millones pedro llegar proyectos.,2024-12-24T07:09:56
2366,9506,5,Sehr nein führen nächste schön tun lachen lustig Tier merken.,2026-02-23T02:49:09
2367,10492,5,Clase está esas espacio director sentido problemas.,2026-06-15T13:53:21
2368,4620,5,,2025-07-15T20:34:20
2369,264,2,Recente imparare strada subito funzione dottore cura unico sogno magari appunto mare accogliere lui aspettare meritare.,2025-10-28T03:00:03
2370,4206,4,Eaque error impedit ex neque debitis officia labore aspernatur iste.,2026-05-09T22:37:45
2371,5036,4,Résister inquiétude intérieur machine douze but chien désormais ventre est bras oreille vaste.,2024-09-19T16:00:24
2372,6371,3,Eius modi id quo animi perferendis earum ea impedit quis.,2025-05-29T12:08:01
2373,1895,5,Apenas encuentran afirmó no somos marco constitución vista ministro distintos quería país respuesta año países francisco.,2024-08-19T17:42:10
2374,3516,3,Giungere tuo discutere mattina tuo argomento salvare.,2025-12-17T21:37:27
2375,4596,4,,2026-06-25T06:17:51
2376,9542,5,Pensar puesto armas hecho hizo amigos ambiente fuentes tratamiento partes campaña puede decir siguientes.,2025-10-29T00:01:14
2377,8979,3,Besser Fußball Tür Gesicht ihn Bett gleich Straße zur vorbei ob warum suchen Haare heraus schenken.,2024-08-09T01:16:42
2378,10481,4,,2025-04-05T23:24:16
2379,11571,5,Dolorum neque recusandae vel quam minus totam.,2024-07-13T05:27:31
2380,2790,4,Atrás llama sala ejemplo desde armas garcía economía control campaña.,2024-01-24T20:02:41
2381,1257,5,Stupido resto mente amare creare chiedere persona tranquillo principe morale ridere.,2024-03-06T12:49:39
2382,8423,3,,2026-03-14T17:25:03
2383,8374,5,,2025-02-03T10:51:44
2384,963,4,Écraser finir barbe coin montrer métier courant traiter grain ce hésiter noire ah.,2024-05-24T08:21:19
2385,6840,5,,2026-03-19T16:20:54
2386,1405,4,Question toile quarante jeter présent salut aller circonstance vin bout souffrir refuser dominer pièce monter sans.,2026-06-12T10:24:35
2387,440,4,Il scrittore gamba bambino bambina parecchio buttare.,2026-06-18T07:38:03
2388,1626,4,,2025-03-08T18:08:14
2389,4283,3,Diciembre elecciones horas comercio ya nada lleva es razones soy jóvenes hemos puntos general.,2025-12-24T18:24:35
2390,6118,5,Ville craindre toi ne un autre maintenant roche morceau attendre roche feu capable.,2025-09-26T11:17:57
2391,10069,5,Nichts Wissen Uhr das man fliegen Gesicht auf Nase.,2026-01-07T22:32:33
2392,1447,4,,2024-03-15T02:00:17
2393,9874,4,Eaque error neque molestias laboriosam aliquid et magni voluptatibus ad autem amet.,2024-09-01T21:06:48
2394,9681,5,Superior abril pues imágenes por uso segundo yo hacen existencia vez luz iglesia programa tan francisco.,2025-02-28T03:10:28
2395,18,5,Laudantium tempora repudiandae enim itaque eius illo libero soluta corporis laudantium.,2024-05-24T08:45:19
2396,1741,4,,2025-04-05T12:22:52
2397,8518,5,Spielen steigen rechnen kurz hin Zahl zeigen nie beide Weg Eltern bis.,2025-01-10T16:28:10
2398,9633,5,,2024-10-27T16:58:17
2399,9920,3,Reunión revolución hacer hechos banco habían objetivo asunto aumento.,2025-11-22T09:41:39
2400,6449,3,Vestito fatica avanti cura qua ricevere contadino sbagliare luce dichiarare bisognare accompagnare.,2026-04-05T03:35:54
2401,2076,5,Posto unico circa avere pensiero medico sviluppo esperienza alto crescere.,2025-04-14T16:09:50
2402,1185,4,,2026-05-22T10:03:08
2403,11359,5,Esse explicabo aperiam ipsum saepe nobis unde qui rem reiciendis vero veniam unde.,2024-12-17T17:02:38
2404,10642,2,,2026-01-04T23:01:02
2405,11623,5,Pas également fine pencher fin paysage appuyer avis six rouge ouvrage vieux mêler fatiguer.,2026-06-07T15:40:42
2406,5023,4,,2026-01-10T08:06:54
2407,10057,3,Proposta fenomeno portare cielo che giudizio popolazione animo.,2025-03-09T17:35:49
2408,1006,5,,2026-04-30T01:22:28
2409,4265,5,,2024-08-18T11:23:59
2410,6032,5,Freund über Mama seit Auto Tag frei dunkel schwimmen werfen heiß beißen Oma legen drei.,2025-10-19T13:05:23
2411,8579,1,Régimen trabajar porque mira sólo esas don calle teoría todo estuvo miembros ministerio.,2024-04-23T22:16:21
2412,7077,4,Facere dignissimos neque id assumenda quod rem voluptate sapiente ipsam provident aliquam ab labore sunt quos.,2025-07-24T23:03:43
2413,11338,4,Nass gefährlich turnen brauchen hoch Freude endlich Geschenk er Tisch Frage vor Herr auch neu.,2025-11-29T18:58:49
2414,4873,5,Steigen schicken aber schenken natürlich blau schreiben werfen kennen daran Haare schön setzen die schenken.,2026-05-26T13:15:31
2415,6370,5,Fiscal personal creación izquierda junto pasado máximo presencia.,2025-06-03T12:08:01
2416,8695,5,Presser rouler verser nerveux classe sept depuis aujourd'hui pleurer sable lueur renoncer.,2024-04-15T14:30:54
2417,8521,5,Te corte derecho llegado servicios partir líder paciente cara muestra solo.,2025-07-12T00:38:18
2418,3978,4,,2025-05-02T00:01:24
2419,8090,4,,2025-06-17T12:29:51
2420,858,2,Modi aliquam dolore delectus recusandae ex iste odit.,2024-05-14T10:34:56
2421,2279,4,Revoir lettre fort avenir odeur vif paysan clef beau odeur.,2024-09-26T22:33:39
2422,9819,4,Nazione antico pranzo meritare popolo parere volgere prevedere promettere pericoloso ritenere con animale importante commercio autore.,2026-04-03T23:11:06
2423,5392,5,Pregare bastare rimanere attaccare caratteristico attaccare punta pensare sforzo pranzo funzione azzurro prova smettere.,2025-01-19T15:08:31
2424,5785,4,Carta motivo vicino casa domani futuro meno trascinare caldo.,2026-06-25T13:35:24
2425,2752,4,Buch klein Wiese wahr rund viel mögen weit an schreiben.,2026-04-16T20:11:44
2426,5873,4,Avancer étendre aimer reste faire marquer importer beauté tu certainement changement.,2026-06-26T13:21:00
2427,5087,3,Nemo animi laboriosam eum in illum impedit praesentium laboriosam culpa sapiente nobis aliquid vel iusto.,2026-01-06T20:47:53
2428,431,5,,2025-06-15T20:51:22
2429,2744,5,,2026-04-03T08:23:02
2430,7467,5,Fin vuelta juicio mantener oficial españa relación guerra.,2025-11-28T04:54:24
2431,10675,4,,2025-07-19T14:21:02
2432,8212,4,Werden bauen dabei wie finden fertig schreien Blume sich.,2024-10-01T14:44:47
2433,6796,5,Fier second un créer champ cours pareil hôtel causer camarade naissance rapport difficile.,2024-10-17T11:51:40
2434,6950,5,Licht auch unser schicken fast Hilfe eigentlich ohne vergessen dürfen Hunger.,2025-08-03T16:47:57
2435,8046,4,Minus deserunt animi repudiandae nobis harum ipsum incidunt voluptatibus sunt modi iusto voluptas ipsa illum.,2026-02-06T11:40:16
2436,10084,4,,2025-11-24T13:32:05
2437,2658,3,Bein damit nächste Fahrrad beim sie blau Sonntag ich Wagen Mädchen schwer draußen.,2026-04-08T18:12:58
2438,7574,5,Ging los lassen Fenster kein vor Boden schreiben von.,2025-01-26T23:07:55
2439,2104,5,,2024-01-23T17:50:58
2440,8863,5,Sala economía sea mantener nuevas muerto dar hecho niño otros.,2025-05-19T05:13:23
2441,9568,5,Similique voluptatibus ex architecto veritatis autem dolorem nisi architecto neque sunt.,2026-04-15T01:12:56
2442,11039,4,Vater drei setzen Milch mein kommen Sache arbeiten müde zurück Schuh sehr wieder.,2024-10-07T16:32:04
2443,6441,5,Offen hier Himmel glauben fertig Hund sechs viel Blume reich über ja kalt gefährlich singen.,2025-05-16T17:29:20
2444,3593,5,Peu feuille santé façon prix source compter général plutôt doucement souffler.,2025-12-19T10:11:55
2445,6744,5,Hombre hacia ocasión premio pueden éste muestra atención mitad cuyo muchas hombre.,2024-05-06T20:02:07
2446,7050,3,Gleich sehr fliegen zwei Zeit gewinnen Schiff.,2024-10-01T18:34:34
2447,11180,4,Gioia russo oro assumere nazione andare recare cercare rispondere trarre tacere figura leggere scrivere macchina.,2026-04-17T02:31:16
2448,6806,4,Rivelare fede parete americano buio fabbrica scuola.,2025-04-22T05:20:16
2449,6267,5,Mantenere scoppiare francese utile no sperare divenire differenza sud.,2024-12-12T21:06:04
2450,2454,5,Geschenk Wiese müssen wie Licht Fußball groß Haus Stein braun Schüler einige heraus.,2025-01-09T05:30:15
2451,9873,5,Suerte g desarrollo enero seguridad quizá relación suelo producción padres septiembre.,2025-01-11T08:04:30
2452,10073,3,Tienen mejor material julio dólares electoral nuevo solución hija le etapa razones.,2024-07-13T14:30:15
2453,5797,5,Von Sonntag fehlen Zeitung machen schreiben Schluss kalt Platz Weg als vorbei.,2024-01-30T19:40:06
2454,3490,2,,2025-09-10T14:01:05
2455,7235,4,At dignissimos dicta dolor sed explicabo ipsam explicabo tempora quia quaerat.,2024-02-02T20:42:42
2456,1931,1,Molestiae doloremque laborum accusamus ullam eaque accusamus praesentium reprehenderit quas.,2026-04-18T13:27:33
2457,7300,3,Suite quinze poésie droite ensuite violent larme scène groupe émotion selon enfant.,2024-01-21T07:15:48
2458,1975,5,,2024-03-19T23:15:29
2459,3585,2,,2026-04-04T18:06:51
2460,3109,3,Personnage rester bruit parcourir parti avant mensonge avenir remonter livre leur fier douze saluer.,2026-01-28T04:56:33
2461,10790,5,Mama weg dazu gab fiel doch vom ruhig zwei schlecht schreiben.,2025-09-26T08:08:31
2462,162,5,Largo fiume guardia problema ognuno orecchio cristiano entro comprare silenzio figlio alzare domani buono.,2024-05-16T20:35:07
2463,9912,4,Zahl Spiel neu sehr erst durch arbeiten Himmel.,2025-12-10T17:38:31
2464,9524,2,Nam voluptate iusto ab reprehenderit aliquam laudantium nihil amet quibusdam.,2026-03-15T21:58:38
2465,9167,5,Nulla nam repellendus recusandae aperiam fuga reiciendis reiciendis.,2024-06-05T21:43:33
2466,767,4,Mêler parler dur signer même remarquer pain éviter.,2025-02-14T19:42:12
2467,6099,4,Fine discussion désir tendre refuser lequel vie âme voile secret sol.,2024-04-17T15:51:26
2468,11354,4,Ministro congreso tenemos quien personas difícil da hacerlo.,2026-01-18T08:43:00
2469,6859,4,Arrière décrire en quand lutter oreille attirer posséder plein.,2026-03-22T18:41:18
2470,4320,5,Ipsa voluptatibus vitae cupiditate rerum quaerat temporibus saepe ratione omnis nihil reprehenderit nam ea.,2026-01-06T21:27:54
2471,5820,5,Mur faute relation saint dehors geste calmer.,2026-04-29T04:19:51
2472,9778,5,Ihm Mensch dort essen Maus Milch am Berg helfen fest fünf aber dazu Fahrrad.,2025-06-15T16:38:24
2473,10932,5,Über Nase können Himmel wissen dich beide spielen wir.,2026-06-11T11:02:54
2474,540,5,,2024-04-22T13:33:39
2475,10940,5,Encuentro haciendo principales j jóvenes sistema industria nuestro sigue líder.,2026-06-19T15:36:30
2476,6095,5,,2026-04-26T10:51:57
2477,6476,5,Finger Geburtstag ziehen Essen geben Garten Erde tief zur neu Onkel brauchen.,2025-05-16T17:57:18
2478,1735,5,,2025-04-13T13:59:47
2479,10560,4,Fiel kalt sehen Baum kommen weiter Brot.,2025-11-08T08:24:33
2480,450,5,Nostrum quod non reiciendis ab fugit fuga rerum sunt praesentium ex iste molestiae.,2025-10-21T17:27:27
2481,5676,3,,2026-06-23T20:12:59
2482,9249,5,Sonst Garten wollen Himmel Flasche machen aus Wiese dick Tante.,2025-07-28T20:19:41
2483,6789,5,Essayer foi élément fond prochain fixer peur devant ramasser.,2025-01-02T01:59:39
2484,8883,4,,2025-07-06T18:18:20
2485,9523,5,Incontrare signora mandare giallo oh nuovo adesso addosso scrivere.,2026-03-01T21:58:38
2486,6430,2,Hin Leben Winter dabei Brief geben Uhr Fußball Junge kurz fliegen.,2025-11-23T05:46:28
2487,9229,5,México mundo caso unidos cuanto próximo las.,2026-01-27T22:50:01
2488,351,5,,2024-11-01T21:17:18
2489,6303,5,,2026-02-15T04:25:17
2490,7812,3,,2024-05-14T16:13:14
2491,8081,5,,2024-06-24T13:07:30
2492,10396,4,Arriver menacer mort respecter malheur reprendre circonstance début or grain confondre danser passé trait poitrine cacher.,2025-09-18T12:50:55
2493,9859,5,Draußen erschrecken waschen hat Angst Haare auch gar beim hier sehen zwei Apfel.,2026-05-17T22:27:42
2494,3354,5,,2025-07-26T21:31:29
2495,9171,5,Notare tuo madre dichiarare esso né scegliere elemento grosso ogni qualità tirare sala.,2025-10-22T09:04:02
2496,7715,2,,2024-09-18T21:55:21
2497,11327,5,Milch zehn müssen Brief von nah Hunger ich alle er einigen Buch einmal dann.,2024-01-21T16:50:32
2498,10155,5,Laborum magni ea in assumenda reiciendis vel libero quidem cumque.,2026-01-24T19:50:36
2499,2548,4,Seite Nase wo warum einfach Onkel Stelle Luft dunkel Jahr verstehen hängen Sache gestern wenn.,2026-03-09T21:28:03
2500,921,4,,2024-04-02T10:13:26
2501,8520,4,Similique et deserunt minus quo ducimus sunt.,2024-04-10T06:12:27
2502,1698,5,Quae iusto consectetur magnam aliquam sunt excepturi necessitatibus et distinctio eligendi corporis deserunt provident nobis tenetur.,2026-02-21T21:37:54
2503,9447,5,Señaló muy personal cuenta uno mañana niño mercado quiere razón internacional.,2024-04-26T09:07:36
2504,11408,5,,2026-05-16T10:28:12
2505,11038,5,Hic tempora officia minima nulla minima deleniti commodi harum dolorem perferendis.,2024-10-09T16:32:04
2506,313,4,Warm ab Flasche waschen heißen wieder andere Zimmer eigentlich.,2025-08-10T11:18:43
2507,3805,5,Accusantium cupiditate iusto voluptatum doloribus quibusdam sequi tempore beatae ipsam nemo nulla id culpa.,2024-09-09T04:10:27
2508,4932,5,Den Seite wird gehen oben heißen hoch später kaufen Papa.,2026-05-31T19:18:40
2509,6694,5,,2024-12-29T19:05:43
2510,1265,4,Título tres único fuera destino amigos puerta veces antes dejar otras jamás puerta.,2026-07-09T01:15:43
2511,10145,4,,2025-04-06T16:19:35
2512,11536,3,Passé ramasser feuille minute voyage assez loi papier présent inconnu reposer agent appeler service.,2025-10-04T11:34:39
2513,1930,3,Giudicare direzione pesare succedere età dire bambina scusare.,2026-04-15T13:27:33
2514,11292,4,,2026-02-06T01:53:35
2515,2543,3,Momento pelle tu accettare posto avere cercare oro poiché.,2026-01-11T04:19:26
2516,10151,2,,2025-06-24T08:41:27
2517,8023,5,Moins obliger ajouter respect montrer marcher chasser regarder accrocher maison écouter autrement politique quelqu'un appeler souvent.,2024-12-29T14:46:37
2518,8656,5,Negro conocimiento problema proceso proceso servicio seis mes nuestras fuentes.,2025-11-30T14:32:10
2519,5343,4,Vieux fortune revoir que patron fin aujourd'hui.,2026-05-04T23:58:29
2520,9896,5,Ii ella relaciones izquierda fuego me nadie d director madre cierto.,2026-02-12T20:34:08
2521,5506,5,Laboriosam pariatur ratione repellendus culpa recusandae modi asperiores molestiae atque.,2025-10-14T10:32:56
2522,4264,4,Mit zu kurz man jeder Familie dabei heißen die.,2025-12-24T05:27:49
2523,10072,4,Collo abito piantare limite grave matrimonio capello gusto si discutere rimanere giardino porta mestiere recente.,2024-07-19T14:30:15
2524,4180,3,Baum oben zehn klettern Welt fragen nach wer.,2024-05-10T04:59:34
2525,4543,3,Voltare bruciare sostenere superare muro ministro potere cuore.,2025-05-15T20:57:32
2526,1010,5,,2026-06-08T18:58:09
2527,1201,4,No estaban proceso son les propio música se difícil noche línea asociación mal.,2024-12-17T09:07:39
2528,7286,5,,2024-08-06T02:09:45
2529,7067,4,,2026-04-17T21:20:51
2530,9619,4,Waschen schwimmen leicht dürfen Frage Buch lange nicht halbe Teller dann Mann vor wahr Glas.,2025-10-23T21:35:37
2531,2128,3,Capaz mujeres estuvo i hablar precios precios busca actividades muestra socialista.,2024-08-25T09:00:55
2532,8597,4,,2025-02-19T00:45:44
2533,3726,5,Maniera davvero caso chi basso simile valore origine foglia ricordo nemmeno capire secondo tendere.,2024-09-10T11:34:57
2534,7870,5,Badare arma numero sostenere tuo giustizia invitare.,2025-12-26T22:49:23
2535,4329,1,Dormir rêve regard demeurer bon faible éviter horizon guerre surveiller chute appuyer bonheur grandir âge.,2025-10-27T17:57:36
2536,8599,3,Admettre sentiment mari intérieur rester roi plaire vivant libre quatre oreille dieu.,2025-03-05T00:45:44
2537,8856,5,Eltern Haare Abend lieb Garten ihm Schule nass lassen erst Sache.,2025-08-12T18:44:09
2538,10175,4,Après front tour hiver poésie dernier santé chaud charger auteur.,2024-10-16T20:16:25
2539,6951,5,Oft ist Freude unter Zimmer das sollen gegen hinter wirklich Wissen Flasche.,2025-11-25T13:59:53
2540,5507,5,,2025-10-17T10:32:56
2541,11190,5,Schicken zwei dazu kennen haben Arbeit dein nach davon ziehen fragen krank Affe bringen gegen.,2025-08-07T18:39:51
2542,8017,2,Rose respecter verre ainsi acheter nourrir question établir terrain difficile montagne.,2025-06-29T10:02:43
2543,5997,5,Compte répondre silencieux simplement regard ce signe reposer entendre assurer.,2024-01-06T20:09:35
2544,10058,1,,2025-03-18T17:35:49
2545,2800,1,Distanza sogno padre salvare lavorare storia serio.,2026-01-26T18:16:07
2546,4551,4,Ailleurs choix dont ressembler simplement fenêtre loi flot douze afin de ci représenter bois puis.,2026-03-29T17:10:25
2547,1221,5,Rimettere comune improvviso provincia funzione città francese sangue centrale grazia vostro qualcosa scappare.,2026-04-25T11:44:43
2548,1296,2,Apercevoir détail ton secrétaire instant trois compagnie éclairer ton étaler.,2025-11-13T14:21:24
2549,6659,5,Offen hören sehr Brief Tante Fenster neu wollen hängen.,2026-06-09T03:58:02
2550,10322,3,Quos quis suscipit exercitationem optio saepe inventore explicabo sapiente impedit voluptatem magni officiis neque distinctio.,2024-09-02T22:34:53
2551,8931,3,Vitae fuga voluptates ab consequatur occaecati beatae hic laborum doloribus velit eos harum laudantium totam aspernatur.,2025-02-04T20:41:01
2552,8229,5,Naturalmente controllo estendere sottile chiedere nemmeno contatto favore fuori riportare nulla marito quarto.,2026-03-19T08:20:46
2553,332,5,Maxime ut aliquam praesentium sunt illum neque unde quas ut cupiditate assumenda veritatis labore repellendus.,2025-06-18T08:25:39
2554,2011,5,,2025-03-29T21:07:07
2555,883,4,Fuera humana padre día existe llevar hora finalmente otra.,2024-11-11T22:48:52
2556,57,5,Reprehenderit fugiat amet veniam fugit laborum provident commodi architecto aspernatur tempore.,2025-12-28T20:10:42
2557,1934,2,,2026-07-10T01:15:46
2558,10259,4,Croix votre erreur gros de d'autres ici changer quoi époque tard complet personnage.,2026-06-26T05:48:19
2559,4611,4,,2025-02-06T13:38:10
2560,11242,2,,2026-02-24T23:54:40
2561,3000,5,Événement accompagner souffrance banc entrée achever amuser abri queue fusil choisir reste âgé inquiéter.,2026-02-10T06:54:14
2562,7074,5,,2025-03-27T12:22:35
2563,10188,5,,2024-10-04T22:26:49
2564,6868,5,Cupiditate quam consectetur qui voluptatum ab nulla odit consequatur iure ducimus optio laboriosam praesentium.,2025-11-15T03:26:28
2565,11375,4,,2026-03-04T06:56:01
2566,1666,5,Fugiat eius sed tempora nihil reprehenderit nesciunt dolorum a natus repudiandae iusto odio.,2025-02-14T16:01:35
2567,1096,4,Page moindre réunir vous grand morceau conduire leur soi briser aspect confiance abattre.,2025-04-04T23:38:02
2568,3764,4,Congreso carrera demás aumento información fuera proyectos miguel comercio considera ellas parecía.,2026-01-15T16:24:57
2569,2370,2,,2025-01-21T15:28:14
2570,1031,4,,2025-12-26T12:22:40
2571,6705,4,,2025-09-07T00:06:42
2572,9435,5,Chant plaire soit bord rideau devoir contraire importance caractère hasard autorité.,2024-10-06T16:06:13
2573,9193,3,Erklären nein reich traurig Stadt verkaufen fünf essen tief wohl.,2025-05-10T09:43:15
2574,1361,5,Maiores eum quis corrupti deleniti at ipsam iure earum voluptatum nemo accusamus odit veritatis voluptatem illum.,2025-05-25T19:42:36
2575,9385,5,Volver sangre uno conocimiento enero aquellos sabe cuerpo largo están.,2024-09-23T08:05:15
2576,4897,4,Autem aspernatur repellendus inventore officia nemo natus soluta repudiandae quasi saepe quos atque.,2024-02-10T16:36:17
2577,2402,5,Weg Glas gehen Mensch vielleicht jung gefährlich weit lieb halbe fliegen Tisch.,2026-05-06T04:14:24
2578,10835,3,Voluptatibus amet tempora maxime explicabo harum quibusdam facere.,2025-12-20T15:13:53
2579,9303,4,,2026-05-23T01:51:19
2580,5089,5,Fils chose sourire fatiguer aspect attacher rôle ça assister appeler action rompre commencer course.,2024-09-01T04:43:34
2581,4866,4,Brief noch und wichtig Familie können Leben im Feuer Bauer kochen war rund hinter Ende.,2026-01-29T23:04:45
2582,5021,1,Base accogliere sociale elemento situazione qualunque credere giudizio provincia suo lei poiché padrone commercio comporre.,2026-01-16T08:06:54
2583,6733,4,Recuerdo él aspectos manuel cuanto mitad diversos gobierno mi europea humanos nadie libros.,2024-06-15T04:14:31
2584,8891,5,In Licht beim fragen stark sollen Schnee Freude zwei Geschenk Gesicht davon bei Finger Brief.,2024-11-08T22:28:17
2585,2976,3,Quae repellendus dolorum rerum beatae repellat officiis quis aliquam rem itaque.,2024-10-04T22:55:46
2586,3779,1,Zimmer Onkel über nicht Vogel offen gar bald wirklich Papa Stelle Berg setzen Wagen.,2025-06-01T04:36:31
2587,2789,5,Piano trattare generale europeo tra colore preoccupare confronto interno carta contrario commissione chiave comune difficoltà.,2024-01-23T20:02:41
2588,8501,4,Illum amet minus rem voluptatibus vitae quod.,2026-03-12T00:03:17
2589,5108,4,Unten am einmal als mich hängen plötzlich.,2024-11-04T12:31:15
2590,3154,3,Existen tierra menor persona obra acerca casa mar consejo.,2025-11-17T19:13:05
2591,802,3,Transformer comme folie vêtement ci doigt sujet arbre saison traiter proposer consulter nature fin de patron.,2025-11-19T04:07:40
2592,8373,5,Böse schlecht letzte Zeitung Musik gesund Haus fest Schnee heiß See.,2025-01-23T10:51:44
2593,5362,5,Minima odit dolores suscipit unde id quae dolorum sint beatae.,2024-07-04T02:00:24
2594,6103,4,Vier so Jahr halten Auge tun man freuen.,2025-01-21T00:35:46
2595,10166,4,Mandare lettera romano malattia prendere espressione soldato carne popolo dubbio su capitare passato classe.,2025-11-27T19:25:19
2596,3449,4,Voluptatibus magnam sint dolorum sapiente reprehenderit error rem itaque vitae.,2024-09-22T03:38:57
2597,1113,5,Offrir plonger pleurer drôle as monde seconde chacun seuil si.,2025-01-10T09:09:43
2598,3710,5,,2024-02-09T00:57:20
2599,8503,5,Freude Brief kein Wagen vorbei ja seit sein Spiel.,2025-11-20T10:43:11
2600,3556,1,Ut non placeat harum aliquid rerum occaecati consectetur perferendis.,2025-10-19T10:16:55
2601,10955,3,,2026-03-14T11:45:59
2602,7347,4,Neun überall Name kann Minute Gesicht schwer sofort Bruder Haare Herz dauern.,2025-08-02T09:36:57
2603,9511,5,Draußen fiel Wagen Zeit Winter will holen Winter schwer jung.,2026-03-06T00:23:32
2604,10265,4,Moindre complètement venir dessiner fixer son toute dur calme visage souvenir clef enfin.,2024-08-10T20:56:36
2605,6222,5,,2025-03-12T17:32:03
2606,1971,3,Modi ad sed reprehenderit nisi eaque esse voluptas culpa esse.,2024-11-02T03:08:02
2607,3356,2,,2026-07-19T05:19:23
2608,7307,5,Chemise par nez joie mesure but vide vague vers part propre devoir roman.,2024-01-12T20:26:05
2609,7799,3,Temere produzione domani minuto rapido lavorare sacro spalla presto pericolo movimento entro ufficiale.,2025-01-21T09:19:18
2610,1365,4,Aspectos clase rey misma naturaleza favor justicia mejores.,2026-03-12T20:17:31
2611,652,4,Puis sable chose jeunesse anglais pareil quarante vieux voisin soirée absolument arrêter prière tombe.,2025-05-20T03:16:47
2612,8041,3,,2025-11-29T04:16:37
2613,11225,5,Relever grain conseil toute genou bien comme guerre comment composer amour éclat.,2025-09-02T04:22:49
2614,9128,5,Resto maestro nero muovere regione volta terreno improvviso li.,2025-12-29T09:50:44
2615,10519,5,Pablo derecho también medios decisión comunidad si diferencia importante paso campaña militares aparece hombre.,2026-02-24T18:43:15
2616,1920,4,,2024-02-21T09:27:59
2617,8387,5,Vielleicht Wiese Bruder früher Sonne Pferd Bein kalt reiten arbeiten genau beim.,2025-06-17T14:48:10
2618,11042,3,Commodi molestias fugit voluptas repellendus at impedit voluptate error eum quia harum iusto.,2025-11-04T18:33:58
2619,6551,5,Garder terrible fenêtre grâce enfant condamner debout croire digne.,2024-09-19T03:18:50
2620,8812,4,Expedita modi odit quis eaque illo nihil aut esse iure.,2024-10-01T03:01:38
2621,2564,4,,2024-06-29T04:30:24
2622,10400,5,Liegen sitzen rot ob Fußball Schüler Straße Fenster das Monat.,2025-12-28T22:16:06
2623,5487,3,Führen acht weit Erde ja bekommen tun gehören Woche was dann Zeitung warm Hase glücklich.,2025-01-20T20:30:41
2624,1701,4,Essen Geld ist rechnen Vogel Lehrer schön sie wer sicher gelb Herz.,2024-10-19T04:22:05
2625,3305,5,Studiare entrare giocare volgere attraversare ragazza sole cattolico bestia.,2024-10-18T11:05:53
2626,10500,4,Pone pedro mí esos argentina práctica joven conseguir plaza izquierda.,2026-06-03T05:15:28
2627,6445,4,,2025-07-01T05:16:05
2628,6300,5,Temas psoe podía ella mujer miguel dejar cara esto juicio difícil ello.,2024-12-20T09:49:56
2629,9849,5,Baisser politique véritable étaler depuis approcher chiffre or manquer regarder tel françois force seul seul.,2026-05-02T21:31:50
2630,4149,4,Dipendere mettere segreto quanto pensare dormire sapere pubblico.,2026-01-05T15:32:25
2631,2815,4,Sind eigentlich packen blau Loch wenn Wetter ziehen jeder Finger packen.,2026-01-13T05:26:06
2632,11425,5,,2026-02-06T04:09:04
2633,5239,4,Semblable frère avec but sens siècle fusil chemise aucun.,2024-03-05T20:45:25
2634,798,5,,2025-09-07T22:36:52
2635,7848,3,Traverser trait écraser parti élever intention île trouver parole veiller prétendre monter pourquoi environ chaud.,2024-02-26T23:04:22
2636,297,4,,2026-01-28T18:31:32
2637,11244,5,Iure similique fugit veniam saepe neque recusandae velit dolorem accusamus commodi ratione ipsa molestias nam.,2025-03-12T07:07:54
2638,1753,4,Sapiente sunt explicabo eligendi dicta repellendus reprehenderit in voluptas.,2024-12-23T17:48:44
2639,9926,1,Otros objetivo constitución voz octubre noviembre peor ejemplo.,2025-05-10T11:13:34
2640,4590,4,Manos existencia entrar palabras recuerdo características marcha pueden cara.,2026-02-27T14:40:44
2641,7997,4,Iste velit rem suscipit odit veniam ut error alias molestiae aperiam odit consequuntur.,2024-10-26T01:30:30
2642,460,3,Agir delà course puisque fixer si page pied.,2025-08-27T23:47:53
2643,4878,1,Gobierno radio donde resulta fútbol sur últimos ciudad como.,2025-09-26T19:03:14
2644,2017,2,Dividere fuoco passato economico armare inutile voi abbandonare giro scienza procedere comprendere cucina festa presenza.,2026-05-01T08:03:01
2645,101,5,Mi atrás después suelo pesar r garcía propuesta costa mercado hospital puede político eso público alta.,2024-02-20T21:11:55
2646,4785,5,Supposer occasion personne facile voyager dans loi changer voisin trente durer travers continuer manier compter présent.,2025-12-09T22:45:02
2647,6660,5,,2025-05-10T18:14:23
2648,11347,3,Temporibus nesciunt eum ipsa suscipit odit provident.,2025-11-09T19:37:43
2649,1259,5,América tenían problemas cuya blanca muy temas también presidente pese sentido manuel dios mayor.,2025-08-09T13:32:02
2650,5302,3,,2025-07-09T14:06:23
2651,2293,1,,2025-01-03T13:07:43
2652,5366,4,Notizia giungere modo natura coscienza massimo coraggio anzi nascere annunciare internazionale francese secolo sacrificio cucina giusto.,2026-05-28T01:44:45
2653,7106,5,Ciel cuisine marché coûter long militaire combat devoir terre.,2026-01-27T09:28:43
2654,361,2,Según flores una nada tierra debía parece armas cine.,2024-10-30T01:46:56
2655,129,4,Eis See Geschenk schreien auch Opa legen nicht heißen wo vergessen.,2026-04-01T15:31:25
2656,4671,3,,2025-02-17T10:58:09
2657,5958,4,,2026-04-16T10:36:42
2658,5209,4,Visto persona hacerlo objeto pero podía libros.,2025-04-10T16:37:30
2659,6276,4,Incidunt sunt veritatis error quidem neque iste reprehenderit ullam cupiditate.,2026-01-12T18:04:55
2660,4591,5,Fin avenir lequel livre social morceau fille comment souffler ah.,2025-03-10T02:21:53
2661,11142,5,,2025-07-30T05:19:25
2662,9211,4,Quae ipsam quas animi assumenda sapiente temporibus officia minus minima in quisquam quam.,2026-02-24T00:38:00
2663,1545,4,Vert il endormir contenir sein élever deviner éteindre ruine gagner interroger épais résistance.,2025-02-08T03:51:24
2664,5555,4,Sint debitis labore voluptas cupiditate ipsam labore ipsam quidem.,2025-01-20T04:49:06
2665,11134,4,,2024-11-03T08:51:58
2666,3790,5,,2024-09-14T21:23:35
2667,6475,3,,2025-05-25T17:57:18
2668,10570,5,,2024-08-06T08:12:08
2669,7092,4,,2025-11-20T02:32:01
2670,2404,5,,2025-04-27T16:12:41
2671,3851,5,,2025-10-07T01:34:06
2672,7051,5,Liegen acht fährt Geld bekommen Schwester dort stark Wort rennen dazu fahren schwer uns Papa.,2024-09-15T18:34:34
2673,633,4,Grado reale giugno calcio istante compagno produrre attorno natura attività mattina udire interesse caro.,2024-06-21T15:10:27
2674,5100,4,,2024-04-30T14:01:06
2675,11141,5,,2025-08-01T05:19:25
2676,11132,3,Quiere viaje asunto estamos justicia máximo recuerdo humanos estructura argentina chile parís ellas.,2025-03-08T01:46:29
2677,8608,5,Avenir maître parcourir poche tomber pitié où lentement livre enfoncer rouge d'autres loi rapide comme sang.,2025-02-22T19:16:37
2678,6335,5,Wort spielen später Bett jeder gesund bald Flasche Stück dunkel.,2024-08-24T12:24:16
2679,5680,5,Voluptates explicabo neque itaque eligendi magnam assumenda.,2025-07-22T07:12:03
2680,4888,4,Forêt hasard verser fidèle lequel hauteur même devoir tendre supérieur.,2026-05-03T01:11:44
2681,10613,5,Erst so Schnee für Stück klein dein fertig glücklich Frage warum wollen sitzen fast Nase unter.,2026-01-29T07:56:04
2682,8881,3,,2024-03-22T03:01:18
2683,4581,5,Laborum magni culpa pariatur vero vel inventore necessitatibus corrupti enim nemo numquam sit asperiores eos.,2026-05-05T17:51:04
2684,972,4,Primeras puerto manera p boca alguien siete deseo centros madre.,2025-06-19T00:15:32
2685,752,4,Fatiguer brûler dire or soumettre annoncer cinquante oeil chasser moindre depuis gris.,2025-01-19T04:49:49
2686,3944,5,Entrare saltare settimana gettare questione conservare dare preciso sogno polizia lei comporre girare.,2025-03-09T18:54:26
2687,10728,5,Similique libero aliquid error praesentium nobis non non commodi at perspiciatis quos explicabo commodi.,2024-08-25T00:30:30
2688,977,4,Laborum quam voluptatibus eaque ad voluptate dolorum aut possimus sint.,2025-10-15T05:38:07
2689,1098,4,,2025-06-27T02:51:17
2690,432,4,Chiaro aspetto accogliere ognuno ragazza morte nave loro.,2025-06-13T20:51:22
2691,1151,4,Weinen Angst seit er Platz Wissen so kochen genau bringen vielleicht Weihnachten ist rennen Zug.,2026-07-12T09:53:53
2692,4375,3,,2025-11-17T18:47:53
2693,4585,5,,2025-11-16T16:08:34
2694,6134,5,,2026-07-13T20:37:12
2695,6915,5,,2026-05-06T23:42:47
2696,6974,4,Repas surveiller même guerre arme haut goutte genre partager.,2025-02-23T22:15:35
2697,6817,5,Klettern Geschichte wie wenig fliegen Onkel an.,2024-09-06T18:31:59
2698,900,3,,2025-06-19T17:45:16
2699,4839,5,Sposare bagno notevole fatica ricevere dente dedicare principe estremo.,2025-07-13T00:51:49
2700,1663,5,Genau da wo Monate sein bleiben Rad wir freuen blau mit früher scheinen Stück.,2025-06-12T01:12:17
2701,3089,5,Mauvais droit hier signe cours circonstance où réfléchir acheter but.,2026-06-22T14:34:10
2702,2607,4,Beau point jeu toi mari rendre titre joie content note chaise ensuite sang cinq qualité.,2025-07-03T16:55:02
2703,5278,4,Amet minima enim ex occaecati velit praesentium explicabo dignissimos deleniti dignissimos occaecati consequuntur repudiandae.,2025-09-25T02:19:19
2704,4351,5,Distinguere valere partito regno maestro imporre tacere raccogliere difficile età dubbio motivo profondo provocare riprendere pomeriggio.,2025-11-25T03:59:27
2705,2682,5,Porro laudantium in quae voluptatum laborum reprehenderit suscipit.,2026-05-11T09:06:05
2706,10030,4,,2025-01-11T18:03:58
2707,6912,5,Bein bekommen Brief Sohn Teller laufen andere Bauer Stadt Klasse wohnen für voll steigen.,2026-06-18T20:43:56
2708,4801,5,Aspecto conciencia causa existen habría creación servicio formación.,2025-07-01T16:21:51
2709,7091,4,Accadere vi fenomeno assumere come processo povero ricevere papà.,2024-08-11T18:45:43
2710,3390,4,Wahr schwarz springen suchen Leute las bauen Name Leben gelb leise Geschichte Glück.,2025-02-06T16:13:47
2711,10101,5,,2024-03-23T01:32:58
2712,121,4,Existe vino arte encuentro fiscal situación partes propio.,2024-01-28T11:21:20
2713,3669,5,Cheveu homme tempête verser dimanche voie précéder réduire dangereux table tromper découvrir étranger siècle connaissance.,2025-11-08T06:49:56
2714,4304,5,,2024-11-17T04:49:11
2715,7828,3,Queue occasion machine valeur que échapper véritable chef politique éviter sable petit éternel ensuite mari.,2024-12-26T00:41:43
2716,7034,5,Am wenig steigen waschen schwimmen Pferd fiel zwischen kein Familie.,2025-03-28T20:26:35
2717,4156,4,Giugno chiamare brutto finché importare padre scendere corpo dito risolvere dunque affermare ricco sicurezza possibilità.,2026-06-17T15:02:21
2718,10177,4,,2026-01-07T11:59:32
2719,1598,5,Eum cum eum dolores mollitia architecto ex.,2025-03-09T01:56:03
2720,5257,4,,2024-02-01T09:31:14
2721,6517,4,,2024-11-13T06:31:53
2722,3425,4,,2024-08-16T03:01:51
2723,7279,4,Rennen Minutenmir zurück eigentlich rechnen Eis weinen zehn das baden klettern hinter Wetter.,2026-05-06T12:40:17
2724,1885,4,Es causa campo permite otros programas políticas corazón.,2025-09-15T12:11:39
2725,3225,3,Etwas allein denken zeigen nach dir das Pferd Vogel nie sicher Fuß gesund heiß eigentlich.,2025-02-22T10:05:58
2726,952,5,Nuage dont ici danser dehors résister métier siècle changer.,2026-05-16T07:22:02
2727,10563,4,Consectetur accusantium quod magni quia voluptatem ducimus at suscipit sed architecto reiciendis quae eius error quis.,2025-05-09T16:32:02
2728,850,3,Beatae magnam nihil nam vel libero dolorum earum debitis amet nam.,2025-07-24T09:12:07
2729,5840,5,Vogel Boden Seite genau holen legen Platz erklären schaffen Brief müde schwimmen schlagen.,2025-08-25T09:10:50
2730,2911,1,Voler changement paquet deviner désirer visite interroger importer combien nul fusil saluer où.,2024-04-08T01:46:18
2731,2098,5,Strumento costruire voce piacere qualsiasi fiume affrontare usare cioè andare appoggiare avvertire secondo.,2026-01-10T13:55:52
2732,5156,5,Seguro edad tener comunicación medio mis estados destino cosas viejo.,2025-07-09T02:25:57
2733,11055,3,Consejo mediante derecho vivir mismos electoral secretario medios comisión tener momentos apenas mañana evitar elementos.,2025-11-01T10:07:51
2734,3349,3,Ambiente solo base milione rispetto cattivo imporre speciale distruggere riferire.,2025-11-09T05:33:07
2735,9357,3,Doloremque sint et nisi debitis labore quidem at nihil aliquid repudiandae velit deleniti excepturi officia.,2025-12-29T09:21:11
2736,6968,5,Wiese Sommer Geld andere nicht legen dem nein Küche fehlen seit Schwester reiten hinein.,2025-01-10T04:32:41
2737,6019,5,Rapporter voiture vous caresser toi se intérieur servir nuage tromper chiffre simple paix revenir aventure.,2025-12-13T09:53:35
2738,2663,4,Mais huit voisin haïr traîner plante sueur.,2024-10-17T20:44:58
2739,1131,4,,2025-06-03T22:58:32
2740,10264,5,Importante parecchio milione sacrificio metro festa professore pronto sognare giro padre elevare pace.,2024-08-21T20:56:36
2741,9615,4,Nihil assumenda nihil sint minima perferendis labore iste eum veniam neque officiis.,2024-04-30T03:44:45
2742,3492,4,Quisquam hic vero magni recusandae accusantium optio nihil dolore dolorem nemo fugit recusandae veritatis necessitatibus.,2024-03-28T05:01:56
2743,305,2,,2025-04-07T13:34:24
2744,1794,5,Plaisir couvrir juger précéder prier port sonner pur accomplir lutte larme selon.,2025-09-14T17:19:51
2745,6346,5,Serie universidad económico realizar pudo ejército energía ni comercio.,2025-11-17T18:08:31
2746,7655,4,Perfetto sì conoscenza parete comune caratteristico ringraziare brutto favore annunciare attore legare.,2025-08-15T00:42:41
2747,1220,2,Quién modelo favor qué viejo llegó estado debía televisión televisión asunto programas primeras siete vida.,2026-06-22T18:06:54
2748,7131,3,Haben Wohnung oder warm genau anfangen wünschen jeder legen schlecht Oma Hilfe.,2025-01-11T06:03:51
2749,3730,4,,2025-08-11T20:07:50
2750,11034,4,Labbro sud croce quasi meritare commissione mentre settimana spalla medico legge girare risolvere porre aiuto zia.,2026-03-01T04:35:47
2751,10521,2,Puisque monsieur accompagner habiller joli discours résistance traiter.,2024-05-04T21:09:16
2752,11066,4,,2024-09-16T16:10:02
2753,3301,4,Relation garde beauté auteur vague regarder cruel oncle.,2025-10-28T22:58:49
2754,8995,2,Leben hängen drei gewinnen denn Spaß Luft sieben um einige um warum weit.,2026-06-12T06:46:57
2755,985,5,Dove lingua chiudere gioia coraggio dente senso avvocato realtà ma spesso bambino peso capace.,2024-11-03T20:18:00
2756,10300,5,Falta tarde autoridades sido seguro cuarto nos tú frente.,2026-02-25T06:04:49
2757,8760,5,Nur einigen lange Maus Abend etwas lieb hart Berg und ist Mensch für tief Mann.,2025-12-13T22:10:21
2758,4644,4,Decía medida diciembre ya izquierda conseguir ciencia blanco m pasó también maría revolución.,2025-12-22T13:02:04
2759,9330,3,,2025-06-25T08:08:08
2760,178,4,Origen evitar libros fin arte fuerzas él capital alguna técnica.,2026-03-18T19:22:47
2761,2797,5,Laboriosam eveniet nam aspernatur quas quo cumque saepe quia dolores labore quas.,2026-04-30T00:53:59
2762,5875,4,Ad aliquid rem aspernatur optio incidunt error quasi soluta porro ab sapiente perspiciatis repellat saepe porro.,2026-06-23T13:24:32
2763,9370,4,Aliquam dicta minus inventore a eos quibusdam occaecati vel.,2025-07-07T04:18:38
2764,3409,3,,2024-06-27T07:32:02
2765,10348,5,,2024-10-01T05:08:46
2766,7095,5,Distinguer marchand lire digne oui époque agent longtemps juste etc.,2026-04-11T04:52:07
2767,207,5,Alle helfen fliegen kann fröhlich Spiel da klein.,2026-04-18T01:45:45
2768,10290,4,Möglich voll dauern ich Leute Wissen Wasser.,2024-06-14T07:32:55
2769,6409,5,,2026-02-19T07:56:31
2770,6035,5,Chercher impossible parvenir finir aller moment rêve dès gouvernement personne art inventer.,2025-11-13T15:55:25
2771,4109,5,Fußball müde Beispiel wohnen legen der werfen Sonntag jeder schwer Sommer wirklich es.,2025-07-23T17:14:53
2772,92,5,Storico quello desiderio scena giorno montagna sorriso giustizia crescere campo comprendere.,2024-10-17T16:48:25
2773,7584,4,Klein heiß reiten fährt rennen gefährlich wissen bald einfach darin fährt.,2025-04-11T14:25:48
2774,10476,5,,2026-07-11T08:00:07
2775,5959,5,,2026-04-13T10:36:42
2776,11233,4,,2024-05-20T15:21:13
2777,9099,5,Lehrer Polizei ist wissen waschen Zeitung und heraus lange uns essen dazu immer weinen gegen.,2026-03-29T10:23:45
2778,1042,4,Wirklich Frau kaufen sagen Wissen groß natürlich Luft.,2025-03-23T12:27:05
2779,9393,5,Proporre gettare quello tipo unire aspetto tratto.,2024-10-15T08:19:27
2780,1127,4,Pourtant remonter connaître haut apporter page magnifique coup chasse flamme distinguer exprimer qualité rejoindre côte.,2026-03-23T19:38:05
2781,1902,4,,2024-11-11T02:55:08
2782,3464,4,Magnam perferendis temporibus consequatur exercitationem tenetur minus aliquid facilis.,2025-05-18T18:37:28
2783,6337,5,Quas at dicta quidem nobis cumque vitae tempore fuga omnis alias ad harum.,2025-10-07T23:13:54
2784,7934,5,Envelopper venir sens inquiéter rocher second après résistance fait.,2026-06-08T03:18:25
2785,855,4,Vez mundo capaz forma gracias por después sistema época o salida hubiera.,2024-05-07T19:58:59
2786,2975,4,Denn Jahr gut gestern schicken gewinnen verstecken Mädchen früh gern wie.,2025-12-10T13:53:22
2787,10270,5,Éste produce artículo fútbol sigue resultados obras edad comunidad congreso cara región va productos puede.,2026-04-21T05:02:07
2788,4161,3,Ombre agiter cruel comme son fait cou.,2024-12-29T08:53:33
2789,2708,5,,2025-11-04T15:35:12
2790,2185,5,Fisch kochen Ding laut sechs vor Hand Vater Fisch schlagen weit Wissen.,2026-07-01T10:50:56
2791,8776,5,At nemo voluptatibus nesciunt tempora iusto mollitia rem quisquam fugiat dolorum velit iste.,2025-11-19T03:19:40
2792,6641,5,,2025-09-24T03:47:23
2793,6221,5,Fuga sunt rem voluptatem consequatur repudiandae nesciunt animi.,2025-11-15T12:06:51
2794,8581,2,Direttore cioè sera levare ne avvertire limitare sangue massa.,2026-03-09T20:41:35
2795,743,4,Modi dolores aut maiores maxime earum ratione numquam tenetur aliquid.,2024-01-30T22:04:10
2796,747,4,,2024-06-30T11:25:44
2797,1061,5,Parece voluntad principio cosa paz investigación vuelta estas área segunda quien cómo.,2025-03-17T20:59:44
2798,5755,5,,2024-04-27T01:16:26
2799,916,3,Lato assoluto grigio autorità assicurare battere monte tornare croce egli mattino chiave.,2026-02-04T06:01:46
2800,3030,4,Quam aliquid placeat quis id corporis expedita magni reiciendis nobis cumque labore eum.,2024-02-23T15:32:30
2801,10012,2,Voluptatum eos ipsa consectetur in ducimus esse impedit repudiandae aspernatur inventore corporis magni hic.,2025-07-22T08:57:24
2802,7232,5,Principio dimostrare quadro domenica qualcuno pietà condizione mare passare bestia ragazzo rivoluzione.,2024-02-08T20:42:42
2803,9111,4,Marier françois discussion assister professeur titre montrer.,2026-06-04T03:13:29
2804,4768,4,,2024-05-06T10:28:46
2805,5018,4,Visage esprit absolument entre moi répandre secours.,2025-06-25T00:13:52
2806,7953,2,Geld Monate fressen Geschichte leicht seit Minutenmir Schuh gar mal werden fahren Fußball Stück davon Bild.,2026-07-01T19:28:40
2807,3771,4,Ihr braun schlagen Tür dunkel Fenster nehmen beim dazu glücklich suchen.,2025-09-07T19:53:48
2808,1867,3,Gleich Pferd Ding gehen brauchen steigen legen Vater turnen.,2024-11-06T16:43:19
2809,412,5,,2026-05-20T00:01:29
2810,7955,4,Chiedere ci intorno interessare moderno desiderare sostenere famiglia paura messa esso cominciare cadere restare.,2025-04-03T06:16:33
2811,6709,5,Vostro salire istante imporre simile padrone punta controllo giustizia costa operazione distruggere caffè comprare salvare.,2025-07-28T12:35:23
2812,2132,4,Riempire ancora estate gruppo pietra partito vendere futuro resistere bambina costruire.,2024-11-01T11:06:05
2813,5058,5,,2024-10-08T17:09:42
2814,2398,4,Él hombre tampoco modo mayo mejores blanco muestra europea tú única hombres acerca cara abril muerte.,2025-09-05T23:36:56
2815,9579,3,Décider caractère caractère représenter beau comment bas pays cacher bruit nommer long ouvrir quitter.,2026-04-03T05:56:32
2816,9050,3,Piantare russo breve giù qualità esame bambino mentre largo compiere battere giovanotto legge fede aprire abbastanza.,2025-08-18T07:26:04
2817,11451,3,Prato atteggiamento vendere tuttavia controllo no parola pianura conoscere.,2026-05-25T23:56:06
2818,9355,4,Veniam soluta illum quidem iusto reprehenderit corporis tenetur ex tenetur amet vel fugiat iure animi.,2024-12-28T00:32:36
2819,6349,4,Giustizia almeno bisogno perfino servizio vestito istituto libertà ogni gridare onore attimo dire viso regione.,2025-05-30T11:55:59
2820,10919,4,,2026-05-22T02:43:09
2821,2103,1,Paquet social comment malade coeur impossible nombreux forme delà vin par montrer acheter note malgré.,2026-02-03T16:58:02
2822,1448,5,,2025-09-01T01:10:50
2823,11037,5,,2024-10-03T16:32:04
2824,3580,2,,2025-02-25T22:41:59
2825,6533,4,,2025-05-13T06:03:02
2826,5941,4,Optio eos repudiandae quas delectus corrupti quaerat maxime.,2024-11-22T09:52:33
2827,5231,4,Formas luis embargo encontrar congreso junto aquí espacio una sur precios durante resultados mujeres teoría.,2024-12-25T10:47:04
2828,3718,2,Gloire passé sol discussion encore ciel lever roman vers étoile.,2025-10-25T14:19:12
2829,99,3,Dolore esse cum doloremque aperiam rerum eaque laborum magni voluptatem accusamus quas error a distinctio.,2026-04-02T13:43:32
2830,10429,5,Là notizia togliere compagno nemmeno giovanotto morale pezzo essere mancare pure.,2024-07-05T20:57:58
2831,9756,5,,2025-03-11T08:12:22
2832,10822,5,Sonntag unten sitzen seit an schlafen vielleicht merken braun.,2025-06-14T21:10:32
2833,2522,4,,2025-01-21T03:49:52
2834,7941,5,,2025-05-31T17:47:52
2835,7667,5,Ouvrage pourquoi moment apparence peine changer courir livrer règle.,2026-06-04T00:32:51
2836,7536,5,,2026-06-09T05:59:37
2837,2367,2,Casa evitar pudo memoria ciento organización presenta centro ideas ejército.,2025-04-04T10:56:15
2838,11413,5,Comercio finalmente equipo distintas mañana nuevas algunas sola libros anterior mal tenía control agua seguir.,2026-01-19T10:15:03
2839,229,5,,2025-03-23T00:20:17
2840,4573,4,,2024-02-20T22:05:31
2841,4903,4,,2024-05-13T21:19:25
2842,3324,5,Intereses momento servicio trabajadores mundial económica premio debía pasar la español interior antonio buen juez lado.,2025-04-17T13:04:45
2843,10605,5,Preciso qualunque ritornare contento relazione faccia spingere grave pomeriggio effetto continuo eccetera via battaglia felice vivo.,2025-11-21T23:15:30
2844,3594,5,Intendere specie giocare preferire durare denaro lingua ricco improvviso monte civiltà sala croce ritrovare male volto.,2024-07-17T02:35:23
2845,5237,5,Polizei tun zwischen wollen gewinnen schlecht warm.,2024-05-08T12:23:05
2846,11544,4,Scrittore mancare istituto svolgere azione comunicazione servire oppure fratello comunque speciale ordinare mercato.,2025-08-09T18:03:32
2847,8978,5,Nihil maxime excepturi exercitationem facilis nobis cum dicta repellat fugiat in alias aut quo.,2026-02-06T03:50:48
2848,4898,4,Zur Nacht Wald vor sich Arbeit um fast haben fast doch.,2024-02-08T16:36:17
2849,1299,4,,2025-07-04T01:47:43
2850,4698,5,Schon Platz es zurück dir Jahr merken Gesicht ging Freude.,2024-12-03T05:29:18
2851,4724,5,,2025-02-09T21:29:12
2852,6987,5,Spaß blau Eltern der jung früher bin Herr gehen vorbei braun Berg schenken haben zur.,2026-07-14T11:56:15
2853,5508,5,Envie course voyager dessus pourquoi prouver taire déposer.,2025-06-13T05:32:05
2854,570,4,Tacere utile partecipare straniero giornata intendere valere anno reale ricco luna domani produrre.,2025-09-20T23:43:09
2855,2257,4,Pour lever réunir difficile forêt davantage point maintenant reste veiller silence soleil attacher aujourd'hui poursuivre.,2026-06-11T13:23:44
2856,8665,5,Concetto attento internazionale sicurezza intanto felice interesse dovere tentare principio porre conservare ora alcuno giù.,2026-03-24T08:08:16
2857,2799,4,Sein ihn ihm fragen Auto frei stellen Essen Haare Opa nennen Garten Weg.,2026-06-18T23:29:47
2858,7094,2,,2026-04-10T04:52:07
2859,5596,4,Peuple faim ci puisque au lisser sourire haut supérieur obéir instant prison nombreux champ ombre avec.,2024-06-13T22:34:04
2860,2867,4,Serie porque jóvenes algo puede soy sabe opinión público niño.,2025-06-19T09:04:14
2861,7414,3,Cabeza naturaleza humana quiero ya que hemos hubo encontrar.,2026-06-23T18:16:13
2862,1279,4,,2025-09-18T08:28:59
2863,4359,5,Nobis eaque et saepe ipsa aspernatur unde at expedita doloremque dicta numquam laudantium.,2025-02-28T02:42:25
2864,1873,5,,2026-05-27T15:30:23
2865,261,4,Sprechen bringen Loch können erzählen traurig schlafen zwischen Zeitung zwischen mit.,2024-07-10T09:32:45
2866,6328,5,Relazione vestito raggiungere sguardo addosso ora acqua voi piano.,2024-01-08T20:47:14
2867,943,3,Sagen oben Abend gibt sind ruhig sieben bis an ob essen Eis Stück beim klein.,2026-06-24T14:57:20
2868,3335,5,,2025-03-29T14:33:32
2869,5094,4,,2025-12-31T16:49:34
2870,113,5,Wetter ihm singen kann glücklich Bruder Hunger.,2024-10-29T08:02:51
2871,8765,5,,2025-11-16T21:44:47
2872,1599,4,Taire chaise toit son surtout pousser entrer encore en vaincre.,2025-03-10T01:56:03
2873,9796,5,Consequuntur dolorem corporis facilis necessitatibus vel placeat.,2026-03-30T15:35:51
2874,452,5,Proposito patria capire europeo vario chiudere foglia sociale spirito voglia spegnere mamma frutto invece ferire.,2024-09-17T00:43:51
2875,2319,5,,2024-07-29T20:46:54
2876,427,3,,2025-10-02T06:23:03
2877,3241,5,Étranger compagnie chaise intéresser quel soit amuser oncle entrer annoncer.,2026-02-28T18:37:13
2878,5963,4,An dir ab nie ihm vor Erde dick Jahr lange Papa Eis Schuh vor wissen ins.,2025-04-23T09:51:26
2879,7230,5,Aider devant plusieurs soulever court vieux ouvrir poche confondre jouer droite.,2025-03-14T13:21:07
2880,9243,5,Vater bis Rad darauf Mädchen schreiben die Geld.,2025-02-18T22:38:51
2881,2857,2,,2024-03-05T16:42:36
2882,1988,5,Platz Familie brauchen Platz fiel ein Katze bald fährt den.,2026-01-13T09:33:49
2883,4722,3,Carta premio parecía estudios pero b película.,2024-05-09T02:54:46
2884,7352,5,,2024-04-19T03:14:28
2885,6285,3,,2024-12-31T11:57:48
2886,3674,3,,2025-11-23T06:57:35
2887,3188,4,Abandonner guerre étroit large affaire mal deux pourquoi payer fermer arrivée paix pensée.,2026-01-30T00:25:20
2888,10522,5,Decisión todas algunas país quiere real objeto podemos tipos.,2024-06-29T22:50:06
2889,4247,4,Ferme ensemble fuir larme meilleur étoile raison cinquante cesse joie nul lendemain revoir réussir fond.,2025-02-17T20:08:56
2890,5607,5,Fenster dunkel Sommer Küche früher Glas frei danach Baum durch zusammen.,2025-01-20T08:18:19
2891,10601,5,Treffen Familie tot heiß Sache Blume kaufen Minute Fenster.,2024-02-09T14:19:42
2892,6532,4,,2025-05-13T06:03:02
2893,5882,4,Fertig Sohn Wissen Gesicht Ende Stunde gehen.,2025-08-21T05:53:53
2894,5509,3,Katze Bild bauen Garten Tisch Kind Maus Glas Mutter dem gut Schiff zehn hart Ende.,2025-06-24T05:32:05
2895,137,5,,2026-06-18T16:39:32
2896,6818,4,Natura numero sacrificio pieno giovane padre semplice.,2026-04-03T01:04:20
2897,1130,5,Quienes ese anterior voz últimos título público actividad hijo.,2025-06-03T22:58:32
2898,10750,4,,2025-05-01T10:57:57
2899,728,5,,2025-04-19T06:49:41
