Customer ID,Age,Gender,Item Purchased,Category,Purchase Amount (USD),Location,Size,Color,Season,Review Rating,Subscription Status,Shipping Type,Discount Applied,Promo Code Used,Previous Purchases,Payment Method,Frequency of Purchases,year
1003,55,Male,Shoes,Footwear,59,North Dakota,M,White,Spring,3.5,Yes,Store Pickup,Yes,Yes,3,Bank Transfer,Bi-Weekly,2025
1251,52,Male,Jeans,Clothing,26,New Hampshire,XL,Purple,Winter,4.1,No,Free Shipping,Yes,Yes,24,Cash,Monthly,2025
3240,33,Female,Sunglasses,Accessories,32,Colorado,M,Charcoal,Fall,2.7,No,2-Day Shipping,No,No,30,Cash,Monthly,2025
1347,44,Male,Hoodie,Clothing,91,Mississippi,L,White,Winter,3.0,No,Free Shipping,Yes,Yes,15,Venmo,Bi-Weekly,2025
761,33,Male,Gloves,Accessories,50,Minnesota,XL,Violet,Fall,3.4,Yes,Free Shipping,Yes,Yes,6,Cash,Annually,2025
2853,40,Female,Belt,Accessories,71,New York,M,Magenta,Spring,3.0,No,Store Pickup,No,No,30,Venmo,Weekly,2025
3849,22,Female,Jewelry,Accessories,60,New Hampshire,M,Magenta,Winter,3.0,No,Next Day Air,No,No,39,Cash,Every 3 Months,2025
1989,46,Male,Pants,Clothing,79,Virginia,M,Gold,Winter,3.9,No,Free Shipping,No,No,26,Bank Transfer,Weekly,2025
1125,42,Male,Sweater,Clothing,20,Iowa,M,Orange,Spring,4.9,No,Express,Yes,Yes,40,Cash,Quarterly,2025
2269,66,Male,Sweater,Clothing,26,Georgia,L,Charcoal,Spring,2.7,No,2-Day Shipping,No,No,15,Bank Transfer,Monthly,2025
591,64,Male,Belt,Accessories,39,Alaska,S,Turquoise,Fall,4.6,Yes,Standard,Yes,Yes,30,Venmo,Fortnightly,2025
580,58,Male,Sandals,Footwear,41,California,M,Violet,Winter,3.7,Yes,Free Shipping,Yes,Yes,48,Credit Card,Annually,2025
451,25,Male,Boots,Footwear,21,Connecticut,L,Beige,Summer,2.7,Yes,Store Pickup,Yes,Yes,19,Credit Card,Monthly,2025
3196,68,Female,Sunglasses,Accessories,58,Missouri,S,Red,Spring,4.9,No,Next Day Air,No,No,36,Credit Card,Quarterly,2025
3745,24,Female,Hoodie,Clothing,51,New Jersey,M,Gray,Summer,2.7,No,Next Day Air,No,No,26,Bank Transfer,Fortnightly,2025
2404,64,Male,Shorts,Clothing,22,Missouri,M,Magenta,Fall,4.4,No,Standard,No,No,40,Debit Card,Weekly,2025
136,43,Male,Sandals,Footwear,81,Kansas,M,Purple,Fall,4.1,Yes,Express,Yes,Yes,12,PayPal,Quarterly,2025
2138,27,Male,Socks,Clothing,51,Indiana,XL,Purple,Winter,4.6,No,2-Day Shipping,No,No,20,Credit Card,Every 3 Months,2025
2945,50,Female,Sneakers,Footwear,95,New York,XL,Cyan,Summer,3.9,No,Free Shipping,No,No,4,Venmo,Every 3 Months,2025
1301,67,Male,T-shirt,Clothing,100,West Virginia,M,Charcoal,Spring,4.5,No,Next Day Air,Yes,Yes,47,Credit Card,Every 3 Months,2025
2656,26,Female,Sunglasses,Accessories,83,Wyoming,M,Gray,Summer,3.4,No,Standard,No,No,2,Credit Card,Fortnightly,2025
300,25,Male,Sneakers,Footwear,80,Pennsylvania,M,Maroon,Summer,3.2,Yes,Next Day Air,Yes,Yes,28,PayPal,Fortnightly,2025
3493,48,Female,Gloves,Accessories,65,South Dakota,M,Turquoise,Fall,4.6,No,Standard,No,No,48,Bank Transfer,Annually,2025
1703,54,Male,Jeans,Clothing,83,Alabama,XL,Yellow,Summer,5.0,No,Express,No,No,48,Bank Transfer,Weekly,2025
1167,48,Male,Dress,Clothing,48,Connecticut,S,Lavender,Winter,3.7,No,Store Pickup,Yes,Yes,22,Venmo,Fortnightly,2025
2958,69,Female,Jewelry,Accessories,70,South Dakota,S,Gray,Fall,4.7,No,Standard,No,No,2,Cash,Annually,2025
3585,39,Female,Sneakers,Footwear,52,Florida,L,Indigo,Fall,4.8,No,Express,No,No,48,Debit Card,Monthly,2025
1765,61,Male,Dress,Clothing,56,Delaware,M,Charcoal,Summer,3.0,No,Store Pickup,No,No,34,Venmo,Quarterly,2025
3325,37,Female,T-shirt,Clothing,32,Missouri,S,Red,Fall,3.3,No,Standard,No,No,41,Venmo,Weekly,2025
2197,25,Male,Dress,Clothing,58,Vermont,M,Gray,Spring,4.8,No,Next Day Air,No,No,31,PayPal,Weekly,2025
316,66,Male,Jewelry,Accessories,24,Wisconsin,XL,Orange,Spring,4.5,Yes,Express,Yes,Yes,24,Debit Card,Annually,2025
439,52,Male,Belt,Accessories,23,Iowa,M,Turquoise,Winter,4.3,Yes,Express,Yes,Yes,12,Credit Card,Fortnightly,2025
1247,27,Male,Hoodie,Clothing,60,Louisiana,M,Charcoal,Winter,2.7,No,Standard,Yes,Yes,27,Cash,Monthly,2025
2549,42,Male,Backpack,Accessories,63,Texas,L,Pink,Winter,3.8,No,Standard,No,No,34,Credit Card,Monthly,2025
3397,29,Female,Pants,Clothing,37,Tennessee,XL,Black,Winter,5.0,No,Next Day Air,No,No,5,PayPal,Quarterly,2025
2193,41,Male,Scarf,Accessories,35,Virginia,L,Yellow,Winter,3.2,No,Next Day Air,No,No,9,Credit Card,Monthly,2025
1987,62,Male,Coat,Outerwear,48,Arkansas,L,Green,Summer,3.4,No,2-Day Shipping,No,No,14,Venmo,Quarterly,2025
889,49,Male,Scarf,Accessories,77,New Hampshire,S,Gold,Spring,3.6,Yes,Express,Yes,Yes,44,Cash,Annually,2025
2455,32,Male,Gloves,Accessories,72,Alaska,M,Magenta,Winter,4.6,No,Express,No,No,33,Venmo,Annually,2025
2525,60,Male,Coat,Outerwear,59,Kansas,M,Purple,Spring,3.7,No,Express,No,No,23,Credit Card,Quarterly,2025
1394,46,Male,Gloves,Accessories,58,Idaho,L,Yellow,Spring,3.9,No,Express,Yes,Yes,14,PayPal,Fortnightly,2025
1150,21,Male,Jewelry,Accessories,42,Georgia,L,Cyan,Spring,3.3,No,Store Pickup,Yes,Yes,40,Venmo,Annually,2025
2146,38,Male,Skirt,Clothing,73,Connecticut,S,White,Winter,4.8,No,Standard,No,No,32,PayPal,Annually,2025
13,61,Male,Coat,Outerwear,72,Delaware,M,Gold,Winter,4.5,Yes,Express,Yes,Yes,37,Venmo,Fortnightly,2025
2087,65,Male,Dress,Clothing,89,North Dakota,L,Beige,Summer,4.7,No,2-Day Shipping,No,No,36,Cash,Every 3 Months,2025
2841,40,Female,T-shirt,Clothing,47,West Virginia,L,Pink,Spring,3.5,No,Store Pickup,No,No,41,Cash,Annually,2025
1104,35,Male,Hoodie,Clothing,23,Tennessee,S,Charcoal,Spring,4.3,No,Free Shipping,Yes,Yes,8,Debit Card,Bi-Weekly,2025
1121,22,Male,Sneakers,Footwear,84,Pennsylvania,M,Magenta,Winter,4.0,No,Next Day Air,Yes,Yes,40,Debit Card,Monthly,2025
3626,44,Female,Scarf,Accessories,99,Illinois,L,Green,Winter,4.4,No,Express,No,No,32,PayPal,Weekly,2025
1327,40,Male,Shoes,Footwear,50,Texas,M,Indigo,Spring,4.6,No,Free Shipping,Yes,Yes,17,Cash,Monthly,2025
809,46,Male,Shoes,Footwear,96,Wisconsin,L,Lavender,Fall,4.6,Yes,Next Day Air,Yes,Yes,38,Cash,Every 3 Months,2025
1742,41,Male,Pants,Clothing,51,Delaware,XL,Teal,Winter,3.6,No,Next Day Air,No,No,20,Bank Transfer,Monthly,2025
1031,58,Male,Coat,Outerwear,89,Kentucky,L,Blue,Winter,3.3,Yes,Next Day Air,Yes,Yes,37,Debit Card,Quarterly,2025
441,20,Male,Shirt,Clothing,89,Oklahoma,XL,Maroon,Winter,3.5,Yes,Store Pickup,Yes,Yes,34,Debit Card,Fortnightly,2025
3895,66,Female,Skirt,Clothing,78,Connecticut,L,White,Spring,3.9,No,2-Day Shipping,No,No,44,Credit Card,Every 3 Months,2025
2202,39,Male,Pants,Clothing,25,Ohio,L,Peach,Spring,4.9,No,2-Day Shipping,No,No,10,Venmo,Annually,2025
1443,53,Male,Hoodie,Clothing,92,Idaho,S,Violet,Spring,2.8,No,2-Day Shipping,Yes,Yes,42,Credit Card,Annually,2025
661,50,Male,Coat,Outerwear,79,Montana,M,Olive,Fall,5.0,Yes,2-Day Shipping,Yes,Yes,39,Credit Card,Quarterly,2025
3772,21,Female,T-shirt,Clothing,86,Oklahoma,M,Red,Winter,2.6,No,Express,No,No,28,Venmo,Bi-Weekly,2025
3684,30,Female,Socks,Clothing,77,Mississippi,M,Purple,Winter,3.0,No,Free Shipping,No,No,17,Venmo,Fortnightly,2025
1879,34,Male,Socks,Clothing,29,Oklahoma,L,Magenta,Summer,3.4,No,Store Pickup,No,No,5,Credit Card,Monthly,2025
3081,69,Female,Hoodie,Clothing,42,Colorado,L,Yellow,Spring,4.1,No,Next Day Air,No,No,5,Cash,Bi-Weekly,2025
599,21,Male,Dress,Clothing,66,California,L,Green,Winter,3.2,Yes,2-Day Shipping,Yes,Yes,30,Cash,Every 3 Months,2025
1759,27,Male,Hat,Accessories,56,Pennsylvania,M,Silver,Winter,4.3,No,Free Shipping,No,No,17,Venmo,Bi-Weekly,2025
253,32,Male,Shorts,Clothing,41,Delaware,M,Violet,Summer,3.9,Yes,Free Shipping,Yes,Yes,33,Venmo,Fortnightly,2025
3395,31,Female,Sandals,Footwear,98,Vermont,S,Yellow,Spring,4.2,No,Store Pickup,No,No,9,PayPal,Annually,2025
261,38,Male,Hat,Accessories,57,Montana,S,Red,Winter,3.2,Yes,2-Day Shipping,Yes,Yes,11,Credit Card,Every 3 Months,2025
404,19,Male,Sneakers,Footwear,45,Nevada,M,Orange,Winter,4.5,Yes,Next Day Air,Yes,Yes,12,Bank Transfer,Annually,2025
658,48,Male,Jacket,Outerwear,80,Arizona,M,White,Winter,4.3,Yes,Free Shipping,Yes,Yes,6,PayPal,Quarterly,2025
1812,42,Male,Belt,Accessories,77,Wisconsin,L,Blue,Summer,3.6,No,Standard,No,No,33,Bank Transfer,Annually,2025
2691,44,Female,Belt,Accessories,32,New Mexico,L,Yellow,Summer,4.7,No,Free Shipping,No,No,18,Bank Transfer,Weekly,2025
2495,42,Male,Shoes,Footwear,27,Oklahoma,S,Peach,Winter,2.6,No,Store Pickup,No,No,26,Debit Card,Annually,2025
3221,38,Female,Handbag,Accessories,29,North Dakota,M,Blue,Fall,4.1,No,Free Shipping,No,No,16,Cash,Monthly,2025
588,29,Male,Socks,Clothing,86,Washington,S,Maroon,Fall,4.2,Yes,Express,Yes,Yes,48,Debit Card,Every 3 Months,2025
2650,23,Male,Gloves,Accessories,21,Minnesota,M,Magenta,Fall,3.9,No,Store Pickup,No,No,14,Bank Transfer,Fortnightly,2025
1604,23,Male,Shorts,Clothing,98,Iowa,L,Black,Summer,4.3,No,Next Day Air,Yes,Yes,17,Debit Card,Bi-Weekly,2025
518,61,Male,Boots,Footwear,49,North Dakota,L,Silver,Fall,2.7,Yes,Free Shipping,Yes,Yes,44,Cash,Every 3 Months,2025
118,50,Male,Sandals,Footwear,32,South Dakota,L,Yellow,Summer,4.6,Yes,Express,Yes,Yes,29,Cash,Fortnightly,2025
3284,47,Female,Jacket,Outerwear,24,North Carolina,L,Purple,Spring,2.9,No,Express,No,No,10,Debit Card,Every 3 Months,2025
812,18,Male,Sneakers,Footwear,35,Illinois,M,Green,Winter,2.7,Yes,Free Shipping,Yes,Yes,36,Venmo,Quarterly,2025
725,37,Male,T-shirt,Clothing,79,New Hampshire,XL,Green,Fall,4.7,Yes,Store Pickup,Yes,Yes,36,Venmo,Every 3 Months,2025
714,37,Male,Hoodie,Clothing,90,Oregon,M,Lavender,Summer,2.6,Yes,Express,Yes,Yes,39,Bank Transfer,Bi-Weekly,2025
1465,33,Male,Belt,Accessories,92,Montana,M,Peach,Winter,4.6,No,2-Day Shipping,Yes,Yes,23,Bank Transfer,Quarterly,2025
3431,67,Female,Socks,Clothing,73,Montana,M,Lavender,Winter,4.2,No,Next Day Air,No,No,17,Bank Transfer,Every 3 Months,2025
2060,56,Male,Shorts,Clothing,50,California,XL,Beige,Spring,3.7,No,Express,No,No,50,PayPal,Weekly,2025
811,52,Male,Scarf,Accessories,83,South Dakota,S,Lavender,Fall,4.9,Yes,Store Pickup,Yes,Yes,32,Debit Card,Bi-Weekly,2025
1824,62,Male,Socks,Clothing,50,Louisiana,L,Pink,Fall,4.7,No,Free Shipping,No,No,40,Bank Transfer,Bi-Weekly,2025
2150,38,Male,Sandals,Footwear,21,Hawaii,L,Orange,Winter,4.0,No,Standard,No,No,1,Bank Transfer,Weekly,2025
2250,42,Male,Gloves,Accessories,45,Wyoming,XL,Indigo,Spring,4.3,No,Next Day Air,No,No,29,Debit Card,Weekly,2025
3528,25,Female,Blouse,Clothing,97,Washington,S,Charcoal,Spring,4.7,No,Free Shipping,No,No,1,Cash,Weekly,2025
3876,63,Female,Hat,Accessories,51,New Hampshire,M,Pink,Winter,3.3,No,2-Day Shipping,No,No,21,Credit Card,Annually,2025
1256,30,Male,Hat,Accessories,68,Indiana,M,Peach,Fall,4.1,No,Standard,Yes,Yes,38,Cash,Fortnightly,2025
2833,29,Female,Scarf,Accessories,37,Maryland,M,Magenta,Summer,4.6,No,Standard,No,No,40,PayPal,Quarterly,2025
1595,40,Male,Handbag,Accessories,41,Colorado,XL,Charcoal,Summer,3.7,No,Store Pickup,Yes,Yes,3,Cash,Fortnightly,2025
804,32,Male,Shorts,Clothing,38,Connecticut,L,Silver,Winter,2.8,Yes,Express,Yes,Yes,30,Venmo,Every 3 Months,2025
181,51,Male,Sandals,Footwear,81,South Dakota,L,Green,Fall,3.3,Yes,Store Pickup,Yes,Yes,12,Debit Card,Fortnightly,2025
1096,19,Male,Coat,Outerwear,34,Tennessee,S,Peach,Summer,3.0,No,Free Shipping,Yes,Yes,30,Bank Transfer,Quarterly,2025
2522,29,Male,Handbag,Accessories,33,Minnesota,M,Magenta,Fall,4.4,No,Standard,No,No,18,PayPal,Every 3 Months,2025
2017,53,Male,Shoes,Footwear,47,Maine,S,Violet,Winter,3.4,No,Standard,No,No,20,Debit Card,Fortnightly,2025
1799,40,Male,Dress,Clothing,82,North Dakota,L,Magenta,Winter,3.7,No,Express,No,No,1,Cash,Weekly,2025
696,30,Male,Shorts,Clothing,67,Nevada,XL,Peach,Summer,3.7,Yes,Next Day Air,Yes,Yes,15,Debit Card,Every 3 Months,2025
1341,40,Male,Belt,Accessories,72,Idaho,M,Peach,Fall,4.4,No,Next Day Air,Yes,Yes,5,Debit Card,Every 3 Months,2025
1512,34,Male,Dress,Clothing,91,Georgia,M,Violet,Winter,3.6,No,Express,Yes,Yes,48,Credit Card,Weekly,2025
2844,51,Female,Sweater,Clothing,26,Ohio,M,White,Summer,3.6,No,Store Pickup,No,No,41,Venmo,Weekly,2025
2671,30,Female,Sunglasses,Accessories,44,Pennsylvania,M,Yellow,Fall,4.7,No,Express,No,No,26,Bank Transfer,Bi-Weekly,2025
475,62,Male,Sweater,Clothing,76,Arkansas,XL,Maroon,Summer,2.6,Yes,2-Day Shipping,Yes,Yes,15,Cash,Quarterly,2025
6,46,Male,Sneakers,Footwear,20,Wyoming,M,White,Summer,2.9,Yes,Standard,Yes,Yes,14,Venmo,Weekly,2025
996,44,Male,Jewelry,Accessories,80,Idaho,M,Magenta,Spring,3.0,Yes,2-Day Shipping,Yes,Yes,10,Venmo,Weekly,2025
1414,51,Male,Blouse,Clothing,79,New Hampshire,S,Indigo,Fall,2.7,No,Store Pickup,Yes,Yes,12,Bank Transfer,Quarterly,2025
2552,29,Male,Shoes,Footwear,32,Minnesota,M,Maroon,Winter,4.1,No,Next Day Air,No,No,40,Debit Card,Annually,2025
3504,31,Female,Shirt,Clothing,96,Nebraska,M,Pink,Spring,3.9,No,Free Shipping,No,No,39,Cash,Weekly,2025
3666,28,Female,Socks,Clothing,77,North Carolina,M,Peach,Fall,3.4,No,Next Day Air,No,No,11,Credit Card,Quarterly,2025
2203,42,Male,Dress,Clothing,36,Alabama,M,Red,Summer,4.3,No,Next Day Air,No,No,23,Credit Card,Weekly,2025
1899,59,Male,Pants,Clothing,97,Texas,L,Magenta,Fall,3.5,No,Next Day Air,No,No,25,Venmo,Monthly,2025
3457,42,Female,Hoodie,Clothing,53,Texas,M,Red,Fall,4.6,No,Express,No,No,21,Venmo,Monthly,2025
1706,39,Male,Jewelry,Accessories,29,South Dakota,L,Cyan,Summer,3.4,No,2-Day Shipping,No,No,49,Venmo,Bi-Weekly,2025
2251,41,Male,Shoes,Footwear,89,Colorado,L,Pink,Summer,4.6,No,Store Pickup,No,No,19,Credit Card,Weekly,2025
3363,50,Female,Handbag,Accessories,61,Tennessee,M,Gray,Summer,3.0,No,Next Day Air,No,No,48,Venmo,Fortnightly,2025
2274,55,Male,Coat,Outerwear,96,New Mexico,L,Silver,Winter,4.8,No,Express,No,No,13,PayPal,Bi-Weekly,2025
676,64,Male,Sunglasses,Accessories,86,Arkansas,M,Yellow,Spring,2.6,Yes,2-Day Shipping,Yes,Yes,9,Cash,Annually,2025
3427,47,Female,Socks,Clothing,35,Oregon,XL,Magenta,Fall,4.8,No,2-Day Shipping,No,No,31,Credit Card,Annually,2025
1925,30,Male,Jacket,Outerwear,63,Michigan,M,Gray,Fall,4.8,No,Free Shipping,No,No,42,PayPal,Quarterly,2025
1608,49,Male,Shorts,Clothing,72,Vermont,S,Gray,Fall,2.7,No,Free Shipping,Yes,Yes,43,Debit Card,Quarterly,2025
450,26,Male,Jewelry,Accessories,45,New York,L,Peach,Summer,2.9,Yes,2-Day Shipping,Yes,Yes,35,Bank Transfer,Monthly,2025
2602,61,Male,Dress,Clothing,33,Mississippi,L,Orange,Winter,2.9,No,Store Pickup,No,No,43,Cash,Monthly,2025
2782,65,Female,Sandals,Footwear,39,Mississippi,M,Blue,Spring,4.6,No,Standard,No,No,33,PayPal,Weekly,2025
2013,48,Male,Jeans,Clothing,53,Nevada,L,Green,Fall,3.2,No,Store Pickup,No,No,5,Cash,Fortnightly,2025
1693,56,Male,Handbag,Accessories,75,Utah,M,Beige,Winter,2.6,No,Standard,No,No,33,Cash,Bi-Weekly,2025
1804,60,Male,Sneakers,Footwear,97,New Hampshire,S,Gray,Summer,3.5,No,Free Shipping,No,No,33,Venmo,Fortnightly,2025
3428,39,Female,T-shirt,Clothing,38,Michigan,XL,Turquoise,Winter,2.5,No,Store Pickup,No,No,44,Cash,Annually,2025
3285,70,Female,Scarf,Accessories,79,Kentucky,L,White,Spring,4.5,No,2-Day Shipping,No,No,20,Venmo,Annually,2025
867,67,Male,Sunglasses,Accessories,69,New Mexico,M,Lavender,Summer,2.7,Yes,Free Shipping,Yes,Yes,11,PayPal,Bi-Weekly,2025
1272,70,Male,Jewelry,Accessories,57,Kentucky,S,Gray,Spring,4.3,No,Store Pickup,Yes,Yes,42,PayPal,Annually,2025
372,27,Male,Sneakers,Footwear,83,North Carolina,S,Pink,Winter,3.2,Yes,2-Day Shipping,Yes,Yes,47,PayPal,Monthly,2025
3428,39,Female,T-shirt,Clothing,38,Michigan,XL,Turquoise,Winter,2.5,No,Store Pickup,No,No,44,Cash,Annually,2025
3430,27,Female,Skirt,Clothing,96,Alaska,S,Purple,Winter,4.6,No,Express,No,No,34,Debit Card,Weekly,2025
294,69,Male,Handbag,Accessories,39,Connecticut,M,White,Spring,2.7,Yes,Express,Yes,Yes,33,PayPal,Annually,2025
2192,26,Male,Blouse,Clothing,69,Pennsylvania,S,Maroon,Summer,3.8,No,Next Day Air,No,No,46,Cash,Bi-Weekly,2025
603,37,Male,Shoes,Footwear,58,Oregon,L,Lavender,Summer,4.2,Yes,Next Day Air,Yes,Yes,10,Cash,Every 3 Months,2025
121,64,Male,Hat,Accessories,84,West Virginia,L,Red,Summer,4.0,Yes,Express,Yes,Yes,32,Bank Transfer,Annually,2025
3357,39,Female,Jeans,Clothing,48,Tennessee,M,Silver,Summer,3.5,No,Store Pickup,No,No,13,PayPal,Bi-Weekly,2025
520,19,Male,Belt,Accessories,54,Minnesota,L,Blue,Summer,4.4,Yes,2-Day Shipping,Yes,Yes,17,Bank Transfer,Quarterly,2025
2278,25,Male,Hat,Accessories,56,Alabama,M,Beige,Summer,4.6,No,Next Day Air,No,No,18,Credit Card,Quarterly,2025
2124,54,Male,Coat,Outerwear,71,Nebraska,L,Cyan,Spring,3.7,No,Express,No,No,22,Debit Card,Bi-Weekly,2025
1778,18,Male,Sneakers,Footwear,44,Minnesota,L,Purple,Winter,4.7,No,Free Shipping,No,No,4,Cash,Fortnightly,2025
2739,50,Female,Sneakers,Footwear,81,Ohio,M,Charcoal,Summer,4.3,No,2-Day Shipping,No,No,39,Venmo,Every 3 Months,2025
1763,36,Male,Sandals,Footwear,42,Idaho,M,Brown,Summer,3.1,No,Express,No,No,41,Bank Transfer,Fortnightly,2025
41,69,Male,Handbag,Accessories,76,Louisiana,L,Beige,Winter,4.6,Yes,Next Day Air,Yes,Yes,31,Debit Card,Quarterly,2025
2429,65,Male,T-shirt,Clothing,38,Idaho,M,Violet,Spring,4.4,No,Next Day Air,No,No,34,Debit Card,Annually,2025
1542,24,Male,Handbag,Accessories,77,Illinois,S,Indigo,Winter,2.9,No,Store Pickup,Yes,Yes,35,Cash,Bi-Weekly,2025
3597,28,Female,Hoodie,Clothing,83,South Carolina,M,Charcoal,Spring,4.3,No,Standard,No,No,44,Cash,Fortnightly,2025
1067,49,Male,Coat,Outerwear,96,Mississippi,M,Red,Winter,4.0,No,Store Pickup,Yes,Yes,11,PayPal,Bi-Weekly,2025
1211,34,Male,Sunglasses,Accessories,78,Missouri,M,Olive,Fall,4.1,No,Next Day Air,Yes,Yes,5,Cash,Quarterly,2025
547,62,Male,Hoodie,Clothing,74,New Mexico,M,Brown,Winter,3.4,Yes,Free Shipping,Yes,Yes,45,Venmo,Bi-Weekly,2025
1605,18,Male,Sweater,Clothing,92,Maine,M,White,Summer,4.8,No,2-Day Shipping,Yes,Yes,25,Credit Card,Every 3 Months,2025
3133,33,Female,Sweater,Clothing,97,Michigan,M,Yellow,Summer,4.2,No,Express,No,No,26,Cash,Quarterly,2025
3813,50,Female,Skirt,Clothing,75,Michigan,M,Pink,Spring,2.8,No,Next Day Air,No,No,7,Bank Transfer,Every 3 Months,2025
258,20,Male,Handbag,Accessories,53,West Virginia,M,Red,Summer,4.5,Yes,Express,Yes,Yes,5,Credit Card,Quarterly,2025
921,37,Male,Belt,Accessories,81,Arkansas,XL,Gold,Summer,4.3,Yes,Free Shipping,Yes,Yes,37,Cash,Weekly,2025
2677,43,Female,Backpack,Accessories,77,Kentucky,M,Maroon,Spring,3.6,No,Free Shipping,No,No,3,Cash,Fortnightly,2025
3076,54,Female,Shorts,Clothing,90,Utah,XL,Beige,Winter,3.6,No,Standard,No,No,21,PayPal,Every 3 Months,2025
422,38,Male,Shirt,Clothing,40,Kentucky,M,Violet,Winter,3.5,Yes,Standard,Yes,Yes,48,Cash,Bi-Weekly,2025
596,30,Male,Shoes,Footwear,77,Delaware,M,Silver,Summer,3.6,Yes,Next Day Air,Yes,Yes,47,PayPal,Quarterly,2025
858,43,Male,Shorts,Clothing,60,Missouri,L,Cyan,Fall,3.0,Yes,Standard,Yes,Yes,50,Debit Card,Every 3 Months,2025
2634,51,Male,Sunglasses,Accessories,90,Alaska,M,Purple,Fall,4.7,No,Next Day Air,No,No,32,Credit Card,Fortnightly,2025
1078,58,Male,Jacket,Outerwear,28,West Virginia,M,Pink,Winter,3.7,No,Standard,Yes,Yes,5,PayPal,Quarterly,2025
777,49,Male,Shirt,Clothing,60,Alabama,M,Maroon,Spring,5.0,Yes,Standard,Yes,Yes,8,Venmo,Every 3 Months,2025
2317,28,Male,Sneakers,Footwear,39,Montana,L,Yellow,Winter,3.8,No,Standard,No,No,7,Debit Card,Annually,2025
1163,47,Male,Sandals,Footwear,92,North Carolina,M,Blue,Winter,4.2,No,Express,Yes,Yes,13,PayPal,Weekly,2025
337,36,Male,Hat,Accessories,81,Rhode Island,S,Orange,Fall,4.4,Yes,Express,Yes,Yes,16,PayPal,Annually,2025
3339,29,Female,Skirt,Clothing,94,Minnesota,L,White,Winter,2.9,No,2-Day Shipping,No,No,46,Credit Card,Monthly,2025
54,29,Male,Skirt,Clothing,24,Mississippi,S,Peach,Winter,3.9,Yes,Next Day Air,Yes,Yes,35,Credit Card,Weekly,2025
2641,30,Male,Skirt,Clothing,75,Indiana,L,Olive,Summer,4.0,No,Store Pickup,No,No,45,Venmo,Bi-Weekly,2025
3570,35,Female,Sandals,Footwear,94,Alaska,M,Olive,Fall,3.3,No,Express,No,No,9,Bank Transfer,Fortnightly,2025
991,48,Male,Sunglasses,Accessories,63,Washington,S,Yellow,Spring,4.8,Yes,Store Pickup,Yes,Yes,24,Cash,Weekly,2025
1592,18,Male,Skirt,Clothing,100,South Dakota,L,Gold,Winter,2.9,No,Next Day Air,Yes,Yes,24,PayPal,Annually,2025
1050,45,Male,Sunglasses,Accessories,33,Virginia,S,Purple,Fall,2.8,Yes,Store Pickup,Yes,Yes,24,Cash,Quarterly,2025
3711,60,Female,Jewelry,Accessories,40,Hawaii,M,Yellow,Summer,3.6,No,2-Day Shipping,No,No,32,Bank Transfer,Fortnightly,2025
3881,42,Female,Shirt,Clothing,20,Massachusetts,M,Red,Winter,3.9,No,Free Shipping,No,No,40,PayPal,Monthly,2025
3312,29,Female,Hat,Accessories,52,Florida,L,Blue,Summer,4.0,No,Express,No,No,18,Bank Transfer,Annually,2025
1463,38,Male,Sneakers,Footwear,90,Utah,S,Charcoal,Summer,4.8,No,2-Day Shipping,Yes,Yes,2,Venmo,Quarterly,2025
1090,40,Male,Backpack,Accessories,61,Arizona,M,Silver,Spring,3.8,No,Next Day Air,Yes,Yes,33,PayPal,Bi-Weekly,2025
1359,19,Male,Scarf,Accessories,22,Nebraska,XL,Pink,Spring,2.5,No,Store Pickup,Yes,Yes,25,Venmo,Every 3 Months,2025
1547,60,Male,Sneakers,Footwear,51,Oregon,XL,Purple,Summer,3.8,No,Express,Yes,Yes,17,Bank Transfer,Annually,2025
367,64,Male,Socks,Clothing,36,Nebraska,M,Turquoise,Spring,3.5,Yes,Store Pickup,Yes,Yes,37,Venmo,Fortnightly,2025
1519,68,Male,Belt,Accessories,73,New York,M,Yellow,Winter,4.1,No,Next Day Air,Yes,Yes,14,Venmo,Fortnightly,2025
2592,40,Male,Jacket,Outerwear,61,New Mexico,S,Olive,Spring,3.3,No,Express,No,No,40,Cash,Quarterly,2025
3393,53,Female,Scarf,Accessories,74,New Jersey,XL,Blue,Winter,4.4,No,Free Shipping,No,No,6,Venmo,Bi-Weekly,2025
2087,65,Male,Dress,Clothing,89,North Dakota,L,Beige,Summer,4.7,No,2-Day Shipping,No,No,36,Cash,Every 3 Months,2025
1472,31,Male,Jewelry,Accessories,71,Alaska,S,Gray,Spring,2.8,No,2-Day Shipping,Yes,Yes,48,Venmo,Every 3 Months,2025
3244,45,Female,Hoodie,Clothing,99,Idaho,L,Black,Summer,5.0,No,Store Pickup,No,No,11,Bank Transfer,Every 3 Months,2025
3250,26,Female,Backpack,Accessories,83,Virginia,M,Pink,Summer,3.4,No,Express,No,No,32,Credit Card,Quarterly,2025
2895,35,Female,Jewelry,Accessories,32,Kentucky,S,Brown,Spring,3.5,No,Standard,No,No,41,Venmo,Annually,2025
210,55,Male,Sandals,Footwear,97,Minnesota,S,Olive,Winter,3.2,Yes,Store Pickup,Yes,Yes,44,Cash,Every 3 Months,2025
2843,28,Female,Coat,Outerwear,100,Arizona,L,Green,Fall,4.3,No,Standard,No,No,48,Debit Card,Quarterly,2025
3443,28,Female,Skirt,Clothing,78,Michigan,M,Violet,Spring,4.3,No,Next Day Air,No,No,12,PayPal,Weekly,2025
2823,61,Female,Skirt,Clothing,37,New Jersey,S,Brown,Fall,4.1,No,Standard,No,No,33,PayPal,Quarterly,2025
3361,22,Female,Jacket,Outerwear,81,Minnesota,M,Maroon,Spring,3.3,No,2-Day Shipping,No,No,47,Cash,Every 3 Months,2025
963,29,Male,Sunglasses,Accessories,64,Michigan,L,Green,Spring,4.4,Yes,Standard,Yes,Yes,26,Debit Card,Fortnightly,2025
3770,51,Female,Gloves,Accessories,87,Arizona,L,Green,Summer,3.6,No,Standard,No,No,31,Venmo,Annually,2025
3028,52,Female,Hoodie,Clothing,26,West Virginia,XL,Peach,Winter,2.8,No,2-Day Shipping,No,No,47,Credit Card,Quarterly,2025
1003,55,Male,Shoes,Footwear,59,North Dakota,M,White,Spring,3.5,Yes,Store Pickup,Yes,Yes,3,Bank Transfer,Bi-Weekly,2025
105,55,Male,Sunglasses,Accessories,24,New Hampshire,L,Pink,Spring,4.4,Yes,2-Day Shipping,Yes,Yes,1,PayPal,Monthly,2025
2518,64,Male,Shirt,Clothing,38,Wyoming,L,Orange,Spring,2.9,No,Standard,No,No,10,Venmo,Annually,2025
1921,51,Male,Blouse,Clothing,84,Connecticut,M,Purple,Spring,2.8,No,Standard,No,No,40,Cash,Every 3 Months,2025
2135,55,Male,Sandals,Footwear,41,Virginia,XL,Maroon,Winter,2.9,No,Standard,No,No,35,Credit Card,Fortnightly,2025
2929,40,Female,Jewelry,Accessories,80,Alabama,L,Yellow,Spring,3.6,No,Store Pickup,No,No,17,Credit Card,Weekly,2025
3372,49,Female,Hoodie,Clothing,99,Colorado,S,Turquoise,Winter,4.0,No,Next Day Air,No,No,28,PayPal,Annually,2025
3312,29,Female,Hat,Accessories,52,Florida,L,Blue,Summer,4.0,No,Express,No,No,18,Bank Transfer,Annually,2025
275,59,Male,Jewelry,Accessories,32,Maryland,M,Indigo,Spring,3.0,Yes,Express,Yes,Yes,28,Cash,Bi-Weekly,2025
850,23,Male,Jeans,Clothing,61,Missouri,S,Charcoal,Spring,4.3,Yes,Express,Yes,Yes,24,PayPal,Quarterly,2025
2519,20,Male,Boots,Footwear,51,Maine,XL,Blue,Fall,4.0,No,Store Pickup,No,No,31,Venmo,Annually,2025
2412,49,Male,Hoodie,Clothing,96,Virginia,M,Cyan,Summer,2.7,No,Free Shipping,No,No,35,Cash,Every 3 Months,2025
1618,43,Male,Blouse,Clothing,64,Wisconsin,M,Peach,Winter,4.3,No,Standard,Yes,Yes,50,Credit Card,Fortnightly,2025
1563,37,Male,Scarf,Accessories,75,Alabama,M,Purple,Winter,3.2,No,Next Day Air,Yes,Yes,23,Venmo,Bi-Weekly,2025
1936,19,Male,Blouse,Clothing,68,North Carolina,XL,Violet,Spring,4.8,No,Free Shipping,No,No,45,Cash,Fortnightly,2025
2058,66,Male,Socks,Clothing,37,South Dakota,L,Yellow,Spring,4.2,No,Standard,No,No,5,PayPal,Every 3 Months,2025
3578,66,Female,Belt,Accessories,35,Missouri,S,Yellow,Winter,2.6,No,Standard,No,No,13,Bank Transfer,Weekly,2025
2268,32,Male,Gloves,Accessories,49,Kentucky,S,Blue,Spring,3.8,No,Express,No,No,37,Venmo,Weekly,2025
2244,56,Male,Shirt,Clothing,21,Massachusetts,M,Teal,Winter,3.7,No,2-Day Shipping,No,No,13,Debit Card,Annually,2025
621,33,Male,Backpack,Accessories,89,Rhode Island,M,Black,Fall,3.7,Yes,2-Day Shipping,Yes,Yes,10,Venmo,Every 3 Months,2025
414,70,Male,Jewelry,Accessories,99,Nevada,S,White,Summer,4.6,Yes,Free Shipping,Yes,Yes,48,Cash,Monthly,2025
1309,59,Male,Dress,Clothing,38,Rhode Island,L,Red,Summer,4.4,No,Next Day Air,Yes,Yes,14,Credit Card,Every 3 Months,2025
1243,56,Male,Socks,Clothing,27,Nevada,M,Lavender,Summer,4.0,No,Next Day Air,Yes,Yes,15,Bank Transfer,Quarterly,2025
1202,27,Male,Shoes,Footwear,61,Illinois,XL,Black,Summer,3.1,No,2-Day Shipping,Yes,Yes,46,Venmo,Fortnightly,2025
2875,36,Female,Shirt,Clothing,29,Colorado,L,Silver,Summer,3.1,No,Standard,No,No,2,Debit Card,Annually,2025
2952,47,Female,Scarf,Accessories,99,Arkansas,L,Maroon,Fall,4.6,No,Free Shipping,No,No,14,Cash,Weekly,2025
3554,62,Female,Shoes,Footwear,99,Minnesota,M,Charcoal,Spring,4.9,No,Free Shipping,No,No,32,Bank Transfer,Weekly,2025
995,53,Male,Shoes,Footwear,68,New York,L,Violet,Fall,3.2,Yes,Express,Yes,Yes,20,Debit Card,Monthly,2025
3681,22,Female,Sunglasses,Accessories,36,Iowa,S,Blue,Winter,2.9,No,Standard,No,No,30,Debit Card,Quarterly,2025
3810,57,Female,Shoes,Footwear,33,New York,S,Maroon,Winter,3.7,No,Standard,No,No,28,Credit Card,Annually,2025
2315,42,Male,Handbag,Accessories,95,Virginia,XL,Brown,Winter,4.4,No,Express,No,No,12,Bank Transfer,Every 3 Months,2025
3806,48,Female,Scarf,Accessories,57,New Jersey,M,Green,Fall,3.1,No,Standard,No,No,31,Credit Card,Quarterly,2025
3775,57,Female,Gloves,Accessories,83,Alaska,S,Cyan,Winter,3.9,No,Standard,No,No,48,PayPal,Fortnightly,2025
3225,37,Female,Hoodie,Clothing,80,Delaware,L,Indigo,Winter,2.7,No,Free Shipping,No,No,18,PayPal,Monthly,2025
999,51,Male,Shoes,Footwear,90,Connecticut,M,White,Spring,3.8,Yes,Next Day Air,Yes,Yes,48,Bank Transfer,Bi-Weekly,2025
2020,31,Male,Shirt,Clothing,68,Idaho,S,Red,Winter,4.7,No,Store Pickup,No,No,23,Cash,Fortnightly,2025
2190,38,Male,Blouse,Clothing,94,Wisconsin,XL,Brown,Fall,4.0,No,Express,No,No,47,Credit Card,Bi-Weekly,2025
2403,45,Male,Scarf,Accessories,89,Utah,M,Brown,Winter,3.8,No,Free Shipping,No,No,31,Cash,Weekly,2025
2432,34,Male,Hoodie,Clothing,73,Alabama,S,Olive,Fall,3.4,No,Express,No,No,27,Bank Transfer,Every 3 Months,2025
1176,35,Male,Belt,Accessories,81,New Jersey,M,Beige,Spring,4.1,No,Store Pickup,Yes,Yes,26,PayPal,Quarterly,2025
3127,57,Female,Sunglasses,Accessories,76,Maine,L,Lavender,Winter,2.6,No,Store Pickup,No,No,28,Bank Transfer,Bi-Weekly,2025
1429,20,Male,Blouse,Clothing,97,North Dakota,S,Green,Summer,4.9,No,Express,Yes,Yes,42,PayPal,Quarterly,2025
257,58,Male,Jewelry,Accessories,30,South Dakota,XL,Violet,Spring,4.7,Yes,Express,Yes,Yes,20,Credit Card,Every 3 Months,2025
395,43,Male,Scarf,Accessories,29,North Dakota,M,Beige,Spring,4.8,Yes,Store Pickup,Yes,Yes,7,Debit Card,Bi-Weekly,2025
2988,63,Female,Skirt,Clothing,36,Louisiana,L,Black,Winter,2.5,No,Store Pickup,No,No,42,Cash,Monthly,2025
2303,36,Male,Belt,Accessories,39,Montana,L,Pink,Summer,3.6,No,Store Pickup,No,No,38,Venmo,Monthly,2025
1627,32,Male,Sneakers,Footwear,35,Nevada,L,Orange,Summer,2.6,No,Next Day Air,Yes,Yes,45,Credit Card,Bi-Weekly,2025
1422,68,Male,Dress,Clothing,100,Pennsylvania,S,Gold,Spring,3.0,No,Standard,Yes,Yes,24,Bank Transfer,Fortnightly,2025
1253,28,Male,Sandals,Footwear,41,Massachusetts,L,Magenta,Fall,4.0,No,Standard,Yes,Yes,8,Cash,Quarterly,2025
3877,60,Female,Shoes,Footwear,85,Wisconsin,S,Cyan,Fall,2.6,No,2-Day Shipping,No,No,7,Cash,Annually,2025
1534,50,Male,Shoes,Footwear,59,New Hampshire,M,Gold,Summer,3.6,No,2-Day Shipping,Yes,Yes,16,Bank Transfer,Quarterly,2025
539,27,Male,Socks,Clothing,22,Virginia,XL,Green,Spring,3.2,Yes,Free Shipping,Yes,Yes,43,Cash,Weekly,2025
893,31,Male,Shorts,Clothing,64,New Mexico,L,Gray,Summer,2.7,Yes,Free Shipping,Yes,Yes,43,Debit Card,Monthly,2025
2031,66,Male,Sunglasses,Accessories,67,New Mexico,S,Green,Summer,2.8,No,Standard,No,No,38,Credit Card,Monthly,2025
378,63,Male,Scarf,Accessories,32,Maine,M,Silver,Spring,4.1,Yes,Standard,Yes,Yes,39,Credit Card,Every 3 Months,2025
104,54,Male,Boots,Footwear,89,West Virginia,L,Red,Winter,4.0,Yes,Next Day Air,Yes,Yes,22,Venmo,Bi-Weekly,2025
3703,58,Female,Shoes,Footwear,65,South Carolina,M,Indigo,Spring,2.7,No,Store Pickup,No,No,36,Venmo,Weekly,2025
2952,47,Female,Scarf,Accessories,99,Arkansas,L,Maroon,Fall,4.6,No,Free Shipping,No,No,14,Cash,Weekly,2025
2152,70,Male,Jeans,Clothing,58,Vermont,L,Brown,Fall,2.6,No,2-Day Shipping,No,No,18,Venmo,Monthly,2025
1056,70,Male,Jacket,Outerwear,27,Massachusetts,M,Orange,Spring,3.3,No,Next Day Air,Yes,Yes,24,Debit Card,Annually,2025
1131,67,Male,Jewelry,Accessories,41,Kentucky,M,Lavender,Summer,3.9,No,Standard,Yes,Yes,30,PayPal,Bi-Weekly,2025
693,35,Male,Sunglasses,Accessories,95,North Dakota,M,Cyan,Spring,4.0,Yes,2-Day Shipping,Yes,Yes,40,Debit Card,Every 3 Months,2025
499,43,Male,Boots,Footwear,78,Iowa,M,Lavender,Spring,3.6,Yes,Free Shipping,Yes,Yes,27,Bank Transfer,Monthly,2025
3248,53,Female,Gloves,Accessories,91,Arkansas,M,Teal,Summer,3.7,No,Express,No,No,12,PayPal,Fortnightly,2025
3563,47,Female,Sneakers,Footwear,36,Maryland,M,Cyan,Winter,3.4,No,Free Shipping,No,No,7,Bank Transfer,Weekly,2025
647,51,Male,Boots,Footwear,54,Indiana,XL,Pink,Spring,4.9,Yes,Standard,Yes,Yes,19,Venmo,Bi-Weekly,2025
968,27,Male,Hoodie,Clothing,26,Georgia,S,Silver,Summer,3.7,Yes,Store Pickup,Yes,Yes,4,Cash,Weekly,2025
3339,29,Female,Skirt,Clothing,94,Minnesota,L,White,Winter,2.9,No,2-Day Shipping,No,No,46,Credit Card,Monthly,2025
1110,66,Male,Hoodie,Clothing,97,Oklahoma,L,Violet,Winter,4.9,No,Next Day Air,Yes,Yes,2,Venmo,Weekly,2025
2968,34,Female,Sneakers,Footwear,36,Indiana,L,Silver,Summer,3.4,No,Free Shipping,No,No,40,Venmo,Annually,2025
1376,42,Male,Sneakers,Footwear,31,Maine,L,Brown,Spring,4.1,No,2-Day Shipping,Yes,Yes,8,Credit Card,Annually,2025
905,69,Male,T-shirt,Clothing,99,Alaska,L,Magenta,Spring,2.9,Yes,Free Shipping,Yes,Yes,46,PayPal,Every 3 Months,2025
530,32,Male,Shorts,Clothing,84,California,M,Orange,Fall,3.7,Yes,Standard,Yes,Yes,6,Credit Card,Monthly,2025
520,19,Male,Belt,Accessories,54,Minnesota,L,Blue,Summer,4.4,Yes,2-Day Shipping,Yes,Yes,17,Bank Transfer,Quarterly,2025
244,25,Male,Jewelry,Accessories,100,Kentucky,M,Olive,Winter,2.8,Yes,2-Day Shipping,Yes,Yes,4,Debit Card,Monthly,2025
1963,40,Male,Hat,Accessories,45,Iowa,M,Silver,Fall,4.4,No,Standard,No,No,20,PayPal,Fortnightly,2025
879,23,Male,Sunglasses,Accessories,89,Tennessee,S,Black,Summer,4.9,Yes,Express,Yes,Yes,37,Debit Card,Weekly,2025
3386,62,Female,Jewelry,Accessories,83,Rhode Island,M,Olive,Winter,2.8,No,Standard,No,No,16,Credit Card,Every 3 Months,2025
3556,25,Female,Blouse,Clothing,23,Delaware,L,Silver,Spring,4.6,No,Next Day Air,No,No,45,Cash,Quarterly,2025
3057,69,Female,Gloves,Accessories,59,New Jersey,M,Beige,Spring,3.8,No,Standard,No,No,15,Cash,Bi-Weekly,2025
3198,27,Female,Sweater,Clothing,71,Maine,M,Teal,Spring,3.2,No,Free Shipping,No,No,29,Credit Card,Every 3 Months,2025
693,35,Male,Sunglasses,Accessories,95,North Dakota,M,Cyan,Spring,4.0,Yes,2-Day Shipping,Yes,Yes,40,Debit Card,Every 3 Months,2025
2085,32,Male,Blouse,Clothing,94,Vermont,S,Brown,Summer,4.0,No,Standard,No,No,43,Bank Transfer,Quarterly,2025
423,47,Male,Pants,Clothing,59,Minnesota,M,Purple,Fall,3.1,Yes,Store Pickup,Yes,Yes,32,Debit Card,Annually,2025
2018,70,Male,Socks,Clothing,32,Massachusetts,S,Green,Winter,4.1,No,Next Day Air,No,No,42,Bank Transfer,Every 3 Months,2025
3634,39,Female,Gloves,Accessories,51,Montana,M,Orange,Spring,2.8,No,Free Shipping,No,No,1,Bank Transfer,Bi-Weekly,2025
1482,64,Male,Skirt,Clothing,33,Maryland,S,Gray,Spring,3.3,No,Standard,Yes,Yes,31,PayPal,Quarterly,2025
2344,58,Male,Socks,Clothing,49,Maryland,M,Red,Summer,4.4,No,2-Day Shipping,No,No,44,PayPal,Monthly,2025
2033,46,Male,Blouse,Clothing,36,South Carolina,M,Maroon,Winter,4.2,No,Next Day Air,No,No,13,Cash,Annually,2025
845,59,Male,Sandals,Footwear,48,Missouri,L,Purple,Winter,4.4,Yes,Express,Yes,Yes,44,Venmo,Bi-Weekly,2025
1004,56,Male,Hat,Accessories,68,Ohio,M,Green,Fall,4.0,Yes,Store Pickup,Yes,Yes,3,Cash,Bi-Weekly,2025
118,50,Male,Sandals,Footwear,32,South Dakota,L,Yellow,Summer,4.6,Yes,Express,Yes,Yes,29,Cash,Fortnightly,2025
3785,54,Female,Socks,Clothing,53,Virginia,M,Violet,Winter,4.5,No,Next Day Air,No,No,4,Venmo,Annually,2025
3495,62,Female,Scarf,Accessories,38,Washington,M,Silver,Winter,3.5,No,Free Shipping,No,No,41,PayPal,Quarterly,2025
3828,62,Female,Jewelry,Accessories,73,Montana,M,Red,Summer,4.1,No,Standard,No,No,47,Cash,Fortnightly,2025
408,45,Male,Hoodie,Clothing,76,North Carolina,XL,Teal,Spring,3.1,Yes,Next Day Air,Yes,Yes,5,Credit Card,Bi-Weekly,2025
437,40,Male,Pants,Clothing,46,Tennessee,L,Cyan,Summer,4.6,Yes,Free Shipping,Yes,Yes,41,Bank Transfer,Weekly,2025
3060,46,Female,Sweater,Clothing,71,Kentucky,L,Maroon,Spring,3.2,No,Express,No,No,42,Credit Card,Quarterly,2025
3794,62,Female,Sunglasses,Accessories,20,Delaware,M,Pink,Fall,4.0,No,Standard,No,No,46,Bank Transfer,Annually,2025
66,65,Male,Backpack,Accessories,36,New Jersey,M,Purple,Spring,4.8,Yes,2-Day Shipping,Yes,Yes,44,Venmo,Every 3 Months,2025
3545,64,Female,Socks,Clothing,55,Wisconsin,XL,Charcoal,Fall,3.6,No,2-Day Shipping,No,No,42,Cash,Every 3 Months,2025
2152,70,Male,Jeans,Clothing,58,Vermont,L,Brown,Fall,2.6,No,2-Day Shipping,No,No,18,Venmo,Monthly,2025
271,33,Male,Jeans,Clothing,52,North Dakota,XL,Orange,Fall,4.6,Yes,Free Shipping,Yes,Yes,16,Bank Transfer,Annually,2025
1547,60,Male,Sneakers,Footwear,51,Oregon,XL,Purple,Summer,3.8,No,Express,Yes,Yes,17,Bank Transfer,Annually,2025
992,20,Male,Shorts,Clothing,97,Wisconsin,XL,White,Spring,2.7,Yes,Standard,Yes,Yes,40,Bank Transfer,Bi-Weekly,2025
3883,35,Female,Pants,Clothing,95,North Dakota,L,Blue,Fall,2.6,No,Free Shipping,No,No,24,Cash,Fortnightly,2025
3513,36,Female,Shirt,Clothing,46,Kentucky,M,White,Fall,3.4,No,Free Shipping,No,No,31,Debit Card,Quarterly,2025
1358,24,Male,Backpack,Accessories,66,Texas,S,Red,Summer,3.5,No,Next Day Air,Yes,Yes,20,Cash,Quarterly,2025
2103,23,Male,Hat,Accessories,25,Idaho,M,Brown,Spring,4.5,No,Store Pickup,No,No,23,Cash,Monthly,2025
2447,38,Male,Shirt,Clothing,65,Alaska,L,Peach,Spring,2.9,No,2-Day Shipping,No,No,7,Credit Card,Monthly,2025
2320,56,Male,Sandals,Footwear,38,Maine,XL,Turquoise,Winter,5.0,No,Free Shipping,No,No,29,PayPal,Monthly,2025
1837,66,Male,Pants,Clothing,52,South Carolina,M,Teal,Fall,4.2,No,2-Day Shipping,No,No,35,Credit Card,Monthly,2025
341,40,Male,Shorts,Clothing,47,New Jersey,L,Blue,Summer,3.5,Yes,Express,Yes,Yes,39,Venmo,Every 3 Months,2025
1330,70,Male,Gloves,Accessories,63,Texas,M,Indigo,Fall,3.3,No,Express,Yes,Yes,50,PayPal,Every 3 Months,2025
1512,34,Male,Dress,Clothing,91,Georgia,M,Violet,Winter,3.6,No,Express,Yes,Yes,48,Credit Card,Weekly,2025
764,61,Male,Sweater,Clothing,50,North Carolina,M,Brown,Spring,2.9,Yes,2-Day Shipping,Yes,Yes,6,Credit Card,Monthly,2025
904,44,Male,Jacket,Outerwear,45,Washington,M,Blue,Winter,3.3,Yes,Express,Yes,Yes,3,PayPal,Quarterly,2025
2359,53,Male,Sweater,Clothing,93,Texas,L,Pink,Spring,3.8,No,Standard,No,No,38,Credit Card,Quarterly,2025
3204,63,Female,Coat,Outerwear,29,New Jersey,L,Teal,Spring,4.1,No,Express,No,No,14,Venmo,Annually,2025
3371,30,Female,Belt,Accessories,31,Illinois,M,Charcoal,Summer,2.8,No,Store Pickup,No,No,46,Cash,Fortnightly,2025
674,35,Male,Shirt,Clothing,66,Oklahoma,M,Indigo,Spring,4.2,Yes,Free Shipping,Yes,Yes,27,Venmo,Bi-Weekly,2025
2036,53,Male,T-shirt,Clothing,70,Oklahoma,S,Yellow,Summer,4.1,No,Express,No,No,43,Bank Transfer,Weekly,2025
1519,68,Male,Belt,Accessories,73,New York,M,Yellow,Winter,4.1,No,Next Day Air,Yes,Yes,14,Venmo,Fortnightly,2025
2330,49,Male,Hat,Accessories,97,Nebraska,S,Teal,Spring,4.8,No,Free Shipping,No,No,42,Bank Transfer,Annually,2025
836,35,Male,Boots,Footwear,26,Maryland,L,Indigo,Summer,2.5,Yes,Next Day Air,Yes,Yes,21,Debit Card,Weekly,2025
1787,45,Male,Jacket,Outerwear,34,Maryland,M,Brown,Spring,4.6,No,2-Day Shipping,No,No,22,Venmo,Monthly,2025
255,67,Male,Sunglasses,Accessories,42,Indiana,M,White,Winter,3.5,Yes,Store Pickup,Yes,Yes,4,PayPal,Bi-Weekly,2025
701,57,Male,Pants,Clothing,79,Wisconsin,L,Olive,Winter,4.1,Yes,Standard,Yes,Yes,5,PayPal,Monthly,2025
3220,57,Female,Coat,Outerwear,40,Kansas,L,White,Summer,3.5,No,2-Day Shipping,No,No,39,Credit Card,Weekly,2025
2522,29,Male,Handbag,Accessories,33,Minnesota,M,Magenta,Fall,4.4,No,Standard,No,No,18,PayPal,Every 3 Months,2025
2336,31,Male,Coat,Outerwear,37,Idaho,M,Black,Summer,3.9,No,Store Pickup,No,No,10,Venmo,Fortnightly,2025
3426,38,Female,Hat,Accessories,54,Michigan,M,Blue,Summer,4.3,No,Next Day Air,No,No,3,Debit Card,Bi-Weekly,2025
1742,41,Male,Pants,Clothing,51,Delaware,XL,Teal,Winter,3.6,No,Next Day Air,No,No,20,Bank Transfer,Monthly,2025
2656,26,Female,Sunglasses,Accessories,83,Wyoming,M,Gray,Summer,3.4,No,Standard,No,No,2,Credit Card,Fortnightly,2025
702,51,Male,Boots,Footwear,90,Idaho,L,Red,Fall,3.3,Yes,Next Day Air,Yes,Yes,5,Debit Card,Every 3 Months,2025
623,69,Male,Socks,Clothing,63,Georgia,S,Peach,Spring,4.0,Yes,Next Day Air,Yes,Yes,44,Bank Transfer,Fortnightly,2025
2986,46,Female,Belt,Accessories,36,Hawaii,S,Teal,Summer,3.0,No,Express,No,No,21,Cash,Bi-Weekly,2025
2180,49,Male,Socks,Clothing,82,Delaware,L,Lavender,Fall,2.9,No,Next Day Air,No,No,14,PayPal,Monthly,2025
2660,35,Female,Boots,Footwear,35,Kansas,L,Gray,Summer,4.4,No,2-Day Shipping,No,No,46,Credit Card,Fortnightly,2025
128,24,Male,Sweater,Clothing,89,Mississippi,M,Gray,Winter,4.8,Yes,Next Day Air,Yes,Yes,26,Credit Card,Weekly,2025
301,29,Male,Hat,Accessories,98,Iowa,M,Teal,Spring,4.4,Yes,Store Pickup,Yes,Yes,24,PayPal,Weekly,2025
3497,39,Female,Shoes,Footwear,38,Idaho,M,Pink,Summer,4.0,No,Free Shipping,No,No,22,PayPal,Monthly,2025
1611,20,Male,Socks,Clothing,31,Tennessee,L,Purple,Spring,3.4,No,2-Day Shipping,Yes,Yes,1,PayPal,Annually,2025
99,20,Male,Jeans,Clothing,67,New York,XL,Teal,Spring,2.6,Yes,Next Day Air,Yes,Yes,20,Bank Transfer,Annually,2025
1891,36,Male,Sunglasses,Accessories,57,Hawaii,M,Lavender,Spring,3.4,No,Store Pickup,No,No,5,Credit Card,Weekly,2025
2074,38,Male,Belt,Accessories,25,Texas,S,Green,Winter,3.5,No,Next Day Air,No,No,2,PayPal,Every 3 Months,2025
1972,54,Male,Hat,Accessories,29,Pennsylvania,XL,Indigo,Spring,3.4,No,Next Day Air,No,No,1,Venmo,Monthly,2025
3151,55,Female,Blouse,Clothing,25,Georgia,M,Peach,Spring,2.6,No,Express,No,No,7,Bank Transfer,Bi-Weekly,2025
1882,58,Male,Blouse,Clothing,41,New Jersey,M,Red,Winter,4.3,No,Standard,No,No,13,Cash,Bi-Weekly,2025
979,56,Male,Gloves,Accessories,40,Colorado,M,Turquoise,Summer,2.5,Yes,Standard,Yes,Yes,33,Credit Card,Weekly,2025
3305,30,Female,Handbag,Accessories,79,Mississippi,XL,Orange,Fall,4.8,No,Next Day Air,No,No,36,Bank Transfer,Every 3 Months,2025
2365,62,Male,Sunglasses,Accessories,60,Mississippi,L,Maroon,Winter,4.2,No,Free Shipping,No,No,4,PayPal,Quarterly,2025
404,19,Male,Sneakers,Footwear,45,Nevada,M,Orange,Winter,4.5,Yes,Next Day Air,Yes,Yes,12,Bank Transfer,Annually,2025
39,29,Male,Dress,Clothing,37,Florida,M,Red,Winter,3.7,Yes,2-Day Shipping,Yes,Yes,44,Venmo,Every 3 Months,2025
906,46,Male,Dress,Clothing,68,Mississippi,S,Cyan,Spring,2.8,Yes,Standard,Yes,Yes,16,Venmo,Annually,2025
3157,18,Female,Shirt,Clothing,50,Montana,M,Black,Winter,3.1,No,2-Day Shipping,No,No,18,Cash,Monthly,2025
717,30,Male,Jewelry,Accessories,29,Missouri,M,Olive,Spring,3.6,Yes,Express,Yes,Yes,9,Venmo,Bi-Weekly,2025
3062,33,Female,T-shirt,Clothing,59,South Dakota,L,Olive,Fall,4.5,No,Express,No,No,20,PayPal,Every 3 Months,2025
1749,34,Male,Skirt,Clothing,93,Montana,L,Teal,Winter,3.9,No,2-Day Shipping,No,No,41,Bank Transfer,Annually,2025
2784,19,Female,Skirt,Clothing,38,Virginia,M,Silver,Spring,4.5,No,Next Day Air,No,No,26,Credit Card,Quarterly,2025
35,36,Male,T-shirt,Clothing,91,North Dakota,L,Violet,Spring,4.6,Yes,2-Day Shipping,Yes,Yes,38,PayPal,Quarterly,2025
801,32,Male,Socks,Clothing,20,Utah,S,Gold,Summer,2.6,Yes,Free Shipping,Yes,Yes,20,Cash,Every 3 Months,2025
3480,46,Female,Sweater,Clothing,56,New York,S,Orange,Summer,4.9,No,Standard,No,No,41,Cash,Monthly,2025
3038,51,Female,Belt,Accessories,44,Iowa,L,Charcoal,Summer,4.8,No,Next Day Air,No,No,2,Cash,Annually,2025
2180,49,Male,Socks,Clothing,82,Delaware,L,Lavender,Fall,2.9,No,Next Day Air,No,No,14,PayPal,Monthly,2025
313,38,Male,Pants,Clothing,89,Massachusetts,L,Green,Spring,3.4,Yes,Next Day Air,Yes,Yes,6,PayPal,Annually,2025
1745,57,Male,Sunglasses,Accessories,63,Michigan,L,Teal,Winter,3.0,No,Standard,No,No,23,PayPal,Weekly,2025
2905,41,Female,Sandals,Footwear,41,Iowa,M,Gray,Spring,4.0,No,2-Day Shipping,No,No,43,Venmo,Monthly,2025
225,63,Male,Socks,Clothing,83,South Dakota,S,Beige,Summer,2.9,Yes,Free Shipping,Yes,Yes,12,Cash,Every 3 Months,2025
3501,38,Female,Shirt,Clothing,48,Oregon,S,Silver,Fall,4.6,No,Next Day Air,No,No,38,Debit Card,Fortnightly,2025
240,49,Male,Pants,Clothing,51,Vermont,L,Yellow,Summer,2.9,Yes,Express,Yes,Yes,47,Credit Card,Bi-Weekly,2025
2944,29,Female,Shirt,Clothing,44,Virginia,M,Orange,Spring,3.4,No,Standard,No,No,37,Credit Card,Monthly,2025
1953,57,Male,Shoes,Footwear,82,Maryland,L,Yellow,Summer,4.6,No,2-Day Shipping,No,No,50,Cash,Bi-Weekly,2025
1694,63,Male,Jacket,Outerwear,88,Tennessee,XL,Olive,Fall,4.9,No,Standard,No,No,45,Bank Transfer,Fortnightly,2025
2496,40,Male,Backpack,Accessories,37,Nebraska,XL,Orange,Spring,3.1,No,Free Shipping,No,No,34,Credit Card,Every 3 Months,2025
1891,36,Male,Sunglasses,Accessories,57,Hawaii,M,Lavender,Spring,3.4,No,Store Pickup,No,No,5,Credit Card,Weekly,2025
1431,48,Male,Sandals,Footwear,30,Michigan,S,Orange,Summer,4.9,No,Free Shipping,Yes,Yes,3,Credit Card,Fortnightly,2025
1030,29,Male,Gloves,Accessories,22,Ohio,M,Purple,Spring,3.6,Yes,2-Day Shipping,Yes,Yes,33,Venmo,Bi-Weekly,2025
3132,34,Female,Jacket,Outerwear,59,North Dakota,M,Peach,Fall,2.9,No,Store Pickup,No,No,11,Bank Transfer,Every 3 Months,2025
49,42,Male,Shirt,Clothing,55,Nevada,M,Orange,Summer,2.7,Yes,Store Pickup,Yes,Yes,38,Cash,Monthly,2025
36,54,Male,Blouse,Clothing,33,Massachusetts,M,Cyan,Summer,4.0,Yes,2-Day Shipping,Yes,Yes,48,Credit Card,Bi-Weekly,2025
2978,38,Female,Shorts,Clothing,47,Washington,L,Gold,Winter,3.4,No,Standard,No,No,20,Venmo,Annually,2025
755,36,Male,Gloves,Accessories,41,North Carolina,L,Pink,Spring,2.9,Yes,Store Pickup,Yes,Yes,3,Debit Card,Quarterly,2025
3849,22,Female,Jewelry,Accessories,60,New Hampshire,M,Magenta,Winter,3.0,No,Next Day Air,No,No,39,Cash,Every 3 Months,2025
2187,55,Male,Sandals,Footwear,23,New Mexico,XL,Teal,Winter,4.3,No,Next Day Air,No,No,6,PayPal,Every 3 Months,2025
2068,60,Male,Pants,Clothing,21,Maryland,XL,Beige,Fall,3.1,No,2-Day Shipping,No,No,23,Cash,Fortnightly,2025
3726,18,Female,Dress,Clothing,100,Oklahoma,S,Turquoise,Winter,4.4,No,Next Day Air,No,No,2,PayPal,Annually,2025
486,48,Male,Shoes,Footwear,44,Tennessee,S,Blue,Spring,2.6,Yes,Next Day Air,Yes,Yes,36,Debit Card,Fortnightly,2025
3611,18,Female,Jacket,Outerwear,86,Texas,XL,Green,Fall,4.8,No,2-Day Shipping,No,No,23,Bank Transfer,Fortnightly,2025
1326,28,Male,Backpack,Accessories,73,Oregon,L,Gold,Summer,3.5,No,Express,Yes,Yes,1,Cash,Monthly,2025
150,38,Male,Pants,Clothing,76,Delaware,M,White,Summer,3.2,Yes,Free Shipping,Yes,Yes,14,PayPal,Monthly,2025
592,47,Male,Backpack,Accessories,37,Kentucky,L,Olive,Fall,4.2,Yes,Store Pickup,Yes,Yes,6,Debit Card,Bi-Weekly,2025
534,57,Male,Sandals,Footwear,60,North Carolina,L,Pink,Spring,4.5,Yes,Next Day Air,Yes,Yes,17,Debit Card,Weekly,2025
47,57,Male,Shirt,Clothing,43,California,L,White,Summer,2.9,Yes,Store Pickup,Yes,Yes,45,Cash,Quarterly,2025
710,49,Male,Jacket,Outerwear,79,Massachusetts,L,Charcoal,Summer,4.6,Yes,Standard,Yes,Yes,23,Debit Card,Monthly,2025
2635,26,Male,Sandals,Footwear,58,North Carolina,S,Black,Summer,3.2,No,Store Pickup,No,No,20,PayPal,Every 3 Months,2025
3894,21,Female,Hat,Accessories,64,Massachusetts,L,White,Fall,3.3,No,Store Pickup,No,No,29,Bank Transfer,Bi-Weekly,2025
2704,56,Female,Scarf,Accessories,42,Tennessee,XL,Olive,Winter,4.4,No,Free Shipping,No,No,34,PayPal,Weekly,2025
469,34,Male,Backpack,Accessories,38,Georgia,S,Peach,Fall,5.0,Yes,Free Shipping,Yes,Yes,16,Cash,Quarterly,2025
1013,28,Male,Sandals,Footwear,37,New Mexico,L,Teal,Summer,3.8,Yes,Express,Yes,Yes,27,Credit Card,Annually,2025
557,40,Male,Coat,Outerwear,90,Montana,L,Indigo,Winter,5.0,Yes,Store Pickup,Yes,Yes,21,Cash,Fortnightly,2025
3760,44,Female,Sneakers,Footwear,61,Missouri,M,Pink,Spring,3.5,No,Store Pickup,No,No,30,Venmo,Quarterly,2025
3512,69,Female,Jewelry,Accessories,81,Mississippi,M,Blue,Summer,3.9,No,2-Day Shipping,No,No,21,Credit Card,Every 3 Months,2025
1178,54,Male,Skirt,Clothing,21,Iowa,M,Black,Spring,4.8,No,Standard,Yes,Yes,24,Debit Card,Monthly,2025
1988,69,Male,Belt,Accessories,23,Vermont,XL,White,Summer,3.4,No,Express,No,No,4,Cash,Quarterly,2025
2181,41,Male,Coat,Outerwear,37,Connecticut,M,Yellow,Summer,4.1,No,Store Pickup,No,No,43,Cash,Quarterly,2025
2328,20,Male,Skirt,Clothing,94,Alabama,M,Red,Winter,4.2,No,2-Day Shipping,No,No,22,Venmo,Bi-Weekly,2025
2042,66,Male,Jacket,Outerwear,32,New York,S,Lavender,Winter,3.2,No,Next Day Air,No,No,14,PayPal,Bi-Weekly,2025
2691,44,Female,Belt,Accessories,32,New Mexico,L,Yellow,Summer,4.7,No,Free Shipping,No,No,18,Bank Transfer,Weekly,2025
727,32,Male,Shorts,Clothing,78,North Dakota,L,Yellow,Summer,3.6,Yes,Next Day Air,Yes,Yes,20,Bank Transfer,Every 3 Months,2025
1215,30,Male,Jacket,Outerwear,81,Vermont,M,Blue,Fall,3.8,No,Free Shipping,Yes,Yes,5,Cash,Every 3 Months,2025
1205,67,Male,Belt,Accessories,94,Florida,M,Pink,Spring,3.2,No,2-Day Shipping,Yes,Yes,20,Credit Card,Every 3 Months,2025
1137,23,Male,Handbag,Accessories,83,Illinois,S,Cyan,Summer,4.8,No,Free Shipping,Yes,Yes,37,Cash,Monthly,2025
1651,60,Male,Scarf,Accessories,36,Arkansas,M,Silver,Winter,3.4,No,Next Day Air,Yes,Yes,46,Credit Card,Fortnightly,2025
1721,25,Male,Shorts,Clothing,84,Massachusetts,S,Beige,Winter,2.8,No,Express,No,No,40,Debit Card,Bi-Weekly,2025
1762,21,Male,Hoodie,Clothing,95,Hawaii,S,Green,Fall,4.9,No,2-Day Shipping,No,No,24,Cash,Weekly,2025
965,42,Male,Sandals,Footwear,51,Arizona,M,Beige,Spring,2.6,Yes,Next Day Air,Yes,Yes,12,Venmo,Bi-Weekly,2025
295,70,Male,Skirt,Clothing,20,New Jersey,M,Gold,Spring,4.6,Yes,Store Pickup,Yes,Yes,19,Credit Card,Every 3 Months,2025
1877,54,Male,Skirt,Clothing,36,Illinois,M,Gray,Fall,2.6,No,Standard,No,No,20,Venmo,Quarterly,2025
1301,67,Male,T-shirt,Clothing,100,West Virginia,M,Charcoal,Spring,4.5,No,Next Day Air,Yes,Yes,47,Credit Card,Every 3 Months,2025
2682,23,Female,Shoes,Footwear,23,Massachusetts,L,Olive,Summer,4.8,No,Standard,No,No,17,Debit Card,Monthly,2025
2652,51,Male,Sneakers,Footwear,43,Tennessee,M,Cyan,Summer,4.6,No,Store Pickup,No,No,27,PayPal,Quarterly,2025
838,25,Male,Hoodie,Clothing,28,Illinois,L,Brown,Spring,4.9,Yes,Express,Yes,Yes,33,Cash,Every 3 Months,2025
558,18,Male,Shirt,Clothing,60,Alaska,M,White,Spring,2.9,Yes,Free Shipping,Yes,Yes,31,Debit Card,Weekly,2025
2772,58,Female,Jacket,Outerwear,52,Maryland,S,Beige,Summer,3.1,No,2-Day Shipping,No,No,12,Bank Transfer,Fortnightly,2025
3257,60,Female,Sunglasses,Accessories,26,Wisconsin,L,Teal,Winter,4.7,No,Free Shipping,No,No,50,Venmo,Every 3 Months,2025
2320,56,Male,Sandals,Footwear,38,Maine,XL,Turquoise,Winter,5.0,No,Free Shipping,No,No,29,PayPal,Monthly,2025
2288,66,Male,Blouse,Clothing,45,Nebraska,L,Green,Summer,3.0,No,Store Pickup,No,No,6,Debit Card,Annually,2025
276,48,Male,Backpack,Accessories,85,Virginia,XL,Lavender,Winter,4.0,Yes,Express,Yes,Yes,13,Credit Card,Weekly,2025
42,67,Male,Scarf,Accessories,39,Alaska,M,Orange,Spring,4.5,Yes,Standard,Yes,Yes,40,Venmo,Annually,2025
467,38,Male,Jeans,Clothing,24,Vermont,L,Turquoise,Winter,4.6,Yes,Free Shipping,Yes,Yes,25,PayPal,Weekly,2025
1330,70,Male,Gloves,Accessories,63,Texas,M,Indigo,Fall,3.3,No,Express,Yes,Yes,50,PayPal,Every 3 Months,2025
546,33,Male,Coat,Outerwear,32,Alabama,L,Magenta,Summer,3.5,Yes,2-Day Shipping,Yes,Yes,48,Debit Card,Annually,2025
102,27,Male,Coat,Outerwear,85,North Dakota,XL,White,Spring,4.6,Yes,Express,Yes,Yes,50,Credit Card,Bi-Weekly,2025
1849,19,Male,Jeans,Clothing,73,Maine,XL,Yellow,Winter,2.7,No,Express,No,No,34,Cash,Every 3 Months,2025
2348,37,Male,Belt,Accessories,64,California,S,Gray,Fall,4.2,No,Express,No,No,46,Cash,Every 3 Months,2025
3756,64,Female,Skirt,Clothing,93,Pennsylvania,M,Peach,Fall,3.4,No,Free Shipping,No,No,26,Credit Card,Monthly,2025
3195,43,Female,Sneakers,Footwear,52,Maryland,L,Gold,Summer,4.6,No,Standard,No,No,10,Credit Card,Bi-Weekly,2025
1301,67,Male,T-shirt,Clothing,100,West Virginia,M,Charcoal,Spring,4.5,No,Next Day Air,Yes,Yes,47,Credit Card,Every 3 Months,2025
1684,23,Male,Coat,Outerwear,57,Arkansas,S,Lavender,Spring,3.5,No,Next Day Air,No,No,37,Venmo,Quarterly,2025
198,59,Male,Scarf,Accessories,78,South Carolina,M,Black,Fall,3.2,Yes,2-Day Shipping,Yes,Yes,41,Credit Card,Monthly,2025
3886,49,Female,Socks,Clothing,64,New Mexico,L,Purple,Winter,3.2,No,Free Shipping,No,No,39,Cash,Quarterly,2025
2617,61,Male,Sandals,Footwear,55,Georgia,XL,Purple,Spring,3.6,No,Express,No,No,46,Cash,Annually,2025
1835,49,Male,Skirt,Clothing,35,Indiana,M,Charcoal,Summer,4.1,No,2-Day Shipping,No,No,39,Venmo,Fortnightly,2025
2395,40,Male,Sandals,Footwear,47,Connecticut,L,Peach,Fall,2.9,No,2-Day Shipping,No,No,23,Debit Card,Fortnightly,2025
2968,34,Female,Sneakers,Footwear,36,Indiana,L,Silver,Summer,3.4,No,Free Shipping,No,No,40,Venmo,Annually,2025
3197,24,Female,Belt,Accessories,59,Wisconsin,L,Maroon,Winter,2.8,No,Express,No,No,21,Debit Card,Fortnightly,2025
1399,30,Male,Dress,Clothing,45,Texas,M,Cyan,Summer,2.5,No,Free Shipping,Yes,Yes,25,Credit Card,Weekly,2025
1255,54,Male,Sneakers,Footwear,56,California,XL,Black,Spring,3.3,No,2-Day Shipping,Yes,Yes,2,Credit Card,Bi-Weekly,2025
540,49,Male,Coat,Outerwear,48,Wyoming,M,Violet,Winter,4.0,Yes,Store Pickup,Yes,Yes,49,Debit Card,Weekly,2025
1374,18,Male,Gloves,Accessories,40,Virginia,L,Turquoise,Winter,2.6,No,Store Pickup,Yes,Yes,6,Cash,Quarterly,2025
2832,34,Female,Hoodie,Clothing,53,Virginia,L,Pink,Winter,5.0,No,Express,No,No,4,Credit Card,Weekly,2025
1040,29,Male,Belt,Accessories,46,Michigan,M,Magenta,Fall,4.8,Yes,Standard,Yes,Yes,39,Venmo,Monthly,2025
3352,43,Female,Shirt,Clothing,49,New Hampshire,L,Cyan,Spring,4.2,No,2-Day Shipping,No,No,18,Bank Transfer,Fortnightly,2025
1878,69,Male,Gloves,Accessories,62,Pennsylvania,L,Pink,Fall,3.6,No,Express,No,No,3,Credit Card,Annually,2025
830,42,Male,Socks,Clothing,57,Idaho,S,Silver,Spring,3.1,Yes,2-Day Shipping,Yes,Yes,14,Credit Card,Fortnightly,2025
2421,41,Male,Jacket,Outerwear,87,North Carolina,S,Green,Winter,4.2,No,Free Shipping,No,No,28,PayPal,Annually,2025
3849,22,Female,Jewelry,Accessories,60,New Hampshire,M,Magenta,Winter,3.0,No,Next Day Air,No,No,39,Cash,Every 3 Months,2025
1440,25,Male,Boots,Footwear,48,New Mexico,M,Magenta,Summer,4.8,No,Next Day Air,Yes,Yes,25,Cash,Fortnightly,2025
2505,56,Male,Shorts,Clothing,94,Rhode Island,M,Turquoise,Winter,4.0,No,Store Pickup,No,No,31,Cash,Bi-Weekly,2025
3298,67,Female,Belt,Accessories,82,West Virginia,M,Violet,Fall,4.1,No,Free Shipping,No,No,47,PayPal,Monthly,2025
2865,58,Female,Sweater,Clothing,43,Illinois,S,Maroon,Fall,3.6,No,Store Pickup,No,No,31,Venmo,Weekly,2025
3033,26,Female,Backpack,Accessories,58,California,XL,Green,Summer,3.5,No,Next Day Air,No,No,24,Credit Card,Quarterly,2025
2584,69,Male,Jeans,Clothing,93,Oklahoma,M,Lavender,Fall,2.5,No,Next Day Air,No,No,9,Cash,Weekly,2025
3049,69,Female,Jewelry,Accessories,93,Colorado,M,Olive,Summer,3.9,No,Standard,No,No,47,Venmo,Fortnightly,2025
3224,68,Female,Shirt,Clothing,65,Montana,S,Gray,Spring,3.9,No,Standard,No,No,36,Venmo,Bi-Weekly,2025
2026,42,Male,Shirt,Clothing,29,Delaware,M,Turquoise,Summer,3.0,No,Express,No,No,43,Debit Card,Fortnightly,2025
1538,68,Male,Shoes,Footwear,89,Alaska,L,Black,Spring,3.2,No,Next Day Air,Yes,Yes,50,Venmo,Annually,2025
3768,59,Female,Shorts,Clothing,51,New York,XL,Black,Summer,3.1,No,Free Shipping,No,No,10,Bank Transfer,Fortnightly,2025
114,44,Male,Hat,Accessories,54,New Jersey,L,Maroon,Winter,3.1,Yes,Next Day Air,Yes,Yes,20,PayPal,Quarterly,2025
3295,62,Female,Sweater,Clothing,60,South Carolina,S,Magenta,Spring,4.5,No,Store Pickup,No,No,15,Bank Transfer,Bi-Weekly,2025
3499,47,Female,Sandals,Footwear,35,Kentucky,M,Lavender,Summer,3.8,No,Standard,No,No,2,Bank Transfer,Bi-Weekly,2025
421,32,Male,Socks,Clothing,54,North Carolina,S,Peach,Spring,3.8,Yes,Free Shipping,Yes,Yes,18,Debit Card,Bi-Weekly,2025
2936,58,Female,Sneakers,Footwear,27,North Carolina,XL,Gray,Spring,4.6,No,Standard,No,No,11,Venmo,Weekly,2025
3784,39,Female,Gloves,Accessories,66,Maine,XL,Orange,Summer,3.2,No,Free Shipping,No,No,17,Debit Card,Fortnightly,2025
3022,65,Female,Sunglasses,Accessories,77,Pennsylvania,S,Blue,Summer,4.5,No,2-Day Shipping,No,No,47,Cash,Quarterly,2025
1918,38,Male,Skirt,Clothing,71,Hawaii,L,Black,Winter,3.4,No,Free Shipping,No,No,35,PayPal,Bi-Weekly,2025
2100,31,Male,T-shirt,Clothing,78,Oklahoma,L,Green,Summer,2.9,No,Express,No,No,50,PayPal,Annually,2025
3362,47,Female,Shoes,Footwear,26,Florida,M,Silver,Spring,4.1,No,Free Shipping,No,No,47,Credit Card,Bi-Weekly,2025
3547,60,Female,Scarf,Accessories,79,Kansas,M,Violet,Summer,3.6,No,Free Shipping,No,No,37,Bank Transfer,Bi-Weekly,2025
708,59,Male,Shirt,Clothing,38,Louisiana,L,Purple,Spring,3.7,Yes,Next Day Air,Yes,Yes,21,Venmo,Annually,2025
459,47,Male,Shorts,Clothing,91,Arkansas,L,Black,Winter,4.0,Yes,2-Day Shipping,Yes,Yes,48,PayPal,Monthly,2025
2844,51,Female,Sweater,Clothing,26,Ohio,M,White,Summer,3.6,No,Store Pickup,No,No,41,Venmo,Weekly,2025
3246,63,Female,Pants,Clothing,76,Kansas,M,Purple,Fall,3.2,No,Next Day Air,No,No,20,Cash,Weekly,2025
2978,38,Female,Shorts,Clothing,47,Washington,L,Gold,Winter,3.4,No,Standard,No,No,20,Venmo,Annually,2025
2820,67,Female,Shirt,Clothing,27,Georgia,L,Lavender,Spring,3.0,No,Free Shipping,No,No,19,Cash,Monthly,2025
2010,37,Male,Boots,Footwear,99,Alabama,M,Indigo,Summer,3.8,No,Next Day Air,No,No,26,Venmo,Bi-Weekly,2025
1833,69,Male,Jewelry,Accessories,29,Louisiana,M,Blue,Fall,4.6,No,Free Shipping,No,No,48,Cash,Monthly,2025
3869,18,Female,Dress,Clothing,29,Maryland,XL,Magenta,Winter,3.3,No,2-Day Shipping,No,No,9,Cash,Annually,2025
988,62,Male,Handbag,Accessories,47,West Virginia,M,Charcoal,Summer,2.8,Yes,Express,Yes,Yes,48,PayPal,Weekly,2025
2406,69,Male,Jeans,Clothing,97,California,XL,Silver,Fall,5.0,No,Standard,No,No,5,Debit Card,Quarterly,2025
1429,20,Male,Blouse,Clothing,97,North Dakota,S,Green,Summer,4.9,No,Express,Yes,Yes,42,PayPal,Quarterly,2025
801,32,Male,Socks,Clothing,20,Utah,S,Gold,Summer,2.6,Yes,Free Shipping,Yes,Yes,20,Cash,Every 3 Months,2025
1241,41,Male,Scarf,Accessories,79,New Jersey,L,White,Winter,2.9,No,Store Pickup,Yes,Yes,48,Debit Card,Annually,2025
395,43,Male,Scarf,Accessories,29,North Dakota,M,Beige,Spring,4.8,Yes,Store Pickup,Yes,Yes,7,Debit Card,Bi-Weekly,2025
3019,43,Female,Boots,Footwear,41,Texas,M,Green,Summer,3.0,No,Free Shipping,No,No,21,Debit Card,Bi-Weekly,2025
1275,54,Male,Hat,Accessories,73,Missouri,M,Olive,Spring,3.1,No,2-Day Shipping,Yes,Yes,37,PayPal,Quarterly,2025
350,37,Male,Hat,Accessories,87,Arizona,M,Green,Winter,3.7,Yes,2-Day Shipping,Yes,Yes,3,Bank Transfer,Bi-Weekly,2025
471,50,Male,Dress,Clothing,63,Minnesota,L,Teal,Summer,4.6,Yes,Express,Yes,Yes,6,Cash,Every 3 Months,2025
2648,60,Male,Shoes,Footwear,58,South Carolina,M,Red,Summer,3.3,No,2-Day Shipping,No,No,25,Debit Card,Annually,2025
3288,24,Female,Skirt,Clothing,63,West Virginia,L,Black,Spring,4.3,No,2-Day Shipping,No,No,38,Credit Card,Weekly,2025
2268,32,Male,Gloves,Accessories,49,Kentucky,S,Blue,Spring,3.8,No,Express,No,No,37,Venmo,Weekly,2025
1055,18,Male,Shorts,Clothing,96,Arkansas,L,Cyan,Winter,4.9,No,Express,Yes,Yes,48,PayPal,Quarterly,2025
1351,31,Male,Sunglasses,Accessories,71,Delaware,M,Orange,Fall,4.3,No,Next Day Air,Yes,Yes,1,Cash,Every 3 Months,2025
1205,67,Male,Belt,Accessories,94,Florida,M,Pink,Spring,3.2,No,2-Day Shipping,Yes,Yes,20,Credit Card,Every 3 Months,2025
1594,61,Male,Dress,Clothing,95,Maryland,M,Black,Spring,4.9,No,2-Day Shipping,Yes,Yes,25,Bank Transfer,Monthly,2025
2659,52,Female,Handbag,Accessories,47,Ohio,XL,Indigo,Summer,3.2,No,Next Day Air,No,No,39,PayPal,Monthly,2025
989,50,Male,Pants,Clothing,84,Ohio,M,Orange,Winter,4.9,Yes,2-Day Shipping,Yes,Yes,47,PayPal,Fortnightly,2025
1137,23,Male,Handbag,Accessories,83,Illinois,S,Cyan,Summer,4.8,No,Free Shipping,Yes,Yes,37,Cash,Monthly,2025
408,45,Male,Hoodie,Clothing,76,North Carolina,XL,Teal,Spring,3.1,Yes,Next Day Air,Yes,Yes,5,Credit Card,Bi-Weekly,2025
2283,18,Male,Sneakers,Footwear,97,Idaho,S,Red,Fall,4.2,No,2-Day Shipping,No,No,8,Credit Card,Annually,2025
2737,44,Female,Hoodie,Clothing,25,Montana,M,Pink,Spring,4.8,No,Store Pickup,No,No,45,Credit Card,Annually,2025
3135,35,Female,Boots,Footwear,66,Kentucky,L,Gray,Spring,4.4,No,Store Pickup,No,No,47,Bank Transfer,Weekly,2025
1510,20,Male,Dress,Clothing,54,New Hampshire,XL,White,Summer,4.6,No,Free Shipping,Yes,Yes,44,Debit Card,Annually,2025
3878,28,Female,Hoodie,Clothing,96,Nevada,M,Olive,Spring,4.2,No,Next Day Air,No,No,46,Debit Card,Monthly,2025
2857,65,Female,Jacket,Outerwear,48,Iowa,M,Indigo,Winter,3.5,No,2-Day Shipping,No,No,31,Credit Card,Monthly,2025
1926,59,Male,Sneakers,Footwear,32,Utah,L,Black,Winter,2.9,No,Express,No,No,44,Credit Card,Fortnightly,2025
536,56,Male,T-shirt,Clothing,45,West Virginia,L,Maroon,Spring,3.2,Yes,Free Shipping,Yes,Yes,24,Bank Transfer,Weekly,2025
3277,39,Female,Scarf,Accessories,99,South Dakota,M,White,Summer,4.0,No,Store Pickup,No,No,41,PayPal,Every 3 Months,2025
207,24,Male,T-shirt,Clothing,55,Wisconsin,L,Silver,Summer,4.2,Yes,Free Shipping,Yes,Yes,6,Venmo,Fortnightly,2025
2179,21,Male,Jewelry,Accessories,98,Florida,M,Gold,Summer,4.7,No,Standard,No,No,32,Venmo,Annually,2025
3002,29,Female,Coat,Outerwear,29,Montana,L,Charcoal,Summer,4.7,No,Express,No,No,28,Credit Card,Quarterly,2025
3834,44,Female,Jacket,Outerwear,93,Arizona,L,Gray,Summer,4.6,No,Free Shipping,No,No,17,PayPal,Every 3 Months,2025
431,24,Male,Shirt,Clothing,40,Texas,M,Brown,Summer,3.5,Yes,Store Pickup,Yes,Yes,40,Debit Card,Annually,2025
453,45,Male,Pants,Clothing,45,Missouri,M,Violet,Summer,3.3,Yes,Express,Yes,Yes,39,PayPal,Fortnightly,2025
2586,57,Male,Sunglasses,Accessories,37,Wisconsin,L,Maroon,Fall,4.4,No,Free Shipping,No,No,19,Debit Card,Weekly,2025
738,47,Male,Sunglasses,Accessories,24,Nebraska,M,Teal,Spring,3.6,Yes,Store Pickup,Yes,Yes,28,PayPal,Annually,2025
3255,21,Female,Sweater,Clothing,31,Indiana,S,Magenta,Winter,4.9,No,Store Pickup,No,No,11,Bank Transfer,Every 3 Months,2025
323,41,Male,Belt,Accessories,95,Tennessee,S,Cyan,Winter,3.0,Yes,Standard,Yes,Yes,47,Credit Card,Monthly,2025
3219,37,Female,Skirt,Clothing,34,Florida,M,Teal,Fall,3.9,No,Express,No,No,49,PayPal,Monthly,2025
2404,64,Male,Shorts,Clothing,22,Missouri,M,Magenta,Fall,4.4,No,Standard,No,No,40,Debit Card,Weekly,2025
877,41,Male,Belt,Accessories,51,Nebraska,L,Gray,Summer,3.8,Yes,2-Day Shipping,Yes,Yes,1,Debit Card,Weekly,2025
3280,59,Female,Hat,Accessories,50,Wyoming,S,Red,Fall,3.0,No,Express,No,No,1,Debit Card,Fortnightly,2025
2205,20,Male,Jeans,Clothing,41,Oregon,S,Lavender,Winter,3.4,No,2-Day Shipping,No,No,6,Debit Card,Monthly,2025
2037,37,Male,Blouse,Clothing,63,Minnesota,S,Lavender,Winter,3.1,No,Next Day Air,No,No,46,Cash,Weekly,2025
1313,66,Male,T-shirt,Clothing,79,Missouri,M,Violet,Winter,3.0,No,Store Pickup,Yes,Yes,19,Bank Transfer,Monthly,2025
2051,35,Male,Hat,Accessories,96,Mississippi,M,Teal,Summer,3.4,No,Store Pickup,No,No,10,Debit Card,Annually,2025
1815,32,Male,Jeans,Clothing,92,Montana,M,White,Summer,3.8,No,Free Shipping,No,No,24,Cash,Quarterly,2025
3110,60,Female,Jacket,Outerwear,92,Illinois,M,Gray,Winter,4.3,No,Free Shipping,No,No,47,Bank Transfer,Fortnightly,2025
3255,21,Female,Sweater,Clothing,31,Indiana,S,Magenta,Winter,4.9,No,Store Pickup,No,No,11,Bank Transfer,Every 3 Months,2025
2108,46,Male,Pants,Clothing,75,Delaware,M,Black,Winter,3.3,No,Standard,No,No,35,PayPal,Quarterly,2025
107,64,Male,Jacket,Outerwear,35,Minnesota,L,White,Summer,3.7,Yes,Standard,Yes,Yes,31,Credit Card,Monthly,2025
112,26,Male,Belt,Accessories,75,Massachusetts,L,Purple,Summer,5.0,Yes,Free Shipping,Yes,Yes,9,Credit Card,Annually,2025
3725,30,Female,Gloves,Accessories,71,Colorado,L,Green,Winter,3.1,No,Express,No,No,18,Bank Transfer,Annually,2025
3579,46,Female,Shoes,Footwear,22,Georgia,L,Olive,Winter,2.6,No,Standard,No,No,22,Bank Transfer,Quarterly,2025
3594,63,Female,Sandals,Footwear,80,Wyoming,M,Black,Spring,4.6,No,Next Day Air,No,No,24,PayPal,Monthly,2025
224,20,Male,Pants,Clothing,41,Wyoming,M,Turquoise,Spring,4.8,Yes,Free Shipping,Yes,Yes,34,PayPal,Annually,2025
3830,69,Female,Pants,Clothing,32,Washington,M,Indigo,Spring,2.9,No,Free Shipping,No,No,32,Debit Card,Fortnightly,2025
1301,67,Male,T-shirt,Clothing,100,West Virginia,M,Charcoal,Spring,4.5,No,Next Day Air,Yes,Yes,47,Credit Card,Every 3 Months,2025
1277,51,Male,Boots,Footwear,68,Wyoming,L,Turquoise,Spring,4.8,No,Next Day Air,Yes,Yes,37,Bank Transfer,Weekly,2025
3839,47,Female,Dress,Clothing,25,Rhode Island,L,Green,Summer,4.2,No,Express,No,No,24,Venmo,Every 3 Months,2025
3658,58,Female,Shoes,Footwear,82,Alabama,L,Gold,Winter,3.7,No,Express,No,No,1,Debit Card,Every 3 Months,2025
35,36,Male,T-shirt,Clothing,91,North Dakota,L,Violet,Spring,4.6,Yes,2-Day Shipping,Yes,Yes,38,PayPal,Quarterly,2025
1171,57,Male,Skirt,Clothing,62,Illinois,S,Red,Spring,3.2,No,Express,Yes,Yes,33,Cash,Bi-Weekly,2025
1770,32,Male,Socks,Clothing,75,Alaska,L,Brown,Winter,4.3,No,Free Shipping,No,No,45,Cash,Monthly,2025
3631,65,Female,Hat,Accessories,73,Oklahoma,M,Lavender,Winter,4.8,No,Store Pickup,No,No,29,Cash,Weekly,2025
943,26,Male,Dress,Clothing,91,Arizona,M,Cyan,Winter,3.2,Yes,Express,Yes,Yes,38,PayPal,Bi-Weekly,2025
2390,25,Male,Coat,Outerwear,87,Kansas,M,Violet,Spring,3.1,No,Store Pickup,No,No,17,Bank Transfer,Every 3 Months,2025
1365,68,Male,Hat,Accessories,75,Delaware,L,Yellow,Fall,4.7,No,Express,Yes,Yes,5,Cash,Every 3 Months,2025
3757,64,Female,Skirt,Clothing,69,South Carolina,L,Teal,Spring,4.8,No,Express,No,No,42,Debit Card,Bi-Weekly,2025
3099,66,Female,Pants,Clothing,64,New Mexico,L,Cyan,Summer,3.3,No,Next Day Air,No,No,50,Bank Transfer,Quarterly,2025
1412,48,Male,Skirt,Clothing,24,Louisiana,L,Green,Summer,2.8,No,Store Pickup,Yes,Yes,13,Venmo,Quarterly,2025
1416,54,Male,Belt,Accessories,90,Illinois,M,Blue,Winter,3.7,No,Free Shipping,Yes,Yes,12,Credit Card,Every 3 Months,2025
3583,23,Female,Shorts,Clothing,41,California,S,Beige,Summer,3.4,No,2-Day Shipping,No,No,15,PayPal,Annually,2025
2384,53,Male,Backpack,Accessories,72,Rhode Island,L,Gold,Spring,4.9,No,2-Day Shipping,No,No,25,Bank Transfer,Annually,2025
2986,46,Female,Belt,Accessories,36,Hawaii,S,Teal,Summer,3.0,No,Express,No,No,21,Cash,Bi-Weekly,2025
3637,50,Female,Sandals,Footwear,38,California,L,Lavender,Summer,4.2,No,2-Day Shipping,No,No,36,Cash,Weekly,2025
3839,47,Female,Dress,Clothing,25,Rhode Island,L,Green,Summer,4.2,No,Express,No,No,24,Venmo,Every 3 Months,2025
3596,21,Female,Blouse,Clothing,41,South Dakota,M,Violet,Spring,3.1,No,Store Pickup,No,No,14,PayPal,Annually,2025
3346,28,Female,Handbag,Accessories,91,Florida,M,Turquoise,Summer,4.0,No,2-Day Shipping,No,No,3,Venmo,Bi-Weekly,2025
3145,23,Female,Boots,Footwear,70,Maine,L,Beige,Spring,2.6,No,Free Shipping,No,No,12,Debit Card,Quarterly,2025
2686,56,Female,Boots,Footwear,25,Virginia,M,Gray,Winter,2.7,No,Express,No,No,49,Credit Card,Quarterly,2025
1289,66,Male,Belt,Accessories,93,South Dakota,XL,Charcoal,Winter,4.1,No,Standard,Yes,Yes,34,PayPal,Bi-Weekly,2025
3531,62,Female,Sunglasses,Accessories,45,Oklahoma,L,Black,Spring,3.4,No,Express,No,No,37,PayPal,Weekly,2025
3531,62,Female,Sunglasses,Accessories,45,Oklahoma,L,Black,Spring,3.4,No,Express,No,No,37,PayPal,Weekly,2025
2118,27,Male,Dress,Clothing,28,Colorado,L,Brown,Summer,3.8,No,Free Shipping,No,No,11,Debit Card,Annually,2025
3746,60,Female,Socks,Clothing,41,Washington,L,Gold,Spring,4.3,No,Express,No,No,2,Debit Card,Monthly,2025
213,67,Male,Handbag,Accessories,84,Virginia,L,Blue,Fall,4.2,Yes,Express,Yes,Yes,7,Debit Card,Annually,2025
3215,53,Female,Skirt,Clothing,78,Washington,M,Yellow,Spring,3.1,No,Free Shipping,No,No,6,Debit Card,Annually,2025
1176,35,Male,Belt,Accessories,81,New Jersey,M,Beige,Spring,4.1,No,Store Pickup,Yes,Yes,26,PayPal,Quarterly,2025
2265,51,Male,Hat,Accessories,92,North Dakota,M,Turquoise,Summer,3.9,No,2-Day Shipping,No,No,50,PayPal,Monthly,2025
2450,26,Male,Coat,Outerwear,56,Alabama,S,Violet,Fall,4.1,No,Express,No,No,31,Venmo,Fortnightly,2025
1468,30,Male,Jewelry,Accessories,27,Ohio,XL,Olive,Winter,4.7,No,Store Pickup,Yes,Yes,16,Debit Card,Fortnightly,2025
2861,28,Female,Shirt,Clothing,38,Rhode Island,M,Gold,Spring,2.9,No,Next Day Air,No,No,49,Bank Transfer,Weekly,2025
2299,40,Male,Handbag,Accessories,87,Montana,L,Cyan,Spring,2.9,No,2-Day Shipping,No,No,10,Cash,Every 3 Months,2025
549,36,Male,Backpack,Accessories,64,Nebraska,M,Black,Winter,4.6,Yes,Store Pickup,Yes,Yes,41,Debit Card,Every 3 Months,2025
1737,57,Male,Shorts,Clothing,61,Tennessee,M,Purple,Summer,2.6,No,2-Day Shipping,No,No,43,Cash,Quarterly,2025
1815,32,Male,Jeans,Clothing,92,Montana,M,White,Summer,3.8,No,Free Shipping,No,No,24,Cash,Quarterly,2025
2288,66,Male,Blouse,Clothing,45,Nebraska,L,Green,Summer,3.0,No,Store Pickup,No,No,6,Debit Card,Annually,2025
2920,64,Female,Shoes,Footwear,67,Minnesota,L,Charcoal,Winter,3.8,No,Standard,No,No,31,Debit Card,Monthly,2025
3496,24,Female,Shorts,Clothing,33,Georgia,XL,Gray,Spring,2.8,No,Free Shipping,No,No,14,Cash,Weekly,2025
316,66,Male,Jewelry,Accessories,24,Wisconsin,XL,Orange,Spring,4.5,Yes,Express,Yes,Yes,24,Debit Card,Annually,2025
2929,40,Female,Jewelry,Accessories,80,Alabama,L,Yellow,Spring,3.6,No,Store Pickup,No,No,17,Credit Card,Weekly,2025
111,56,Male,Backpack,Accessories,26,New York,M,Black,Summer,4.0,Yes,Standard,Yes,Yes,26,Venmo,Fortnightly,2025
1577,56,Male,Dress,Clothing,75,Michigan,M,White,Spring,3.7,No,2-Day Shipping,Yes,Yes,36,PayPal,Monthly,2025
3248,53,Female,Gloves,Accessories,91,Arkansas,M,Teal,Summer,3.7,No,Express,No,No,12,PayPal,Fortnightly,2025
3494,48,Female,Pants,Clothing,82,New Mexico,XL,Black,Winter,4.7,No,Store Pickup,No,No,35,Credit Card,Weekly,2025
3744,62,Female,Pants,Clothing,28,Idaho,L,Cyan,Fall,3.6,No,Free Shipping,No,No,36,Debit Card,Quarterly,2025
617,29,Male,Gloves,Accessories,72,Pennsylvania,L,Teal,Spring,4.6,Yes,Free Shipping,Yes,Yes,38,Credit Card,Every 3 Months,2025
2158,41,Male,Handbag,Accessories,68,Mississippi,L,Turquoise,Winter,4.0,No,Next Day Air,No,No,41,Venmo,Fortnightly,2025
3235,49,Female,Jewelry,Accessories,96,Washington,M,Black,Winter,2.5,No,2-Day Shipping,No,No,16,Debit Card,Quarterly,2025
3628,39,Female,Belt,Accessories,54,Delaware,M,Silver,Winter,3.3,No,Next Day Air,No,No,48,Cash,Every 3 Months,2025
3253,69,Female,Sandals,Footwear,21,Montana,L,Brown,Spring,2.7,No,Store Pickup,No,No,48,Credit Card,Fortnightly,2025
2501,59,Male,Gloves,Accessories,84,Massachusetts,M,Violet,Fall,2.9,No,Store Pickup,No,No,32,Cash,Bi-Weekly,2025
497,30,Male,Dress,Clothing,63,California,S,Maroon,Fall,3.3,Yes,Express,Yes,Yes,31,Venmo,Fortnightly,2025
1053,60,Male,Shoes,Footwear,36,Virginia,XL,Pink,Fall,3.0,Yes,2-Day Shipping,Yes,Yes,1,Credit Card,Fortnightly,2025
463,59,Male,Jacket,Outerwear,81,Illinois,M,White,Fall,3.3,Yes,Express,Yes,Yes,48,Venmo,Every 3 Months,2025
2880,62,Female,Blouse,Clothing,57,North Dakota,XL,Turquoise,Winter,4.9,No,Free Shipping,No,No,31,Venmo,Annually,2025
1124,36,Male,Hat,Accessories,67,Massachusetts,S,Purple,Fall,2.5,No,Store Pickup,Yes,Yes,38,Cash,Monthly,2025
949,49,Male,Hat,Accessories,90,Alabama,L,Olive,Summer,4.9,Yes,Express,Yes,Yes,11,Venmo,Every 3 Months,2025
150,38,Male,Pants,Clothing,76,Delaware,M,White,Summer,3.2,Yes,Free Shipping,Yes,Yes,14,PayPal,Monthly,2025
1553,54,Male,Blouse,Clothing,49,New Mexico,L,Purple,Spring,3.0,No,Express,Yes,Yes,20,Credit Card,Monthly,2025
1529,69,Male,T-shirt,Clothing,75,Oregon,S,Red,Spring,4.0,No,Store Pickup,Yes,Yes,47,Venmo,Bi-Weekly,2025
893,31,Male,Shorts,Clothing,64,New Mexico,L,Gray,Summer,2.7,Yes,Free Shipping,Yes,Yes,43,Debit Card,Monthly,2025
924,55,Male,Shirt,Clothing,24,Arkansas,M,Silver,Spring,4.2,Yes,2-Day Shipping,Yes,Yes,7,PayPal,Weekly,2025
1011,54,Male,Jeans,Clothing,24,South Dakota,XL,Gray,Spring,4.7,Yes,2-Day Shipping,Yes,Yes,37,Credit Card,Fortnightly,2025
279,57,Male,Sweater,Clothing,95,Hawaii,M,Orange,Spring,3.7,Yes,Express,Yes,Yes,23,Debit Card,Annually,2025
1105,35,Male,Hat,Accessories,28,Delaware,M,Beige,Fall,3.1,No,Express,Yes,Yes,8,Bank Transfer,Quarterly,2025
2842,19,Female,Dress,Clothing,33,Ohio,XL,Magenta,Winter,3.0,No,2-Day Shipping,No,No,31,Cash,Weekly,2025
1606,70,Male,Belt,Accessories,46,Connecticut,M,Lavender,Winter,3.4,No,Next Day Air,Yes,Yes,15,Credit Card,Bi-Weekly,2025
1961,57,Male,Jeans,Clothing,72,Massachusetts,L,Red,Summer,3.3,No,2-Day Shipping,No,No,40,Credit Card,Annually,2025
476,21,Male,Sneakers,Footwear,66,Ohio,L,Magenta,Summer,2.7,Yes,Free Shipping,Yes,Yes,18,Debit Card,Annually,2025
1744,23,Male,Skirt,Clothing,72,Missouri,XL,Brown,Winter,3.3,No,Standard,No,No,3,Bank Transfer,Weekly,2025
3198,27,Female,Sweater,Clothing,71,Maine,M,Teal,Spring,3.2,No,Free Shipping,No,No,29,Credit Card,Every 3 Months,2025
3470,36,Female,Socks,Clothing,85,North Dakota,L,Magenta,Fall,3.3,No,Store Pickup,No,No,12,Cash,Annually,2025
1958,68,Male,Gloves,Accessories,54,South Carolina,M,Cyan,Spring,4.5,No,Store Pickup,No,No,26,Cash,Bi-Weekly,2025
1735,31,Male,Jeans,Clothing,98,Missouri,L,Brown,Spring,3.1,No,Next Day Air,No,No,16,PayPal,Quarterly,2025
1916,51,Male,Backpack,Accessories,74,Alabama,M,Magenta,Fall,4.7,No,2-Day Shipping,No,No,44,Cash,Weekly,2025
1993,33,Male,Hoodie,Clothing,98,New Jersey,L,Gold,Winter,4.9,No,2-Day Shipping,No,No,28,Venmo,Monthly,2025
3376,51,Female,Boots,Footwear,98,Connecticut,XL,Yellow,Fall,4.9,No,Express,No,No,8,Credit Card,Annually,2025
2921,33,Female,Sunglasses,Accessories,72,Texas,XL,Brown,Spring,4.9,No,Free Shipping,No,No,3,Debit Card,Bi-Weekly,2025
1821,19,Male,Shirt,Clothing,94,Washington,XL,Gold,Fall,5.0,No,Express,No,No,31,PayPal,Monthly,2025
2902,41,Female,Blouse,Clothing,43,Alabama,L,Olive,Winter,2.6,No,Free Shipping,No,No,46,Credit Card,Quarterly,2025
3885,47,Female,Sandals,Footwear,29,Maryland,M,Brown,Fall,4.9,No,Express,No,No,3,PayPal,Weekly,2025
1268,47,Male,T-shirt,Clothing,83,Oregon,S,Gray,Spring,2.7,No,Standard,Yes,Yes,41,Cash,Weekly,2025
642,47,Male,Blouse,Clothing,78,Alaska,M,Red,Winter,3.9,Yes,2-Day Shipping,Yes,Yes,23,Credit Card,Every 3 Months,2025
459,47,Male,Shorts,Clothing,91,Arkansas,L,Black,Winter,4.0,Yes,2-Day Shipping,Yes,Yes,48,PayPal,Monthly,2025
71,22,Male,Belt,Accessories,29,Alabama,M,Magenta,Fall,4.2,Yes,Express,Yes,Yes,32,Debit Card,Every 3 Months,2025
1627,32,Male,Sneakers,Footwear,35,Nevada,L,Orange,Summer,2.6,No,Next Day Air,Yes,Yes,45,Credit Card,Bi-Weekly,2025
2076,46,Male,Sweater,Clothing,28,South Carolina,S,Turquoise,Fall,4.7,No,Express,No,No,49,Debit Card,Monthly,2025
3033,26,Female,Backpack,Accessories,58,California,XL,Green,Summer,3.5,No,Next Day Air,No,No,24,Credit Card,Quarterly,2025
1815,32,Male,Jeans,Clothing,92,Montana,M,White,Summer,3.8,No,Free Shipping,No,No,24,Cash,Quarterly,2025
3220,57,Female,Coat,Outerwear,40,Kansas,L,White,Summer,3.5,No,2-Day Shipping,No,No,39,Credit Card,Weekly,2025
3307,63,Female,Jacket,Outerwear,39,Colorado,L,Orange,Summer,3.6,No,Store Pickup,No,No,6,Venmo,Fortnightly,2025
493,50,Male,Shirt,Clothing,62,Michigan,M,Black,Fall,3.9,Yes,Standard,Yes,Yes,11,Debit Card,Weekly,2025
7,63,Male,Shirt,Clothing,85,Montana,M,Gray,Fall,3.2,Yes,Free Shipping,Yes,Yes,49,Cash,Quarterly,2025
2618,31,Male,Shorts,Clothing,97,Idaho,S,Maroon,Spring,4.8,No,Standard,No,No,29,Bank Transfer,Annually,2025
468,19,Male,Backpack,Accessories,51,Nebraska,S,Orange,Spring,4.5,Yes,2-Day Shipping,Yes,Yes,37,Debit Card,Every 3 Months,2025
1315,42,Male,Boots,Footwear,67,Missouri,S,Magenta,Summer,3.4,No,Free Shipping,Yes,Yes,49,Debit Card,Annually,2025
3232,62,Female,Shoes,Footwear,97,Nevada,M,Maroon,Winter,4.4,No,Free Shipping,No,No,9,Credit Card,Annually,2025
2902,41,Female,Blouse,Clothing,43,Alabama,L,Olive,Winter,2.6,No,Free Shipping,No,No,46,Credit Card,Quarterly,2025
1635,28,Male,Coat,Outerwear,23,South Carolina,S,Orange,Summer,3.6,No,Store Pickup,Yes,Yes,30,Cash,Every 3 Months,2025
1359,19,Male,Scarf,Accessories,22,Nebraska,XL,Pink,Spring,2.5,No,Store Pickup,Yes,Yes,25,Venmo,Every 3 Months,2025
296,53,Male,Sunglasses,Accessories,42,West Virginia,M,Indigo,Winter,2.7,Yes,Store Pickup,Yes,Yes,24,Credit Card,Quarterly,2025
893,31,Male,Shorts,Clothing,64,New Mexico,L,Gray,Summer,2.7,Yes,Free Shipping,Yes,Yes,43,Debit Card,Monthly,2025
1784,42,Male,Handbag,Accessories,49,Ohio,L,Lavender,Winter,3.3,No,Free Shipping,No,No,30,Credit Card,Monthly,2025
1999,20,Male,Pants,Clothing,45,Vermont,M,Orange,Fall,3.4,No,2-Day Shipping,No,No,19,Cash,Quarterly,2025
1870,18,Male,Blouse,Clothing,77,West Virginia,S,Beige,Spring,3.9,No,2-Day Shipping,No,No,16,Debit Card,Every 3 Months,2025
1688,67,Male,Skirt,Clothing,70,Georgia,S,Magenta,Winter,3.7,No,Free Shipping,No,No,4,PayPal,Annually,2025
2646,23,Male,Scarf,Accessories,81,Louisiana,L,Olive,Spring,4.0,No,Store Pickup,No,No,24,Bank Transfer,Bi-Weekly,2025
2671,30,Female,Sunglasses,Accessories,44,Pennsylvania,M,Yellow,Fall,4.7,No,Express,No,No,26,Bank Transfer,Bi-Weekly,2025
3578,66,Female,Belt,Accessories,35,Missouri,S,Yellow,Winter,2.6,No,Standard,No,No,13,Bank Transfer,Weekly,2025
3704,30,Female,Sandals,Footwear,83,Michigan,S,Teal,Fall,2.9,No,Standard,No,No,23,PayPal,Every 3 Months,2025
914,37,Male,Sneakers,Footwear,47,Utah,M,Yellow,Fall,2.6,Yes,Next Day Air,Yes,Yes,29,Cash,Every 3 Months,2025
585,70,Male,Socks,Clothing,94,Indiana,M,White,Spring,4.7,Yes,Free Shipping,Yes,Yes,20,Debit Card,Monthly,2025
2323,39,Male,Coat,Outerwear,84,Connecticut,S,Lavender,Spring,4.5,No,Store Pickup,No,No,21,Venmo,Fortnightly,2025
103,51,Male,Socks,Clothing,67,Oklahoma,L,Violet,Winter,4.8,Yes,Next Day Air,Yes,Yes,35,Credit Card,Quarterly,2025
3092,68,Female,Dress,Clothing,81,Nevada,L,Orange,Winter,3.4,No,2-Day Shipping,No,No,46,Credit Card,Annually,2025
934,70,Male,Sneakers,Footwear,84,Colorado,M,Magenta,Spring,2.7,Yes,Store Pickup,Yes,Yes,33,Debit Card,Monthly,2025
2532,43,Male,Sandals,Footwear,28,Texas,M,Violet,Summer,4.6,No,Free Shipping,No,No,7,Cash,Every 3 Months,2025
1656,37,Male,Sweater,Clothing,81,Arizona,L,Gold,Spring,3.2,No,Next Day Air,Yes,Yes,4,PayPal,Monthly,2025
3294,19,Female,Coat,Outerwear,91,West Virginia,M,Gold,Spring,3.5,No,2-Day Shipping,No,No,47,Credit Card,Fortnightly,2025
1271,67,Male,Hoodie,Clothing,98,West Virginia,M,Green,Fall,3.3,No,Standard,Yes,Yes,20,Cash,Annually,2025
2181,41,Male,Coat,Outerwear,37,Connecticut,M,Yellow,Summer,4.1,No,Store Pickup,No,No,43,Cash,Quarterly,2025
1978,24,Male,Sandals,Footwear,49,Florida,M,Teal,Summer,2.6,No,Free Shipping,No,No,32,Bank Transfer,Annually,2025
2566,30,Male,Socks,Clothing,43,Vermont,S,Indigo,Fall,3.6,No,Store Pickup,No,No,8,Venmo,Quarterly,2025
2127,63,Male,Shoes,Footwear,38,Alabama,XL,Magenta,Winter,4.1,No,Express,No,No,28,Credit Card,Monthly,2025
567,55,Male,Sneakers,Footwear,93,Alabama,M,Indigo,Spring,3.6,Yes,Store Pickup,Yes,Yes,1,Debit Card,Fortnightly,2025
2543,61,Male,Jewelry,Accessories,22,Arkansas,M,White,Winter,3.7,No,Express,No,No,27,PayPal,Annually,2025
709,37,Male,Backpack,Accessories,50,Kentucky,L,Beige,Summer,3.4,Yes,Store Pickup,Yes,Yes,19,Cash,Fortnightly,2025
351,42,Male,Sweater,Clothing,68,Kentucky,M,Violet,Spring,2.6,Yes,2-Day Shipping,Yes,Yes,47,Bank Transfer,Fortnightly,2025
2394,58,Male,Socks,Clothing,97,Louisiana,M,Brown,Winter,5.0,No,2-Day Shipping,No,No,38,PayPal,Every 3 Months,2025
3603,58,Female,Skirt,Clothing,36,Wyoming,S,Magenta,Summer,3.3,No,Store Pickup,No,No,40,Debit Card,Quarterly,2025
1721,25,Male,Shorts,Clothing,84,Massachusetts,S,Beige,Winter,2.8,No,Express,No,No,40,Debit Card,Bi-Weekly,2025
1160,66,Male,Handbag,Accessories,55,New Hampshire,L,Blue,Fall,3.6,No,2-Day Shipping,Yes,Yes,46,Venmo,Every 3 Months,2025
1599,47,Male,Jewelry,Accessories,85,California,M,Teal,Fall,4.1,No,Express,Yes,Yes,21,Venmo,Bi-Weekly,2025
2377,21,Male,Gloves,Accessories,94,Tennessee,XL,Cyan,Spring,4.1,No,Express,No,No,5,Cash,Weekly,2025
1977,32,Male,Handbag,Accessories,51,Wyoming,M,Pink,Spring,3.2,No,Next Day Air,No,No,43,PayPal,Fortnightly,2025
3847,57,Female,Blouse,Clothing,58,Pennsylvania,L,Orange,Summer,4.0,No,Express,No,No,40,PayPal,Every 3 Months,2025
2812,69,Female,Jacket,Outerwear,89,Ohio,M,Blue,Fall,3.7,No,Store Pickup,No,No,19,Credit Card,Quarterly,2025
2559,49,Male,Hoodie,Clothing,32,California,M,Silver,Fall,2.7,No,Express,No,No,24,PayPal,Fortnightly,2025
1220,19,Male,Sweater,Clothing,23,Vermont,M,Gold,Winter,2.5,No,Next Day Air,Yes,Yes,35,Credit Card,Bi-Weekly,2025
2913,48,Female,Shoes,Footwear,37,Oregon,M,Yellow,Winter,4.0,No,Standard,No,No,27,Cash,Bi-Weekly,2025
2065,31,Male,Shoes,Footwear,99,Arkansas,M,Green,Summer,4.0,No,2-Day Shipping,No,No,5,Bank Transfer,Monthly,2025
2811,27,Female,Jeans,Clothing,31,Arizona,M,Purple,Summer,4.0,No,Standard,No,No,10,Debit Card,Fortnightly,2025
1996,67,Male,Boots,Footwear,80,Missouri,S,Teal,Spring,3.0,No,Standard,No,No,29,Debit Card,Quarterly,2025
1704,39,Male,Backpack,Accessories,22,California,M,Black,Spring,4.0,No,Next Day Air,No,No,12,Bank Transfer,Annually,2025
2199,57,Male,Scarf,Accessories,80,New York,L,Turquoise,Summer,3.5,No,Free Shipping,No,No,35,Venmo,Monthly,2025
3245,65,Female,Sweater,Clothing,81,Arkansas,M,Black,Fall,4.7,No,Express,No,No,42,Credit Card,Annually,2025
2963,57,Female,Pants,Clothing,40,California,L,Pink,Fall,4.0,No,Express,No,No,42,Credit Card,Every 3 Months,2025
3841,30,Female,Jeans,Clothing,42,Idaho,M,Turquoise,Spring,3.7,No,Express,No,No,5,Venmo,Fortnightly,2025
1732,21,Male,Backpack,Accessories,87,Idaho,M,Gray,Fall,3.1,No,Next Day Air,No,No,12,Cash,Monthly,2025
1195,50,Male,Hoodie,Clothing,46,New York,S,Teal,Winter,3.1,No,2-Day Shipping,Yes,Yes,6,Credit Card,Fortnightly,2025
3692,63,Female,Sandals,Footwear,21,Michigan,XL,Orange,Summer,4.8,No,Next Day Air,No,No,24,PayPal,Weekly,2025
2342,56,Male,Jacket,Outerwear,31,Connecticut,L,Teal,Summer,4.5,No,Express,No,No,22,Venmo,Every 3 Months,2025
2314,64,Male,Dress,Clothing,31,Georgia,M,Black,Summer,4.7,No,Next Day Air,No,No,36,Bank Transfer,Fortnightly,2025
1167,48,Male,Dress,Clothing,48,Connecticut,S,Lavender,Winter,3.7,No,Store Pickup,Yes,Yes,22,Venmo,Fortnightly,2025
1598,43,Male,Hat,Accessories,21,Mississippi,XL,Maroon,Winter,2.6,No,Store Pickup,Yes,Yes,34,Bank Transfer,Quarterly,2025
634,66,Male,Sandals,Footwear,33,Minnesota,M,Orange,Spring,2.9,Yes,Express,Yes,Yes,50,Debit Card,Quarterly,2025
2287,67,Male,Socks,Clothing,38,South Dakota,L,Blue,Spring,2.5,No,Store Pickup,No,No,35,Venmo,Quarterly,2025
2421,41,Male,Jacket,Outerwear,87,North Carolina,S,Green,Winter,4.2,No,Free Shipping,No,No,28,PayPal,Annually,2025
1234,46,Male,Pants,Clothing,73,Utah,L,Beige,Winter,3.5,No,Next Day Air,Yes,Yes,40,Venmo,Every 3 Months,2025
1385,46,Male,Sneakers,Footwear,96,Alaska,M,Beige,Fall,4.6,No,Standard,Yes,Yes,8,Bank Transfer,Weekly,2025
969,57,Male,Shorts,Clothing,67,North Carolina,L,Gray,Summer,3.1,Yes,Next Day Air,Yes,Yes,48,Bank Transfer,Quarterly,2025
2173,28,Male,Skirt,Clothing,89,Rhode Island,S,Lavender,Fall,2.8,No,Store Pickup,No,No,6,PayPal,Fortnightly,2025
3177,36,Female,Sandals,Footwear,37,Arkansas,XL,Turquoise,Spring,4.6,No,2-Day Shipping,No,No,39,Credit Card,Monthly,2025
3424,33,Female,Boots,Footwear,71,Massachusetts,M,Brown,Spring,3.8,No,Next Day Air,No,No,21,PayPal,Bi-Weekly,2025
3265,28,Female,Pants,Clothing,50,Maine,S,Charcoal,Winter,4.0,No,Express,No,No,39,Cash,Bi-Weekly,2025
3785,54,Female,Socks,Clothing,53,Virginia,M,Violet,Winter,4.5,No,Next Day Air,No,No,4,Venmo,Annually,2025
440,62,Male,Jacket,Outerwear,50,Idaho,M,Turquoise,Summer,3.4,Yes,Free Shipping,Yes,Yes,31,Cash,Monthly,2025
1363,41,Male,Coat,Outerwear,46,Colorado,M,Gray,Fall,4.3,No,Express,Yes,Yes,29,Cash,Weekly,2025
3834,44,Female,Jacket,Outerwear,93,Arizona,L,Gray,Summer,4.6,No,Free Shipping,No,No,17,PayPal,Every 3 Months,2025
3809,33,Female,Socks,Clothing,28,Washington,M,Pink,Winter,4.7,No,Express,No,No,6,Debit Card,Bi-Weekly,2025
172,29,Male,Shorts,Clothing,35,Virginia,M,Blue,Summer,3.6,Yes,Store Pickup,Yes,Yes,4,Credit Card,Weekly,2025
1354,39,Male,Pants,Clothing,83,Oregon,M,Teal,Winter,4.1,No,Next Day Air,Yes,Yes,4,Cash,Every 3 Months,2025
868,37,Male,Jacket,Outerwear,20,Colorado,M,Turquoise,Spring,3.1,Yes,Free Shipping,Yes,Yes,23,Bank Transfer,Fortnightly,2025
3128,55,Female,Gloves,Accessories,94,Louisiana,M,Beige,Winter,3.4,No,Free Shipping,No,No,43,Credit Card,Every 3 Months,2025
2685,46,Female,Dress,Clothing,45,Washington,M,Gray,Summer,4.7,No,Free Shipping,No,No,42,Credit Card,Bi-Weekly,2025
2275,57,Male,Dress,Clothing,27,New York,L,Turquoise,Spring,4.5,No,Next Day Air,No,No,38,PayPal,Fortnightly,2025
1398,55,Male,Sunglasses,Accessories,67,Massachusetts,S,Magenta,Summer,4.7,No,Store Pickup,Yes,Yes,33,PayPal,Annually,2025
1510,20,Male,Dress,Clothing,54,New Hampshire,XL,White,Summer,4.6,No,Free Shipping,Yes,Yes,44,Debit Card,Annually,2025
3659,28,Female,T-shirt,Clothing,72,Mississippi,M,Magenta,Fall,4.6,No,Standard,No,No,18,PayPal,Fortnightly,2025
2918,58,Female,Shirt,Clothing,45,Colorado,XL,White,Winter,2.9,No,Store Pickup,No,No,50,Venmo,Annually,2025
2997,70,Female,Jewelry,Accessories,91,Utah,M,White,Spring,2.9,No,Express,No,No,6,Venmo,Every 3 Months,2025
1488,40,Male,Skirt,Clothing,44,Arizona,L,Black,Summer,4.6,No,Store Pickup,Yes,Yes,26,PayPal,Annually,2025
3733,36,Female,Shoes,Footwear,92,Indiana,L,Pink,Spring,3.3,No,Free Shipping,No,No,28,PayPal,Annually,2025
1995,33,Male,Sunglasses,Accessories,66,Nevada,M,Brown,Fall,2.9,No,Next Day Air,No,No,24,Credit Card,Weekly,2025
3319,45,Female,Jacket,Outerwear,46,North Dakota,M,Olive,Summer,3.9,No,Free Shipping,No,No,15,PayPal,Monthly,2025
3367,38,Female,Gloves,Accessories,65,North Carolina,M,Red,Spring,3.6,No,2-Day Shipping,No,No,47,Debit Card,Quarterly,2025
1426,59,Male,Coat,Outerwear,40,Wyoming,S,White,Winter,3.7,No,Next Day Air,Yes,Yes,39,Credit Card,Annually,2025
3372,49,Female,Hoodie,Clothing,99,Colorado,S,Turquoise,Winter,4.0,No,Next Day Air,No,No,28,PayPal,Annually,2025
735,65,Male,Shirt,Clothing,69,New Jersey,S,Violet,Winter,3.1,Yes,Express,Yes,Yes,39,Bank Transfer,Every 3 Months,2025
1018,21,Male,Jacket,Outerwear,53,Oklahoma,L,Orange,Fall,2.5,Yes,Express,Yes,Yes,14,Credit Card,Annually,2025
418,23,Male,Sandals,Footwear,81,Mississippi,L,Beige,Fall,4.5,Yes,Free Shipping,Yes,Yes,48,Debit Card,Quarterly,2025
3821,34,Female,Belt,Accessories,65,New Hampshire,M,Purple,Winter,5.0,No,Standard,No,No,34,Debit Card,Quarterly,2025
2705,52,Female,Dress,Clothing,54,Tennessee,L,Beige,Spring,3.4,No,Next Day Air,No,No,35,Debit Card,Weekly,2025
2683,59,Female,Sneakers,Footwear,65,North Carolina,L,Maroon,Winter,3.9,No,2-Day Shipping,No,No,5,Venmo,Every 3 Months,2025
1327,40,Male,Shoes,Footwear,50,Texas,M,Indigo,Spring,4.6,No,Free Shipping,Yes,Yes,17,Cash,Monthly,2025
2294,37,Male,Sweater,Clothing,68,Georgia,L,Green,Fall,3.3,No,Express,No,No,16,Debit Card,Every 3 Months,2025
3659,28,Female,T-shirt,Clothing,72,Mississippi,M,Magenta,Fall,4.6,No,Standard,No,No,18,PayPal,Fortnightly,2025
843,59,Male,Shirt,Clothing,87,Missouri,M,Violet,Spring,3.6,Yes,Express,Yes,Yes,25,PayPal,Weekly,2025
998,64,Male,Pants,Clothing,30,Kentucky,M,Cyan,Spring,3.6,Yes,Express,Yes,Yes,31,Cash,Fortnightly,2025
868,37,Male,Jacket,Outerwear,20,Colorado,M,Turquoise,Spring,3.1,Yes,Free Shipping,Yes,Yes,23,Bank Transfer,Fortnightly,2025
501,36,Male,T-shirt,Clothing,31,Washington,L,Purple,Fall,4.8,Yes,Next Day Air,Yes,Yes,35,Venmo,Every 3 Months,2025
2032,21,Male,Socks,Clothing,51,North Carolina,L,Charcoal,Spring,4.0,No,Standard,No,No,2,Credit Card,Monthly,2025
424,46,Male,Scarf,Accessories,26,New York,L,Teal,Spring,3.0,Yes,Store Pickup,Yes,Yes,21,Credit Card,Bi-Weekly,2025
1104,35,Male,Hoodie,Clothing,23,Tennessee,S,Charcoal,Spring,4.3,No,Free Shipping,Yes,Yes,8,Debit Card,Bi-Weekly,2025
1229,55,Male,Jacket,Outerwear,55,Indiana,S,Yellow,Winter,3.9,No,Express,Yes,Yes,1,Cash,Annually,2025
2589,44,Male,Backpack,Accessories,49,Delaware,M,Peach,Summer,3.2,No,Free Shipping,No,No,38,Venmo,Bi-Weekly,2025
89,33,Male,T-shirt,Clothing,47,Wyoming,M,Orange,Fall,3.5,Yes,Free Shipping,Yes,Yes,35,Credit Card,Monthly,2025
1666,40,Male,Jacket,Outerwear,41,New Mexico,L,Pink,Fall,3.4,No,Next Day Air,Yes,Yes,49,Venmo,Monthly,2025
2341,63,Male,Blouse,Clothing,24,Delaware,M,Cyan,Summer,2.6,No,Standard,No,No,37,Credit Card,Fortnightly,2025
3648,47,Female,Shorts,Clothing,45,Kansas,M,Gray,Winter,2.9,No,Store Pickup,No,No,12,Bank Transfer,Weekly,2025
2887,42,Female,Hat,Accessories,33,Utah,L,Blue,Spring,4.2,No,Free Shipping,No,No,29,PayPal,Weekly,2025
767,57,Male,Gloves,Accessories,48,Nevada,M,Cyan,Winter,3.6,Yes,Next Day Air,Yes,Yes,13,PayPal,Monthly,2025
542,52,Male,Jacket,Outerwear,27,Connecticut,L,Gray,Fall,2.8,Yes,Next Day Air,Yes,Yes,45,Cash,Bi-Weekly,2025
949,49,Male,Hat,Accessories,90,Alabama,L,Olive,Summer,4.9,Yes,Express,Yes,Yes,11,Venmo,Every 3 Months,2025
3574,43,Female,Jeans,Clothing,67,Connecticut,L,Maroon,Fall,4.9,No,Free Shipping,No,No,27,PayPal,Monthly,2025
2686,56,Female,Boots,Footwear,25,Virginia,M,Gray,Winter,2.7,No,Express,No,No,49,Credit Card,Quarterly,2025
746,46,Male,T-shirt,Clothing,92,Michigan,L,Orange,Fall,4.7,Yes,Standard,Yes,Yes,4,Venmo,Monthly,2025
3822,20,Female,Sneakers,Footwear,48,Oregon,M,Gold,Summer,4.6,No,Free Shipping,No,No,34,Credit Card,Every 3 Months,2025
3471,19,Female,Coat,Outerwear,69,West Virginia,S,Olive,Summer,4.5,No,Free Shipping,No,No,31,Cash,Bi-Weekly,2025
948,57,Male,Blouse,Clothing,32,Indiana,M,Charcoal,Winter,3.9,Yes,Store Pickup,Yes,Yes,6,Cash,Every 3 Months,2025
3567,28,Female,Jeans,Clothing,88,Alaska,S,Orange,Spring,3.1,No,Next Day Air,No,No,14,Venmo,Monthly,2025
1360,27,Male,Hoodie,Clothing,68,North Carolina,S,Cyan,Winter,4.3,No,Store Pickup,Yes,Yes,26,Bank Transfer,Fortnightly,2025
380,32,Male,T-shirt,Clothing,29,Montana,S,Magenta,Fall,4.7,Yes,2-Day Shipping,Yes,Yes,46,Debit Card,Bi-Weekly,2025
488,41,Male,Jacket,Outerwear,68,Iowa,L,Red,Winter,4.4,Yes,Store Pickup,Yes,Yes,22,Credit Card,Quarterly,2025
911,49,Male,Hoodie,Clothing,25,South Carolina,S,Pink,Spring,3.4,Yes,Express,Yes,Yes,22,Credit Card,Monthly,2025
3150,18,Female,Belt,Accessories,40,North Carolina,M,Lavender,Winter,4.6,No,Free Shipping,No,No,9,Venmo,Annually,2025
688,19,Male,Gloves,Accessories,38,West Virginia,XL,Turquoise,Winter,3.3,Yes,Free Shipping,Yes,Yes,46,Bank Transfer,Quarterly,2025
1899,59,Male,Pants,Clothing,97,Texas,L,Magenta,Fall,3.5,No,Next Day Air,No,No,25,Venmo,Monthly,2025
2733,21,Female,Socks,Clothing,75,Delaware,L,Orange,Winter,4.2,No,Store Pickup,No,No,27,Debit Card,Every 3 Months,2025
865,51,Male,Jeans,Clothing,59,Kentucky,S,Charcoal,Winter,3.9,Yes,Next Day Air,Yes,Yes,5,PayPal,Annually,2025
3894,21,Female,Hat,Accessories,64,Massachusetts,L,White,Fall,3.3,No,Store Pickup,No,No,29,Bank Transfer,Bi-Weekly,2025
2426,58,Male,Shoes,Footwear,49,North Dakota,S,Olive,Summer,3.0,No,2-Day Shipping,No,No,34,Bank Transfer,Quarterly,2025
483,41,Male,Belt,Accessories,42,Connecticut,M,Yellow,Winter,2.5,Yes,2-Day Shipping,Yes,Yes,11,Venmo,Annually,2025
996,44,Male,Jewelry,Accessories,80,Idaho,M,Magenta,Spring,3.0,Yes,2-Day Shipping,Yes,Yes,10,Venmo,Weekly,2025
1137,23,Male,Handbag,Accessories,83,Illinois,S,Cyan,Summer,4.8,No,Free Shipping,Yes,Yes,37,Cash,Monthly,2025
1691,40,Male,Coat,Outerwear,30,Nevada,M,Black,Summer,3.2,No,Free Shipping,No,No,1,Cash,Annually,2025
3566,49,Female,Handbag,Accessories,52,Pennsylvania,S,Gray,Spring,4.2,No,Store Pickup,No,No,35,PayPal,Monthly,2025
2303,36,Male,Belt,Accessories,39,Montana,L,Pink,Summer,3.6,No,Store Pickup,No,No,38,Venmo,Monthly,2025
3802,26,Female,Blouse,Clothing,84,Kentucky,M,Peach,Spring,5.0,No,Store Pickup,No,No,36,PayPal,Fortnightly,2025
1895,42,Male,Hoodie,Clothing,90,Arizona,M,Purple,Fall,2.5,No,Free Shipping,No,No,48,Debit Card,Bi-Weekly,2025
803,38,Male,Pants,Clothing,41,Delaware,M,Teal,Winter,3.5,Yes,Next Day Air,Yes,Yes,2,Bank Transfer,Weekly,2025
2895,35,Female,Jewelry,Accessories,32,Kentucky,S,Brown,Spring,3.5,No,Standard,No,No,41,Venmo,Annually,2025
662,57,Male,Shirt,Clothing,68,Iowa,XL,Green,Fall,4.1,Yes,Store Pickup,Yes,Yes,39,Credit Card,Quarterly,2025
285,63,Male,Skirt,Clothing,45,Ohio,M,Red,Summer,3.5,Yes,Standard,Yes,Yes,4,PayPal,Quarterly,2025
3827,50,Female,Jacket,Outerwear,31,Montana,M,Gray,Summer,4.0,No,Express,No,No,25,Bank Transfer,Annually,2025
1073,48,Male,Shorts,Clothing,92,Idaho,L,Gold,Fall,3.5,No,Express,Yes,Yes,34,Debit Card,Fortnightly,2025
918,69,Male,Sweater,Clothing,64,Missouri,M,Maroon,Spring,3.7,Yes,Standard,Yes,Yes,11,Bank Transfer,Quarterly,2025
419,18,Male,Sweater,Clothing,73,Illinois,L,Purple,Spring,3.0,Yes,Standard,Yes,Yes,27,Venmo,Bi-Weekly,2025
3790,56,Female,Shirt,Clothing,75,North Dakota,M,Magenta,Summer,3.8,No,Express,No,No,18,Bank Transfer,Every 3 Months,2025
1635,28,Male,Coat,Outerwear,23,South Carolina,S,Orange,Summer,3.6,No,Store Pickup,Yes,Yes,30,Cash,Every 3 Months,2025
3680,53,Female,Coat,Outerwear,91,Idaho,M,Violet,Summer,2.5,No,Store Pickup,No,No,5,Cash,Bi-Weekly,2025
1238,25,Male,Dress,Clothing,92,Michigan,S,Charcoal,Spring,4.4,No,2-Day Shipping,Yes,Yes,42,Credit Card,Quarterly,2025
3158,21,Female,Belt,Accessories,34,Maine,L,Red,Fall,3.1,No,Store Pickup,No,No,5,Debit Card,Fortnightly,2025
106,69,Male,Backpack,Accessories,96,New York,M,Charcoal,Fall,3.6,Yes,Next Day Air,Yes,Yes,4,Bank Transfer,Annually,2025
850,23,Male,Jeans,Clothing,61,Missouri,S,Charcoal,Spring,4.3,Yes,Express,Yes,Yes,24,PayPal,Quarterly,2025
3203,65,Female,Scarf,Accessories,37,Wisconsin,L,Green,Fall,4.5,No,Standard,No,No,38,Venmo,Annually,2025
231,66,Male,Scarf,Accessories,88,Utah,L,Olive,Fall,4.1,Yes,Standard,Yes,Yes,43,Credit Card,Annually,2025
3842,68,Female,Jeans,Clothing,57,Mississippi,L,Pink,Fall,4.2,No,2-Day Shipping,No,No,8,Bank Transfer,Monthly,2025
1794,65,Male,Hat,Accessories,92,Iowa,S,White,Fall,3.8,No,Store Pickup,No,No,45,Cash,Every 3 Months,2025
470,21,Male,Shorts,Clothing,46,Alabama,L,Pink,Fall,4.1,Yes,2-Day Shipping,Yes,Yes,30,Debit Card,Bi-Weekly,2025
729,29,Male,Jeans,Clothing,78,Nebraska,M,Pink,Winter,3.7,Yes,Next Day Air,Yes,Yes,12,PayPal,Every 3 Months,2025
3470,36,Female,Socks,Clothing,85,North Dakota,L,Magenta,Fall,3.3,No,Store Pickup,No,No,12,Cash,Annually,2025
379,54,Male,Dress,Clothing,62,Nevada,L,Orange,Winter,4.9,Yes,Next Day Air,Yes,Yes,23,Credit Card,Monthly,2025
587,45,Male,Hoodie,Clothing,20,Wisconsin,S,Blue,Winter,4.9,Yes,2-Day Shipping,Yes,Yes,9,Venmo,Annually,2025
2238,45,Male,Sandals,Footwear,34,Alabama,S,Black,Summer,3.8,No,Next Day Air,No,No,31,Venmo,Every 3 Months,2025
3723,23,Female,Jacket,Outerwear,34,Kentucky,XL,Yellow,Fall,4.0,No,Standard,No,No,1,Credit Card,Fortnightly,2025
578,19,Male,Skirt,Clothing,52,Alabama,M,Black,Fall,3.7,Yes,Store Pickup,Yes,Yes,41,Venmo,Annually,2025
3691,24,Female,Blouse,Clothing,23,Kansas,S,Violet,Fall,3.7,No,Store Pickup,No,No,4,Bank Transfer,Bi-Weekly,2025
2164,52,Male,Shoes,Footwear,60,New York,L,Gray,Spring,4.5,No,Express,No,No,44,Bank Transfer,Monthly,2025
3103,51,Female,Jacket,Outerwear,85,South Dakota,M,Green,Summer,4.3,No,Standard,No,No,29,Cash,Bi-Weekly,2025
857,55,Male,Shirt,Clothing,33,Alaska,M,Gold,Summer,3.5,Yes,Express,Yes,Yes,47,Debit Card,Fortnightly,2025
234,19,Male,Sweater,Clothing,83,Arizona,XL,Yellow,Fall,4.5,Yes,Next Day Air,Yes,Yes,27,Bank Transfer,Every 3 Months,2025
3506,48,Female,Jewelry,Accessories,42,Indiana,L,Red,Winter,3.7,No,2-Day Shipping,No,No,40,Bank Transfer,Every 3 Months,2025
1019,50,Male,Dress,Clothing,70,Georgia,XL,Charcoal,Spring,4.9,Yes,Next Day Air,Yes,Yes,46,Cash,Weekly,2025
914,37,Male,Sneakers,Footwear,47,Utah,M,Yellow,Fall,2.6,Yes,Next Day Air,Yes,Yes,29,Cash,Every 3 Months,2025
604,31,Male,Handbag,Accessories,46,Massachusetts,L,Green,Winter,3.4,Yes,2-Day Shipping,Yes,Yes,26,PayPal,Every 3 Months,2025
2998,41,Female,Sweater,Clothing,40,Idaho,S,Yellow,Spring,2.7,No,Next Day Air,No,No,14,Venmo,Every 3 Months,2025
352,28,Male,Skirt,Clothing,90,New York,M,Teal,Winter,3.9,Yes,Standard,Yes,Yes,24,Debit Card,Bi-Weekly,2025
2847,50,Female,Socks,Clothing,36,Oklahoma,XL,Black,Fall,2.8,No,Next Day Air,No,No,15,PayPal,Bi-Weekly,2025
793,34,Male,Sneakers,Footwear,45,New Jersey,M,Violet,Spring,4.2,Yes,Next Day Air,Yes,Yes,45,Venmo,Weekly,2025
2153,38,Male,Shorts,Clothing,48,New Jersey,L,Magenta,Summer,4.5,No,Next Day Air,No,No,43,Bank Transfer,Bi-Weekly,2025
2498,35,Male,Backpack,Accessories,40,Colorado,M,Violet,Summer,4.2,No,Standard,No,No,28,Bank Transfer,Annually,2025
3090,50,Female,Sandals,Footwear,21,North Carolina,L,Blue,Fall,4.6,No,Free Shipping,No,No,23,Cash,Bi-Weekly,2025
1843,61,Male,Handbag,Accessories,78,Alabama,M,Black,Summer,4.4,No,Express,No,No,1,Debit Card,Annually,2025
2682,23,Female,Shoes,Footwear,23,Massachusetts,L,Olive,Summer,4.8,No,Standard,No,No,17,Debit Card,Monthly,2025
235,20,Male,Gloves,Accessories,39,South Dakota,S,Silver,Summer,3.7,Yes,Next Day Air,Yes,Yes,24,Credit Card,Weekly,2025
3277,39,Female,Scarf,Accessories,99,South Dakota,M,White,Summer,4.0,No,Store Pickup,No,No,41,PayPal,Every 3 Months,2025
2413,53,Male,Jacket,Outerwear,51,Oregon,M,Pink,Winter,4.3,No,2-Day Shipping,No,No,8,Bank Transfer,Bi-Weekly,2025
909,26,Male,Sunglasses,Accessories,99,New Jersey,M,Turquoise,Winter,3.6,Yes,Free Shipping,Yes,Yes,9,PayPal,Every 3 Months,2025
3092,68,Female,Dress,Clothing,81,Nevada,L,Orange,Winter,3.4,No,2-Day Shipping,No,No,46,Credit Card,Annually,2025
42,67,Male,Scarf,Accessories,39,Alaska,M,Orange,Spring,4.5,Yes,Standard,Yes,Yes,40,Venmo,Annually,2025
2522,29,Male,Handbag,Accessories,33,Minnesota,M,Magenta,Fall,4.4,No,Standard,No,No,18,PayPal,Every 3 Months,2025
2742,68,Female,Dress,Clothing,81,Maine,L,Yellow,Fall,4.9,No,2-Day Shipping,No,No,41,Venmo,Monthly,2025
3838,45,Female,Hoodie,Clothing,100,New Mexico,M,Green,Spring,4.8,No,Free Shipping,No,No,33,Bank Transfer,Fortnightly,2025
3382,57,Female,Hat,Accessories,66,Minnesota,L,Turquoise,Winter,4.7,No,Standard,No,No,27,Credit Card,Quarterly,2025
2316,69,Male,Socks,Clothing,79,Vermont,M,Indigo,Winter,3.5,No,2-Day Shipping,No,No,49,Debit Card,Quarterly,2025
647,51,Male,Boots,Footwear,54,Indiana,XL,Pink,Spring,4.9,Yes,Standard,Yes,Yes,19,Venmo,Bi-Weekly,2025
1800,32,Male,Hoodie,Clothing,48,California,M,Charcoal,Fall,3.9,No,Express,No,No,47,Venmo,Weekly,2025
774,29,Male,Hat,Accessories,84,California,L,Indigo,Winter,2.6,Yes,Express,Yes,Yes,14,Debit Card,Bi-Weekly,2025
666,41,Male,Pants,Clothing,55,New Mexico,M,Peach,Spring,4.9,Yes,2-Day Shipping,Yes,Yes,50,Credit Card,Annually,2025
1563,37,Male,Scarf,Accessories,75,Alabama,M,Purple,Winter,3.2,No,Next Day Air,Yes,Yes,23,Venmo,Bi-Weekly,2025
448,60,Male,Shorts,Clothing,82,Washington,S,Turquoise,Spring,3.6,Yes,Standard,Yes,Yes,7,Bank Transfer,Every 3 Months,2025
159,25,Male,Shirt,Clothing,73,Connecticut,XL,Teal,Fall,4.1,Yes,Standard,Yes,Yes,50,Bank Transfer,Monthly,2025
2568,19,Male,Sunglasses,Accessories,25,Michigan,XL,Gold,Spring,4.3,No,Store Pickup,No,No,24,Cash,Fortnightly,2025
115,70,Male,Coat,Outerwear,95,Massachusetts,S,Blue,Summer,3.7,Yes,Store Pickup,Yes,Yes,9,Cash,Weekly,2025
1723,46,Male,T-shirt,Clothing,51,Massachusetts,L,Violet,Summer,3.3,No,Standard,No,No,14,Cash,Fortnightly,2025
3553,22,Female,Sunglasses,Accessories,66,Kentucky,M,Blue,Winter,2.9,No,Next Day Air,No,No,3,PayPal,Quarterly,2025
3339,29,Female,Skirt,Clothing,94,Minnesota,L,White,Winter,2.9,No,2-Day Shipping,No,No,46,Credit Card,Monthly,2025
2522,29,Male,Handbag,Accessories,33,Minnesota,M,Magenta,Fall,4.4,No,Standard,No,No,18,PayPal,Every 3 Months,2025
1076,57,Male,Sunglasses,Accessories,50,Missouri,L,Indigo,Summer,4.9,No,Next Day Air,Yes,Yes,32,Debit Card,Bi-Weekly,2025
307,26,Male,Jacket,Outerwear,49,North Dakota,S,White,Summer,3.6,Yes,Express,Yes,Yes,4,Cash,Annually,2025
311,56,Male,Pants,Clothing,85,Montana,M,Charcoal,Winter,4.6,Yes,Standard,Yes,Yes,50,Cash,Fortnightly,2025
2958,69,Female,Jewelry,Accessories,70,South Dakota,S,Gray,Fall,4.7,No,Standard,No,No,2,Cash,Annually,2025
3404,30,Female,Boots,Footwear,65,Illinois,M,Olive,Summer,3.9,No,Standard,No,No,1,Cash,Bi-Weekly,2025
2153,38,Male,Shorts,Clothing,48,New Jersey,L,Magenta,Summer,4.5,No,Next Day Air,No,No,43,Bank Transfer,Bi-Weekly,2025
2414,69,Male,Shorts,Clothing,95,Pennsylvania,XL,Violet,Fall,2.7,No,2-Day Shipping,No,No,30,Bank Transfer,Weekly,2025
379,54,Male,Dress,Clothing,62,Nevada,L,Orange,Winter,4.9,Yes,Next Day Air,Yes,Yes,23,Credit Card,Monthly,2025
680,56,Male,Sandals,Footwear,95,Michigan,M,Turquoise,Fall,3.4,Yes,Express,Yes,Yes,37,Venmo,Fortnightly,2025
549,36,Male,Backpack,Accessories,64,Nebraska,M,Black,Winter,4.6,Yes,Store Pickup,Yes,Yes,41,Debit Card,Every 3 Months,2025
2459,66,Male,T-shirt,Clothing,85,Texas,L,Turquoise,Fall,4.6,No,Free Shipping,No,No,17,Bank Transfer,Weekly,2025
1224,69,Male,Pants,Clothing,24,Kansas,L,Red,Winter,3.9,No,Free Shipping,Yes,Yes,21,Bank Transfer,Weekly,2025
3411,50,Female,Sandals,Footwear,76,Ohio,L,Teal,Summer,4.3,No,Free Shipping,No,No,38,Bank Transfer,Bi-Weekly,2025
3409,48,Female,Socks,Clothing,72,Montana,L,Purple,Summer,4.4,No,Standard,No,No,11,Bank Transfer,Annually,2025
1637,58,Male,Boots,Footwear,22,North Dakota,L,Green,Fall,4.0,No,Free Shipping,Yes,Yes,49,Cash,Fortnightly,2025
171,52,Male,Shirt,Clothing,25,Wyoming,M,Maroon,Fall,2.6,Yes,Store Pickup,Yes,Yes,46,Venmo,Bi-Weekly,2025
3513,36,Female,Shirt,Clothing,46,Kentucky,M,White,Fall,3.4,No,Free Shipping,No,No,31,Debit Card,Quarterly,2025
587,45,Male,Hoodie,Clothing,20,Wisconsin,S,Blue,Winter,4.9,Yes,2-Day Shipping,Yes,Yes,9,Venmo,Annually,2025
1739,60,Male,Handbag,Accessories,61,Tennessee,M,Green,Spring,2.9,No,2-Day Shipping,No,No,37,Credit Card,Weekly,2025
1429,20,Male,Blouse,Clothing,97,North Dakota,S,Green,Summer,4.9,No,Express,Yes,Yes,42,PayPal,Quarterly,2025
2258,41,Male,Skirt,Clothing,32,Tennessee,L,Olive,Fall,4.2,No,Standard,No,No,6,Bank Transfer,Annually,2025
3048,21,Female,Sneakers,Footwear,74,Vermont,M,Violet,Fall,4.1,No,2-Day Shipping,No,No,3,PayPal,Bi-Weekly,2025
2666,70,Female,T-shirt,Clothing,71,Louisiana,L,Red,Winter,3.5,No,Store Pickup,No,No,4,Venmo,Weekly,2025
900,65,Male,Sweater,Clothing,58,Rhode Island,M,Peach,Summer,4.0,Yes,Standard,Yes,Yes,20,PayPal,Annually,2025
3746,60,Female,Socks,Clothing,41,Washington,L,Gold,Spring,4.3,No,Express,No,No,2,Debit Card,Monthly,2025
711,22,Male,Scarf,Accessories,91,Virginia,L,Turquoise,Spring,4.1,Yes,Standard,Yes,Yes,26,PayPal,Fortnightly,2025
2181,41,Male,Coat,Outerwear,37,Connecticut,M,Yellow,Summer,4.1,No,Store Pickup,No,No,43,Cash,Quarterly,2025
3302,36,Female,Pants,Clothing,58,Oklahoma,XL,Charcoal,Summer,2.5,No,Free Shipping,No,No,31,Credit Card,Fortnightly,2025
1956,50,Male,Hoodie,Clothing,56,Maine,M,Pink,Winter,4.9,No,Express,No,No,37,Cash,Monthly,2025
2836,33,Female,T-shirt,Clothing,84,Vermont,S,Pink,Winter,4.9,No,Free Shipping,No,No,7,Venmo,Annually,2025
2902,41,Female,Blouse,Clothing,43,Alabama,L,Olive,Winter,2.6,No,Free Shipping,No,No,46,Credit Card,Quarterly,2025
3868,46,Female,Jacket,Outerwear,21,Maryland,L,Lavender,Summer,2.7,No,Standard,No,No,28,Credit Card,Monthly,2025
1646,53,Male,Scarf,Accessories,36,Ohio,L,Green,Summer,2.8,No,Standard,Yes,Yes,36,Venmo,Every 3 Months,2025
2238,45,Male,Sandals,Footwear,34,Alabama,S,Black,Summer,3.8,No,Next Day Air,No,No,31,Venmo,Every 3 Months,2025
3231,49,Female,Sneakers,Footwear,49,Kansas,M,Olive,Summer,2.5,No,Next Day Air,No,No,38,Debit Card,Annually,2025
1831,50,Male,Sunglasses,Accessories,80,Kansas,M,Blue,Winter,4.8,No,Express,No,No,7,Venmo,Annually,2025
1261,63,Male,Shirt,Clothing,93,Virginia,XL,Green,Spring,4.1,No,Store Pickup,Yes,Yes,30,Debit Card,Quarterly,2025
533,26,Male,Pants,Clothing,76,Texas,L,Black,Winter,4.1,Yes,Express,Yes,Yes,35,Bank Transfer,Every 3 Months,2025
3802,26,Female,Blouse,Clothing,84,Kentucky,M,Peach,Spring,5.0,No,Store Pickup,No,No,36,PayPal,Fortnightly,2025
3287,45,Female,Jacket,Outerwear,67,Illinois,L,Pink,Winter,5.0,No,Express,No,No,4,Venmo,Fortnightly,2025
2130,40,Male,Skirt,Clothing,57,Minnesota,L,Orange,Fall,2.8,No,Store Pickup,No,No,12,PayPal,Every 3 Months,2025
2994,32,Female,Jacket,Outerwear,21,Kansas,L,Indigo,Spring,4.2,No,Free Shipping,No,No,18,Cash,Bi-Weekly,2025
947,46,Male,Coat,Outerwear,24,Pennsylvania,XL,Blue,Spring,2.8,Yes,Next Day Air,Yes,Yes,4,PayPal,Quarterly,2025
335,41,Male,Blouse,Clothing,46,Kansas,M,Lavender,Fall,2.6,Yes,Next Day Air,Yes,Yes,30,Credit Card,Annually,2025
2392,42,Male,Shirt,Clothing,74,Michigan,M,Black,Winter,4.6,No,Next Day Air,No,No,31,Bank Transfer,Quarterly,2025
145,19,Male,Shoes,Footwear,43,New Jersey,M,Silver,Fall,3.2,Yes,Express,Yes,Yes,25,Cash,Monthly,2025
3168,24,Female,Dress,Clothing,78,Oregon,M,Blue,Fall,2.8,No,2-Day Shipping,No,No,9,Cash,Bi-Weekly,2025
1674,21,Male,Blouse,Clothing,62,Hawaii,M,Violet,Fall,3.4,No,Next Day Air,Yes,Yes,49,Venmo,Bi-Weekly,2025
3529,38,Female,Scarf,Accessories,67,Maine,L,Gray,Summer,4.5,No,Free Shipping,No,No,33,PayPal,Annually,2025
3379,49,Female,Shorts,Clothing,75,Minnesota,L,Gold,Fall,4.5,No,Next Day Air,No,No,6,Cash,Quarterly,2025
2563,57,Male,Shorts,Clothing,62,Arizona,XL,Yellow,Spring,4.7,No,Standard,No,No,27,Cash,Fortnightly,2025
3005,45,Female,Skirt,Clothing,79,Arizona,M,Lavender,Winter,3.7,No,Store Pickup,No,No,23,Venmo,Fortnightly,2025
2666,70,Female,T-shirt,Clothing,71,Louisiana,L,Red,Winter,3.5,No,Store Pickup,No,No,4,Venmo,Weekly,2025
983,35,Male,Coat,Outerwear,62,Texas,S,Red,Summer,3.2,Yes,Standard,Yes,Yes,37,PayPal,Monthly,2025
3531,62,Female,Sunglasses,Accessories,45,Oklahoma,L,Black,Spring,3.4,No,Express,No,No,37,PayPal,Weekly,2025
653,64,Male,Sunglasses,Accessories,27,Minnesota,M,Beige,Winter,3.1,Yes,Free Shipping,Yes,Yes,27,Venmo,Weekly,2025
907,41,Male,Pants,Clothing,56,South Carolina,M,Red,Spring,4.2,Yes,Standard,Yes,Yes,21,Debit Card,Bi-Weekly,2025
941,48,Male,Belt,Accessories,44,Colorado,S,Maroon,Spring,2.6,Yes,Store Pickup,Yes,Yes,15,PayPal,Every 3 Months,2025
3114,46,Female,Shirt,Clothing,93,Nebraska,L,Green,Summer,2.6,No,Express,No,No,2,Debit Card,Weekly,2025
1230,34,Male,Jewelry,Accessories,52,Kansas,XL,Maroon,Winter,3.6,No,Express,Yes,Yes,39,Bank Transfer,Annually,2025
133,30,Male,Backpack,Accessories,58,New Mexico,M,Orange,Fall,4.7,Yes,2-Day Shipping,Yes,Yes,42,PayPal,Weekly,2025
2222,25,Male,Shorts,Clothing,88,Kansas,XL,White,Fall,3.0,No,Free Shipping,No,No,34,Credit Card,Annually,2025
921,37,Male,Belt,Accessories,81,Arkansas,XL,Gold,Summer,4.3,Yes,Free Shipping,Yes,Yes,37,Cash,Weekly,2025
1697,31,Male,Sunglasses,Accessories,69,West Virginia,S,Turquoise,Spring,4.0,No,Free Shipping,No,No,7,Credit Card,Bi-Weekly,2025
1994,32,Male,Blouse,Clothing,96,Arkansas,S,Purple,Spring,5.0,No,Express,No,No,17,Cash,Weekly,2025
2570,42,Male,Dress,Clothing,75,New York,M,Charcoal,Spring,4.8,No,Free Shipping,No,No,10,Bank Transfer,Bi-Weekly,2025
3029,62,Female,Dress,Clothing,100,California,L,Charcoal,Summer,3.0,No,Free Shipping,No,No,7,PayPal,Every 3 Months,2025
1669,66,Male,Blouse,Clothing,33,Utah,L,Charcoal,Summer,4.0,No,Standard,Yes,Yes,28,Debit Card,Fortnightly,2025
17,25,Male,Sunglasses,Accessories,36,Alabama,S,Gray,Spring,4.1,Yes,Next Day Air,Yes,Yes,44,Debit Card,Bi-Weekly,2025
939,36,Male,Blouse,Clothing,97,Wisconsin,S,Teal,Fall,4.8,Yes,Free Shipping,Yes,Yes,21,Debit Card,Fortnightly,2025
3251,23,Female,Coat,Outerwear,90,Minnesota,M,Teal,Spring,2.9,No,2-Day Shipping,No,No,15,Venmo,Weekly,2025
1083,54,Male,Hat,Accessories,85,South Carolina,XL,Cyan,Winter,2.6,No,Next Day Air,Yes,Yes,30,Venmo,Quarterly,2025
435,50,Male,Shoes,Footwear,52,Oklahoma,L,Pink,Spring,4.0,Yes,Store Pickup,Yes,Yes,39,PayPal,Every 3 Months,2025
433,47,Male,Shirt,Clothing,86,Indiana,S,Indigo,Fall,3.3,Yes,Free Shipping,Yes,Yes,26,Venmo,Weekly,2025
3279,59,Female,Dress,Clothing,70,Montana,M,Black,Summer,3.3,No,2-Day Shipping,No,No,18,Bank Transfer,Weekly,2025
140,49,Male,Coat,Outerwear,95,Florida,M,White,Fall,3.8,Yes,Store Pickup,Yes,Yes,30,Venmo,Annually,2025
799,29,Male,Socks,Clothing,39,Alaska,M,Violet,Spring,3.8,Yes,2-Day Shipping,Yes,Yes,48,PayPal,Every 3 Months,2025
1357,49,Male,Jacket,Outerwear,61,Indiana,M,Cyan,Spring,4.0,No,Free Shipping,Yes,Yes,34,Bank Transfer,Annually,2025
1717,69,Male,Blouse,Clothing,47,Connecticut,M,Cyan,Winter,4.7,No,Standard,No,No,30,Cash,Every 3 Months,2025
2234,38,Male,Blouse,Clothing,31,Florida,XL,Gray,Summer,4.5,No,Express,No,No,48,Credit Card,Monthly,2025
52,59,Male,Skirt,Clothing,59,Vermont,XL,Gray,Winter,4.7,Yes,2-Day Shipping,Yes,Yes,7,Credit Card,Quarterly,2025
3420,23,Female,Jewelry,Accessories,26,West Virginia,L,Indigo,Winter,3.1,No,Store Pickup,No,No,5,Venmo,Bi-Weekly,2025
2757,42,Female,Hat,Accessories,23,Minnesota,L,Violet,Winter,4.1,No,Free Shipping,No,No,41,PayPal,Monthly,2025
2018,70,Male,Socks,Clothing,32,Massachusetts,S,Green,Winter,4.1,No,Next Day Air,No,No,42,Bank Transfer,Every 3 Months,2025
2287,67,Male,Socks,Clothing,38,South Dakota,L,Blue,Spring,2.5,No,Store Pickup,No,No,35,Venmo,Quarterly,2025
2774,39,Female,Pants,Clothing,98,Arizona,S,Maroon,Spring,4.6,No,Express,No,No,45,Bank Transfer,Quarterly,2025
1357,49,Male,Jacket,Outerwear,61,Indiana,M,Cyan,Spring,4.0,No,Free Shipping,Yes,Yes,34,Bank Transfer,Annually,2025
383,28,Male,Jeans,Clothing,76,California,M,Peach,Winter,3.2,Yes,Store Pickup,Yes,Yes,47,PayPal,Quarterly,2025
1437,35,Male,Sneakers,Footwear,83,Minnesota,M,Gray,Winter,3.7,No,Free Shipping,Yes,Yes,23,PayPal,Fortnightly,2025
2038,39,Male,Belt,Accessories,87,Illinois,S,Green,Summer,4.3,No,Express,No,No,7,Venmo,Bi-Weekly,2025
1463,38,Male,Sneakers,Footwear,90,Utah,S,Charcoal,Summer,4.8,No,2-Day Shipping,Yes,Yes,2,Venmo,Quarterly,2025
2495,42,Male,Shoes,Footwear,27,Oklahoma,S,Peach,Winter,2.6,No,Store Pickup,No,No,26,Debit Card,Annually,2025
2177,24,Male,Belt,Accessories,91,Vermont,S,Red,Winter,3.4,No,2-Day Shipping,No,No,44,Debit Card,Quarterly,2025
1601,20,Male,Boots,Footwear,26,Montana,S,Yellow,Spring,4.7,No,Next Day Air,Yes,Yes,24,PayPal,Weekly,2025
2038,39,Male,Belt,Accessories,87,Illinois,S,Green,Summer,4.3,No,Express,No,No,7,Venmo,Bi-Weekly,2025
1003,55,Male,Shoes,Footwear,59,North Dakota,M,White,Spring,3.5,Yes,Store Pickup,Yes,Yes,3,Bank Transfer,Bi-Weekly,2025
2840,70,Female,Scarf,Accessories,80,South Dakota,L,Teal,Summer,2.8,No,Store Pickup,No,No,30,Bank Transfer,Monthly,2025
2970,36,Female,Belt,Accessories,62,Vermont,S,Blue,Fall,4.3,No,Next Day Air,No,No,20,Cash,Every 3 Months,2025
1361,56,Male,Skirt,Clothing,43,Alabama,L,Black,Fall,2.8,No,Express,Yes,Yes,4,Bank Transfer,Annually,2025
3024,50,Female,Backpack,Accessories,31,Indiana,M,Brown,Summer,2.9,No,Express,No,No,4,PayPal,Quarterly,2025
3736,38,Female,Sandals,Footwear,44,Massachusetts,L,Orange,Spring,3.1,No,2-Day Shipping,No,No,29,PayPal,Annually,2025
606,40,Male,Hat,Accessories,32,California,XL,Charcoal,Winter,4.2,Yes,Standard,Yes,Yes,17,Bank Transfer,Weekly,2025
1008,58,Male,Gloves,Accessories,62,Georgia,XL,Turquoise,Spring,4.8,Yes,Standard,Yes,Yes,2,Credit Card,Annually,2025
1513,60,Male,Sneakers,Footwear,23,Wisconsin,L,Silver,Winter,3.9,No,Standard,Yes,Yes,18,PayPal,Bi-Weekly,2025
3262,48,Female,Belt,Accessories,52,Rhode Island,L,Cyan,Winter,3.4,No,Store Pickup,No,No,50,Debit Card,Weekly,2025
735,65,Male,Shirt,Clothing,69,New Jersey,S,Violet,Winter,3.1,Yes,Express,Yes,Yes,39,Bank Transfer,Every 3 Months,2025
1713,65,Male,T-shirt,Clothing,87,Illinois,S,Beige,Fall,3.8,No,2-Day Shipping,No,No,9,Cash,Fortnightly,2025
679,27,Male,Blouse,Clothing,74,Maine,M,Teal,Fall,3.3,Yes,Store Pickup,Yes,Yes,25,Debit Card,Every 3 Months,2025
3763,65,Female,Shorts,Clothing,94,New York,L,Green,Fall,2.9,No,Store Pickup,No,No,13,PayPal,Annually,2025
1425,66,Male,Jacket,Outerwear,23,Connecticut,S,Indigo,Fall,3.5,No,Standard,Yes,Yes,34,Bank Transfer,Every 3 Months,2025
641,53,Male,Skirt,Clothing,88,Minnesota,M,Gray,Summer,4.4,Yes,Store Pickup,Yes,Yes,28,Debit Card,Fortnightly,2025
1244,25,Male,Blouse,Clothing,23,New Hampshire,S,Pink,Spring,3.0,No,Store Pickup,Yes,Yes,22,Debit Card,Annually,2025
3407,57,Female,Sweater,Clothing,79,Nebraska,M,Red,Spring,4.0,No,Store Pickup,No,No,24,Venmo,Quarterly,2025
1929,25,Male,Sunglasses,Accessories,92,Mississippi,S,Lavender,Summer,3.7,No,Standard,No,No,10,PayPal,Weekly,2025
2404,64,Male,Shorts,Clothing,22,Missouri,M,Magenta,Fall,4.4,No,Standard,No,No,40,Debit Card,Weekly,2025
3424,33,Female,Boots,Footwear,71,Massachusetts,M,Brown,Spring,3.8,No,Next Day Air,No,No,21,PayPal,Bi-Weekly,2025
2763,58,Female,T-shirt,Clothing,41,Georgia,M,Charcoal,Fall,3.8,No,Store Pickup,No,No,10,Debit Card,Every 3 Months,2025
1093,68,Male,Jewelry,Accessories,50,South Dakota,L,Magenta,Spring,4.1,No,2-Day Shipping,Yes,Yes,20,Venmo,Quarterly,2025
3539,56,Female,Shoes,Footwear,63,Iowa,S,White,Spring,4.5,No,Store Pickup,No,No,21,Venmo,Monthly,2025
3358,41,Female,Hoodie,Clothing,67,Arkansas,M,Pink,Winter,3.5,No,Free Shipping,No,No,37,Credit Card,Monthly,2025
218,35,Male,Sunglasses,Accessories,48,Oklahoma,M,Purple,Winter,3.5,Yes,Next Day Air,Yes,Yes,24,Bank Transfer,Annually,2025
552,29,Male,Coat,Outerwear,78,Idaho,XL,Green,Fall,3.1,Yes,2-Day Shipping,Yes,Yes,27,Cash,Bi-Weekly,2025
2089,39,Male,Sandals,Footwear,89,California,L,Orange,Spring,4.0,No,Standard,No,No,49,Debit Card,Annually,2025
1618,43,Male,Blouse,Clothing,64,Wisconsin,M,Peach,Winter,4.3,No,Standard,Yes,Yes,50,Credit Card,Fortnightly,2025
879,23,Male,Sunglasses,Accessories,89,Tennessee,S,Black,Summer,4.9,Yes,Express,Yes,Yes,37,Debit Card,Weekly,2025
1106,33,Male,T-shirt,Clothing,83,Massachusetts,S,Olive,Spring,3.0,No,Next Day Air,Yes,Yes,6,Venmo,Every 3 Months,2025
3453,26,Female,Jacket,Outerwear,20,Oklahoma,M,Indigo,Spring,3.7,No,Next Day Air,No,No,3,Venmo,Fortnightly,2025
2475,23,Male,T-shirt,Clothing,76,North Carolina,M,Olive,Fall,3.2,No,Store Pickup,No,No,19,Bank Transfer,Quarterly,2025
2116,44,Male,Scarf,Accessories,85,Rhode Island,M,Violet,Winter,3.4,No,Store Pickup,No,No,16,Bank Transfer,Bi-Weekly,2025
2020,31,Male,Shirt,Clothing,68,Idaho,S,Red,Winter,4.7,No,Store Pickup,No,No,23,Cash,Fortnightly,2025
1024,61,Male,Sunglasses,Accessories,71,Maine,S,Turquoise,Winter,3.5,Yes,Free Shipping,Yes,Yes,29,Bank Transfer,Every 3 Months,2025
3447,51,Female,Boots,Footwear,55,Louisiana,S,Purple,Spring,5.0,No,2-Day Shipping,No,No,20,Cash,Weekly,2025
1040,29,Male,Belt,Accessories,46,Michigan,M,Magenta,Fall,4.8,Yes,Standard,Yes,Yes,39,Venmo,Monthly,2025
2562,32,Male,Hoodie,Clothing,20,New York,L,Magenta,Spring,2.7,No,Free Shipping,No,No,22,Debit Card,Quarterly,2025
2883,59,Female,Blouse,Clothing,51,Oklahoma,L,Gold,Winter,2.6,No,Store Pickup,No,No,23,Credit Card,Bi-Weekly,2025
3627,69,Female,Blouse,Clothing,98,Mississippi,L,Teal,Fall,3.5,No,Express,No,No,32,Venmo,Quarterly,2025
2121,53,Male,Scarf,Accessories,98,Missouri,S,Red,Fall,3.1,No,Next Day Air,No,No,38,PayPal,Quarterly,2025
179,61,Male,Skirt,Clothing,43,Idaho,L,Lavender,Fall,4.3,Yes,2-Day Shipping,Yes,Yes,21,PayPal,Quarterly,2025
3659,28,Female,T-shirt,Clothing,72,Mississippi,M,Magenta,Fall,4.6,No,Standard,No,No,18,PayPal,Fortnightly,2025
811,52,Male,Scarf,Accessories,83,South Dakota,S,Lavender,Fall,4.9,Yes,Store Pickup,Yes,Yes,32,Debit Card,Bi-Weekly,2025
3471,19,Female,Coat,Outerwear,69,West Virginia,S,Olive,Summer,4.5,No,Free Shipping,No,No,31,Cash,Bi-Weekly,2025
3597,28,Female,Hoodie,Clothing,83,South Carolina,M,Charcoal,Spring,4.3,No,Standard,No,No,44,Cash,Fortnightly,2025
304,20,Male,Sandals,Footwear,60,Oregon,M,Turquoise,Summer,3.3,Yes,Next Day Air,Yes,Yes,49,Venmo,Weekly,2025
3037,50,Female,Hoodie,Clothing,58,Vermont,S,Violet,Spring,4.3,No,Next Day Air,No,No,7,Venmo,Fortnightly,2025
1559,35,Male,Sunglasses,Accessories,75,New Mexico,XL,Teal,Fall,3.5,No,Express,Yes,Yes,24,Credit Card,Every 3 Months,2025
2135,55,Male,Sandals,Footwear,41,Virginia,XL,Maroon,Winter,2.9,No,Standard,No,No,35,Credit Card,Fortnightly,2025
2924,28,Female,Shirt,Clothing,70,Pennsylvania,M,Magenta,Spring,4.2,No,2-Day Shipping,No,No,12,Cash,Quarterly,2025
1053,60,Male,Shoes,Footwear,36,Virginia,XL,Pink,Fall,3.0,Yes,2-Day Shipping,Yes,Yes,1,Credit Card,Fortnightly,2025
2840,70,Female,Scarf,Accessories,80,South Dakota,L,Teal,Summer,2.8,No,Store Pickup,No,No,30,Bank Transfer,Monthly,2025
735,65,Male,Shirt,Clothing,69,New Jersey,S,Violet,Winter,3.1,Yes,Express,Yes,Yes,39,Bank Transfer,Every 3 Months,2025
3807,18,Female,Boots,Footwear,71,Missouri,M,Teal,Spring,3.0,No,Standard,No,No,41,PayPal,Weekly,2025
212,69,Male,Skirt,Clothing,92,South Dakota,L,Maroon,Fall,4.2,Yes,2-Day Shipping,Yes,Yes,45,Debit Card,Fortnightly,2025
1866,56,Male,Pants,Clothing,62,Missouri,S,Silver,Summer,3.8,No,Store Pickup,No,No,12,Bank Transfer,Monthly,2025
155,41,Male,Dress,Clothing,98,Oklahoma,M,Charcoal,Fall,3.6,Yes,Next Day Air,Yes,Yes,21,Venmo,Quarterly,2025
1785,32,Male,Backpack,Accessories,31,Louisiana,L,Yellow,Summer,4.8,No,Standard,No,No,4,Debit Card,Quarterly,2025
991,48,Male,Sunglasses,Accessories,63,Washington,S,Yellow,Spring,4.8,Yes,Store Pickup,Yes,Yes,24,Cash,Weekly,2025
298,48,Male,Shoes,Footwear,26,Delaware,XL,Purple,Summer,4.4,Yes,Standard,Yes,Yes,4,Credit Card,Bi-Weekly,2025
2662,43,Female,Boots,Footwear,96,Michigan,XL,Olive,Fall,4.8,No,Express,No,No,20,Bank Transfer,Annually,2025
373,24,Male,Sweater,Clothing,85,Pennsylvania,L,Orange,Summer,3.7,Yes,Standard,Yes,Yes,7,Debit Card,Weekly,2025
2568,19,Male,Sunglasses,Accessories,25,Michigan,XL,Gold,Spring,4.3,No,Store Pickup,No,No,24,Cash,Fortnightly,2025
1398,55,Male,Sunglasses,Accessories,67,Massachusetts,S,Magenta,Summer,4.7,No,Store Pickup,Yes,Yes,33,PayPal,Annually,2025
2378,44,Male,Blouse,Clothing,94,South Dakota,L,Magenta,Fall,4.0,No,Next Day Air,No,No,22,Cash,Annually,2025
2956,42,Female,Boots,Footwear,67,Vermont,M,Silver,Winter,2.6,No,Free Shipping,No,No,46,Credit Card,Annually,2025
3754,39,Female,Sunglasses,Accessories,26,Louisiana,S,Turquoise,Winter,4.2,No,Next Day Air,No,No,22,Bank Transfer,Fortnightly,2025
2979,53,Female,Shorts,Clothing,56,Idaho,S,Cyan,Spring,3.9,No,Free Shipping,No,No,49,Bank Transfer,Fortnightly,2025
871,66,Male,Hoodie,Clothing,66,West Virginia,M,Blue,Fall,2.5,Yes,Standard,Yes,Yes,6,Bank Transfer,Bi-Weekly,2025
1646,53,Male,Scarf,Accessories,36,Ohio,L,Green,Summer,2.8,No,Standard,Yes,Yes,36,Venmo,Every 3 Months,2025
1767,60,Male,Sweater,Clothing,54,Alaska,S,Cyan,Winter,4.3,No,2-Day Shipping,No,No,27,Cash,Bi-Weekly,2025
3729,62,Female,Jacket,Outerwear,31,Vermont,L,Red,Winter,3.0,No,Standard,No,No,1,Debit Card,Annually,2025
2068,60,Male,Pants,Clothing,21,Maryland,XL,Beige,Fall,3.1,No,2-Day Shipping,No,No,23,Cash,Fortnightly,2025
1071,50,Male,Jewelry,Accessories,75,North Carolina,M,Magenta,Summer,3.3,No,Free Shipping,Yes,Yes,50,Debit Card,Weekly,2025
2797,55,Female,Jacket,Outerwear,73,Oklahoma,M,Red,Winter,3.8,No,Store Pickup,No,No,21,Cash,Annually,2025
1704,39,Male,Backpack,Accessories,22,California,M,Black,Spring,4.0,No,Next Day Air,No,No,12,Bank Transfer,Annually,2025
2899,23,Female,Sneakers,Footwear,33,New Jersey,XL,Peach,Summer,4.6,No,Express,No,No,29,Credit Card,Annually,2025
2329,45,Male,Pants,Clothing,36,North Dakota,M,Maroon,Fall,2.6,No,Express,No,No,29,Venmo,Bi-Weekly,2025
3731,46,Female,Shirt,Clothing,79,Florida,M,Teal,Summer,2.5,No,2-Day Shipping,No,No,3,Credit Card,Bi-Weekly,2025
574,58,Male,Pants,Clothing,68,California,M,Charcoal,Summer,3.2,Yes,2-Day Shipping,Yes,Yes,23,Credit Card,Bi-Weekly,2025
2460,47,Male,Socks,Clothing,36,Missouri,L,Violet,Fall,4.3,No,2-Day Shipping,No,No,14,Cash,Weekly,2025
2618,31,Male,Shorts,Clothing,97,Idaho,S,Maroon,Spring,4.8,No,Standard,No,No,29,Bank Transfer,Annually,2025
3,50,Male,Jeans,Clothing,73,Massachusetts,S,Maroon,Spring,3.1,Yes,Free Shipping,Yes,Yes,23,Credit Card,Weekly,2025
3290,31,Female,Backpack,Accessories,50,Montana,M,Maroon,Summer,4.0,No,2-Day Shipping,No,No,16,Venmo,Every 3 Months,2025
1032,22,Male,Sandals,Footwear,50,Tennessee,M,Teal,Spring,3.4,Yes,Free Shipping,Yes,Yes,32,Cash,Quarterly,2025
3289,67,Female,Handbag,Accessories,61,South Carolina,XL,White,Spring,4.9,No,Next Day Air,No,No,19,Credit Card,Bi-Weekly,2025
2558,70,Male,Shorts,Clothing,23,Oklahoma,L,Cyan,Spring,3.9,No,Standard,No,No,17,PayPal,Fortnightly,2025
3451,20,Female,Shorts,Clothing,78,Vermont,M,Pink,Spring,3.6,No,Store Pickup,No,No,31,PayPal,Monthly,2025
818,25,Male,Handbag,Accessories,21,Nevada,S,Gray,Spring,4.7,Yes,Store Pickup,Yes,Yes,30,PayPal,Fortnightly,2025
1545,30,Male,Jewelry,Accessories,24,Arkansas,M,Maroon,Spring,3.9,No,Standard,Yes,Yes,17,Debit Card,Bi-Weekly,2025
3491,62,Female,Boots,Footwear,82,Oregon,M,Violet,Spring,3.6,No,Store Pickup,No,No,43,Credit Card,Quarterly,2025
10,57,Male,Handbag,Accessories,31,Missouri,M,Pink,Spring,4.8,Yes,2-Day Shipping,Yes,Yes,4,Cash,Quarterly,2025
510,41,Male,T-shirt,Clothing,80,Delaware,L,Cyan,Summer,3.9,Yes,Free Shipping,Yes,Yes,17,Debit Card,Weekly,2025
70,48,Male,Belt,Accessories,70,Tennessee,S,Cyan,Summer,4.4,Yes,Express,Yes,Yes,5,Cash,Weekly,2025
2864,37,Female,T-shirt,Clothing,56,Connecticut,M,Yellow,Fall,3.9,No,2-Day Shipping,No,No,18,Venmo,Monthly,2025
1896,31,Male,Jeans,Clothing,61,Washington,L,Indigo,Fall,4.5,No,Express,No,No,3,Debit Card,Monthly,2025
3140,35,Female,Sunglasses,Accessories,85,Georgia,M,Olive,Winter,4.4,No,Next Day Air,No,No,4,Venmo,Weekly,2025
207,24,Male,T-shirt,Clothing,55,Wisconsin,L,Silver,Summer,4.2,Yes,Free Shipping,Yes,Yes,6,Venmo,Fortnightly,2025
184,58,Male,Skirt,Clothing,29,Ohio,XL,Beige,Spring,3.6,Yes,2-Day Shipping,Yes,Yes,26,Credit Card,Weekly,2025
1777,56,Male,Jacket,Outerwear,64,Arizona,L,Cyan,Summer,3.4,No,Free Shipping,No,No,10,Venmo,Every 3 Months,2025
108,28,Male,Sneakers,Footwear,67,Maryland,L,Olive,Winter,3.1,Yes,Next Day Air,Yes,Yes,46,PayPal,Fortnightly,2025
3574,43,Female,Jeans,Clothing,67,Connecticut,L,Maroon,Fall,4.9,No,Free Shipping,No,No,27,PayPal,Monthly,2025
2741,19,Female,Sunglasses,Accessories,70,Pennsylvania,M,Lavender,Summer,4.9,No,Free Shipping,No,No,34,Bank Transfer,Fortnightly,2025
2427,70,Male,Jacket,Outerwear,42,Florida,M,Olive,Fall,4.6,No,Free Shipping,No,No,26,Debit Card,Every 3 Months,2025
1876,63,Male,Boots,Footwear,71,Tennessee,M,Brown,Winter,3.9,No,Next Day Air,No,No,6,Credit Card,Quarterly,2025
3390,38,Female,Pants,Clothing,57,North Carolina,L,Maroon,Fall,3.8,No,Free Shipping,No,No,39,Venmo,Annually,2025
519,24,Male,Blouse,Clothing,100,Oregon,M,Beige,Fall,2.9,Yes,Next Day Air,Yes,Yes,16,Venmo,Every 3 Months,2025
3332,55,Female,Sunglasses,Accessories,58,California,M,Pink,Summer,3.5,No,Free Shipping,No,No,39,PayPal,Quarterly,2025
145,19,Male,Shoes,Footwear,43,New Jersey,M,Silver,Fall,3.2,Yes,Express,Yes,Yes,25,Cash,Monthly,2025
288,56,Male,Scarf,Accessories,37,Delaware,L,Blue,Spring,3.4,Yes,2-Day Shipping,Yes,Yes,18,Venmo,Fortnightly,2025
1634,54,Male,Socks,Clothing,80,North Dakota,M,Peach,Spring,4.4,No,2-Day Shipping,Yes,Yes,33,Debit Card,Bi-Weekly,2025
780,60,Male,Dress,Clothing,94,Utah,M,Blue,Spring,4.6,Yes,Express,Yes,Yes,38,Cash,Annually,2025
3774,25,Female,Sweater,Clothing,60,Wisconsin,M,Violet,Summer,3.5,No,Store Pickup,No,No,41,Cash,Quarterly,2025
3655,21,Female,Jewelry,Accessories,98,Arkansas,M,Green,Winter,3.3,No,Next Day Air,No,No,10,Credit Card,Annually,2025
1865,19,Male,Backpack,Accessories,72,Wyoming,S,Cyan,Fall,3.2,No,2-Day Shipping,No,No,21,Venmo,Quarterly,2025
2514,69,Male,Handbag,Accessories,53,Washington,L,Teal,Winter,3.5,No,2-Day Shipping,No,No,42,Cash,Annually,2025
1565,22,Male,Backpack,Accessories,33,California,XL,Turquoise,Summer,4.5,No,Next Day Air,Yes,Yes,30,Debit Card,Every 3 Months,2025
1098,58,Male,Sunglasses,Accessories,27,Vermont,M,Black,Summer,3.2,No,Store Pickup,Yes,Yes,47,Bank Transfer,Weekly,2025
3675,35,Female,Handbag,Accessories,65,Washington,M,Blue,Winter,2.7,No,2-Day Shipping,No,No,41,Venmo,Fortnightly,2025
1562,50,Male,Scarf,Accessories,38,Mississippi,M,Indigo,Summer,3.8,No,Standard,Yes,Yes,2,Bank Transfer,Quarterly,2025
3092,68,Female,Dress,Clothing,81,Nevada,L,Orange,Winter,3.4,No,2-Day Shipping,No,No,46,Credit Card,Annually,2025
255,67,Male,Sunglasses,Accessories,42,Indiana,M,White,Winter,3.5,Yes,Store Pickup,Yes,Yes,4,PayPal,Bi-Weekly,2025
2094,21,Male,Dress,Clothing,91,Washington,M,Maroon,Spring,4.2,No,Store Pickup,No,No,4,Debit Card,Annually,2025
3197,24,Female,Belt,Accessories,59,Wisconsin,L,Maroon,Winter,2.8,No,Express,No,No,21,Debit Card,Fortnightly,2025
1112,22,Male,Shoes,Footwear,66,New York,S,Olive,Summer,4.1,No,Next Day Air,Yes,Yes,4,Credit Card,Bi-Weekly,2025
3813,50,Female,Skirt,Clothing,75,Michigan,M,Pink,Spring,2.8,No,Next Day Air,No,No,7,Bank Transfer,Every 3 Months,2025
3548,52,Female,Scarf,Accessories,31,Pennsylvania,L,Magenta,Summer,3.8,No,Standard,No,No,23,Credit Card,Annually,2025
772,22,Male,Sweater,Clothing,68,Hawaii,L,Cyan,Fall,2.6,Yes,Next Day Air,Yes,Yes,34,Bank Transfer,Fortnightly,2025
333,19,Male,Shirt,Clothing,86,New York,M,Maroon,Winter,2.8,Yes,2-Day Shipping,Yes,Yes,5,Credit Card,Monthly,2025
1461,70,Male,Boots,Footwear,85,Pennsylvania,L,Violet,Fall,4.6,No,Standard,Yes,Yes,33,Venmo,Bi-Weekly,2025
1259,47,Male,Boots,Footwear,87,Ohio,XL,Gold,Spring,4.1,No,2-Day Shipping,Yes,Yes,34,Debit Card,Every 3 Months,2025
2029,29,Male,Shoes,Footwear,84,Ohio,XL,Purple,Fall,3.7,No,2-Day Shipping,No,No,10,Venmo,Bi-Weekly,2025
1637,58,Male,Boots,Footwear,22,North Dakota,L,Green,Fall,4.0,No,Free Shipping,Yes,Yes,49,Cash,Fortnightly,2025
570,65,Male,Skirt,Clothing,33,Alabama,M,Pink,Fall,4.4,Yes,Express,Yes,Yes,46,Credit Card,Every 3 Months,2025
2495,42,Male,Shoes,Footwear,27,Oklahoma,S,Peach,Winter,2.6,No,Store Pickup,No,No,26,Debit Card,Annually,2025
1264,41,Male,Hoodie,Clothing,70,Delaware,L,Brown,Winter,4.6,No,2-Day Shipping,Yes,Yes,1,Credit Card,Bi-Weekly,2025
3846,58,Female,Sweater,Clothing,52,California,M,Green,Winter,4.9,No,Standard,No,No,46,Venmo,Annually,2025
1910,50,Male,Sweater,Clothing,84,Kentucky,S,Black,Spring,4.3,No,Store Pickup,No,No,12,Credit Card,Monthly,2025
3896,40,Female,Hoodie,Clothing,28,Virginia,L,Turquoise,Summer,4.2,No,2-Day Shipping,No,No,32,Venmo,Weekly,2025
1307,54,Male,Sweater,Clothing,33,Alaska,L,Brown,Winter,4.5,No,Next Day Air,Yes,Yes,40,PayPal,Annually,2025
1315,42,Male,Boots,Footwear,67,Missouri,S,Magenta,Summer,3.4,No,Free Shipping,Yes,Yes,49,Debit Card,Annually,2025
1749,34,Male,Skirt,Clothing,93,Montana,L,Teal,Winter,3.9,No,2-Day Shipping,No,No,41,Bank Transfer,Annually,2025
25,18,Male,Jacket,Outerwear,22,Florida,M,Green,Fall,2.9,Yes,Store Pickup,Yes,Yes,16,Debit Card,Weekly,2025
3564,43,Female,Blouse,Clothing,90,Maine,M,Green,Summer,4.9,No,Standard,No,No,8,Credit Card,Every 3 Months,2025
24,31,Male,Pants,Clothing,88,Oklahoma,XL,White,Winter,4.4,Yes,Express,Yes,Yes,40,Credit Card,Weekly,2025
202,69,Male,Blouse,Clothing,22,Missouri,S,Beige,Fall,4.3,Yes,Free Shipping,Yes,Yes,15,Bank Transfer,Annually,2025
679,27,Male,Blouse,Clothing,74,Maine,M,Teal,Fall,3.3,Yes,Store Pickup,Yes,Yes,25,Debit Card,Every 3 Months,2025
1929,25,Male,Sunglasses,Accessories,92,Mississippi,S,Lavender,Summer,3.7,No,Standard,No,No,10,PayPal,Weekly,2025
748,51,Male,Shorts,Clothing,74,Oklahoma,L,Gold,Spring,4.4,Yes,Next Day Air,Yes,Yes,13,Bank Transfer,Weekly,2025
1418,62,Male,Shorts,Clothing,25,Montana,S,Brown,Spring,4.6,No,Standard,Yes,Yes,21,Debit Card,Fortnightly,2025
1991,32,Male,Backpack,Accessories,95,Connecticut,L,White,Spring,3.4,No,2-Day Shipping,No,No,15,PayPal,Annually,2025
1222,18,Male,Socks,Clothing,69,Iowa,M,Red,Winter,4.5,No,Standard,Yes,Yes,3,Cash,Quarterly,2025
305,40,Male,Dress,Clothing,84,Oregon,M,Green,Winter,3.4,Yes,Next Day Air,Yes,Yes,45,Credit Card,Bi-Weekly,2025
1949,54,Male,T-shirt,Clothing,37,Connecticut,L,Brown,Winter,3.1,No,Next Day Air,No,No,39,PayPal,Bi-Weekly,2025
634,66,Male,Sandals,Footwear,33,Minnesota,M,Orange,Spring,2.9,Yes,Express,Yes,Yes,50,Debit Card,Quarterly,2025
1238,25,Male,Dress,Clothing,92,Michigan,S,Charcoal,Spring,4.4,No,2-Day Shipping,Yes,Yes,42,Credit Card,Quarterly,2025
974,60,Male,Jacket,Outerwear,75,Colorado,M,Teal,Fall,3.5,Yes,2-Day Shipping,Yes,Yes,30,Bank Transfer,Quarterly,2025
3346,28,Female,Handbag,Accessories,91,Florida,M,Turquoise,Summer,4.0,No,2-Day Shipping,No,No,3,Venmo,Bi-Weekly,2025
2938,28,Female,Handbag,Accessories,39,West Virginia,M,White,Spring,4.3,No,2-Day Shipping,No,No,15,Credit Card,Weekly,2025
3670,25,Female,Socks,Clothing,52,Washington,S,Silver,Fall,4.6,No,Store Pickup,No,No,43,PayPal,Quarterly,2025
2117,67,Male,Jacket,Outerwear,23,Kansas,M,Teal,Summer,2.9,No,Express,No,No,50,Debit Card,Bi-Weekly,2025
640,54,Male,Dress,Clothing,24,Mississippi,L,Olive,Spring,4.0,Yes,2-Day Shipping,Yes,Yes,50,Credit Card,Annually,2025
1868,45,Male,Skirt,Clothing,52,Delaware,M,Brown,Fall,3.4,No,2-Day Shipping,No,No,20,Venmo,Quarterly,2025
2153,38,Male,Shorts,Clothing,48,New Jersey,L,Magenta,Summer,4.5,No,Next Day Air,No,No,43,Bank Transfer,Bi-Weekly,2025
3884,34,Female,Hat,Accessories,38,North Dakota,XL,Purple,Fall,4.0,No,Next Day Air,No,No,22,Cash,Fortnightly,2025
3883,35,Female,Pants,Clothing,95,North Dakota,L,Blue,Fall,2.6,No,Free Shipping,No,No,24,Cash,Fortnightly,2025
2263,53,Male,Backpack,Accessories,22,Arizona,M,Green,Winter,3.1,No,2-Day Shipping,No,No,50,PayPal,Monthly,2025
1609,26,Male,Sandals,Footwear,58,Nebraska,XL,Cyan,Fall,4.6,No,Next Day Air,Yes,Yes,12,Bank Transfer,Bi-Weekly,2025
2686,56,Female,Boots,Footwear,25,Virginia,M,Gray,Winter,2.7,No,Express,No,No,49,Credit Card,Quarterly,2025
3681,22,Female,Sunglasses,Accessories,36,Iowa,S,Blue,Winter,2.9,No,Standard,No,No,30,Debit Card,Quarterly,2025
1035,68,Male,Socks,Clothing,29,Maryland,M,Olive,Fall,4.2,Yes,Next Day Air,Yes,Yes,44,Bank Transfer,Weekly,2025
34,54,Male,Pants,Clothing,38,Colorado,L,Green,Summer,3.3,Yes,Store Pickup,Yes,Yes,45,Cash,Quarterly,2025
1555,64,Male,Shorts,Clothing,48,Utah,S,Lavender,Winter,2.7,No,Standard,Yes,Yes,18,Cash,Bi-Weekly,2025
3340,20,Female,Gloves,Accessories,99,Nebraska,M,Cyan,Fall,3.6,No,Store Pickup,No,No,35,Cash,Fortnightly,2025
3760,44,Female,Sneakers,Footwear,61,Missouri,M,Pink,Spring,3.5,No,Store Pickup,No,No,30,Venmo,Quarterly,2025
182,32,Male,Pants,Clothing,61,Massachusetts,M,Beige,Summer,4.7,Yes,Next Day Air,Yes,Yes,4,Bank Transfer,Weekly,2025
1915,28,Male,Shorts,Clothing,97,Alaska,L,Green,Fall,3.4,No,Standard,No,No,40,Credit Card,Fortnightly,2025
688,19,Male,Gloves,Accessories,38,West Virginia,XL,Turquoise,Winter,3.3,Yes,Free Shipping,Yes,Yes,46,Bank Transfer,Quarterly,2025
1160,66,Male,Handbag,Accessories,55,New Hampshire,L,Blue,Fall,3.6,No,2-Day Shipping,Yes,Yes,46,Venmo,Every 3 Months,2025
1845,60,Male,Shorts,Clothing,26,South Dakota,M,Purple,Spring,2.7,No,2-Day Shipping,No,No,31,Credit Card,Annually,2025
769,64,Male,Backpack,Accessories,95,Illinois,XL,Red,Spring,2.6,Yes,Express,Yes,Yes,45,Venmo,Weekly,2025
2247,49,Male,Jacket,Outerwear,96,Hawaii,M,Cyan,Fall,4.3,No,Store Pickup,No,No,39,PayPal,Every 3 Months,2025
449,32,Male,Gloves,Accessories,23,Missouri,M,Yellow,Summer,3.4,Yes,Next Day Air,Yes,Yes,35,Bank Transfer,Fortnightly,2025
1027,49,Male,Handbag,Accessories,95,Virginia,L,Turquoise,Winter,3.0,Yes,Express,Yes,Yes,39,PayPal,Bi-Weekly,2025
1734,67,Male,Blouse,Clothing,85,New York,L,Black,Summer,3.4,No,Express,No,No,22,Credit Card,Annually,2025
1180,20,Male,T-shirt,Clothing,33,Indiana,M,Blue,Summer,2.8,No,Free Shipping,Yes,Yes,44,Bank Transfer,Annually,2025
2353,70,Male,Boots,Footwear,46,Nebraska,M,Yellow,Fall,2.8,No,Store Pickup,No,No,25,Bank Transfer,Quarterly,2025
3320,23,Female,Shorts,Clothing,31,North Dakota,M,Indigo,Summer,4.3,No,Next Day Air,No,No,17,Credit Card,Every 3 Months,2025
612,43,Male,Scarf,Accessories,33,California,M,Black,Winter,4.7,Yes,Store Pickup,Yes,Yes,19,Cash,Monthly,2025
946,38,Male,Boots,Footwear,38,Minnesota,M,Violet,Summer,4.1,Yes,Store Pickup,Yes,Yes,8,Venmo,Every 3 Months,2025
2743,27,Female,Shoes,Footwear,86,Texas,M,Black,Spring,3.9,No,Free Shipping,No,No,47,Debit Card,Annually,2025
967,58,Male,Dress,Clothing,55,Kentucky,M,Brown,Spring,4.9,Yes,Express,Yes,Yes,19,Cash,Annually,2025
1670,42,Male,T-shirt,Clothing,59,Wisconsin,L,Maroon,Winter,2.7,No,Store Pickup,Yes,Yes,22,Bank Transfer,Quarterly,2025
3817,29,Female,Coat,Outerwear,86,Maryland,S,Silver,Summer,4.3,No,Store Pickup,No,No,45,Credit Card,Fortnightly,2025
2566,30,Male,Socks,Clothing,43,Vermont,S,Indigo,Fall,3.6,No,Store Pickup,No,No,8,Venmo,Quarterly,2025
3853,65,Female,Hat,Accessories,79,Mississippi,M,Peach,Fall,4.0,No,2-Day Shipping,No,No,19,PayPal,Weekly,2025
1051,48,Male,Sneakers,Footwear,64,Florida,M,Beige,Winter,3.8,Yes,Next Day Air,Yes,Yes,19,Venmo,Monthly,2025
3616,35,Female,Dress,Clothing,31,California,M,Gold,Winter,4.4,No,Free Shipping,No,No,4,Credit Card,Monthly,2025
31,57,Male,Jewelry,Accessories,31,North Carolina,L,Black,Winter,4.7,Yes,Standard,Yes,Yes,16,Credit Card,Monthly,2025
1328,52,Male,Coat,Outerwear,40,Florida,M,Turquoise,Winter,2.8,No,Standard,Yes,Yes,37,Cash,Weekly,2025
3537,55,Female,Handbag,Accessories,21,Minnesota,L,Peach,Spring,4.5,No,Express,No,No,10,Venmo,Monthly,2025
2380,40,Male,Hat,Accessories,77,South Dakota,M,Peach,Spring,4.0,No,2-Day Shipping,No,No,22,Debit Card,Monthly,2025
3352,43,Female,Shirt,Clothing,49,New Hampshire,L,Cyan,Spring,4.2,No,2-Day Shipping,No,No,18,Bank Transfer,Fortnightly,2025
743,64,Male,Pants,Clothing,39,Nevada,M,Charcoal,Summer,3.1,Yes,Express,Yes,Yes,21,Debit Card,Quarterly,2025
3760,44,Female,Sneakers,Footwear,61,Missouri,M,Pink,Spring,3.5,No,Store Pickup,No,No,30,Venmo,Quarterly,2025
159,25,Male,Shirt,Clothing,73,Connecticut,XL,Teal,Fall,4.1,Yes,Standard,Yes,Yes,50,Bank Transfer,Monthly,2025
2522,29,Male,Handbag,Accessories,33,Minnesota,M,Magenta,Fall,4.4,No,Standard,No,No,18,PayPal,Every 3 Months,2025
1131,67,Male,Jewelry,Accessories,41,Kentucky,M,Lavender,Summer,3.9,No,Standard,Yes,Yes,30,PayPal,Bi-Weekly,2025
686,70,Male,Blouse,Clothing,71,Massachusetts,XL,Magenta,Winter,3.5,Yes,Standard,Yes,Yes,32,Cash,Fortnightly,2025
3784,39,Female,Gloves,Accessories,66,Maine,XL,Orange,Summer,3.2,No,Free Shipping,No,No,17,Debit Card,Fortnightly,2025
3489,62,Female,Sweater,Clothing,27,Delaware,XL,Teal,Spring,4.9,No,Store Pickup,No,No,7,Cash,Quarterly,2025
1497,63,Male,T-shirt,Clothing,98,Idaho,M,Purple,Winter,5.0,No,Standard,Yes,Yes,9,Venmo,Bi-Weekly,2025
1511,55,Male,Blouse,Clothing,30,Maryland,XL,Gray,Fall,3.0,No,Free Shipping,Yes,Yes,31,Venmo,Annually,2025
1546,48,Male,Belt,Accessories,43,Delaware,M,Black,Winter,4.9,No,Store Pickup,Yes,Yes,49,Bank Transfer,Annually,2025
2712,30,Female,Sunglasses,Accessories,22,Nebraska,L,Red,Spring,4.0,No,Standard,No,No,50,Venmo,Monthly,2025
546,33,Male,Coat,Outerwear,32,Alabama,L,Magenta,Summer,3.5,Yes,2-Day Shipping,Yes,Yes,48,Debit Card,Annually,2025
1745,57,Male,Sunglasses,Accessories,63,Michigan,L,Teal,Winter,3.0,No,Standard,No,No,23,PayPal,Weekly,2025
2645,25,Male,Pants,Clothing,83,New Mexico,M,Turquoise,Spring,3.3,No,Standard,No,No,4,Bank Transfer,Every 3 Months,2025
3300,45,Female,Shorts,Clothing,32,South Dakota,L,Teal,Spring,4.0,No,2-Day Shipping,No,No,18,Venmo,Monthly,2025
2767,66,Female,Dress,Clothing,91,Tennessee,M,Cyan,Winter,2.8,No,Standard,No,No,47,Credit Card,Monthly,2025
2448,59,Male,Pants,Clothing,47,South Dakota,L,Peach,Fall,3.2,No,Store Pickup,No,No,10,Venmo,Fortnightly,2025
3344,24,Female,Shorts,Clothing,31,Kentucky,XL,Green,Winter,3.6,No,2-Day Shipping,No,No,6,Cash,Bi-Weekly,2025
2433,59,Male,Jacket,Outerwear,66,Hawaii,M,Peach,Winter,2.8,No,Store Pickup,No,No,43,Venmo,Monthly,2025
2893,22,Female,Dress,Clothing,39,Nevada,M,Teal,Spring,3.2,No,Standard,No,No,47,Credit Card,Monthly,2025
1833,69,Male,Jewelry,Accessories,29,Louisiana,M,Blue,Fall,4.6,No,Free Shipping,No,No,48,Cash,Monthly,2025
3534,50,Female,Sneakers,Footwear,98,Texas,L,Yellow,Fall,4.7,No,Standard,No,No,30,Venmo,Fortnightly,2025
522,36,Male,Shorts,Clothing,41,Vermont,L,Gold,Winter,3.5,Yes,Standard,Yes,Yes,50,Bank Transfer,Annually,2025
2865,58,Female,Sweater,Clothing,43,Illinois,S,Maroon,Fall,3.6,No,Store Pickup,No,No,31,Venmo,Weekly,2025
2362,44,Male,Scarf,Accessories,64,Alabama,M,Gray,Spring,4.3,No,2-Day Shipping,No,No,30,Credit Card,Every 3 Months,2025
2003,31,Male,Shirt,Clothing,65,New York,M,Red,Summer,2.7,No,Express,No,No,19,PayPal,Every 3 Months,2025
2751,51,Female,Sandals,Footwear,66,Alaska,L,Pink,Spring,2.7,No,2-Day Shipping,No,No,26,PayPal,Every 3 Months,2025
1332,38,Male,Socks,Clothing,91,Maryland,M,Lavender,Spring,3.2,No,Standard,Yes,Yes,8,PayPal,Bi-Weekly,2025
386,67,Male,Shorts,Clothing,93,West Virginia,S,Yellow,Fall,2.7,Yes,Next Day Air,Yes,Yes,12,Credit Card,Bi-Weekly,2025
2843,28,Female,Coat,Outerwear,100,Arizona,L,Green,Fall,4.3,No,Standard,No,No,48,Debit Card,Quarterly,2025
3588,33,Female,Sweater,Clothing,90,Virginia,S,Violet,Summer,4.4,No,Standard,No,No,33,Debit Card,Annually,2025
867,67,Male,Sunglasses,Accessories,69,New Mexico,M,Lavender,Summer,2.7,Yes,Free Shipping,Yes,Yes,11,PayPal,Bi-Weekly,2025
2970,36,Female,Belt,Accessories,62,Vermont,S,Blue,Fall,4.3,No,Next Day Air,No,No,20,Cash,Every 3 Months,2025
1793,38,Male,Sneakers,Footwear,59,Iowa,M,Peach,Fall,3.0,No,Express,No,No,22,Debit Card,Every 3 Months,2025
1765,61,Male,Dress,Clothing,56,Delaware,M,Charcoal,Summer,3.0,No,Store Pickup,No,No,34,Venmo,Quarterly,2025
2936,58,Female,Sneakers,Footwear,27,North Carolina,XL,Gray,Spring,4.6,No,Standard,No,No,11,Venmo,Weekly,2025
2624,49,Male,Shoes,Footwear,76,Massachusetts,M,Gold,Fall,4.8,No,Next Day Air,No,No,38,Cash,Annually,2025
2730,31,Female,Gloves,Accessories,71,Montana,S,Violet,Summer,4.1,No,Free Shipping,No,No,32,Credit Card,Monthly,2025
1060,22,Male,Jacket,Outerwear,34,North Carolina,M,Beige,Winter,2.5,No,Standard,Yes,Yes,25,Debit Card,Monthly,2025
1191,62,Male,Shirt,Clothing,45,South Carolina,M,Orange,Winter,4.3,No,Next Day Air,Yes,Yes,31,Credit Card,Weekly,2025
297,25,Male,Sandals,Footwear,74,Indiana,S,Lavender,Spring,4.8,Yes,2-Day Shipping,Yes,Yes,19,Credit Card,Weekly,2025
3452,32,Female,Blouse,Clothing,73,Nevada,XL,Silver,Fall,3.0,No,Free Shipping,No,No,13,Credit Card,Annually,2025
1931,66,Male,Pants,Clothing,52,North Carolina,L,Turquoise,Spring,3.5,No,Store Pickup,No,No,26,Cash,Weekly,2025
138,68,Male,Sneakers,Footwear,43,Colorado,M,Turquoise,Spring,4.7,Yes,Free Shipping,Yes,Yes,38,PayPal,Weekly,2025
680,56,Male,Sandals,Footwear,95,Michigan,M,Turquoise,Fall,3.4,Yes,Express,Yes,Yes,37,Venmo,Fortnightly,2025
927,54,Male,Jeans,Clothing,63,Massachusetts,XL,Green,Spring,4.4,Yes,Express,Yes,Yes,11,Cash,Bi-Weekly,2025
3812,46,Female,Belt,Accessories,30,Idaho,M,Maroon,Winter,4.0,No,Standard,No,No,14,Cash,Monthly,2025
706,25,Male,Pants,Clothing,90,Arkansas,XL,Indigo,Summer,4.5,Yes,Free Shipping,Yes,Yes,49,Cash,Quarterly,2025
3622,38,Female,Sneakers,Footwear,32,New Jersey,XL,Silver,Summer,4.0,No,2-Day Shipping,No,No,5,Cash,Fortnightly,2025
204,70,Male,Scarf,Accessories,38,Indiana,S,Yellow,Fall,3.2,Yes,Next Day Air,Yes,Yes,18,Bank Transfer,Weekly,2025
2979,53,Female,Shorts,Clothing,56,Idaho,S,Cyan,Spring,3.9,No,Free Shipping,No,No,49,Bank Transfer,Fortnightly,2025
3356,40,Female,Blouse,Clothing,28,Delaware,M,Peach,Spring,2.6,No,Store Pickup,No,No,3,Bank Transfer,Bi-Weekly,2025
349,56,Male,Blouse,Clothing,59,South Carolina,M,Beige,Fall,2.7,Yes,Free Shipping,Yes,Yes,17,PayPal,Fortnightly,2025
721,33,Male,Jewelry,Accessories,62,New Mexico,L,Orange,Fall,3.4,Yes,Free Shipping,Yes,Yes,19,Debit Card,Weekly,2025
2619,70,Male,Handbag,Accessories,77,Louisiana,L,Brown,Fall,4.1,No,Express,No,No,12,Venmo,Monthly,2025
1758,19,Male,Dress,Clothing,94,Michigan,L,Yellow,Fall,3.6,No,Standard,No,No,48,Debit Card,Annually,2025
2735,63,Female,Jeans,Clothing,93,New York,XL,Yellow,Summer,2.7,No,2-Day Shipping,No,No,13,Cash,Bi-Weekly,2025
590,28,Male,Shirt,Clothing,70,Minnesota,M,Orange,Fall,3.4,Yes,2-Day Shipping,Yes,Yes,40,PayPal,Annually,2025
2777,46,Female,Scarf,Accessories,62,Wyoming,L,Green,Fall,2.9,No,Free Shipping,No,No,6,Bank Transfer,Annually,2025
595,35,Male,Hoodie,Clothing,83,Oklahoma,S,Brown,Winter,2.5,Yes,Next Day Air,Yes,Yes,6,Debit Card,Monthly,2025
2457,59,Male,Jeans,Clothing,83,Nebraska,M,Green,Winter,3.3,No,2-Day Shipping,No,No,5,PayPal,Monthly,2025
976,58,Male,Sweater,Clothing,40,Washington,M,Olive,Summer,3.8,Yes,2-Day Shipping,Yes,Yes,2,Bank Transfer,Weekly,2025
1433,34,Male,Hat,Accessories,33,Florida,L,Black,Winter,4.4,No,Express,Yes,Yes,32,Debit Card,Quarterly,2025
1960,46,Male,Shoes,Footwear,90,Colorado,M,White,Fall,3.1,No,Store Pickup,No,No,7,Credit Card,Every 3 Months,2025
3800,60,Female,Jacket,Outerwear,26,Oklahoma,L,Violet,Winter,2.6,No,Store Pickup,No,No,13,Credit Card,Monthly,2025
2390,25,Male,Coat,Outerwear,87,Kansas,M,Violet,Spring,3.1,No,Store Pickup,No,No,17,Bank Transfer,Every 3 Months,2025
2444,24,Male,Backpack,Accessories,30,South Dakota,M,Green,Spring,3.4,No,2-Day Shipping,No,No,24,Bank Transfer,Bi-Weekly,2025
415,29,Male,Backpack,Accessories,88,Wyoming,L,Violet,Winter,2.6,Yes,Store Pickup,Yes,Yes,30,Debit Card,Weekly,2025
275,59,Male,Jewelry,Accessories,32,Maryland,M,Indigo,Spring,3.0,Yes,Express,Yes,Yes,28,Cash,Bi-Weekly,2025
408,45,Male,Hoodie,Clothing,76,North Carolina,XL,Teal,Spring,3.1,Yes,Next Day Air,Yes,Yes,5,Credit Card,Bi-Weekly,2025
2104,30,Male,Pants,Clothing,86,Indiana,S,Red,Summer,3.7,No,Store Pickup,No,No,21,Venmo,Weekly,2025
469,34,Male,Backpack,Accessories,38,Georgia,S,Peach,Fall,5.0,Yes,Free Shipping,Yes,Yes,16,Cash,Quarterly,2025
1656,37,Male,Sweater,Clothing,81,Arizona,L,Gold,Spring,3.2,No,Next Day Air,Yes,Yes,4,PayPal,Monthly,2025
3436,68,Female,Socks,Clothing,91,Montana,M,Beige,Summer,2.7,No,2-Day Shipping,No,No,50,Debit Card,Bi-Weekly,2025
603,37,Male,Shoes,Footwear,58,Oregon,L,Lavender,Summer,4.2,Yes,Next Day Air,Yes,Yes,10,Cash,Every 3 Months,2025
44,25,Male,Scarf,Accessories,69,Ohio,L,Lavender,Fall,3.7,Yes,Store Pickup,Yes,Yes,19,PayPal,Fortnightly,2025
3039,56,Female,Jewelry,Accessories,39,Georgia,M,Brown,Summer,4.2,No,Free Shipping,No,No,36,Debit Card,Annually,2025
3333,27,Female,T-shirt,Clothing,23,Washington,M,Silver,Summer,3.1,No,2-Day Shipping,No,No,1,PayPal,Bi-Weekly,2025
2546,38,Male,Shoes,Footwear,50,Texas,L,Olive,Spring,3.9,No,Free Shipping,No,No,10,Debit Card,Annually,2025
2987,62,Female,Belt,Accessories,85,Arizona,S,Silver,Summer,3.3,No,2-Day Shipping,No,No,16,Credit Card,Monthly,2025
2465,47,Male,Jacket,Outerwear,84,Hawaii,L,Teal,Winter,2.8,No,Express,No,No,4,Cash,Bi-Weekly,2025
845,59,Male,Sandals,Footwear,48,Missouri,L,Purple,Winter,4.4,Yes,Express,Yes,Yes,44,Venmo,Bi-Weekly,2025
1454,36,Male,Boots,Footwear,93,Virginia,S,Teal,Winter,3.2,No,2-Day Shipping,Yes,Yes,41,Bank Transfer,Fortnightly,2025
2534,66,Male,Jewelry,Accessories,46,Pennsylvania,S,Blue,Summer,3.1,No,Standard,No,No,49,Cash,Bi-Weekly,2025
2690,29,Female,Blouse,Clothing,35,Wyoming,M,Orange,Fall,3.9,No,Standard,No,No,47,PayPal,Quarterly,2025
2618,31,Male,Shorts,Clothing,97,Idaho,S,Maroon,Spring,4.8,No,Standard,No,No,29,Bank Transfer,Annually,2025
2245,35,Male,Shorts,Clothing,37,South Carolina,M,Gold,Summer,4.8,No,2-Day Shipping,No,No,22,PayPal,Annually,2025
1645,68,Male,Coat,Outerwear,90,North Carolina,S,Beige,Summer,3.9,No,Next Day Air,Yes,Yes,21,Debit Card,Monthly,2025
206,67,Male,Shirt,Clothing,64,Hawaii,M,Silver,Winter,3.0,Yes,Standard,Yes,Yes,25,PayPal,Weekly,2025
1852,28,Male,Skirt,Clothing,80,Delaware,S,Lavender,Fall,3.1,No,Free Shipping,No,No,4,Bank Transfer,Fortnightly,2025
2256,48,Male,Coat,Outerwear,39,Michigan,L,Teal,Spring,4.6,No,Store Pickup,No,No,42,Bank Transfer,Quarterly,2025
3188,67,Female,Blouse,Clothing,72,Texas,L,Indigo,Winter,3.2,No,Free Shipping,No,No,28,Debit Card,Weekly,2025
3661,19,Female,Shoes,Footwear,74,Arkansas,L,Indigo,Winter,3.1,No,2-Day Shipping,No,No,13,Bank Transfer,Fortnightly,2025
1058,65,Male,Jacket,Outerwear,23,Wisconsin,S,Maroon,Spring,4.4,No,2-Day Shipping,Yes,Yes,20,Credit Card,Weekly,2025
1841,42,Male,Sandals,Footwear,98,Wyoming,M,Gold,Winter,2.6,No,Store Pickup,No,No,46,Bank Transfer,Every 3 Months,2025
1774,21,Male,Coat,Outerwear,92,West Virginia,M,Blue,Summer,2.7,No,Free Shipping,No,No,17,PayPal,Annually,2025
3894,21,Female,Hat,Accessories,64,Massachusetts,L,White,Fall,3.3,No,Store Pickup,No,No,29,Bank Transfer,Bi-Weekly,2025
1268,47,Male,T-shirt,Clothing,83,Oregon,S,Gray,Spring,2.7,No,Standard,Yes,Yes,41,Cash,Weekly,2025
1641,65,Male,Scarf,Accessories,51,Tennessee,S,Magenta,Spring,4.0,No,2-Day Shipping,Yes,Yes,13,PayPal,Weekly,2025
750,56,Male,Scarf,Accessories,71,Oklahoma,M,Olive,Winter,3.7,Yes,Standard,Yes,Yes,11,Debit Card,Quarterly,2025
2047,39,Male,Pants,Clothing,32,Oklahoma,M,Maroon,Winter,2.8,No,Free Shipping,No,No,30,Cash,Every 3 Months,2025
933,62,Male,Skirt,Clothing,24,Indiana,L,Blue,Winter,3.2,Yes,Standard,Yes,Yes,45,Debit Card,Bi-Weekly,2025
1263,29,Male,Boots,Footwear,62,Tennessee,L,Brown,Winter,4.8,No,Store Pickup,Yes,Yes,44,Venmo,Monthly,2025
2595,59,Male,Skirt,Clothing,81,Montana,L,Indigo,Fall,3.6,No,Free Shipping,No,No,25,Cash,Every 3 Months,2025
1487,25,Male,Sneakers,Footwear,73,Idaho,S,Yellow,Spring,5.0,No,Free Shipping,Yes,Yes,23,Venmo,Every 3 Months,2025
1980,49,Male,Jeans,Clothing,98,Tennessee,L,Blue,Spring,2.8,No,Store Pickup,No,No,38,Debit Card,Fortnightly,2025
1691,40,Male,Coat,Outerwear,30,Nevada,M,Black,Summer,3.2,No,Free Shipping,No,No,1,Cash,Annually,2025
1692,64,Male,Shoes,Footwear,61,Connecticut,L,Blue,Summer,3.5,No,Next Day Air,No,No,4,Cash,Annually,2025
967,58,Male,Dress,Clothing,55,Kentucky,M,Brown,Spring,4.9,Yes,Express,Yes,Yes,19,Cash,Annually,2025
1137,23,Male,Handbag,Accessories,83,Illinois,S,Cyan,Summer,4.8,No,Free Shipping,Yes,Yes,37,Cash,Monthly,2025
2365,62,Male,Sunglasses,Accessories,60,Mississippi,L,Maroon,Winter,4.2,No,Free Shipping,No,No,4,PayPal,Quarterly,2025
115,70,Male,Coat,Outerwear,95,Massachusetts,S,Blue,Summer,3.7,Yes,Store Pickup,Yes,Yes,9,Cash,Weekly,2025
892,20,Male,Skirt,Clothing,26,Pennsylvania,S,Lavender,Summer,3.9,Yes,Store Pickup,Yes,Yes,24,PayPal,Every 3 Months,2025
188,19,Male,Shoes,Footwear,94,Georgia,S,Purple,Spring,3.3,Yes,Store Pickup,Yes,Yes,1,Bank Transfer,Bi-Weekly,2025
2049,45,Male,Sneakers,Footwear,64,Michigan,XL,Pink,Winter,3.9,No,Express,No,No,35,Bank Transfer,Quarterly,2025
27,38,Male,Jewelry,Accessories,20,Nevada,M,Red,Spring,3.6,Yes,Next Day Air,Yes,Yes,13,Credit Card,Annually,2025
654,20,Male,Scarf,Accessories,68,North Dakota,M,Olive,Winter,3.6,Yes,2-Day Shipping,Yes,Yes,45,Cash,Fortnightly,2025
411,29,Male,Sweater,Clothing,26,Virginia,L,Lavender,Spring,4.8,Yes,2-Day Shipping,Yes,Yes,1,Credit Card,Quarterly,2025
3825,54,Female,Shorts,Clothing,26,Georgia,M,Olive,Summer,4.0,No,Free Shipping,No,No,31,Credit Card,Quarterly,2025
1935,34,Male,Jacket,Outerwear,43,Michigan,L,Gold,Winter,2.7,No,Free Shipping,No,No,23,Bank Transfer,Annually,2025
973,61,Male,Sneakers,Footwear,61,Colorado,L,Gold,Winter,3.0,Yes,Standard,Yes,Yes,33,Credit Card,Weekly,2025
3740,38,Female,Sunglasses,Accessories,31,Idaho,M,Olive,Fall,4.2,No,Free Shipping,No,No,43,Credit Card,Weekly,2025
22,31,Male,Pants,Clothing,62,North Carolina,M,Charcoal,Winter,4.1,Yes,Store Pickup,Yes,Yes,22,Debit Card,Quarterly,2025
2610,66,Male,Backpack,Accessories,95,Arkansas,M,Black,Summer,3.0,No,Store Pickup,No,No,18,Debit Card,Bi-Weekly,2025
2228,40,Male,Scarf,Accessories,74,Washington,S,Gray,Summer,4.4,No,Next Day Air,No,No,42,Credit Card,Fortnightly,2025
3112,21,Female,Belt,Accessories,81,Kansas,XL,Indigo,Spring,4.9,No,Free Shipping,No,No,25,Debit Card,Quarterly,2025
1476,44,Male,Blouse,Clothing,61,Rhode Island,M,Teal,Spring,4.0,No,Express,Yes,Yes,24,Cash,Monthly,2025
2035,61,Male,Shorts,Clothing,30,Alabama,M,Peach,Spring,2.9,No,Store Pickup,No,No,27,PayPal,Monthly,2025
2278,25,Male,Hat,Accessories,56,Alabama,M,Beige,Summer,4.6,No,Next Day Air,No,No,18,Credit Card,Quarterly,2025
2205,20,Male,Jeans,Clothing,41,Oregon,S,Lavender,Winter,3.4,No,2-Day Shipping,No,No,6,Debit Card,Monthly,2025
1131,67,Male,Jewelry,Accessories,41,Kentucky,M,Lavender,Summer,3.9,No,Standard,Yes,Yes,30,PayPal,Bi-Weekly,2025
2404,64,Male,Shorts,Clothing,22,Missouri,M,Magenta,Fall,4.4,No,Standard,No,No,40,Debit Card,Weekly,2025
325,37,Male,Shirt,Clothing,82,Wyoming,M,Olive,Summer,4.8,Yes,Standard,Yes,Yes,37,Venmo,Quarterly,2025
1695,20,Male,Shirt,Clothing,67,Mississippi,M,Turquoise,Summer,2.7,No,Express,No,No,20,Debit Card,Fortnightly,2025
3550,44,Female,T-shirt,Clothing,34,Oregon,M,Cyan,Summer,3.4,No,2-Day Shipping,No,No,11,Bank Transfer,Fortnightly,2025
2334,33,Male,Shirt,Clothing,77,Kansas,M,Beige,Spring,3.8,No,Next Day Air,No,No,1,PayPal,Every 3 Months,2025
1465,33,Male,Belt,Accessories,92,Montana,M,Peach,Winter,4.6,No,2-Day Shipping,Yes,Yes,23,Bank Transfer,Quarterly,2025
944,32,Male,Hat,Accessories,63,Oklahoma,L,Cyan,Winter,3.8,Yes,Next Day Air,Yes,Yes,13,Venmo,Fortnightly,2025
800,55,Male,Belt,Accessories,55,Nevada,L,Brown,Summer,3.3,Yes,Free Shipping,Yes,Yes,31,PayPal,Annually,2025
2086,69,Male,Jeans,Clothing,49,New York,M,Teal,Fall,4.6,No,Free Shipping,No,No,38,Debit Card,Weekly,2025
2110,59,Male,Jewelry,Accessories,31,California,L,Peach,Fall,2.7,No,Free Shipping,No,No,28,Venmo,Every 3 Months,2025
2420,26,Male,Sweater,Clothing,40,North Carolina,M,Blue,Fall,2.7,No,Next Day Air,No,No,11,Credit Card,Every 3 Months,2025
2507,57,Male,Dress,Clothing,82,New York,XL,Orange,Spring,4.4,No,Free Shipping,No,No,19,Venmo,Annually,2025
1882,58,Male,Blouse,Clothing,41,New Jersey,M,Red,Winter,4.3,No,Standard,No,No,13,Cash,Bi-Weekly,2025
3708,35,Female,Gloves,Accessories,79,Illinois,M,Gold,Fall,3.4,No,2-Day Shipping,No,No,19,Venmo,Weekly,2025
11,53,Male,Shoes,Footwear,34,Arkansas,L,Purple,Fall,4.1,Yes,Store Pickup,Yes,Yes,26,Bank Transfer,Bi-Weekly,2025
2307,27,Male,Gloves,Accessories,78,Florida,L,Silver,Winter,3.4,No,Standard,No,No,8,Cash,Bi-Weekly,2025
1753,34,Male,Boots,Footwear,29,South Dakota,L,Blue,Winter,3.3,No,Store Pickup,No,No,14,Venmo,Quarterly,2025
2023,59,Male,Jewelry,Accessories,38,Alabama,S,Black,Winter,4.0,No,Store Pickup,No,No,16,Cash,Bi-Weekly,2025
337,36,Male,Hat,Accessories,81,Rhode Island,S,Orange,Fall,4.4,Yes,Express,Yes,Yes,16,PayPal,Annually,2025
3723,23,Female,Jacket,Outerwear,34,Kentucky,XL,Yellow,Fall,4.0,No,Standard,No,No,1,Credit Card,Fortnightly,2025
2827,32,Female,Handbag,Accessories,43,Florida,L,Brown,Fall,3.6,No,Express,No,No,23,Venmo,Annually,2025
55,47,Male,Coat,Outerwear,94,New Mexico,M,Brown,Summer,4.2,Yes,Next Day Air,Yes,Yes,35,Debit Card,Bi-Weekly,2025
2764,28,Female,Handbag,Accessories,52,West Virginia,M,Green,Fall,2.9,No,2-Day Shipping,No,No,35,Venmo,Quarterly,2025
1295,27,Male,Shirt,Clothing,64,Texas,M,Silver,Summer,4.5,No,Standard,Yes,Yes,21,Cash,Every 3 Months,2025
3287,45,Female,Jacket,Outerwear,67,Illinois,L,Pink,Winter,5.0,No,Express,No,No,4,Venmo,Fortnightly,2025
750,56,Male,Scarf,Accessories,71,Oklahoma,M,Olive,Winter,3.7,Yes,Standard,Yes,Yes,11,Debit Card,Quarterly,2025
211,45,Male,Jacket,Outerwear,22,Vermont,L,Teal,Fall,3.0,Yes,2-Day Shipping,Yes,Yes,6,PayPal,Fortnightly,2025
3218,44,Female,Sunglasses,Accessories,58,Oregon,M,Silver,Fall,3.4,No,Express,No,No,46,Venmo,Weekly,2025
2221,19,Male,Belt,Accessories,62,Wyoming,XL,Beige,Fall,4.5,No,Store Pickup,No,No,47,Cash,Annually,2025
275,59,Male,Jewelry,Accessories,32,Maryland,M,Indigo,Spring,3.0,Yes,Express,Yes,Yes,28,Cash,Bi-Weekly,2025
2415,26,Male,Socks,Clothing,26,Virginia,M,Lavender,Summer,3.7,No,Next Day Air,No,No,14,Credit Card,Bi-Weekly,2025
3391,32,Female,Socks,Clothing,70,Oregon,S,Red,Summer,3.0,No,Next Day Air,No,No,38,PayPal,Annually,2025
108,28,Male,Sneakers,Footwear,67,Maryland,L,Olive,Winter,3.1,Yes,Next Day Air,Yes,Yes,46,PayPal,Fortnightly,2025
3136,68,Female,Shoes,Footwear,85,Indiana,L,Yellow,Spring,4.7,No,Free Shipping,No,No,48,Venmo,Fortnightly,2025
3091,29,Female,Shirt,Clothing,36,Texas,M,Peach,Summer,4.9,No,Store Pickup,No,No,15,Bank Transfer,Quarterly,2025
1124,36,Male,Hat,Accessories,67,Massachusetts,S,Purple,Fall,2.5,No,Store Pickup,Yes,Yes,38,Cash,Monthly,2025
368,52,Male,Dress,Clothing,40,Tennessee,XL,Cyan,Spring,2.8,Yes,Store Pickup,Yes,Yes,18,Bank Transfer,Monthly,2025
3464,27,Female,Jewelry,Accessories,27,Maine,M,Yellow,Fall,2.8,No,2-Day Shipping,No,No,45,PayPal,Fortnightly,2025
25,18,Male,Jacket,Outerwear,22,Florida,M,Green,Fall,2.9,Yes,Store Pickup,Yes,Yes,16,Debit Card,Weekly,2025
3568,32,Female,Scarf,Accessories,56,New Mexico,S,Silver,Summer,4.0,No,Next Day Air,No,No,26,Credit Card,Monthly,2025
2156,32,Male,Handbag,Accessories,51,Hawaii,L,Yellow,Fall,3.7,No,Store Pickup,No,No,46,PayPal,Monthly,2025
2690,29,Female,Blouse,Clothing,35,Wyoming,M,Orange,Fall,3.9,No,Standard,No,No,47,PayPal,Quarterly,2025
1797,62,Male,Skirt,Clothing,35,South Carolina,S,Brown,Spring,3.1,No,Store Pickup,No,No,34,Venmo,Weekly,2025
2894,69,Female,Belt,Accessories,20,Kentucky,S,Orange,Spring,3.1,No,Free Shipping,No,No,44,Debit Card,Every 3 Months,2025
532,50,Male,Sandals,Footwear,51,Vermont,L,Purple,Fall,3.4,Yes,Next Day Air,Yes,Yes,42,Cash,Weekly,2025
3156,22,Female,Handbag,Accessories,90,Montana,M,Brown,Fall,4.3,No,Free Shipping,No,No,34,Cash,Annually,2025
3170,35,Female,T-shirt,Clothing,59,Georgia,M,White,Fall,3.8,No,Free Shipping,No,No,3,Venmo,Weekly,2025
125,44,Male,Sweater,Clothing,86,Nevada,M,Gray,Spring,3.1,Yes,Next Day Air,Yes,Yes,50,PayPal,Annually,2025
1279,28,Male,Shorts,Clothing,98,Utah,M,Violet,Fall,2.8,No,Next Day Air,Yes,Yes,31,Venmo,Fortnightly,2025
971,45,Male,Jeans,Clothing,66,California,S,Maroon,Winter,4.4,Yes,Free Shipping,Yes,Yes,4,Cash,Monthly,2025
117,55,Male,Shoes,Footwear,86,Virginia,S,Blue,Spring,3.4,Yes,Free Shipping,Yes,Yes,12,Venmo,Annually,2025
2573,54,Male,Blouse,Clothing,42,Washington,M,Silver,Fall,3.9,No,Next Day Air,No,No,40,Bank Transfer,Quarterly,2025
2717,47,Female,Shoes,Footwear,40,Colorado,L,Black,Spring,2.7,No,Store Pickup,No,No,21,Debit Card,Weekly,2025
1202,27,Male,Shoes,Footwear,61,Illinois,XL,Black,Summer,3.1,No,2-Day Shipping,Yes,Yes,46,Venmo,Fortnightly,2025
2926,54,Female,Sweater,Clothing,91,Illinois,M,Maroon,Spring,2.8,No,Store Pickup,No,No,43,Credit Card,Every 3 Months,2025
3259,31,Female,Shoes,Footwear,51,New Jersey,M,Magenta,Spring,4.3,No,Express,No,No,11,Credit Card,Bi-Weekly,2025
2263,53,Male,Backpack,Accessories,22,Arizona,M,Green,Winter,3.1,No,2-Day Shipping,No,No,50,PayPal,Monthly,2025
3004,51,Female,Blouse,Clothing,53,Oregon,M,Brown,Fall,2.8,No,Express,No,No,13,Credit Card,Every 3 Months,2025
1270,43,Male,Jewelry,Accessories,53,Vermont,M,Lavender,Spring,3.0,No,Standard,Yes,Yes,47,PayPal,Quarterly,2025
2670,39,Female,Belt,Accessories,28,Illinois,L,Teal,Spring,2.8,No,Free Shipping,No,No,31,Credit Card,Weekly,2025
1199,40,Male,Socks,Clothing,49,New Jersey,M,Brown,Summer,3.9,No,2-Day Shipping,Yes,Yes,17,Cash,Annually,2025
1943,63,Male,Pants,Clothing,28,Alabama,M,Cyan,Fall,3.4,No,Express,No,No,22,PayPal,Monthly,2025
2536,47,Male,Coat,Outerwear,80,Vermont,S,Purple,Winter,3.9,No,Express,No,No,39,Bank Transfer,Fortnightly,2025
2336,31,Male,Coat,Outerwear,37,Idaho,M,Black,Summer,3.9,No,Store Pickup,No,No,10,Venmo,Fortnightly,2025
1915,28,Male,Shorts,Clothing,97,Alaska,L,Green,Fall,3.4,No,Standard,No,No,40,Credit Card,Fortnightly,2025
846,31,Male,Belt,Accessories,21,Michigan,XL,Charcoal,Winter,3.7,Yes,Standard,Yes,Yes,30,Venmo,Monthly,2025
2667,49,Female,Sandals,Footwear,95,Ohio,S,Brown,Winter,4.1,No,Store Pickup,No,No,14,Venmo,Fortnightly,2025
1268,47,Male,T-shirt,Clothing,83,Oregon,S,Gray,Spring,2.7,No,Standard,Yes,Yes,41,Cash,Weekly,2025
327,62,Male,Scarf,Accessories,41,New Jersey,M,White,Fall,3.2,Yes,Store Pickup,Yes,Yes,48,Bank Transfer,Weekly,2025
3733,36,Female,Shoes,Footwear,92,Indiana,L,Pink,Spring,3.3,No,Free Shipping,No,No,28,PayPal,Annually,2025
3653,27,Female,Handbag,Accessories,29,Kentucky,S,Magenta,Fall,3.8,No,Store Pickup,No,No,23,Debit Card,Monthly,2025
3269,22,Female,Dress,Clothing,97,Arkansas,M,Cyan,Fall,2.8,No,Free Shipping,No,No,5,Bank Transfer,Every 3 Months,2025
2264,44,Male,Scarf,Accessories,40,Indiana,XL,Green,Winter,3.5,No,Store Pickup,No,No,42,Cash,Quarterly,2025
2541,24,Male,Belt,Accessories,42,New Jersey,M,Charcoal,Summer,3.9,No,Free Shipping,No,No,11,Debit Card,Quarterly,2025
116,53,Male,Skirt,Clothing,94,Wyoming,M,Gray,Spring,3.8,Yes,Standard,Yes,Yes,48,Debit Card,Every 3 Months,2025
2068,60,Male,Pants,Clothing,21,Maryland,XL,Beige,Fall,3.1,No,2-Day Shipping,No,No,23,Cash,Fortnightly,2025
3392,47,Female,Hoodie,Clothing,57,Montana,M,Silver,Fall,3.7,No,2-Day Shipping,No,No,6,Debit Card,Every 3 Months,2025
3748,26,Female,Sweater,Clothing,53,Rhode Island,L,Olive,Spring,4.3,No,Store Pickup,No,No,32,Bank Transfer,Bi-Weekly,2025
1910,50,Male,Sweater,Clothing,84,Kentucky,S,Black,Spring,4.3,No,Store Pickup,No,No,12,Credit Card,Monthly,2025
2590,52,Male,Pants,Clothing,53,North Dakota,M,Silver,Winter,4.9,No,2-Day Shipping,No,No,31,PayPal,Annually,2025
3069,32,Female,Boots,Footwear,40,California,M,Indigo,Winter,4.2,No,Express,No,No,4,Debit Card,Weekly,2025
3876,63,Female,Hat,Accessories,51,New Hampshire,M,Pink,Winter,3.3,No,2-Day Shipping,No,No,21,Credit Card,Annually,2025
3363,50,Female,Handbag,Accessories,61,Tennessee,M,Gray,Summer,3.0,No,Next Day Air,No,No,48,Venmo,Fortnightly,2025
2040,35,Male,T-shirt,Clothing,51,Minnesota,M,Olive,Spring,3.1,No,Next Day Air,No,No,31,Debit Card,Bi-Weekly,2025
1530,20,Male,Backpack,Accessories,63,Georgia,M,Lavender,Winter,3.1,No,Free Shipping,Yes,Yes,48,Credit Card,Bi-Weekly,2025
3666,28,Female,Socks,Clothing,77,North Carolina,M,Peach,Fall,3.4,No,Next Day Air,No,No,11,Credit Card,Quarterly,2025
1003,55,Male,Shoes,Footwear,59,North Dakota,M,White,Spring,3.5,Yes,Store Pickup,Yes,Yes,3,Bank Transfer,Bi-Weekly,2025
3040,59,Female,Blouse,Clothing,48,Alabama,L,Blue,Spring,3.2,No,Next Day Air,No,No,31,PayPal,Bi-Weekly,2025
2252,26,Male,Shoes,Footwear,94,Virginia,L,Gold,Fall,3.8,No,Free Shipping,No,No,22,Debit Card,Monthly,2025
1657,21,Male,Blouse,Clothing,42,Indiana,L,Brown,Spring,2.6,No,2-Day Shipping,Yes,Yes,41,PayPal,Every 3 Months,2025
2488,57,Male,Boots,Footwear,21,Montana,L,Violet,Spring,3.0,No,Next Day Air,No,No,16,PayPal,Bi-Weekly,2025
3362,47,Female,Shoes,Footwear,26,Florida,M,Silver,Spring,4.1,No,Free Shipping,No,No,47,Credit Card,Bi-Weekly,2025
1661,59,Male,T-shirt,Clothing,45,Louisiana,L,Yellow,Winter,4.1,No,Standard,Yes,Yes,37,Venmo,Monthly,2025
531,48,Male,Coat,Outerwear,37,Montana,XL,Magenta,Winter,3.2,Yes,Store Pickup,Yes,Yes,25,Credit Card,Bi-Weekly,2025
1431,48,Male,Sandals,Footwear,30,Michigan,S,Orange,Summer,4.9,No,Free Shipping,Yes,Yes,3,Credit Card,Fortnightly,2025
242,36,Male,Hoodie,Clothing,88,Delaware,M,Peach,Winter,4.1,Yes,Free Shipping,Yes,Yes,43,Venmo,Bi-Weekly,2025
2291,37,Male,Boots,Footwear,48,Kansas,L,Magenta,Winter,3.3,No,Standard,No,No,23,PayPal,Quarterly,2025
1844,36,Male,Jacket,Outerwear,76,Kentucky,M,Charcoal,Fall,4.7,No,Next Day Air,No,No,32,Credit Card,Monthly,2025
3294,19,Female,Coat,Outerwear,91,West Virginia,M,Gold,Spring,3.5,No,2-Day Shipping,No,No,47,Credit Card,Fortnightly,2025
2372,67,Male,Socks,Clothing,25,Indiana,M,Charcoal,Winter,3.7,No,Next Day Air,No,No,28,Debit Card,Annually,2025
3155,27,Female,Belt,Accessories,55,Connecticut,M,Gold,Winter,4.4,No,Standard,No,No,32,Cash,Quarterly,2025
1700,20,Male,Sweater,Clothing,67,North Dakota,L,Teal,Spring,4.0,No,Free Shipping,No,No,34,Debit Card,Annually,2025
1799,40,Male,Dress,Clothing,82,North Dakota,L,Magenta,Winter,3.7,No,Express,No,No,1,Cash,Weekly,2025
3443,28,Female,Skirt,Clothing,78,Michigan,M,Violet,Spring,4.3,No,Next Day Air,No,No,12,PayPal,Weekly,2025
1515,26,Male,Shoes,Footwear,90,Utah,L,Brown,Winter,3.9,No,2-Day Shipping,Yes,Yes,1,Venmo,Weekly,2025
2961,57,Female,Coat,Outerwear,48,Indiana,S,Olive,Spring,3.6,No,Standard,No,No,47,Credit Card,Weekly,2025
2128,70,Male,Boots,Footwear,45,North Carolina,M,Indigo,Spring,4.5,No,2-Day Shipping,No,No,40,Debit Card,Weekly,2025
1265,52,Male,Sweater,Clothing,92,Vermont,S,Blue,Winter,2.5,No,Next Day Air,Yes,Yes,1,Venmo,Bi-Weekly,2025
65,65,Male,Boots,Footwear,83,Alabama,S,Green,Fall,4.8,Yes,Standard,Yes,Yes,18,Debit Card,Fortnightly,2025
1341,40,Male,Belt,Accessories,72,Idaho,M,Peach,Fall,4.4,No,Next Day Air,Yes,Yes,5,Debit Card,Every 3 Months,2025
2579,54,Male,Sunglasses,Accessories,48,Vermont,M,Purple,Fall,3.9,No,Free Shipping,No,No,3,Cash,Quarterly,2025
124,57,Male,Sweater,Clothing,89,Louisiana,L,Brown,Fall,3.1,Yes,Free Shipping,Yes,Yes,46,Cash,Weekly,2025
91,25,Male,Hat,Accessories,48,South Carolina,L,Violet,Summer,2.9,Yes,Express,Yes,Yes,29,Credit Card,Monthly,2025
1198,54,Male,Sneakers,Footwear,92,Vermont,L,Violet,Fall,3.9,No,Standard,Yes,Yes,26,PayPal,Annually,2025
105,55,Male,Sunglasses,Accessories,24,New Hampshire,L,Pink,Spring,4.4,Yes,2-Day Shipping,Yes,Yes,1,PayPal,Monthly,2025
751,25,Male,T-shirt,Clothing,95,Maryland,L,Violet,Fall,3.4,Yes,Free Shipping,Yes,Yes,5,Venmo,Annually,2025
796,39,Male,Sandals,Footwear,26,New York,M,Beige,Summer,4.6,Yes,Store Pickup,Yes,Yes,34,Venmo,Annually,2025
1457,59,Male,Coat,Outerwear,100,Montana,S,Olive,Spring,2.7,No,Store Pickup,Yes,Yes,30,PayPal,Every 3 Months,2025
3367,38,Female,Gloves,Accessories,65,North Carolina,M,Red,Spring,3.6,No,2-Day Shipping,No,No,47,Debit Card,Quarterly,2025
55,47,Male,Coat,Outerwear,94,New Mexico,M,Brown,Summer,4.2,Yes,Next Day Air,Yes,Yes,35,Debit Card,Bi-Weekly,2025
1256,30,Male,Hat,Accessories,68,Indiana,M,Peach,Fall,4.1,No,Standard,Yes,Yes,38,Cash,Fortnightly,2025
3556,25,Female,Blouse,Clothing,23,Delaware,L,Silver,Spring,4.6,No,Next Day Air,No,No,45,Cash,Quarterly,2025
2804,46,Female,T-shirt,Clothing,44,Idaho,M,Violet,Winter,3.3,No,Free Shipping,No,No,31,Bank Transfer,Monthly,2025
432,43,Male,Hat,Accessories,76,New Hampshire,L,Cyan,Winter,3.4,Yes,Store Pickup,Yes,Yes,33,Cash,Fortnightly,2025
3281,45,Female,Handbag,Accessories,57,New York,L,Red,Winter,2.7,No,Next Day Air,No,No,5,PayPal,Monthly,2025
570,65,Male,Skirt,Clothing,33,Alabama,M,Pink,Fall,4.4,Yes,Express,Yes,Yes,46,Credit Card,Every 3 Months,2025
3146,57,Female,Handbag,Accessories,29,Texas,XL,Purple,Spring,4.6,No,Standard,No,No,16,PayPal,Fortnightly,2025
3108,65,Female,Blouse,Clothing,31,Hawaii,L,Gray,Winter,4.6,No,Standard,No,No,18,Credit Card,Bi-Weekly,2025
2780,61,Female,Sunglasses,Accessories,66,Montana,L,Blue,Winter,4.3,No,Express,No,No,14,Credit Card,Fortnightly,2025
295,70,Male,Skirt,Clothing,20,New Jersey,M,Gold,Spring,4.6,Yes,Store Pickup,Yes,Yes,19,Credit Card,Every 3 Months,2025
3225,37,Female,Hoodie,Clothing,80,Delaware,L,Indigo,Winter,2.7,No,Free Shipping,No,No,18,PayPal,Monthly,2025
2293,43,Male,T-shirt,Clothing,34,Vermont,S,Beige,Spring,3.8,No,Next Day Air,No,No,31,Debit Card,Monthly,2025
199,57,Male,Jewelry,Accessories,45,Utah,M,Turquoise,Winter,4.8,Yes,Standard,Yes,Yes,39,Credit Card,Fortnightly,2025
1108,69,Male,Sneakers,Footwear,62,Texas,M,Peach,Fall,2.8,No,Store Pickup,Yes,Yes,26,Bank Transfer,Weekly,2025
938,32,Male,Shorts,Clothing,24,Iowa,M,Magenta,Summer,2.7,Yes,Express,Yes,Yes,18,Venmo,Quarterly,2025
1425,66,Male,Jacket,Outerwear,23,Connecticut,S,Indigo,Fall,3.5,No,Standard,Yes,Yes,34,Bank Transfer,Every 3 Months,2025
2682,23,Female,Shoes,Footwear,23,Massachusetts,L,Olive,Summer,4.8,No,Standard,No,No,17,Debit Card,Monthly,2025
2041,69,Male,Jewelry,Accessories,25,South Carolina,XL,Gray,Spring,2.9,No,Free Shipping,No,No,42,Venmo,Quarterly,2025
2888,23,Female,Sandals,Footwear,28,Kentucky,L,Blue,Winter,2.8,No,Express,No,No,12,Cash,Bi-Weekly,2025
2671,30,Female,Sunglasses,Accessories,44,Pennsylvania,M,Yellow,Fall,4.7,No,Express,No,No,26,Bank Transfer,Bi-Weekly,2025
908,32,Male,Sweater,Clothing,43,Missouri,L,Cyan,Winter,4.4,Yes,Express,Yes,Yes,34,Credit Card,Bi-Weekly,2025
2717,47,Female,Shoes,Footwear,40,Colorado,L,Black,Spring,2.7,No,Store Pickup,No,No,21,Debit Card,Weekly,2025
2715,53,Female,Sweater,Clothing,45,Iowa,S,Olive,Winter,3.6,No,Store Pickup,No,No,16,Credit Card,Bi-Weekly,2025
3078,60,Female,Sweater,Clothing,88,Illinois,S,Red,Spring,3.0,No,Store Pickup,No,No,33,Debit Card,Bi-Weekly,2025
1672,31,Male,Hoodie,Clothing,22,Utah,M,Olive,Winter,4.0,No,Free Shipping,Yes,Yes,25,Bank Transfer,Weekly,2025
42,67,Male,Scarf,Accessories,39,Alaska,M,Orange,Spring,4.5,Yes,Standard,Yes,Yes,40,Venmo,Annually,2025
3615,46,Female,Gloves,Accessories,25,Delaware,L,Maroon,Spring,4.7,No,2-Day Shipping,No,No,19,Bank Transfer,Annually,2025
1640,41,Male,Gloves,Accessories,65,Missouri,L,Blue,Summer,3.3,No,Free Shipping,Yes,Yes,50,PayPal,Annually,2025
3873,41,Female,Jacket,Outerwear,94,New Hampshire,M,Green,Spring,4.3,No,Standard,No,No,3,Cash,Monthly,2025
1700,20,Male,Sweater,Clothing,67,North Dakota,L,Teal,Spring,4.0,No,Free Shipping,No,No,34,Debit Card,Annually,2025
2267,20,Male,Dress,Clothing,44,Missouri,M,Yellow,Fall,4.3,No,Store Pickup,No,No,32,Debit Card,Weekly,2025
2850,56,Female,Coat,Outerwear,25,New Hampshire,M,Gold,Spring,4.1,No,Express,No,No,27,PayPal,Bi-Weekly,2025
3897,52,Female,Backpack,Accessories,49,Iowa,L,White,Spring,4.5,No,Store Pickup,No,No,41,Bank Transfer,Bi-Weekly,2025
429,21,Male,Coat,Outerwear,64,Wyoming,XL,Gold,Winter,2.9,Yes,Free Shipping,Yes,Yes,2,Debit Card,Fortnightly,2025
1475,31,Male,Sweater,Clothing,72,New Jersey,S,Pink,Fall,3.9,No,Next Day Air,Yes,Yes,6,Credit Card,Monthly,2025
1726,45,Male,Sunglasses,Accessories,33,Massachusetts,M,Indigo,Spring,3.0,No,Next Day Air,No,No,32,Venmo,Quarterly,2025
1382,30,Male,Shoes,Footwear,86,Illinois,L,Green,Winter,2.9,No,Standard,Yes,Yes,48,Venmo,Quarterly,2025
1237,42,Male,Hat,Accessories,68,New Mexico,M,White,Summer,4.4,No,Store Pickup,Yes,Yes,35,Debit Card,Every 3 Months,2025
436,51,Male,Coat,Outerwear,28,Montana,XL,Olive,Winter,3.6,Yes,Next Day Air,Yes,Yes,42,Bank Transfer,Monthly,2025
3316,48,Female,Scarf,Accessories,68,Kentucky,S,Gold,Summer,2.9,No,Standard,No,No,4,PayPal,Every 3 Months,2025
572,54,Male,Jacket,Outerwear,76,Kentucky,XL,Cyan,Spring,3.6,Yes,Free Shipping,Yes,Yes,37,Venmo,Weekly,2025
2900,50,Female,Boots,Footwear,64,Nebraska,M,Gold,Spring,4.2,No,2-Day Shipping,No,No,22,Bank Transfer,Fortnightly,2025
848,53,Male,Hoodie,Clothing,44,New Jersey,L,Blue,Fall,4.1,Yes,Standard,Yes,Yes,30,PayPal,Monthly,2025
183,38,Male,Gloves,Accessories,96,Alabama,XL,Purple,Summer,2.8,Yes,Store Pickup,Yes,Yes,10,Debit Card,Annually,2025
2833,29,Female,Scarf,Accessories,37,Maryland,M,Magenta,Summer,4.6,No,Standard,No,No,40,PayPal,Quarterly,2025
2828,20,Female,Blouse,Clothing,96,Wisconsin,M,Magenta,Fall,3.1,No,Next Day Air,No,No,11,Bank Transfer,Bi-Weekly,2025
3727,47,Female,Belt,Accessories,85,Idaho,XL,Orange,Fall,4.3,No,Next Day Air,No,No,36,Debit Card,Every 3 Months,2025
853,34,Male,Dress,Clothing,60,Florida,L,Yellow,Spring,4.2,Yes,Next Day Air,Yes,Yes,23,Debit Card,Every 3 Months,2025
597,23,Male,Shoes,Footwear,37,Montana,XL,White,Summer,4.5,Yes,Store Pickup,Yes,Yes,36,Venmo,Annually,2025
3872,55,Female,T-shirt,Clothing,97,Minnesota,M,Black,Fall,4.1,No,2-Day Shipping,No,No,20,Bank Transfer,Every 3 Months,2025
3430,27,Female,Skirt,Clothing,96,Alaska,S,Purple,Winter,4.6,No,Express,No,No,34,Debit Card,Weekly,2025
1419,18,Male,Shirt,Clothing,75,Alabama,M,Violet,Summer,4.1,No,2-Day Shipping,Yes,Yes,23,Venmo,Every 3 Months,2025
3275,46,Female,Sweater,Clothing,20,Oklahoma,M,Cyan,Spring,3.9,No,Store Pickup,No,No,14,Cash,Fortnightly,2025
3749,34,Female,Backpack,Accessories,25,Delaware,M,Violet,Fall,3.9,No,2-Day Shipping,No,No,3,Venmo,Annually,2025
2340,25,Male,Shirt,Clothing,65,Illinois,L,Maroon,Spring,3.4,No,Next Day Air,No,No,24,Bank Transfer,Quarterly,2025
3198,27,Female,Sweater,Clothing,71,Maine,M,Teal,Spring,3.2,No,Free Shipping,No,No,29,Credit Card,Every 3 Months,2025
2497,67,Male,Scarf,Accessories,79,Illinois,S,Yellow,Summer,3.2,No,Store Pickup,No,No,37,Credit Card,Weekly,2025
2052,65,Male,T-shirt,Clothing,94,Massachusetts,L,Black,Spring,3.8,No,Free Shipping,No,No,14,Credit Card,Monthly,2025
2416,21,Male,Coat,Outerwear,34,Hawaii,XL,Lavender,Fall,4.3,No,Standard,No,No,30,Bank Transfer,Weekly,2025
1414,51,Male,Blouse,Clothing,79,New Hampshire,S,Indigo,Fall,2.7,No,Store Pickup,Yes,Yes,12,Bank Transfer,Quarterly,2025
2370,24,Male,Sweater,Clothing,23,Vermont,M,Cyan,Winter,4.6,No,Standard,No,No,24,PayPal,Monthly,2025
1153,62,Male,Handbag,Accessories,49,Connecticut,M,Gold,Fall,4.0,No,Standard,Yes,Yes,8,PayPal,Every 3 Months,2025
370,38,Male,Belt,Accessories,40,Wisconsin,M,Silver,Summer,3.3,Yes,Store Pickup,Yes,Yes,45,PayPal,Quarterly,2025
1251,52,Male,Jeans,Clothing,26,New Hampshire,XL,Purple,Winter,4.1,No,Free Shipping,Yes,Yes,24,Cash,Monthly,2025
656,20,Male,Handbag,Accessories,36,Mississippi,S,Purple,Fall,3.1,Yes,Free Shipping,Yes,Yes,19,Venmo,Monthly,2025
2500,52,Male,Hoodie,Clothing,73,Louisiana,L,Pink,Summer,3.1,No,Next Day Air,No,No,2,Cash,Quarterly,2025
883,50,Male,Boots,Footwear,35,Virginia,M,Cyan,Fall,3.8,Yes,Next Day Air,Yes,Yes,37,Cash,Every 3 Months,2025
1819,58,Male,Sunglasses,Accessories,39,North Carolina,M,White,Fall,3.8,No,Express,No,No,47,Debit Card,Every 3 Months,2025
2806,18,Female,Sunglasses,Accessories,97,Nevada,S,Black,Fall,4.3,No,Standard,No,No,48,Cash,Quarterly,2025
112,26,Male,Belt,Accessories,75,Massachusetts,L,Purple,Summer,5.0,Yes,Free Shipping,Yes,Yes,9,Credit Card,Annually,2025
3855,57,Female,T-shirt,Clothing,20,Florida,M,Black,Spring,4.2,No,Free Shipping,No,No,4,Venmo,Annually,2025
1704,39,Male,Backpack,Accessories,22,California,M,Black,Spring,4.0,No,Next Day Air,No,No,12,Bank Transfer,Annually,2025
654,20,Male,Scarf,Accessories,68,North Dakota,M,Olive,Winter,3.6,Yes,2-Day Shipping,Yes,Yes,45,Cash,Fortnightly,2025
1431,48,Male,Sandals,Footwear,30,Michigan,S,Orange,Summer,4.9,No,Free Shipping,Yes,Yes,3,Credit Card,Fortnightly,2025
2435,36,Male,Gloves,Accessories,45,Utah,M,Brown,Spring,5.0,No,Store Pickup,No,No,40,Credit Card,Monthly,2025
63,30,Male,Sneakers,Footwear,21,Mississippi,S,Magenta,Spring,3.8,Yes,Free Shipping,Yes,Yes,31,Credit Card,Fortnightly,2025
1475,31,Male,Sweater,Clothing,72,New Jersey,S,Pink,Fall,3.9,No,Next Day Air,Yes,Yes,6,Credit Card,Monthly,2025
2970,36,Female,Belt,Accessories,62,Vermont,S,Blue,Fall,4.3,No,Next Day Air,No,No,20,Cash,Every 3 Months,2025
1951,43,Male,Backpack,Accessories,78,Arkansas,L,Blue,Summer,4.6,No,Free Shipping,No,No,26,PayPal,Every 3 Months,2025
3111,19,Female,Handbag,Accessories,46,Texas,L,Lavender,Fall,4.6,No,Next Day Air,No,No,2,Bank Transfer,Bi-Weekly,2025
3556,25,Female,Blouse,Clothing,23,Delaware,L,Silver,Spring,4.6,No,Next Day Air,No,No,45,Cash,Quarterly,2025
3422,57,Female,Shoes,Footwear,30,New Jersey,M,Maroon,Summer,2.9,No,Free Shipping,No,No,27,PayPal,Weekly,2025
1539,56,Male,Dress,Clothing,65,Illinois,L,Charcoal,Fall,3.2,No,Standard,Yes,Yes,22,Venmo,Bi-Weekly,2025
3032,61,Female,Blouse,Clothing,74,Idaho,L,Teal,Summer,4.9,No,2-Day Shipping,No,No,30,Credit Card,Monthly,2025
2717,47,Female,Shoes,Footwear,40,Colorado,L,Black,Spring,2.7,No,Store Pickup,No,No,21,Debit Card,Weekly,2025
2611,66,Male,Jeans,Clothing,93,West Virginia,M,Violet,Spring,3.1,No,Express,No,No,25,Cash,Quarterly,2025
678,60,Male,Socks,Clothing,62,Washington,S,Turquoise,Summer,2.7,Yes,Express,Yes,Yes,41,PayPal,Annually,2025
259,61,Male,Gloves,Accessories,74,Alabama,S,Lavender,Spring,2.8,Yes,Express,Yes,Yes,16,Cash,Quarterly,2025
2187,55,Male,Sandals,Footwear,23,New Mexico,XL,Teal,Winter,4.3,No,Next Day Air,No,No,6,PayPal,Every 3 Months,2025
2197,25,Male,Dress,Clothing,58,Vermont,M,Gray,Spring,4.8,No,Next Day Air,No,No,31,PayPal,Weekly,2025
2928,45,Female,Shirt,Clothing,24,Missouri,M,Black,Summer,2.7,No,Express,No,No,15,Venmo,Bi-Weekly,2025
2481,61,Male,Socks,Clothing,91,Ohio,XL,Maroon,Summer,2.9,No,Next Day Air,No,No,7,Credit Card,Fortnightly,2025
2804,46,Female,T-shirt,Clothing,44,Idaho,M,Violet,Winter,3.3,No,Free Shipping,No,No,31,Bank Transfer,Monthly,2025
1046,54,Male,Sweater,Clothing,79,New Mexico,L,Black,Fall,3.5,Yes,2-Day Shipping,Yes,Yes,11,PayPal,Bi-Weekly,2025
3460,68,Female,Hoodie,Clothing,37,Ohio,L,Green,Fall,3.8,No,Express,No,No,21,PayPal,Annually,2025
3669,59,Female,Blouse,Clothing,71,Michigan,XL,Magenta,Summer,3.2,No,Store Pickup,No,No,18,Venmo,Annually,2025
3493,48,Female,Gloves,Accessories,65,South Dakota,M,Turquoise,Fall,4.6,No,Standard,No,No,48,Bank Transfer,Annually,2025
204,70,Male,Scarf,Accessories,38,Indiana,S,Yellow,Fall,3.2,Yes,Next Day Air,Yes,Yes,18,Bank Transfer,Weekly,2025
3489,62,Female,Sweater,Clothing,27,Delaware,XL,Teal,Spring,4.9,No,Store Pickup,No,No,7,Cash,Quarterly,2025
2798,63,Female,Jewelry,Accessories,42,Oklahoma,M,Green,Winter,3.5,No,Express,No,No,10,Venmo,Every 3 Months,2025
1060,22,Male,Jacket,Outerwear,34,North Carolina,M,Beige,Winter,2.5,No,Standard,Yes,Yes,25,Debit Card,Monthly,2025
2110,59,Male,Jewelry,Accessories,31,California,L,Peach,Fall,2.7,No,Free Shipping,No,No,28,Venmo,Every 3 Months,2025
2998,41,Female,Sweater,Clothing,40,Idaho,S,Yellow,Spring,2.7,No,Next Day Air,No,No,14,Venmo,Every 3 Months,2025
2111,52,Male,Socks,Clothing,93,Montana,L,Cyan,Spring,3.9,No,Store Pickup,No,No,36,Debit Card,Every 3 Months,2025
3732,54,Female,Hat,Accessories,62,West Virginia,M,Lavender,Spring,3.1,No,2-Day Shipping,No,No,45,PayPal,Quarterly,2025
597,23,Male,Shoes,Footwear,37,Montana,XL,White,Summer,4.5,Yes,Store Pickup,Yes,Yes,36,Venmo,Annually,2025
292,57,Male,Dress,Clothing,26,Delaware,XL,Violet,Fall,3.3,Yes,Next Day Air,Yes,Yes,40,Bank Transfer,Monthly,2025
2561,58,Male,Boots,Footwear,62,California,M,Violet,Spring,2.7,No,Next Day Air,No,No,17,Debit Card,Bi-Weekly,2025
3093,52,Female,Sunglasses,Accessories,54,Utah,L,Silver,Fall,3.5,No,Next Day Air,No,No,14,Bank Transfer,Bi-Weekly,2025
1731,23,Male,Shirt,Clothing,22,Alabama,S,Silver,Fall,4.2,No,Free Shipping,No,No,26,Credit Card,Weekly,2025
1107,52,Male,Skirt,Clothing,96,Minnesota,L,Violet,Winter,3.6,No,Store Pickup,Yes,Yes,12,Venmo,Fortnightly,2025
3365,50,Female,Scarf,Accessories,33,Oregon,M,Peach,Fall,3.2,No,Standard,No,No,7,Credit Card,Monthly,2025
3554,62,Female,Shoes,Footwear,99,Minnesota,M,Charcoal,Spring,4.9,No,Free Shipping,No,No,32,Bank Transfer,Weekly,2025
3288,24,Female,Skirt,Clothing,63,West Virginia,L,Black,Spring,4.3,No,2-Day Shipping,No,No,38,Credit Card,Weekly,2025
2655,23,Female,Coat,Outerwear,70,Idaho,S,Pink,Fall,4.1,No,Next Day Air,No,No,4,PayPal,Annually,2025
1079,37,Male,Sweater,Clothing,59,Arizona,M,Silver,Fall,4.4,No,Express,Yes,Yes,49,Credit Card,Fortnightly,2025
2657,52,Female,Shorts,Clothing,76,Indiana,L,Yellow,Winter,3.6,No,Express,No,No,29,Bank Transfer,Fortnightly,2025
440,62,Male,Jacket,Outerwear,50,Idaho,M,Turquoise,Summer,3.4,Yes,Free Shipping,Yes,Yes,31,Cash,Monthly,2025
2768,31,Female,Dress,Clothing,95,Iowa,M,Green,Spring,4.5,No,Free Shipping,No,No,31,Cash,Monthly,2025
1530,20,Male,Backpack,Accessories,63,Georgia,M,Lavender,Winter,3.1,No,Free Shipping,Yes,Yes,48,Credit Card,Bi-Weekly,2025
2474,57,Male,Socks,Clothing,98,Arkansas,M,Red,Winter,2.6,No,Next Day Air,No,No,28,Cash,Quarterly,2025
1803,57,Male,Shorts,Clothing,96,Rhode Island,L,Turquoise,Winter,2.6,No,Store Pickup,No,No,31,Venmo,Bi-Weekly,2025
720,63,Male,Shorts,Clothing,22,Mississippi,L,Turquoise,Summer,3.3,Yes,Next Day Air,Yes,Yes,42,Venmo,Bi-Weekly,2025
2173,28,Male,Skirt,Clothing,89,Rhode Island,S,Lavender,Fall,2.8,No,Store Pickup,No,No,6,PayPal,Fortnightly,2025
3291,52,Female,Coat,Outerwear,82,North Dakota,L,Black,Spring,3.1,No,Free Shipping,No,No,2,PayPal,Monthly,2025
2222,25,Male,Shorts,Clothing,88,Kansas,XL,White,Fall,3.0,No,Free Shipping,No,No,34,Credit Card,Annually,2025
2927,64,Female,Handbag,Accessories,82,Maryland,M,Gray,Winter,4.8,No,2-Day Shipping,No,No,9,Cash,Weekly,2025
650,53,Male,Pants,Clothing,93,Delaware,L,Orange,Spring,4.2,Yes,Store Pickup,Yes,Yes,33,PayPal,Every 3 Months,2025
3437,57,Female,Belt,Accessories,83,Nebraska,L,Peach,Winter,2.8,No,2-Day Shipping,No,No,41,Bank Transfer,Monthly,2025
652,32,Male,Hat,Accessories,32,Arkansas,L,Yellow,Summer,2.9,Yes,Next Day Air,Yes,Yes,41,Venmo,Fortnightly,2025
2832,34,Female,Hoodie,Clothing,53,Virginia,L,Pink,Winter,5.0,No,Express,No,No,4,Credit Card,Weekly,2025
3724,26,Female,Sandals,Footwear,30,Rhode Island,M,Beige,Spring,3.6,No,Free Shipping,No,No,1,Debit Card,Monthly,2025
3767,62,Female,Handbag,Accessories,59,Texas,M,Black,Fall,4.9,No,Next Day Air,No,No,43,Debit Card,Annually,2025
3718,45,Female,T-shirt,Clothing,85,Maryland,XL,White,Summer,4.2,No,Express,No,No,47,Bank Transfer,Every 3 Months,2025
3734,25,Female,Socks,Clothing,58,Illinois,M,Maroon,Fall,4.7,No,Next Day Air,No,No,6,Debit Card,Every 3 Months,2025
2146,38,Male,Skirt,Clothing,73,Connecticut,S,White,Winter,4.8,No,Standard,No,No,32,PayPal,Annually,2025
172,29,Male,Shorts,Clothing,35,Virginia,M,Blue,Summer,3.6,Yes,Store Pickup,Yes,Yes,4,Credit Card,Weekly,2025
887,19,Male,Shorts,Clothing,54,Utah,S,Brown,Summer,3.6,Yes,Express,Yes,Yes,48,Bank Transfer,Monthly,2025
3570,35,Female,Sandals,Footwear,94,Alaska,M,Olive,Fall,3.3,No,Express,No,No,9,Bank Transfer,Fortnightly,2025
295,70,Male,Skirt,Clothing,20,New Jersey,M,Gold,Spring,4.6,Yes,Store Pickup,Yes,Yes,19,Credit Card,Every 3 Months,2025
1316,56,Male,Shorts,Clothing,75,Mississippi,L,Green,Spring,4.2,No,2-Day Shipping,Yes,Yes,29,Debit Card,Quarterly,2025
1617,26,Male,Hat,Accessories,41,Colorado,M,Green,Spring,3.4,No,Standard,Yes,Yes,50,Cash,Quarterly,2025
879,23,Male,Sunglasses,Accessories,89,Tennessee,S,Black,Summer,4.9,Yes,Express,Yes,Yes,37,Debit Card,Weekly,2025
932,24,Male,Coat,Outerwear,36,Nebraska,M,Silver,Winter,4.1,Yes,Standard,Yes,Yes,24,Bank Transfer,Fortnightly,2025
2012,57,Male,Sandals,Footwear,94,West Virginia,M,Beige,Spring,3.7,No,Express,No,No,4,Bank Transfer,Monthly,2025
542,52,Male,Jacket,Outerwear,27,Connecticut,L,Gray,Fall,2.8,Yes,Next Day Air,Yes,Yes,45,Cash,Bi-Weekly,2025
2466,18,Male,Sandals,Footwear,63,Texas,M,Brown,Spring,4.4,No,Free Shipping,No,No,20,Bank Transfer,Weekly,2025
1085,34,Male,T-shirt,Clothing,36,Arkansas,S,Purple,Fall,4.1,No,Next Day Air,Yes,Yes,48,Cash,Quarterly,2025
3693,59,Female,Coat,Outerwear,34,Alabama,L,Turquoise,Spring,4.8,No,Free Shipping,No,No,29,Cash,Fortnightly,2025
1572,28,Male,Jewelry,Accessories,88,Colorado,L,Silver,Winter,4.5,No,Next Day Air,Yes,Yes,11,Bank Transfer,Fortnightly,2025
2906,58,Female,Sunglasses,Accessories,53,New York,L,Black,Winter,4.8,No,Standard,No,No,14,Debit Card,Fortnightly,2025
929,67,Male,Dress,Clothing,37,Arkansas,XL,Yellow,Winter,3.4,Yes,Store Pickup,Yes,Yes,31,Cash,Every 3 Months,2025
931,26,Male,T-shirt,Clothing,78,Hawaii,L,Green,Fall,4.5,Yes,Store Pickup,Yes,Yes,20,Credit Card,Bi-Weekly,2025
3775,57,Female,Gloves,Accessories,83,Alaska,S,Cyan,Winter,3.9,No,Standard,No,No,48,PayPal,Fortnightly,2025
1615,30,Male,T-shirt,Clothing,41,Kansas,S,Gray,Summer,3.4,No,Free Shipping,Yes,Yes,22,Cash,Bi-Weekly,2025
859,19,Male,Jacket,Outerwear,26,Oklahoma,L,Olive,Fall,3.1,Yes,Free Shipping,Yes,Yes,33,PayPal,Weekly,2025
1272,70,Male,Jewelry,Accessories,57,Kentucky,S,Gray,Spring,4.3,No,Store Pickup,Yes,Yes,42,PayPal,Annually,2025
3452,32,Female,Blouse,Clothing,73,Nevada,XL,Silver,Fall,3.0,No,Free Shipping,No,No,13,Credit Card,Annually,2025
1480,48,Male,Coat,Outerwear,100,Washington,L,Black,Spring,4.0,No,Standard,Yes,Yes,2,Bank Transfer,Weekly,2025
2834,43,Female,Jeans,Clothing,56,Arkansas,M,Teal,Fall,3.3,No,Free Shipping,No,No,19,Cash,Monthly,2025
1901,65,Male,Jewelry,Accessories,85,Iowa,S,Blue,Summer,3.3,No,Free Shipping,No,No,34,Cash,Quarterly,2025
3787,31,Female,Boots,Footwear,47,Tennessee,L,Yellow,Fall,3.6,No,2-Day Shipping,No,No,22,Venmo,Weekly,2025
3113,19,Female,Blouse,Clothing,97,Texas,S,Green,Fall,3.8,No,Express,No,No,26,Venmo,Annually,2025
1455,66,Male,Sneakers,Footwear,50,Georgia,L,Maroon,Winter,2.9,No,Free Shipping,Yes,Yes,17,Credit Card,Annually,2025
369,24,Male,Handbag,Accessories,39,Oklahoma,M,Charcoal,Spring,4.5,Yes,Standard,Yes,Yes,29,Cash,Monthly,2025
1428,31,Male,Backpack,Accessories,90,South Dakota,S,Orange,Summer,4.9,No,Store Pickup,Yes,Yes,8,Credit Card,Annually,2025
2404,64,Male,Shorts,Clothing,22,Missouri,M,Magenta,Fall,4.4,No,Standard,No,No,40,Debit Card,Weekly,2025
3282,27,Female,Pants,Clothing,69,Oregon,L,Gold,Winter,3.1,No,Free Shipping,No,No,41,Bank Transfer,Annually,2025
98,21,Male,Shoes,Footwear,92,Virginia,M,Teal,Winter,4.8,Yes,Store Pickup,Yes,Yes,37,Cash,Annually,2025
626,49,Male,Jewelry,Accessories,79,Delaware,M,Red,Fall,4.0,Yes,Next Day Air,Yes,Yes,1,Venmo,Weekly,2025
737,18,Male,Dress,Clothing,58,Colorado,L,Maroon,Spring,2.9,Yes,2-Day Shipping,Yes,Yes,32,Credit Card,Every 3 Months,2025
1650,58,Male,T-shirt,Clothing,63,Wisconsin,M,White,Summer,4.9,No,Free Shipping,Yes,Yes,3,Credit Card,Quarterly,2025
1679,41,Male,Pants,Clothing,71,Ohio,S,Magenta,Summer,4.8,No,2-Day Shipping,No,No,30,Venmo,Fortnightly,2025
3515,25,Female,Sneakers,Footwear,50,Georgia,XL,Gray,Winter,4.7,No,Express,No,No,32,Cash,Monthly,2025
1937,70,Male,Jewelry,Accessories,60,Minnesota,S,Teal,Summer,4.3,No,2-Day Shipping,No,No,44,PayPal,Every 3 Months,2025
712,64,Male,Boots,Footwear,60,New Hampshire,M,Maroon,Spring,3.5,Yes,2-Day Shipping,Yes,Yes,13,Bank Transfer,Bi-Weekly,2025
3569,29,Female,Sandals,Footwear,71,Arkansas,M,Purple,Spring,4.8,No,Next Day Air,No,No,14,PayPal,Quarterly,2025
2158,41,Male,Handbag,Accessories,68,Mississippi,L,Turquoise,Winter,4.0,No,Next Day Air,No,No,41,Venmo,Fortnightly,2025
1579,62,Male,Pants,Clothing,97,California,S,Maroon,Winter,4.9,No,2-Day Shipping,Yes,Yes,2,PayPal,Quarterly,2025
1875,67,Male,Pants,Clothing,33,Indiana,L,Purple,Fall,3.6,No,Free Shipping,No,No,14,Cash,Weekly,2025
2712,30,Female,Sunglasses,Accessories,22,Nebraska,L,Red,Spring,4.0,No,Standard,No,No,50,Venmo,Monthly,2025
3244,45,Female,Hoodie,Clothing,99,Idaho,L,Black,Summer,5.0,No,Store Pickup,No,No,11,Bank Transfer,Every 3 Months,2025
2582,57,Male,Dress,Clothing,81,Wyoming,M,Gold,Winter,4.7,No,Express,No,No,48,Credit Card,Monthly,2025
2856,29,Female,Boots,Footwear,95,Mississippi,S,Maroon,Winter,3.8,No,2-Day Shipping,No,No,33,PayPal,Quarterly,2025
600,51,Male,Boots,Footwear,26,Massachusetts,L,Teal,Spring,4.2,Yes,Standard,Yes,Yes,27,Debit Card,Every 3 Months,2025
540,49,Male,Coat,Outerwear,48,Wyoming,M,Violet,Winter,4.0,Yes,Store Pickup,Yes,Yes,49,Debit Card,Weekly,2025
2134,21,Male,Hat,Accessories,34,Maine,M,Olive,Summer,3.8,No,Standard,No,No,13,Bank Transfer,Annually,2025
589,47,Male,Boots,Footwear,60,South Dakota,M,Violet,Fall,3.0,Yes,Standard,Yes,Yes,9,Debit Card,Quarterly,2025
2454,21,Male,Sweater,Clothing,95,Iowa,XL,Cyan,Spring,4.6,No,Store Pickup,No,No,13,Cash,Annually,2025
3616,35,Female,Dress,Clothing,31,California,M,Gold,Winter,4.4,No,Free Shipping,No,No,4,Credit Card,Monthly,2025
3371,30,Female,Belt,Accessories,31,Illinois,M,Charcoal,Summer,2.8,No,Store Pickup,No,No,46,Cash,Fortnightly,2025
2490,66,Male,Coat,Outerwear,34,South Dakota,M,Green,Winter,3.9,No,Express,No,No,50,Venmo,Quarterly,2025
651,34,Male,Gloves,Accessories,40,Florida,M,Magenta,Spring,3.9,Yes,Next Day Air,Yes,Yes,12,Bank Transfer,Annually,2025
1324,58,Male,Shorts,Clothing,62,New York,M,Yellow,Spring,4.6,No,Standard,Yes,Yes,15,Debit Card,Every 3 Months,2025
1567,48,Male,Sneakers,Footwear,99,Wyoming,S,Green,Winter,3.0,No,Free Shipping,Yes,Yes,21,Cash,Bi-Weekly,2025
3583,23,Female,Shorts,Clothing,41,California,S,Beige,Summer,3.4,No,2-Day Shipping,No,No,15,PayPal,Annually,2025
1214,68,Male,Handbag,Accessories,52,Kentucky,XL,Black,Spring,3.7,No,Express,Yes,Yes,14,Debit Card,Every 3 Months,2025
2716,25,Female,Sneakers,Footwear,92,Mississippi,XL,Pink,Winter,4.1,No,Express,No,No,29,PayPal,Fortnightly,2025
3606,68,Female,Jeans,Clothing,41,Alabama,M,Gold,Fall,4.3,No,Store Pickup,No,No,36,Bank Transfer,Every 3 Months,2025
2229,54,Male,Gloves,Accessories,50,Kansas,M,Green,Fall,3.7,No,Free Shipping,No,No,5,Credit Card,Weekly,2025
1357,49,Male,Jacket,Outerwear,61,Indiana,M,Cyan,Spring,4.0,No,Free Shipping,Yes,Yes,34,Bank Transfer,Annually,2025
3227,57,Female,Sneakers,Footwear,71,Minnesota,XL,Beige,Spring,3.3,No,Next Day Air,No,No,38,Bank Transfer,Fortnightly,2025
2206,46,Male,Sweater,Clothing,68,North Dakota,XL,Red,Fall,2.7,No,Express,No,No,27,PayPal,Weekly,2025
2104,30,Male,Pants,Clothing,86,Indiana,S,Red,Summer,3.7,No,Store Pickup,No,No,21,Venmo,Weekly,2025
1106,33,Male,T-shirt,Clothing,83,Massachusetts,S,Olive,Spring,3.0,No,Next Day Air,Yes,Yes,6,Venmo,Every 3 Months,2025
1710,45,Male,Skirt,Clothing,83,Indiana,M,Pink,Winter,3.8,No,Standard,No,No,19,Bank Transfer,Annually,2025
1848,46,Male,Sandals,Footwear,100,Arizona,XL,Cyan,Summer,4.4,No,Free Shipping,No,No,49,Credit Card,Weekly,2025
1244,25,Male,Blouse,Clothing,23,New Hampshire,S,Pink,Spring,3.0,No,Store Pickup,Yes,Yes,22,Debit Card,Annually,2025
2801,70,Female,Shirt,Clothing,76,Arkansas,L,Violet,Fall,3.4,No,Free Shipping,No,No,14,Cash,Bi-Weekly,2025
1309,59,Male,Dress,Clothing,38,Rhode Island,L,Red,Summer,4.4,No,Next Day Air,Yes,Yes,14,Credit Card,Every 3 Months,2025
1437,35,Male,Sneakers,Footwear,83,Minnesota,M,Gray,Winter,3.7,No,Free Shipping,Yes,Yes,23,PayPal,Fortnightly,2025
3556,25,Female,Blouse,Clothing,23,Delaware,L,Silver,Spring,4.6,No,Next Day Air,No,No,45,Cash,Quarterly,2025
3093,52,Female,Sunglasses,Accessories,54,Utah,L,Silver,Fall,3.5,No,Next Day Air,No,No,14,Bank Transfer,Bi-Weekly,2025
587,45,Male,Hoodie,Clothing,20,Wisconsin,S,Blue,Winter,4.9,Yes,2-Day Shipping,Yes,Yes,9,Venmo,Annually,2025
627,31,Male,Sunglasses,Accessories,79,New Hampshire,M,Indigo,Spring,3.9,Yes,Standard,Yes,Yes,10,Venmo,Annually,2025
3133,33,Female,Sweater,Clothing,97,Michigan,M,Yellow,Summer,4.2,No,Express,No,No,26,Cash,Quarterly,2025
3448,62,Female,Sandals,Footwear,58,Arkansas,M,Blue,Fall,4.3,No,Express,No,No,3,Bank Transfer,Bi-Weekly,2025
462,18,Male,Boots,Footwear,93,Ohio,M,Yellow,Winter,3.9,Yes,Express,Yes,Yes,20,Venmo,Weekly,2025
82,67,Male,Shoes,Footwear,96,Virginia,L,Maroon,Summer,2.6,Yes,Express,Yes,Yes,36,Credit Card,Every 3 Months,2025
2117,67,Male,Jacket,Outerwear,23,Kansas,M,Teal,Summer,2.9,No,Express,No,No,50,Debit Card,Bi-Weekly,2025
1980,49,Male,Jeans,Clothing,98,Tennessee,L,Blue,Spring,2.8,No,Store Pickup,No,No,38,Debit Card,Fortnightly,2025
643,64,Male,Skirt,Clothing,25,Arkansas,L,Red,Spring,2.8,Yes,2-Day Shipping,Yes,Yes,14,Debit Card,Bi-Weekly,2025
3583,23,Female,Shorts,Clothing,41,California,S,Beige,Summer,3.4,No,2-Day Shipping,No,No,15,PayPal,Annually,2025
2261,38,Male,Scarf,Accessories,82,Missouri,M,Blue,Fall,4.9,No,Express,No,No,16,PayPal,Quarterly,2025
3322,32,Female,Coat,Outerwear,100,Maine,S,Charcoal,Winter,4.3,No,Next Day Air,No,No,3,Venmo,Annually,2025
2542,33,Male,Scarf,Accessories,58,Washington,M,Silver,Spring,2.7,No,Next Day Air,No,No,13,Venmo,Every 3 Months,2025
1438,69,Male,Boots,Footwear,97,Montana,XL,Orange,Winter,4.2,No,Free Shipping,Yes,Yes,14,Cash,Annually,2025
1011,54,Male,Jeans,Clothing,24,South Dakota,XL,Gray,Spring,4.7,Yes,2-Day Shipping,Yes,Yes,37,Credit Card,Fortnightly,2025
2174,23,Male,Gloves,Accessories,97,Delaware,S,Cyan,Summer,5.0,No,2-Day Shipping,No,No,36,Venmo,Quarterly,2025
2577,20,Male,Hoodie,Clothing,40,New Hampshire,M,Silver,Winter,4.2,No,Free Shipping,No,No,19,Debit Card,Quarterly,2025
843,59,Male,Shirt,Clothing,87,Missouri,M,Violet,Spring,3.6,Yes,Express,Yes,Yes,25,PayPal,Weekly,2025
2438,43,Male,Sneakers,Footwear,59,Wyoming,XL,Magenta,Winter,3.4,No,Store Pickup,No,No,34,Credit Card,Weekly,2025
1077,33,Male,Coat,Outerwear,72,North Dakota,L,Charcoal,Spring,2.9,No,Standard,Yes,Yes,47,Venmo,Bi-Weekly,2025
1972,54,Male,Hat,Accessories,29,Pennsylvania,XL,Indigo,Spring,3.4,No,Next Day Air,No,No,1,Venmo,Monthly,2025
930,59,Male,Boots,Footwear,94,Nebraska,M,White,Fall,4.5,Yes,2-Day Shipping,Yes,Yes,26,Debit Card,Fortnightly,2025
411,29,Male,Sweater,Clothing,26,Virginia,L,Lavender,Spring,4.8,Yes,2-Day Shipping,Yes,Yes,1,Credit Card,Quarterly,2025
670,43,Male,Jacket,Outerwear,89,Illinois,M,Gray,Spring,3.3,Yes,Free Shipping,Yes,Yes,45,Venmo,Bi-Weekly,2025
3885,47,Female,Sandals,Footwear,29,Maryland,M,Brown,Fall,4.9,No,Express,No,No,3,PayPal,Weekly,2025
920,41,Male,Shirt,Clothing,82,Massachusetts,L,Green,Winter,2.6,Yes,2-Day Shipping,Yes,Yes,17,Debit Card,Bi-Weekly,2025
2950,25,Female,Jewelry,Accessories,93,Iowa,M,Peach,Spring,3.8,No,Store Pickup,No,No,15,PayPal,Annually,2025
3060,46,Female,Sweater,Clothing,71,Kentucky,L,Maroon,Spring,3.2,No,Express,No,No,42,Credit Card,Quarterly,2025
2302,37,Male,Pants,Clothing,20,Maine,L,Turquoise,Winter,2.9,No,Next Day Air,No,No,21,Debit Card,Annually,2025
1843,61,Male,Handbag,Accessories,78,Alabama,M,Black,Summer,4.4,No,Express,No,No,1,Debit Card,Annually,2025
450,26,Male,Jewelry,Accessories,45,New York,L,Peach,Summer,2.9,Yes,2-Day Shipping,Yes,Yes,35,Bank Transfer,Monthly,2025
742,22,Male,T-shirt,Clothing,79,West Virginia,XL,Yellow,Summer,4.7,Yes,Free Shipping,Yes,Yes,23,Bank Transfer,Every 3 Months,2025
2200,39,Male,Scarf,Accessories,47,North Carolina,M,Maroon,Summer,4.9,No,Store Pickup,No,No,40,Debit Card,Monthly,2025
3339,29,Female,Skirt,Clothing,94,Minnesota,L,White,Winter,2.9,No,2-Day Shipping,No,No,46,Credit Card,Monthly,2025
1795,60,Male,Backpack,Accessories,40,Ohio,L,Indigo,Spring,3.7,No,Express,No,No,21,Debit Card,Fortnightly,2025
157,35,Male,Shorts,Clothing,26,Missouri,M,Lavender,Fall,4.0,Yes,Standard,Yes,Yes,40,Debit Card,Annually,2025
1326,28,Male,Backpack,Accessories,73,Oregon,L,Gold,Summer,3.5,No,Express,Yes,Yes,1,Cash,Monthly,2025
1279,28,Male,Shorts,Clothing,98,Utah,M,Violet,Fall,2.8,No,Next Day Air,Yes,Yes,31,Venmo,Fortnightly,2025
2782,65,Female,Sandals,Footwear,39,Mississippi,M,Blue,Spring,4.6,No,Standard,No,No,33,PayPal,Weekly,2025
739,56,Male,Sunglasses,Accessories,31,Minnesota,L,Orange,Winter,3.5,Yes,2-Day Shipping,Yes,Yes,27,Venmo,Quarterly,2025
3801,19,Female,Sweater,Clothing,26,Vermont,M,Turquoise,Fall,4.8,No,Next Day Air,No,No,12,Venmo,Bi-Weekly,2025
178,21,Male,Hoodie,Clothing,42,Kansas,L,Magenta,Fall,3.7,Yes,Next Day Air,Yes,Yes,47,Bank Transfer,Monthly,2025
1497,63,Male,T-shirt,Clothing,98,Idaho,M,Purple,Winter,5.0,No,Standard,Yes,Yes,9,Venmo,Bi-Weekly,2025
3175,45,Female,Pants,Clothing,52,Oklahoma,L,Orange,Winter,3.8,No,Store Pickup,No,No,35,PayPal,Monthly,2025
268,64,Male,Sweater,Clothing,54,Maryland,M,Olive,Spring,3.9,Yes,2-Day Shipping,Yes,Yes,42,Venmo,Annually,2025
1633,35,Male,Gloves,Accessories,28,Oregon,S,White,Summer,4.7,No,2-Day Shipping,Yes,Yes,50,Debit Card,Every 3 Months,2025
3093,52,Female,Sunglasses,Accessories,54,Utah,L,Silver,Fall,3.5,No,Next Day Air,No,No,14,Bank Transfer,Bi-Weekly,2025
269,68,Male,Shoes,Footwear,42,Georgia,M,Charcoal,Spring,2.6,Yes,Store Pickup,Yes,Yes,21,Cash,Monthly,2025
1591,54,Male,Jeans,Clothing,80,Wisconsin,S,Pink,Winter,3.0,No,Free Shipping,Yes,Yes,8,PayPal,Annually,2025
651,34,Male,Gloves,Accessories,40,Florida,M,Magenta,Spring,3.9,Yes,Next Day Air,Yes,Yes,12,Bank Transfer,Annually,2025
1612,41,Male,Pants,Clothing,26,Arkansas,L,Yellow,Winter,4.5,No,Next Day Air,Yes,Yes,6,Debit Card,Monthly,2025
3742,58,Female,Shirt,Clothing,96,Arizona,M,Purple,Spring,3.2,No,2-Day Shipping,No,No,26,Debit Card,Bi-Weekly,2025
2351,57,Male,Shoes,Footwear,26,Hawaii,M,Turquoise,Winter,4.2,No,Free Shipping,No,No,21,Cash,Annually,2025
333,19,Male,Shirt,Clothing,86,New York,M,Maroon,Winter,2.8,Yes,2-Day Shipping,Yes,Yes,5,Credit Card,Monthly,2025
3555,39,Female,Dress,Clothing,55,Louisiana,M,Indigo,Spring,5.0,No,Free Shipping,No,No,5,Credit Card,Fortnightly,2025
2503,46,Male,Skirt,Clothing,47,Idaho,L,Pink,Spring,4.1,No,Standard,No,No,17,PayPal,Every 3 Months,2025
3811,46,Female,Skirt,Clothing,79,Wisconsin,L,Peach,Fall,3.9,No,Free Shipping,No,No,29,Venmo,Monthly,2025
2995,69,Female,Sweater,Clothing,100,Nevada,S,White,Winter,3.5,No,Store Pickup,No,No,14,Bank Transfer,Quarterly,2025
1783,52,Male,Pants,Clothing,88,Utah,M,Lavender,Fall,2.7,No,Next Day Air,No,No,40,Bank Transfer,Fortnightly,2025
1775,46,Male,Sweater,Clothing,78,New York,M,Lavender,Spring,3.7,No,Express,No,No,6,PayPal,Weekly,2025
3175,45,Female,Pants,Clothing,52,Oklahoma,L,Orange,Winter,3.8,No,Store Pickup,No,No,35,PayPal,Monthly,2025
2876,24,Female,Pants,Clothing,81,Kentucky,M,Pink,Fall,2.6,No,Free Shipping,No,No,14,Debit Card,Weekly,2025
3428,39,Female,T-shirt,Clothing,38,Michigan,XL,Turquoise,Winter,2.5,No,Store Pickup,No,No,44,Cash,Annually,2025
2439,32,Male,Jeans,Clothing,20,Delaware,S,Cyan,Winter,3.4,No,Express,No,No,30,Venmo,Weekly,2025
2027,37,Male,Scarf,Accessories,35,Maine,M,Orange,Winter,3.6,No,Express,No,No,45,Bank Transfer,Every 3 Months,2025
3599,23,Female,Hoodie,Clothing,76,Connecticut,XL,Purple,Spring,4.6,No,Store Pickup,No,No,19,Bank Transfer,Bi-Weekly,2025
292,57,Male,Dress,Clothing,26,Delaware,XL,Violet,Fall,3.3,Yes,Next Day Air,Yes,Yes,40,Bank Transfer,Monthly,2025
483,41,Male,Belt,Accessories,42,Connecticut,M,Yellow,Winter,2.5,Yes,2-Day Shipping,Yes,Yes,11,Venmo,Annually,2025
2321,28,Male,Shoes,Footwear,55,New Mexico,M,Olive,Spring,3.7,No,Free Shipping,No,No,9,Debit Card,Every 3 Months,2025
1534,50,Male,Shoes,Footwear,59,New Hampshire,M,Gold,Summer,3.6,No,2-Day Shipping,Yes,Yes,16,Bank Transfer,Quarterly,2025
144,30,Male,Coat,Outerwear,48,Missouri,M,Beige,Fall,2.7,Yes,Store Pickup,Yes,Yes,25,PayPal,Quarterly,2025
1787,45,Male,Jacket,Outerwear,34,Maryland,M,Brown,Spring,4.6,No,2-Day Shipping,No,No,22,Venmo,Monthly,2025
41,69,Male,Handbag,Accessories,76,Louisiana,L,Beige,Winter,4.6,Yes,Next Day Air,Yes,Yes,31,Debit Card,Quarterly,2025
1883,44,Male,Scarf,Accessories,54,Tennessee,L,Blue,Winter,5.0,No,Store Pickup,No,No,25,Bank Transfer,Quarterly,2025
2510,19,Male,Socks,Clothing,48,Washington,M,Black,Spring,4.4,No,Free Shipping,No,No,9,Bank Transfer,Quarterly,2025
60,63,Male,Belt,Accessories,79,Louisiana,L,Yellow,Spring,4.6,Yes,Standard,Yes,Yes,4,Debit Card,Weekly,2025
220,32,Male,Belt,Accessories,88,Nevada,M,Cyan,Spring,3.0,Yes,Free Shipping,Yes,Yes,12,Cash,Fortnightly,2025
2599,64,Male,Backpack,Accessories,86,Nevada,XL,Olive,Fall,3.3,No,Express,No,No,31,Debit Card,Annually,2025
2152,70,Male,Jeans,Clothing,58,Vermont,L,Brown,Fall,2.6,No,2-Day Shipping,No,No,18,Venmo,Monthly,2025
890,59,Male,Belt,Accessories,84,Arizona,S,Olive,Fall,2.8,Yes,Free Shipping,Yes,Yes,50,Venmo,Weekly,2025
13,61,Male,Coat,Outerwear,72,Delaware,M,Gold,Winter,4.5,Yes,Express,Yes,Yes,37,Venmo,Fortnightly,2025
3779,25,Female,Sneakers,Footwear,60,South Dakota,M,Cyan,Fall,2.9,No,Free Shipping,No,No,30,Debit Card,Annually,2025
2912,28,Female,Socks,Clothing,38,Ohio,XL,Orange,Fall,2.9,No,Next Day Air,No,No,34,Venmo,Quarterly,2025
934,70,Male,Sneakers,Footwear,84,Colorado,M,Magenta,Spring,2.7,Yes,Store Pickup,Yes,Yes,33,Debit Card,Monthly,2025
2808,56,Female,Hoodie,Clothing,100,Maryland,M,Charcoal,Spring,4.4,No,2-Day Shipping,No,No,10,Debit Card,Fortnightly,2025
3096,62,Female,Hat,Accessories,53,Minnesota,S,Beige,Fall,3.4,No,Standard,No,No,13,Venmo,Fortnightly,2025
1063,59,Male,Boots,Footwear,75,Ohio,M,Brown,Fall,2.6,No,Next Day Air,Yes,Yes,21,Debit Card,Every 3 Months,2025
2286,34,Male,Belt,Accessories,100,Michigan,L,Pink,Summer,4.6,No,2-Day Shipping,No,No,38,PayPal,Every 3 Months,2025
3637,50,Female,Sandals,Footwear,38,California,L,Lavender,Summer,4.2,No,2-Day Shipping,No,No,36,Cash,Weekly,2025
2635,26,Male,Sandals,Footwear,58,North Carolina,S,Black,Summer,3.2,No,Store Pickup,No,No,20,PayPal,Every 3 Months,2025
1496,45,Male,Jewelry,Accessories,23,Rhode Island,M,Brown,Winter,4.5,No,Next Day Air,Yes,Yes,6,PayPal,Weekly,2025
1896,31,Male,Jeans,Clothing,61,Washington,L,Indigo,Fall,4.5,No,Express,No,No,3,Debit Card,Monthly,2025
3499,47,Female,Sandals,Footwear,35,Kentucky,M,Lavender,Summer,3.8,No,Standard,No,No,2,Bank Transfer,Bi-Weekly,2025
3689,52,Female,Sunglasses,Accessories,91,West Virginia,L,White,Spring,3.0,No,Next Day Air,No,No,8,Cash,Monthly,2025
2182,22,Male,Handbag,Accessories,63,Hawaii,M,Black,Fall,3.2,No,Free Shipping,No,No,32,Bank Transfer,Bi-Weekly,2025
2503,46,Male,Skirt,Clothing,47,Idaho,L,Pink,Spring,4.1,No,Standard,No,No,17,PayPal,Every 3 Months,2025
1240,62,Male,Coat,Outerwear,37,New Jersey,XL,Magenta,Spring,4.8,No,Standard,Yes,Yes,32,Debit Card,Every 3 Months,2025
1363,41,Male,Coat,Outerwear,46,Colorado,M,Gray,Fall,4.3,No,Express,Yes,Yes,29,Cash,Weekly,2025
1809,67,Male,Jacket,Outerwear,71,Tennessee,M,Lavender,Spring,4.3,No,Next Day Air,No,No,7,Debit Card,Monthly,2025
1292,69,Male,Sandals,Footwear,68,South Dakota,S,Beige,Spring,3.2,No,2-Day Shipping,Yes,Yes,23,Debit Card,Fortnightly,2025
920,41,Male,Shirt,Clothing,82,Massachusetts,L,Green,Winter,2.6,Yes,2-Day Shipping,Yes,Yes,17,Debit Card,Bi-Weekly,2025
13,61,Male,Coat,Outerwear,72,Delaware,M,Gold,Winter,4.5,Yes,Express,Yes,Yes,37,Venmo,Fortnightly,2025
921,37,Male,Belt,Accessories,81,Arkansas,XL,Gold,Summer,4.3,Yes,Free Shipping,Yes,Yes,37,Cash,Weekly,2025
238,50,Male,Dress,Clothing,90,Iowa,M,Beige,Summer,3.0,Yes,Store Pickup,Yes,Yes,36,Debit Card,Fortnightly,2025
1244,25,Male,Blouse,Clothing,23,New Hampshire,S,Pink,Spring,3.0,No,Store Pickup,Yes,Yes,22,Debit Card,Annually,2025
551,62,Male,Belt,Accessories,62,Georgia,M,Olive,Summer,3.3,Yes,Store Pickup,Yes,Yes,12,PayPal,Weekly,2025
3840,66,Female,Sandals,Footwear,29,Connecticut,M,Peach,Spring,3.9,No,Free Shipping,No,No,14,Venmo,Quarterly,2025
3089,34,Female,Dress,Clothing,64,Arkansas,M,Teal,Spring,3.3,No,Store Pickup,No,No,35,Bank Transfer,Quarterly,2025
3520,31,Female,Shorts,Clothing,66,Wisconsin,M,White,Winter,3.7,No,Next Day Air,No,No,14,Bank Transfer,Fortnightly,2025
3741,42,Female,Pants,Clothing,96,Virginia,M,Silver,Summer,2.6,No,Store Pickup,No,No,26,Debit Card,Bi-Weekly,2025
952,47,Male,Dress,Clothing,51,Alaska,M,Cyan,Summer,2.9,Yes,Express,Yes,Yes,34,Bank Transfer,Monthly,2025
3876,63,Female,Hat,Accessories,51,New Hampshire,M,Pink,Winter,3.3,No,2-Day Shipping,No,No,21,Credit Card,Annually,2025
1577,56,Male,Dress,Clothing,75,Michigan,M,White,Spring,3.7,No,2-Day Shipping,Yes,Yes,36,PayPal,Monthly,2025
2805,65,Female,Hoodie,Clothing,76,South Carolina,M,Cyan,Spring,2.8,No,Standard,No,No,48,Bank Transfer,Every 3 Months,2025
2464,60,Male,Blouse,Clothing,21,Mississippi,XL,Indigo,Summer,3.3,No,Standard,No,No,25,Cash,Bi-Weekly,2025
1092,44,Male,Sweater,Clothing,80,North Carolina,L,Lavender,Spring,4.7,No,Store Pickup,Yes,Yes,6,Credit Card,Fortnightly,2025
1110,66,Male,Hoodie,Clothing,97,Oklahoma,L,Violet,Winter,4.9,No,Next Day Air,Yes,Yes,2,Venmo,Weekly,2025
1147,48,Male,Sneakers,Footwear,38,Wisconsin,M,Indigo,Summer,4.2,No,Standard,Yes,Yes,7,Bank Transfer,Every 3 Months,2025
3528,25,Female,Blouse,Clothing,97,Washington,S,Charcoal,Spring,4.7,No,Free Shipping,No,No,1,Cash,Weekly,2025
1202,27,Male,Shoes,Footwear,61,Illinois,XL,Black,Summer,3.1,No,2-Day Shipping,Yes,Yes,46,Venmo,Fortnightly,2025
1167,48,Male,Dress,Clothing,48,Connecticut,S,Lavender,Winter,3.7,No,Store Pickup,Yes,Yes,22,Venmo,Fortnightly,2025
2150,38,Male,Sandals,Footwear,21,Hawaii,L,Orange,Winter,4.0,No,Standard,No,No,1,Bank Transfer,Weekly,2025
1894,28,Male,Dress,Clothing,20,Delaware,L,Red,Summer,3.7,No,Express,No,No,10,PayPal,Fortnightly,2025
2278,25,Male,Hat,Accessories,56,Alabama,M,Beige,Summer,4.6,No,Next Day Air,No,No,18,Credit Card,Quarterly,2025
2331,60,Male,Backpack,Accessories,63,Arizona,L,Orange,Summer,2.9,No,Store Pickup,No,No,47,PayPal,Every 3 Months,2025
1380,21,Male,T-shirt,Clothing,64,Minnesota,L,Purple,Fall,2.8,No,2-Day Shipping,Yes,Yes,38,Venmo,Bi-Weekly,2025
3034,22,Female,Sweater,Clothing,56,Alabama,L,Orange,Spring,2.6,No,Store Pickup,No,No,9,PayPal,Weekly,2025
3306,34,Female,Hoodie,Clothing,41,Nebraska,L,Cyan,Summer,4.9,No,Standard,No,No,31,PayPal,Bi-Weekly,2025
2867,54,Female,Blouse,Clothing,75,Connecticut,S,Violet,Summer,3.1,No,Free Shipping,No,No,19,Cash,Annually,2025
3149,37,Female,Shorts,Clothing,35,West Virginia,L,Purple,Fall,4.3,No,Free Shipping,No,No,15,Venmo,Weekly,2025
1404,26,Male,Backpack,Accessories,20,Georgia,M,Peach,Spring,3.6,No,Store Pickup,Yes,Yes,20,Credit Card,Bi-Weekly,2025
230,70,Male,Sandals,Footwear,28,Ohio,S,Silver,Spring,4.6,Yes,Next Day Air,Yes,Yes,27,PayPal,Every 3 Months,2025
3403,22,Female,Hoodie,Clothing,61,Louisiana,M,Black,Spring,4.4,No,2-Day Shipping,No,No,11,PayPal,Every 3 Months,2025
1752,57,Male,Sweater,Clothing,40,Ohio,M,Silver,Winter,3.2,No,2-Day Shipping,No,No,34,Cash,Annually,2025
2956,42,Female,Boots,Footwear,67,Vermont,M,Silver,Winter,2.6,No,Free Shipping,No,No,46,Credit Card,Annually,2025
728,62,Male,Sweater,Clothing,97,Arkansas,S,Gray,Winter,4.8,Yes,Next Day Air,Yes,Yes,37,Venmo,Every 3 Months,2025
1445,32,Male,Sweater,Clothing,36,Vermont,L,Pink,Fall,3.8,No,Express,Yes,Yes,26,Cash,Quarterly,2025
507,28,Male,Scarf,Accessories,40,Georgia,M,Olive,Fall,2.7,Yes,2-Day Shipping,Yes,Yes,48,Debit Card,Annually,2025
990,70,Male,Shoes,Footwear,31,Texas,M,Beige,Spring,3.1,Yes,Store Pickup,Yes,Yes,2,Bank Transfer,Monthly,2025
153,30,Male,Shirt,Clothing,85,South Carolina,S,Brown,Summer,4.3,Yes,Express,Yes,Yes,42,Venmo,Annually,2025
849,48,Male,Sandals,Footwear,73,Delaware,M,Lavender,Fall,3.6,Yes,Store Pickup,Yes,Yes,33,Credit Card,Bi-Weekly,2025
2355,56,Male,Blouse,Clothing,78,Wisconsin,M,Blue,Summer,4.8,No,Next Day Air,No,No,27,Venmo,Monthly,2025
3783,40,Female,Jacket,Outerwear,45,Alabama,L,Orange,Spring,2.8,No,Free Shipping,No,No,42,PayPal,Fortnightly,2025
2388,36,Male,Hat,Accessories,95,Tennessee,M,Gold,Summer,4.0,No,2-Day Shipping,No,No,14,Debit Card,Monthly,2025
419,18,Male,Sweater,Clothing,73,Illinois,L,Purple,Spring,3.0,Yes,Standard,Yes,Yes,27,Venmo,Bi-Weekly,2025
3581,51,Female,Blouse,Clothing,83,New Hampshire,M,Magenta,Summer,3.2,No,2-Day Shipping,No,No,3,Cash,Bi-Weekly,2025
481,68,Male,Hoodie,Clothing,88,Vermont,M,Gray,Summer,4.8,Yes,Standard,Yes,Yes,30,Debit Card,Bi-Weekly,2025
3428,39,Female,T-shirt,Clothing,38,Michigan,XL,Turquoise,Winter,2.5,No,Store Pickup,No,No,44,Cash,Annually,2025
1511,55,Male,Blouse,Clothing,30,Maryland,XL,Gray,Fall,3.0,No,Free Shipping,Yes,Yes,31,Venmo,Annually,2025
425,66,Male,Sweater,Clothing,23,Illinois,M,Gold,Winter,4.3,Yes,Standard,Yes,Yes,42,PayPal,Fortnightly,2025
3827,50,Female,Jacket,Outerwear,31,Montana,M,Gray,Summer,4.0,No,Express,No,No,25,Bank Transfer,Annually,2025
3652,20,Female,Handbag,Accessories,32,Arizona,M,Yellow,Spring,3.8,No,Express,No,No,5,Venmo,Every 3 Months,2025
2429,65,Male,T-shirt,Clothing,38,Idaho,M,Violet,Spring,4.4,No,Next Day Air,No,No,34,Debit Card,Annually,2025
2705,52,Female,Dress,Clothing,54,Tennessee,L,Beige,Spring,3.4,No,Next Day Air,No,No,35,Debit Card,Weekly,2025
2836,33,Female,T-shirt,Clothing,84,Vermont,S,Pink,Winter,4.9,No,Free Shipping,No,No,7,Venmo,Annually,2025
378,63,Male,Scarf,Accessories,32,Maine,M,Silver,Spring,4.1,Yes,Standard,Yes,Yes,39,Credit Card,Every 3 Months,2025
1046,54,Male,Sweater,Clothing,79,New Mexico,L,Black,Fall,3.5,Yes,2-Day Shipping,Yes,Yes,11,PayPal,Bi-Weekly,2025
2365,62,Male,Sunglasses,Accessories,60,Mississippi,L,Maroon,Winter,4.2,No,Free Shipping,No,No,4,PayPal,Quarterly,2025
1635,28,Male,Coat,Outerwear,23,South Carolina,S,Orange,Summer,3.6,No,Store Pickup,Yes,Yes,30,Cash,Every 3 Months,2025
1981,51,Male,Sandals,Footwear,94,Iowa,M,Green,Winter,4.4,No,Store Pickup,No,No,25,PayPal,Fortnightly,2025
2811,27,Female,Jeans,Clothing,31,Arizona,M,Purple,Summer,4.0,No,Standard,No,No,10,Debit Card,Fortnightly,2025
2942,38,Female,Skirt,Clothing,86,Pennsylvania,L,Purple,Spring,3.7,No,Free Shipping,No,No,27,PayPal,Monthly,2025
526,51,Male,Coat,Outerwear,37,Iowa,M,Cyan,Spring,3.2,Yes,Next Day Air,Yes,Yes,41,Debit Card,Monthly,2025
3008,23,Female,Sunglasses,Accessories,60,New York,L,Lavender,Winter,3.0,No,Next Day Air,No,No,31,Venmo,Weekly,2025
3132,34,Female,Jacket,Outerwear,59,North Dakota,M,Peach,Fall,2.9,No,Store Pickup,No,No,11,Bank Transfer,Every 3 Months,2025
3407,57,Female,Sweater,Clothing,79,Nebraska,M,Red,Spring,4.0,No,Store Pickup,No,No,24,Venmo,Quarterly,2025
3743,56,Female,Shirt,Clothing,80,Maryland,M,Gray,Fall,4.4,No,Standard,No,No,50,Credit Card,Bi-Weekly,2025
2843,28,Female,Coat,Outerwear,100,Arizona,L,Green,Fall,4.3,No,Standard,No,No,48,Debit Card,Quarterly,2025
1415,29,Male,Socks,Clothing,51,Minnesota,M,Black,Summer,4.5,No,Store Pickup,Yes,Yes,3,Credit Card,Bi-Weekly,2025
978,20,Male,Belt,Accessories,20,Washington,M,Black,Spring,4.6,Yes,Express,Yes,Yes,34,Cash,Bi-Weekly,2025
744,21,Male,Sunglasses,Accessories,84,North Carolina,L,Gray,Fall,4.9,Yes,Free Shipping,Yes,Yes,36,Cash,Weekly,2025
2200,39,Male,Scarf,Accessories,47,North Carolina,M,Maroon,Summer,4.9,No,Store Pickup,No,No,40,Debit Card,Monthly,2025
1623,31,Male,Shorts,Clothing,43,Missouri,S,Brown,Winter,4.0,No,Store Pickup,Yes,Yes,37,Bank Transfer,Every 3 Months,2025
537,44,Male,Jacket,Outerwear,84,Illinois,S,Maroon,Fall,4.4,Yes,Store Pickup,Yes,Yes,16,Debit Card,Every 3 Months,2025
2007,58,Male,Scarf,Accessories,97,New Mexico,S,Pink,Fall,4.4,No,Express,No,No,2,Credit Card,Annually,2025
2805,65,Female,Hoodie,Clothing,76,South Carolina,M,Cyan,Spring,2.8,No,Standard,No,No,48,Bank Transfer,Every 3 Months,2025
2464,60,Male,Blouse,Clothing,21,Mississippi,XL,Indigo,Summer,3.3,No,Standard,No,No,25,Cash,Bi-Weekly,2025
3238,61,Female,T-shirt,Clothing,57,Vermont,M,Gray,Summer,2.8,No,Express,No,No,4,Cash,Weekly,2025
606,40,Male,Hat,Accessories,32,California,XL,Charcoal,Winter,4.2,Yes,Standard,Yes,Yes,17,Bank Transfer,Weekly,2025
164,54,Male,Skirt,Clothing,67,Virginia,M,Purple,Summer,3.4,Yes,Standard,Yes,Yes,8,Debit Card,Weekly,2025
2605,47,Male,Sweater,Clothing,54,Colorado,M,Beige,Spring,3.4,No,Store Pickup,No,No,6,Debit Card,Weekly,2025
119,50,Male,Sweater,Clothing,45,Kentucky,L,Orange,Fall,4.8,Yes,2-Day Shipping,Yes,Yes,27,Cash,Bi-Weekly,2025
2114,63,Male,Dress,Clothing,40,Virginia,M,Brown,Spring,2.7,No,Store Pickup,No,No,29,PayPal,Every 3 Months,2025
1552,64,Male,Handbag,Accessories,29,Minnesota,M,Olive,Summer,3.7,No,2-Day Shipping,Yes,Yes,13,Credit Card,Monthly,2025
2284,44,Male,Handbag,Accessories,45,Ohio,S,Black,Winter,4.1,No,Free Shipping,No,No,34,Credit Card,Fortnightly,2025
2982,21,Female,Pants,Clothing,36,Delaware,L,Pink,Winter,4.9,No,Standard,No,No,37,Venmo,Annually,2025
761,33,Male,Gloves,Accessories,50,Minnesota,XL,Violet,Fall,3.4,Yes,Free Shipping,Yes,Yes,6,Cash,Annually,2025
2262,58,Male,Backpack,Accessories,76,South Carolina,L,Gold,Spring,4.4,No,Standard,No,No,12,Bank Transfer,Fortnightly,2025
955,60,Male,Hat,Accessories,74,Louisiana,S,Turquoise,Fall,3.5,Yes,Standard,Yes,Yes,18,Credit Card,Every 3 Months,2025
634,66,Male,Sandals,Footwear,33,Minnesota,M,Orange,Spring,2.9,Yes,Express,Yes,Yes,50,Debit Card,Quarterly,2025
2358,53,Male,Shirt,Clothing,67,Michigan,L,Cyan,Fall,4.2,No,2-Day Shipping,No,No,40,Credit Card,Bi-Weekly,2025
3673,51,Female,Sandals,Footwear,81,New York,S,Pink,Fall,4.5,No,Free Shipping,No,No,7,PayPal,Monthly,2025
3123,23,Female,Socks,Clothing,45,Georgia,M,Pink,Fall,3.0,No,Express,No,No,34,Credit Card,Fortnightly,2025
3259,31,Female,Shoes,Footwear,51,New Jersey,M,Magenta,Spring,4.3,No,Express,No,No,11,Credit Card,Bi-Weekly,2025
163,54,Male,Sunglasses,Accessories,74,California,M,Turquoise,Summer,3.0,Yes,Store Pickup,Yes,Yes,31,PayPal,Bi-Weekly,2025
42,67,Male,Scarf,Accessories,39,Alaska,M,Orange,Spring,4.5,Yes,Standard,Yes,Yes,40,Venmo,Annually,2025
719,22,Male,Shirt,Clothing,22,Florida,M,Peach,Summer,4.6,Yes,Standard,Yes,Yes,25,Bank Transfer,Annually,2025
3779,25,Female,Sneakers,Footwear,60,South Dakota,M,Cyan,Fall,2.9,No,Free Shipping,No,No,30,Debit Card,Annually,2025
1016,68,Male,Gloves,Accessories,24,North Carolina,M,Cyan,Summer,4.1,Yes,Standard,Yes,Yes,34,Cash,Weekly,2025
3739,34,Female,Shorts,Clothing,45,Delaware,M,Brown,Spring,2.7,No,Free Shipping,No,No,48,Cash,Fortnightly,2025
1663,63,Male,Sunglasses,Accessories,24,New Mexico,M,Olive,Winter,4.6,No,Free Shipping,Yes,Yes,46,Debit Card,Fortnightly,2025
474,34,Male,Coat,Outerwear,42,West Virginia,L,Olive,Spring,3.9,Yes,Store Pickup,Yes,Yes,29,PayPal,Every 3 Months,2025
3216,34,Female,Coat,Outerwear,90,Rhode Island,M,Magenta,Summer,2.7,No,Free Shipping,No,No,10,PayPal,Every 3 Months,2025
3743,56,Female,Shirt,Clothing,80,Maryland,M,Gray,Fall,4.4,No,Standard,No,No,50,Credit Card,Bi-Weekly,2025
103,51,Male,Socks,Clothing,67,Oklahoma,L,Violet,Winter,4.8,Yes,Next Day Air,Yes,Yes,35,Credit Card,Quarterly,2025
1660,53,Male,Gloves,Accessories,37,Utah,M,Black,Fall,3.9,No,Next Day Air,Yes,Yes,44,Venmo,Annually,2025
996,44,Male,Jewelry,Accessories,80,Idaho,M,Magenta,Spring,3.0,Yes,2-Day Shipping,Yes,Yes,10,Venmo,Weekly,2025
2711,69,Female,Jacket,Outerwear,51,Wisconsin,L,Purple,Summer,4.7,No,Standard,No,No,3,Bank Transfer,Fortnightly,2025
2484,32,Male,Skirt,Clothing,96,Arizona,S,Teal,Fall,2.9,No,Standard,No,No,8,Debit Card,Monthly,2025
2880,62,Female,Blouse,Clothing,57,North Dakota,XL,Turquoise,Winter,4.9,No,Free Shipping,No,No,31,Venmo,Annually,2025
1693,56,Male,Handbag,Accessories,75,Utah,M,Beige,Winter,2.6,No,Standard,No,No,33,Cash,Bi-Weekly,2025
9,26,Male,Coat,Outerwear,97,West Virginia,L,Silver,Summer,2.6,Yes,Express,Yes,Yes,8,Venmo,Annually,2025
1205,67,Male,Belt,Accessories,94,Florida,M,Pink,Spring,3.2,No,2-Day Shipping,Yes,Yes,20,Credit Card,Every 3 Months,2025
2315,42,Male,Handbag,Accessories,95,Virginia,XL,Brown,Winter,4.4,No,Express,No,No,12,Bank Transfer,Every 3 Months,2025
2858,44,Female,Dress,Clothing,93,Utah,S,Maroon,Spring,3.8,No,Next Day Air,No,No,35,Debit Card,Monthly,2025
1331,30,Male,Handbag,Accessories,65,Vermont,M,Charcoal,Fall,2.9,No,Standard,Yes,Yes,20,PayPal,Bi-Weekly,2025
775,42,Male,Hat,Accessories,46,Nevada,M,Yellow,Summer,3.5,Yes,Standard,Yes,Yes,11,Credit Card,Quarterly,2025
1186,47,Male,Jeans,Clothing,64,Maine,M,Magenta,Spring,3.9,No,Standard,Yes,Yes,29,Credit Card,Monthly,2025
1429,20,Male,Blouse,Clothing,97,North Dakota,S,Green,Summer,4.9,No,Express,Yes,Yes,42,PayPal,Quarterly,2025
957,29,Male,Shirt,Clothing,99,Mississippi,XL,Cyan,Spring,2.9,Yes,2-Day Shipping,Yes,Yes,42,Debit Card,Quarterly,2025
3714,49,Female,Shoes,Footwear,87,Arizona,M,Peach,Spring,2.6,No,Express,No,No,31,Debit Card,Every 3 Months,2025
3231,49,Female,Sneakers,Footwear,49,Kansas,M,Olive,Summer,2.5,No,Next Day Air,No,No,38,Debit Card,Annually,2025
3158,21,Female,Belt,Accessories,34,Maine,L,Red,Fall,3.1,No,Store Pickup,No,No,5,Debit Card,Fortnightly,2025
2782,65,Female,Sandals,Footwear,39,Mississippi,M,Blue,Spring,4.6,No,Standard,No,No,33,PayPal,Weekly,2025
3139,47,Female,Blouse,Clothing,95,Kentucky,L,Gray,Fall,4.6,No,Next Day Air,No,No,40,Cash,Every 3 Months,2025
1981,51,Male,Sandals,Footwear,94,Iowa,M,Green,Winter,4.4,No,Store Pickup,No,No,25,PayPal,Fortnightly,2025
1378,33,Male,Sunglasses,Accessories,54,Maryland,L,Olive,Spring,3.0,No,Next Day Air,Yes,Yes,42,Venmo,Monthly,2025
575,54,Male,Sneakers,Footwear,79,Maine,L,Red,Fall,4.8,Yes,Free Shipping,Yes,Yes,20,Bank Transfer,Bi-Weekly,2025
1410,34,Male,Backpack,Accessories,50,Idaho,M,Blue,Spring,4.2,No,Standard,Yes,Yes,41,Cash,Fortnightly,2025
59,69,Male,Hoodie,Clothing,54,Missouri,M,Charcoal,Summer,4.2,Yes,Free Shipping,Yes,Yes,29,Venmo,Monthly,2025
270,68,Male,Blouse,Clothing,44,Georgia,M,Charcoal,Winter,3.3,Yes,Next Day Air,Yes,Yes,9,Cash,Bi-Weekly,2025
956,55,Male,Dress,Clothing,75,Mississippi,L,Lavender,Summer,3.4,Yes,Free Shipping,Yes,Yes,4,PayPal,Monthly,2025
3415,27,Female,Boots,Footwear,94,Connecticut,M,Maroon,Spring,4.9,No,Next Day Air,No,No,3,Bank Transfer,Quarterly,2025
959,70,Male,Sneakers,Footwear,53,Washington,XL,Beige,Winter,4.4,Yes,Free Shipping,Yes,Yes,31,Credit Card,Bi-Weekly,2025
2567,35,Male,Handbag,Accessories,38,Missouri,S,Yellow,Fall,3.3,No,Standard,No,No,43,PayPal,Quarterly,2025
1639,68,Male,Jacket,Outerwear,51,Tennessee,M,Black,Spring,4.6,No,Free Shipping,Yes,Yes,18,Venmo,Weekly,2025
2241,57,Male,Sandals,Footwear,71,California,L,Green,Winter,4.3,No,Next Day Air,No,No,18,Debit Card,Every 3 Months,2025
2364,60,Male,Socks,Clothing,79,Pennsylvania,XL,Pink,Winter,4.2,No,Express,No,No,38,Cash,Bi-Weekly,2025
548,38,Male,Jacket,Outerwear,50,Nevada,M,Blue,Winter,2.8,Yes,Free Shipping,Yes,Yes,26,Venmo,Weekly,2025
215,24,Male,Jacket,Outerwear,50,Hawaii,L,Blue,Summer,4.2,Yes,Next Day Air,Yes,Yes,41,Cash,Every 3 Months,2025
3633,27,Female,Sneakers,Footwear,73,Utah,L,Green,Spring,3.2,No,Express,No,No,3,Debit Card,Quarterly,2025
430,42,Male,Sandals,Footwear,94,Washington,M,Gold,Winter,4.1,Yes,2-Day Shipping,Yes,Yes,21,Cash,Fortnightly,2025
464,37,Male,Jewelry,Accessories,81,Georgia,S,Orange,Summer,2.7,Yes,Standard,Yes,Yes,29,Venmo,Weekly,2025
24,31,Male,Pants,Clothing,88,Oklahoma,XL,White,Winter,4.4,Yes,Express,Yes,Yes,40,Credit Card,Weekly,2025
1520,50,Male,Sunglasses,Accessories,73,Texas,L,Cyan,Fall,4.9,No,Next Day Air,Yes,Yes,40,PayPal,Weekly,2025
1721,25,Male,Shorts,Clothing,84,Massachusetts,S,Beige,Winter,2.8,No,Express,No,No,40,Debit Card,Bi-Weekly,2025
575,54,Male,Sneakers,Footwear,79,Maine,L,Red,Fall,4.8,Yes,Free Shipping,Yes,Yes,20,Bank Transfer,Bi-Weekly,2025
1391,25,Male,Hat,Accessories,38,Arkansas,M,Maroon,Summer,4.3,No,Standard,Yes,Yes,42,Debit Card,Weekly,2025
2826,69,Female,Handbag,Accessories,62,North Carolina,M,Yellow,Winter,4.3,No,2-Day Shipping,No,No,28,Bank Transfer,Annually,2025
683,23,Male,Jacket,Outerwear,29,Missouri,M,Brown,Summer,4.0,Yes,Standard,Yes,Yes,49,Credit Card,Bi-Weekly,2025
854,62,Male,Hat,Accessories,43,Delaware,L,Orange,Winter,4.0,Yes,Free Shipping,Yes,Yes,35,Cash,Monthly,2025
2549,42,Male,Backpack,Accessories,63,Texas,L,Pink,Winter,3.8,No,Standard,No,No,34,Credit Card,Monthly,2025
1559,35,Male,Sunglasses,Accessories,75,New Mexico,XL,Teal,Fall,3.5,No,Express,Yes,Yes,24,Credit Card,Every 3 Months,2025
3487,51,Female,Shorts,Clothing,89,North Carolina,L,Charcoal,Winter,4.9,No,Standard,No,No,6,PayPal,Weekly,2025
3354,31,Female,Dress,Clothing,66,Ohio,L,Teal,Fall,4.6,No,Free Shipping,No,No,19,Credit Card,Every 3 Months,2025
3101,50,Female,Hat,Accessories,85,Vermont,L,Purple,Winter,3.9,No,Express,No,No,3,Bank Transfer,Weekly,2025
2157,38,Male,Skirt,Clothing,83,Missouri,M,Maroon,Winter,3.6,No,Next Day Air,No,No,41,Debit Card,Bi-Weekly,2025
1492,27,Male,Shirt,Clothing,54,Arkansas,S,Black,Summer,2.7,No,Free Shipping,Yes,Yes,10,Bank Transfer,Quarterly,2025
1766,68,Male,Hoodie,Clothing,88,New Mexico,M,Orange,Spring,4.1,No,2-Day Shipping,No,No,41,Venmo,Quarterly,2025
1792,62,Male,Jeans,Clothing,98,Montana,S,Purple,Winter,4.0,No,Store Pickup,No,No,38,Cash,Annually,2025
1871,43,Male,Blouse,Clothing,99,Wyoming,L,Violet,Spring,4.3,No,Store Pickup,No,No,27,Debit Card,Fortnightly,2025
3607,41,Female,Sandals,Footwear,90,Minnesota,XL,Purple,Fall,4.8,No,Express,No,No,41,Venmo,Annually,2025
2051,35,Male,Hat,Accessories,96,Mississippi,M,Teal,Summer,3.4,No,Store Pickup,No,No,10,Debit Card,Annually,2025
3641,47,Female,Sunglasses,Accessories,31,Minnesota,L,Pink,Spring,4.0,No,Next Day Air,No,No,17,PayPal,Monthly,2025
2444,24,Male,Backpack,Accessories,30,South Dakota,M,Green,Spring,3.4,No,2-Day Shipping,No,No,24,Bank Transfer,Bi-Weekly,2025
2608,41,Male,Shoes,Footwear,36,Oklahoma,XL,Teal,Spring,3.1,No,Express,No,No,38,PayPal,Every 3 Months,2025
510,41,Male,T-shirt,Clothing,80,Delaware,L,Cyan,Summer,3.9,Yes,Free Shipping,Yes,Yes,17,Debit Card,Weekly,2025
1226,28,Male,Gloves,Accessories,97,North Carolina,S,Turquoise,Fall,2.6,No,Free Shipping,Yes,Yes,16,Debit Card,Weekly,2025
357,56,Male,Pants,Clothing,80,Nevada,L,Black,Spring,3.8,Yes,Standard,Yes,Yes,27,Cash,Weekly,2025
748,51,Male,Shorts,Clothing,74,Oklahoma,L,Gold,Spring,4.4,Yes,Next Day Air,Yes,Yes,13,Bank Transfer,Weekly,2025
2681,44,Female,Socks,Clothing,37,Nebraska,L,Indigo,Fall,3.3,No,Next Day Air,No,No,21,Venmo,Annually,2025
642,47,Male,Blouse,Clothing,78,Alaska,M,Red,Winter,3.9,Yes,2-Day Shipping,Yes,Yes,23,Credit Card,Every 3 Months,2025
3427,47,Female,Socks,Clothing,35,Oregon,XL,Magenta,Fall,4.8,No,2-Day Shipping,No,No,31,Credit Card,Annually,2025
3853,65,Female,Hat,Accessories,79,Mississippi,M,Peach,Fall,4.0,No,2-Day Shipping,No,No,19,PayPal,Weekly,2025
819,59,Male,Shirt,Clothing,91,Idaho,M,Peach,Winter,4.9,Yes,Store Pickup,Yes,Yes,34,Debit Card,Monthly,2025
2730,31,Female,Gloves,Accessories,71,Montana,S,Violet,Summer,4.1,No,Free Shipping,No,No,32,Credit Card,Monthly,2025
3098,48,Female,Shoes,Footwear,33,Delaware,M,Silver,Fall,3.7,No,Free Shipping,No,No,39,Bank Transfer,Quarterly,2025
3811,46,Female,Skirt,Clothing,79,Wisconsin,L,Peach,Fall,3.9,No,Free Shipping,No,No,29,Venmo,Monthly,2025
2123,32,Male,Jacket,Outerwear,36,Virginia,L,Teal,Fall,4.0,No,Express,No,No,42,Debit Card,Weekly,2025
3534,50,Female,Sneakers,Footwear,98,Texas,L,Yellow,Fall,4.7,No,Standard,No,No,30,Venmo,Fortnightly,2025
1621,25,Male,Hat,Accessories,47,Virginia,M,Charcoal,Winter,3.1,No,2-Day Shipping,Yes,Yes,27,PayPal,Every 3 Months,2025
2235,35,Male,Boots,Footwear,66,New Hampshire,S,Yellow,Winter,4.0,No,Express,No,No,26,Cash,Weekly,2025
2247,49,Male,Jacket,Outerwear,96,Hawaii,M,Cyan,Fall,4.3,No,Store Pickup,No,No,39,PayPal,Every 3 Months,2025
470,21,Male,Shorts,Clothing,46,Alabama,L,Pink,Fall,4.1,Yes,2-Day Shipping,Yes,Yes,30,Debit Card,Bi-Weekly,2025
1044,28,Male,Jeans,Clothing,76,Hawaii,M,Green,Spring,3.3,Yes,2-Day Shipping,Yes,Yes,28,Debit Card,Fortnightly,2025
3340,20,Female,Gloves,Accessories,99,Nebraska,M,Cyan,Fall,3.6,No,Store Pickup,No,No,35,Cash,Fortnightly,2025
1706,39,Male,Jewelry,Accessories,29,South Dakota,L,Cyan,Summer,3.4,No,2-Day Shipping,No,No,49,Venmo,Bi-Weekly,2025
3463,44,Female,Jeans,Clothing,73,Michigan,L,Olive,Spring,4.5,No,Standard,No,No,34,Credit Card,Every 3 Months,2025
1566,58,Male,Sunglasses,Accessories,93,Idaho,L,Peach,Fall,4.2,No,Free Shipping,Yes,Yes,48,PayPal,Annually,2025
961,18,Male,Jewelry,Accessories,48,Louisiana,XL,Indigo,Spring,4.4,Yes,Standard,Yes,Yes,20,Venmo,Quarterly,2025
1001,43,Male,Socks,Clothing,46,Georgia,M,Red,Winter,3.9,Yes,Express,Yes,Yes,1,Bank Transfer,Bi-Weekly,2025
3423,19,Female,Coat,Outerwear,91,New York,L,Beige,Winter,3.2,No,Next Day Air,No,No,9,Venmo,Monthly,2025
1807,58,Male,Handbag,Accessories,67,Rhode Island,M,Green,Fall,3.9,No,Standard,No,No,24,Venmo,Annually,2025
2612,33,Male,Jacket,Outerwear,99,Michigan,L,Maroon,Fall,4.2,No,2-Day Shipping,No,No,4,Cash,Fortnightly,2025
3862,64,Female,Jacket,Outerwear,57,Wyoming,M,Yellow,Spring,4.9,No,Standard,No,No,49,Credit Card,Monthly,2025
499,43,Male,Boots,Footwear,78,Iowa,M,Lavender,Spring,3.6,Yes,Free Shipping,Yes,Yes,27,Bank Transfer,Monthly,2025
3709,40,Female,Hoodie,Clothing,96,South Carolina,M,Red,Fall,4.9,No,Express,No,No,41,PayPal,Monthly,2025
2151,57,Male,Shirt,Clothing,40,Illinois,M,Orange,Spring,2.6,No,2-Day Shipping,No,No,12,Cash,Weekly,2025
2878,32,Female,Socks,Clothing,46,New Jersey,M,Silver,Summer,3.6,No,Standard,No,No,34,Venmo,Monthly,2025
783,28,Male,Hoodie,Clothing,57,Hawaii,M,Green,Summer,4.5,Yes,Standard,Yes,Yes,15,Cash,Weekly,2025
3138,34,Female,Coat,Outerwear,44,Louisiana,M,Turquoise,Spring,2.7,No,2-Day Shipping,No,No,14,Bank Transfer,Monthly,2025
1387,68,Male,Jacket,Outerwear,56,Oregon,M,Silver,Fall,4.0,No,Next Day Air,Yes,Yes,4,Debit Card,Quarterly,2025
3877,60,Female,Shoes,Footwear,85,Wisconsin,S,Cyan,Fall,2.6,No,2-Day Shipping,No,No,7,Cash,Annually,2025
2312,27,Male,Sneakers,Footwear,28,Montana,L,Gold,Spring,4.8,No,2-Day Shipping,No,No,10,Bank Transfer,Every 3 Months,2025
1267,20,Male,Blouse,Clothing,31,North Dakota,M,Peach,Fall,4.0,No,Standard,Yes,Yes,14,Debit Card,Every 3 Months,2025
3563,47,Female,Sneakers,Footwear,36,Maryland,M,Cyan,Winter,3.4,No,Free Shipping,No,No,7,Bank Transfer,Weekly,2025
3211,30,Female,Socks,Clothing,67,Nevada,M,Magenta,Summer,2.9,No,Express,No,No,43,Venmo,Bi-Weekly,2025
747,40,Male,Sandals,Footwear,45,Michigan,M,Red,Winter,2.5,Yes,Free Shipping,Yes,Yes,47,Credit Card,Annually,2025
3344,24,Female,Shorts,Clothing,31,Kentucky,XL,Green,Winter,3.6,No,2-Day Shipping,No,No,6,Cash,Bi-Weekly,2025
2588,55,Male,Scarf,Accessories,29,Connecticut,M,Purple,Winter,3.7,No,Express,No,No,29,PayPal,Every 3 Months,2025
842,55,Male,Sweater,Clothing,88,Texas,M,Beige,Summer,2.6,Yes,Store Pickup,Yes,Yes,28,PayPal,Fortnightly,2025
1488,40,Male,Skirt,Clothing,44,Arizona,L,Black,Summer,4.6,No,Store Pickup,Yes,Yes,26,PayPal,Annually,2025
1240,62,Male,Coat,Outerwear,37,New Jersey,XL,Magenta,Spring,4.8,No,Standard,Yes,Yes,32,Debit Card,Every 3 Months,2025
1746,40,Male,Skirt,Clothing,27,West Virginia,L,Red,Winter,3.6,No,Store Pickup,No,No,27,Cash,Weekly,2025
1843,61,Male,Handbag,Accessories,78,Alabama,M,Black,Summer,4.4,No,Express,No,No,1,Debit Card,Annually,2025
1175,42,Male,Backpack,Accessories,31,Michigan,M,Black,Winter,4.3,No,Express,Yes,Yes,19,Bank Transfer,Bi-Weekly,2025
2277,31,Male,Jeans,Clothing,82,Wyoming,L,Red,Summer,4.1,No,2-Day Shipping,No,No,25,Debit Card,Weekly,2025
3829,42,Female,Blouse,Clothing,82,Mississippi,M,Charcoal,Spring,3.4,No,Free Shipping,No,No,8,Cash,Weekly,2025
100,26,Male,Hoodie,Clothing,40,Missouri,XL,Indigo,Summer,3.7,Yes,Express,Yes,Yes,33,Debit Card,Quarterly,2025
540,49,Male,Coat,Outerwear,48,Wyoming,M,Violet,Winter,4.0,Yes,Store Pickup,Yes,Yes,49,Debit Card,Weekly,2025
2546,38,Male,Shoes,Footwear,50,Texas,L,Olive,Spring,3.9,No,Free Shipping,No,No,10,Debit Card,Annually,2025
3531,62,Female,Sunglasses,Accessories,45,Oklahoma,L,Black,Spring,3.4,No,Express,No,No,37,PayPal,Weekly,2025
2658,52,Female,Dress,Clothing,81,Texas,M,Pink,Summer,2.7,No,Express,No,No,7,Credit Card,Fortnightly,2025
3736,38,Female,Sandals,Footwear,44,Massachusetts,L,Orange,Spring,3.1,No,2-Day Shipping,No,No,29,PayPal,Annually,2025
1056,70,Male,Jacket,Outerwear,27,Massachusetts,M,Orange,Spring,3.3,No,Next Day Air,Yes,Yes,24,Debit Card,Annually,2025
1834,34,Male,Jewelry,Accessories,53,Louisiana,M,Yellow,Spring,4.5,No,2-Day Shipping,No,No,19,PayPal,Fortnightly,2025
3439,26,Female,Shirt,Clothing,71,Kentucky,M,Violet,Fall,3.0,No,Store Pickup,No,No,33,Credit Card,Monthly,2025
3347,30,Female,Jeans,Clothing,99,Oklahoma,M,Black,Summer,3.4,No,Express,No,No,30,Venmo,Quarterly,2025
775,42,Male,Hat,Accessories,46,Nevada,M,Yellow,Summer,3.5,Yes,Standard,Yes,Yes,11,Credit Card,Quarterly,2025
1357,49,Male,Jacket,Outerwear,61,Indiana,M,Cyan,Spring,4.0,No,Free Shipping,Yes,Yes,34,Bank Transfer,Annually,2025
1544,56,Male,Jeans,Clothing,89,Wisconsin,M,Indigo,Fall,4.0,No,Standard,Yes,Yes,24,Venmo,Annually,2025
769,64,Male,Backpack,Accessories,95,Illinois,XL,Red,Spring,2.6,Yes,Express,Yes,Yes,45,Venmo,Weekly,2025
1012,43,Male,Backpack,Accessories,25,Montana,L,Indigo,Spring,2.9,Yes,Next Day Air,Yes,Yes,32,Debit Card,Fortnightly,2025
2153,38,Male,Shorts,Clothing,48,New Jersey,L,Magenta,Summer,4.5,No,Next Day Air,No,No,43,Bank Transfer,Bi-Weekly,2025
464,37,Male,Jewelry,Accessories,81,Georgia,S,Orange,Summer,2.7,Yes,Standard,Yes,Yes,29,Venmo,Weekly,2025
3495,62,Female,Scarf,Accessories,38,Washington,M,Silver,Winter,3.5,No,Free Shipping,No,No,41,PayPal,Quarterly,2025
659,62,Male,Backpack,Accessories,37,Louisiana,S,White,Fall,4.9,Yes,Store Pickup,Yes,Yes,20,Venmo,Weekly,2025
880,62,Male,Skirt,Clothing,76,Wyoming,S,Lavender,Spring,4.1,Yes,Free Shipping,Yes,Yes,14,PayPal,Quarterly,2025
3438,22,Female,Jacket,Outerwear,62,Oklahoma,S,Green,Winter,3.5,No,2-Day Shipping,No,No,50,PayPal,Annually,2025
2697,57,Female,Coat,Outerwear,20,South Dakota,M,White,Spring,4.7,No,Free Shipping,No,No,12,Debit Card,Monthly,2025
574,58,Male,Pants,Clothing,68,California,M,Charcoal,Summer,3.2,Yes,2-Day Shipping,Yes,Yes,23,Credit Card,Bi-Weekly,2025
3823,70,Female,Hat,Accessories,41,Kansas,S,Gold,Spring,3.2,No,Free Shipping,No,No,17,PayPal,Every 3 Months,2025
889,49,Male,Scarf,Accessories,77,New Hampshire,S,Gold,Spring,3.6,Yes,Express,Yes,Yes,44,Cash,Annually,2025
1240,62,Male,Coat,Outerwear,37,New Jersey,XL,Magenta,Spring,4.8,No,Standard,Yes,Yes,32,Debit Card,Every 3 Months,2025
3323,52,Female,Sweater,Clothing,92,Indiana,XL,Orange,Winter,4.6,No,Next Day Air,No,No,43,PayPal,Weekly,2025
1560,43,Male,Scarf,Accessories,94,Oregon,L,Beige,Fall,4.5,No,Store Pickup,Yes,Yes,23,PayPal,Fortnightly,2025
3354,31,Female,Dress,Clothing,66,Ohio,L,Teal,Fall,4.6,No,Free Shipping,No,No,19,Credit Card,Every 3 Months,2025
3090,50,Female,Sandals,Footwear,21,North Carolina,L,Blue,Fall,4.6,No,Free Shipping,No,No,23,Cash,Bi-Weekly,2025
1795,60,Male,Backpack,Accessories,40,Ohio,L,Indigo,Spring,3.7,No,Express,No,No,21,Debit Card,Fortnightly,2025
3302,36,Female,Pants,Clothing,58,Oklahoma,XL,Charcoal,Summer,2.5,No,Free Shipping,No,No,31,Credit Card,Fortnightly,2025
397,46,Male,Dress,Clothing,88,South Carolina,S,Black,Fall,3.9,Yes,Standard,Yes,Yes,24,Bank Transfer,Annually,2025
1715,30,Male,Jeans,Clothing,71,South Dakota,S,Charcoal,Summer,4.4,No,Standard,No,No,15,Cash,Monthly,2025
1806,41,Male,T-shirt,Clothing,62,Arizona,L,Gold,Spring,4.9,No,Store Pickup,No,No,46,Debit Card,Weekly,2025
1846,51,Male,Sandals,Footwear,78,Delaware,M,Orange,Winter,2.8,No,2-Day Shipping,No,No,39,Bank Transfer,Quarterly,2025
440,62,Male,Jacket,Outerwear,50,Idaho,M,Turquoise,Summer,3.4,Yes,Free Shipping,Yes,Yes,31,Cash,Monthly,2025
3769,50,Female,Sweater,Clothing,35,Vermont,M,Yellow,Winter,4.0,No,Free Shipping,No,No,34,Bank Transfer,Quarterly,2025
2203,42,Male,Dress,Clothing,36,Alabama,M,Red,Summer,4.3,No,Next Day Air,No,No,23,Credit Card,Weekly,2025
1645,68,Male,Coat,Outerwear,90,North Carolina,S,Beige,Summer,3.9,No,Next Day Air,Yes,Yes,21,Debit Card,Monthly,2025
2317,28,Male,Sneakers,Footwear,39,Montana,L,Yellow,Winter,3.8,No,Standard,No,No,7,Debit Card,Annually,2025
1655,43,Male,Belt,Accessories,25,Indiana,L,Gray,Spring,2.6,No,Store Pickup,Yes,Yes,14,Credit Card,Quarterly,2025
2919,19,Female,Sunglasses,Accessories,73,New York,S,Black,Fall,4.9,No,Free Shipping,No,No,36,Cash,Weekly,2025
2092,26,Male,Jeans,Clothing,97,Washington,XL,Beige,Fall,3.0,No,Next Day Air,No,No,24,Bank Transfer,Quarterly,2025
3106,48,Female,Skirt,Clothing,33,Oregon,M,Olive,Fall,2.7,No,Express,No,No,17,Debit Card,Monthly,2025
3575,29,Female,Socks,Clothing,70,New York,M,Cyan,Fall,4.9,No,Express,No,No,39,Bank Transfer,Quarterly,2025
3308,18,Female,Scarf,Accessories,36,Pennsylvania,S,Green,Winter,4.0,No,Store Pickup,No,No,1,Cash,Monthly,2025
2394,58,Male,Socks,Clothing,97,Louisiana,M,Brown,Winter,5.0,No,2-Day Shipping,No,No,38,PayPal,Every 3 Months,2025
547,62,Male,Hoodie,Clothing,74,New Mexico,M,Brown,Winter,3.4,Yes,Free Shipping,Yes,Yes,45,Venmo,Bi-Weekly,2025
2578,52,Male,Socks,Clothing,39,Minnesota,L,Black,Fall,4.5,No,Next Day Air,No,No,37,Bank Transfer,Monthly,2025
2468,27,Male,Shorts,Clothing,72,New Jersey,M,Lavender,Spring,3.6,No,Express,No,No,28,Credit Card,Annually,2025
3343,66,Female,Jacket,Outerwear,81,New Jersey,M,Violet,Spring,3.8,No,Free Shipping,No,No,45,Credit Card,Weekly,2025
2693,40,Female,Sneakers,Footwear,90,Washington,XL,Violet,Spring,4.2,No,Free Shipping,No,No,18,Debit Card,Every 3 Months,2025
3745,24,Female,Hoodie,Clothing,51,New Jersey,M,Gray,Summer,2.7,No,Next Day Air,No,No,26,Bank Transfer,Fortnightly,2025
2312,27,Male,Sneakers,Footwear,28,Montana,L,Gold,Spring,4.8,No,2-Day Shipping,No,No,10,Bank Transfer,Every 3 Months,2025
3167,19,Female,Shirt,Clothing,80,Georgia,M,Gold,Winter,2.7,No,Next Day Air,No,No,37,Bank Transfer,Fortnightly,2025
2128,70,Male,Boots,Footwear,45,North Carolina,M,Indigo,Spring,4.5,No,2-Day Shipping,No,No,40,Debit Card,Weekly,2025
400,60,Male,Scarf,Accessories,35,Idaho,L,Blue,Fall,3.5,Yes,2-Day Shipping,Yes,Yes,10,Debit Card,Monthly,2025
1052,45,Male,Socks,Clothing,53,Ohio,M,Indigo,Fall,2.6,Yes,Free Shipping,Yes,Yes,39,PayPal,Annually,2025
2964,52,Female,Boots,Footwear,97,Maine,M,Brown,Spring,3.6,No,Free Shipping,No,No,28,Credit Card,Weekly,2025
2421,41,Male,Jacket,Outerwear,87,North Carolina,S,Green,Winter,4.2,No,Free Shipping,No,No,28,PayPal,Annually,2025
2346,28,Male,T-shirt,Clothing,32,New York,S,Orange,Winter,3.3,No,Express,No,No,23,Bank Transfer,Every 3 Months,2025
1198,54,Male,Sneakers,Footwear,92,Vermont,L,Violet,Fall,3.9,No,Standard,Yes,Yes,26,PayPal,Annually,2025
2423,30,Male,Jewelry,Accessories,82,Georgia,M,Peach,Winter,4.8,No,Store Pickup,No,No,45,Credit Card,Weekly,2025
1820,51,Male,Socks,Clothing,86,Nevada,S,Peach,Spring,4.5,No,Next Day Air,No,No,50,Cash,Quarterly,2025
1755,66,Male,Dress,Clothing,93,Massachusetts,S,Beige,Fall,3.8,No,2-Day Shipping,No,No,18,Credit Card,Fortnightly,2025
3691,24,Female,Blouse,Clothing,23,Kansas,S,Violet,Fall,3.7,No,Store Pickup,No,No,4,Bank Transfer,Bi-Weekly,2025
267,51,Male,Jewelry,Accessories,75,Louisiana,L,White,Summer,3.1,Yes,Express,Yes,Yes,32,Credit Card,Weekly,2025
1997,67,Male,Sneakers,Footwear,27,South Dakota,L,Indigo,Summer,3.3,No,Next Day Air,No,No,18,Cash,Every 3 Months,2025
2841,40,Female,T-shirt,Clothing,47,West Virginia,L,Pink,Spring,3.5,No,Store Pickup,No,No,41,Cash,Annually,2025
1161,37,Male,Scarf,Accessories,42,North Dakota,S,Blue,Summer,3.2,No,Next Day Air,Yes,Yes,9,Venmo,Bi-Weekly,2025
1196,25,Male,Scarf,Accessories,95,Texas,M,White,Winter,4.0,No,2-Day Shipping,Yes,Yes,33,Venmo,Monthly,2025
1585,41,Male,Blouse,Clothing,95,Hawaii,S,Silver,Spring,3.1,No,Store Pickup,Yes,Yes,46,Credit Card,Quarterly,2025
590,28,Male,Shirt,Clothing,70,Minnesota,M,Orange,Fall,3.4,Yes,2-Day Shipping,Yes,Yes,40,PayPal,Annually,2025
3406,28,Female,Blouse,Clothing,87,Washington,M,White,Summer,4.2,No,Store Pickup,No,No,47,Bank Transfer,Bi-Weekly,2025
1168,60,Male,Socks,Clothing,83,New Jersey,XL,Beige,Summer,3.6,No,Free Shipping,Yes,Yes,16,PayPal,Quarterly,2025
1007,21,Male,Pants,Clothing,83,Michigan,S,Lavender,Summer,4.5,Yes,Next Day Air,Yes,Yes,50,Venmo,Quarterly,2025
3443,28,Female,Skirt,Clothing,78,Michigan,M,Violet,Spring,4.3,No,Next Day Air,No,No,12,PayPal,Weekly,2025
3811,46,Female,Skirt,Clothing,79,Wisconsin,L,Peach,Fall,3.9,No,Free Shipping,No,No,29,Venmo,Monthly,2025
1601,20,Male,Boots,Footwear,26,Montana,S,Yellow,Spring,4.7,No,Next Day Air,Yes,Yes,24,PayPal,Weekly,2025
456,54,Male,Blouse,Clothing,100,Utah,XL,Gold,Fall,3.6,Yes,Store Pickup,Yes,Yes,50,Debit Card,Fortnightly,2025
1112,22,Male,Shoes,Footwear,66,New York,S,Olive,Summer,4.1,No,Next Day Air,Yes,Yes,4,Credit Card,Bi-Weekly,2025
2058,66,Male,Socks,Clothing,37,South Dakota,L,Yellow,Spring,4.2,No,Standard,No,No,5,PayPal,Every 3 Months,2025
1020,32,Male,Shirt,Clothing,76,Kentucky,S,Beige,Winter,2.8,Yes,Standard,Yes,Yes,33,Venmo,Bi-Weekly,2025
1499,59,Male,Sweater,Clothing,32,Illinois,M,Teal,Summer,3.1,No,Standard,Yes,Yes,46,Venmo,Fortnightly,2025
175,41,Male,Shoes,Footwear,35,Vermont,L,Brown,Winter,3.5,Yes,Express,Yes,Yes,37,Venmo,Annually,2025
1423,44,Male,Dress,Clothing,27,Texas,L,Charcoal,Fall,3.4,No,Free Shipping,Yes,Yes,3,PayPal,Bi-Weekly,2025
3785,54,Female,Socks,Clothing,53,Virginia,M,Violet,Winter,4.5,No,Next Day Air,No,No,4,Venmo,Annually,2025
2669,59,Female,Coat,Outerwear,75,Texas,M,Black,Summer,4.8,No,Next Day Air,No,No,9,PayPal,Quarterly,2025
306,60,Male,Sweater,Clothing,59,Utah,M,Teal,Fall,3.5,Yes,2-Day Shipping,Yes,Yes,26,PayPal,Annually,2025
1562,50,Male,Scarf,Accessories,38,Mississippi,M,Indigo,Summer,3.8,No,Standard,Yes,Yes,2,Bank Transfer,Quarterly,2025
2692,43,Female,Pants,Clothing,25,Nebraska,L,Blue,Winter,3.3,No,2-Day Shipping,No,No,48,Cash,Monthly,2025
3102,32,Female,Jewelry,Accessories,82,Idaho,S,Brown,Summer,2.7,No,Express,No,No,9,PayPal,Fortnightly,2025
1338,37,Male,Sweater,Clothing,86,Tennessee,L,Silver,Spring,3.4,No,Express,Yes,Yes,19,Credit Card,Bi-Weekly,2025
3077,66,Female,Handbag,Accessories,46,New Hampshire,M,Blue,Summer,3.6,No,Express,No,No,13,Venmo,Bi-Weekly,2025
3772,21,Female,T-shirt,Clothing,86,Oklahoma,M,Red,Winter,2.6,No,Express,No,No,28,Venmo,Bi-Weekly,2025
1862,29,Male,Sneakers,Footwear,60,South Dakota,S,Peach,Fall,3.6,No,Standard,No,No,19,Debit Card,Monthly,2025
431,24,Male,Shirt,Clothing,40,Texas,M,Brown,Summer,3.5,Yes,Store Pickup,Yes,Yes,40,Debit Card,Annually,2025
2749,24,Female,Jacket,Outerwear,98,Virginia,L,Turquoise,Spring,3.0,No,Free Shipping,No,No,16,Venmo,Annually,2025
3613,47,Female,Sandals,Footwear,29,Michigan,M,Teal,Summer,3.6,No,Standard,No,No,26,Cash,Every 3 Months,2025
3897,52,Female,Backpack,Accessories,49,Iowa,L,White,Spring,4.5,No,Store Pickup,No,No,41,Bank Transfer,Bi-Weekly,2025
2406,69,Male,Jeans,Clothing,97,California,XL,Silver,Fall,5.0,No,Standard,No,No,5,Debit Card,Quarterly,2025
3603,58,Female,Skirt,Clothing,36,Wyoming,S,Magenta,Summer,3.3,No,Store Pickup,No,No,40,Debit Card,Quarterly,2025
2569,52,Male,T-shirt,Clothing,98,Texas,XL,Green,Winter,4.3,No,Express,No,No,29,PayPal,Fortnightly,2025
246,49,Male,Sandals,Footwear,53,Rhode Island,L,Charcoal,Summer,3.3,Yes,Next Day Air,Yes,Yes,45,Venmo,Fortnightly,2025
175,41,Male,Shoes,Footwear,35,Vermont,L,Brown,Winter,3.5,Yes,Express,Yes,Yes,37,Venmo,Annually,2025
1818,32,Male,T-shirt,Clothing,27,Delaware,M,White,Summer,4.7,No,Free Shipping,No,No,20,Cash,Weekly,2025
3235,49,Female,Jewelry,Accessories,96,Washington,M,Black,Winter,2.5,No,2-Day Shipping,No,No,16,Debit Card,Quarterly,2025
266,32,Male,Backpack,Accessories,59,Michigan,M,Gray,Spring,3.2,Yes,2-Day Shipping,Yes,Yes,17,Bank Transfer,Bi-Weekly,2025
2878,32,Female,Socks,Clothing,46,New Jersey,M,Silver,Summer,3.6,No,Standard,No,No,34,Venmo,Monthly,2025
2773,18,Female,Backpack,Accessories,94,Pennsylvania,L,Blue,Spring,3.5,No,Store Pickup,No,No,10,Bank Transfer,Every 3 Months,2025
3301,26,Female,Hat,Accessories,80,Oklahoma,M,Charcoal,Spring,4.0,No,Express,No,No,40,Bank Transfer,Bi-Weekly,2025
126,49,Male,Shorts,Clothing,54,California,M,Indigo,Winter,3.6,Yes,Next Day Air,Yes,Yes,45,Venmo,Every 3 Months,2025
3401,39,Female,Sunglasses,Accessories,51,Nevada,M,Lavender,Fall,4.8,No,Free Shipping,No,No,18,Venmo,Fortnightly,2025
2792,43,Female,Gloves,Accessories,60,Iowa,M,Yellow,Fall,2.8,No,Express,No,No,14,Venmo,Fortnightly,2025
3534,50,Female,Sneakers,Footwear,98,Texas,L,Yellow,Fall,4.7,No,Standard,No,No,30,Venmo,Fortnightly,2025
3322,32,Female,Coat,Outerwear,100,Maine,S,Charcoal,Winter,4.3,No,Next Day Air,No,No,3,Venmo,Annually,2025
1080,18,Male,Coat,Outerwear,33,Oklahoma,S,Blue,Summer,4.4,No,Free Shipping,Yes,Yes,48,Bank Transfer,Monthly,2025
1250,62,Male,Boots,Footwear,50,Oregon,M,Peach,Winter,4.5,No,Express,Yes,Yes,48,Venmo,Fortnightly,2025
3093,52,Female,Sunglasses,Accessories,54,Utah,L,Silver,Fall,3.5,No,Next Day Air,No,No,14,Bank Transfer,Bi-Weekly,2025
1752,57,Male,Sweater,Clothing,40,Ohio,M,Silver,Winter,3.2,No,2-Day Shipping,No,No,34,Cash,Annually,2025
1912,65,Male,Jewelry,Accessories,81,Arizona,M,Gray,Spring,4.9,No,Express,No,No,32,Debit Card,Bi-Weekly,2025
286,29,Male,Handbag,Accessories,39,Kentucky,XL,Yellow,Summer,4.8,Yes,Express,Yes,Yes,3,Debit Card,Bi-Weekly,2025
1636,68,Male,Sunglasses,Accessories,24,North Carolina,L,Violet,Summer,3.2,No,Standard,Yes,Yes,40,Cash,Annually,2025
2119,60,Male,Socks,Clothing,44,Georgia,M,Olive,Fall,4.2,No,2-Day Shipping,No,No,28,Debit Card,Quarterly,2025
3522,52,Female,Shoes,Footwear,50,Maryland,M,Pink,Winter,3.7,No,Store Pickup,No,No,35,Venmo,Weekly,2025
39,29,Male,Dress,Clothing,37,Florida,M,Red,Winter,3.7,Yes,2-Day Shipping,Yes,Yes,44,Venmo,Every 3 Months,2025
1021,24,Male,Scarf,Accessories,95,Delaware,M,Black,Fall,4.5,Yes,Express,Yes,Yes,41,Debit Card,Annually,2025
1211,34,Male,Sunglasses,Accessories,78,Missouri,M,Olive,Fall,4.1,No,Next Day Air,Yes,Yes,5,Cash,Quarterly,2025
534,57,Male,Sandals,Footwear,60,North Carolina,L,Pink,Spring,4.5,Yes,Next Day Air,Yes,Yes,17,Debit Card,Weekly,2025
3006,18,Female,Shorts,Clothing,65,Alaska,XL,Brown,Spring,3.5,No,Express,No,No,5,Venmo,Weekly,2025
444,22,Male,Sunglasses,Accessories,67,Hawaii,M,Magenta,Summer,3.6,Yes,Free Shipping,Yes,Yes,24,PayPal,Annually,2025
1433,34,Male,Hat,Accessories,33,Florida,L,Black,Winter,4.4,No,Express,Yes,Yes,32,Debit Card,Quarterly,2025
1196,25,Male,Scarf,Accessories,95,Texas,M,White,Winter,4.0,No,2-Day Shipping,Yes,Yes,33,Venmo,Monthly,2025
1372,40,Male,Pants,Clothing,64,Mississippi,M,Charcoal,Spring,2.8,No,Store Pickup,Yes,Yes,42,Credit Card,Monthly,2025
3595,19,Female,Scarf,Accessories,87,Alabama,L,Charcoal,Summer,2.6,No,2-Day Shipping,No,No,29,Venmo,Quarterly,2025
3797,40,Female,Shorts,Clothing,81,Utah,M,Lavender,Fall,3.2,No,Free Shipping,No,No,47,Bank Transfer,Quarterly,2025
3403,22,Female,Hoodie,Clothing,61,Louisiana,M,Black,Spring,4.4,No,2-Day Shipping,No,No,11,PayPal,Every 3 Months,2025
3871,61,Female,Sandals,Footwear,46,Ohio,L,Lavender,Fall,3.2,No,Next Day Air,No,No,19,Cash,Every 3 Months,2025
1439,58,Male,Coat,Outerwear,38,Washington,M,Cyan,Spring,2.9,No,Standard,Yes,Yes,24,Debit Card,Monthly,2025
3515,25,Female,Sneakers,Footwear,50,Georgia,XL,Gray,Winter,4.7,No,Express,No,No,32,Cash,Monthly,2025
1273,35,Male,Sandals,Footwear,80,Wisconsin,M,Orange,Winter,4.4,No,Express,Yes,Yes,16,Bank Transfer,Monthly,2025
3503,31,Female,Backpack,Accessories,62,Massachusetts,M,Green,Fall,4.7,No,Next Day Air,No,No,26,Bank Transfer,Quarterly,2025
340,40,Male,Shorts,Clothing,33,Pennsylvania,M,Teal,Spring,3.8,Yes,2-Day Shipping,Yes,Yes,21,Credit Card,Every 3 Months,2025
3879,60,Female,Hat,Accessories,42,South Carolina,M,Pink,Summer,3.4,No,2-Day Shipping,No,No,24,Credit Card,Annually,2025
743,64,Male,Pants,Clothing,39,Nevada,M,Charcoal,Summer,3.1,Yes,Express,Yes,Yes,21,Debit Card,Quarterly,2025
2652,51,Male,Sneakers,Footwear,43,Tennessee,M,Cyan,Summer,4.6,No,Store Pickup,No,No,27,PayPal,Quarterly,2025
671,63,Male,Sweater,Clothing,41,Louisiana,XL,Purple,Spring,4.8,Yes,Next Day Air,Yes,Yes,37,Cash,Bi-Weekly,2025
2773,18,Female,Backpack,Accessories,94,Pennsylvania,L,Blue,Spring,3.5,No,Store Pickup,No,No,10,Bank Transfer,Every 3 Months,2025
2308,28,Male,Skirt,Clothing,96,Missouri,L,Green,Fall,3.5,No,Next Day Air,No,No,30,Debit Card,Annually,2025
1828,20,Male,T-shirt,Clothing,36,Vermont,S,Pink,Spring,4.9,No,2-Day Shipping,No,No,31,Bank Transfer,Weekly,2025
1615,30,Male,T-shirt,Clothing,41,Kansas,S,Gray,Summer,3.4,No,Free Shipping,Yes,Yes,22,Cash,Bi-Weekly,2025
2442,45,Male,Jewelry,Accessories,36,California,M,Black,Fall,4.7,No,Free Shipping,No,No,5,Credit Card,Monthly,2025
1894,28,Male,Dress,Clothing,20,Delaware,L,Red,Summer,3.7,No,Express,No,No,10,PayPal,Fortnightly,2025
782,30,Male,Scarf,Accessories,44,Vermont,L,Indigo,Winter,3.0,Yes,Store Pickup,Yes,Yes,12,Credit Card,Fortnightly,2025
3106,48,Female,Skirt,Clothing,33,Oregon,M,Olive,Fall,2.7,No,Express,No,No,17,Debit Card,Monthly,2025
350,37,Male,Hat,Accessories,87,Arizona,M,Green,Winter,3.7,Yes,2-Day Shipping,Yes,Yes,3,Bank Transfer,Bi-Weekly,2025
1926,59,Male,Sneakers,Footwear,32,Utah,L,Black,Winter,2.9,No,Express,No,No,44,Credit Card,Fortnightly,2025
1357,49,Male,Jacket,Outerwear,61,Indiana,M,Cyan,Spring,4.0,No,Free Shipping,Yes,Yes,34,Bank Transfer,Annually,2025
682,30,Male,Shirt,Clothing,59,Louisiana,XL,Purple,Winter,3.8,Yes,2-Day Shipping,Yes,Yes,24,Credit Card,Every 3 Months,2025
1541,28,Male,Shorts,Clothing,95,Colorado,M,Red,Winter,2.9,No,Next Day Air,Yes,Yes,14,Bank Transfer,Monthly,2025
3418,54,Female,Coat,Outerwear,35,Massachusetts,M,Blue,Summer,2.9,No,2-Day Shipping,No,No,22,Debit Card,Fortnightly,2025
1093,68,Male,Jewelry,Accessories,50,South Dakota,L,Magenta,Spring,4.1,No,2-Day Shipping,Yes,Yes,20,Venmo,Quarterly,2025
729,29,Male,Jeans,Clothing,78,Nebraska,M,Pink,Winter,3.7,Yes,Next Day Air,Yes,Yes,12,PayPal,Every 3 Months,2025
1782,31,Male,T-shirt,Clothing,33,Iowa,M,Pink,Fall,3.7,No,Express,No,No,49,Bank Transfer,Quarterly,2025
3218,44,Female,Sunglasses,Accessories,58,Oregon,M,Silver,Fall,3.4,No,Express,No,No,46,Venmo,Weekly,2025
3749,34,Female,Backpack,Accessories,25,Delaware,M,Violet,Fall,3.9,No,2-Day Shipping,No,No,3,Venmo,Annually,2025
1510,20,Male,Dress,Clothing,54,New Hampshire,XL,White,Summer,4.6,No,Free Shipping,Yes,Yes,44,Debit Card,Annually,2025
1609,26,Male,Sandals,Footwear,58,Nebraska,XL,Cyan,Fall,4.6,No,Next Day Air,Yes,Yes,12,Bank Transfer,Bi-Weekly,2025
1243,56,Male,Socks,Clothing,27,Nevada,M,Lavender,Summer,4.0,No,Next Day Air,Yes,Yes,15,Bank Transfer,Quarterly,2025
2401,43,Male,Sunglasses,Accessories,88,Oregon,M,Peach,Winter,4.2,No,Next Day Air,No,No,11,Credit Card,Bi-Weekly,2025
1111,28,Male,Hoodie,Clothing,61,Texas,L,Cyan,Fall,3.0,No,Standard,Yes,Yes,31,Cash,Bi-Weekly,2025
3499,47,Female,Sandals,Footwear,35,Kentucky,M,Lavender,Summer,3.8,No,Standard,No,No,2,Bank Transfer,Bi-Weekly,2025
1641,65,Male,Scarf,Accessories,51,Tennessee,S,Magenta,Spring,4.0,No,2-Day Shipping,Yes,Yes,13,PayPal,Weekly,2025
1800,32,Male,Hoodie,Clothing,48,California,M,Charcoal,Fall,3.9,No,Express,No,No,47,Venmo,Weekly,2025
384,50,Male,Sunglasses,Accessories,77,West Virginia,S,Magenta,Fall,2.9,Yes,Standard,Yes,Yes,6,PayPal,Quarterly,2025
114,44,Male,Hat,Accessories,54,New Jersey,L,Maroon,Winter,3.1,Yes,Next Day Air,Yes,Yes,20,PayPal,Quarterly,2025
3313,55,Female,Sneakers,Footwear,75,Louisiana,L,Black,Summer,3.9,No,Next Day Air,No,No,45,Cash,Quarterly,2025
536,56,Male,T-shirt,Clothing,45,West Virginia,L,Maroon,Spring,3.2,Yes,Free Shipping,Yes,Yes,24,Bank Transfer,Weekly,2025
659,62,Male,Backpack,Accessories,37,Louisiana,S,White,Fall,4.9,Yes,Store Pickup,Yes,Yes,20,Venmo,Weekly,2025
2637,41,Male,Jacket,Outerwear,40,Utah,S,Magenta,Winter,4.2,No,Store Pickup,No,No,6,Venmo,Annually,2025
2984,60,Female,Pants,Clothing,44,West Virginia,M,Charcoal,Winter,2.8,No,2-Day Shipping,No,No,1,Credit Card,Quarterly,2025
477,21,Male,Scarf,Accessories,90,Connecticut,M,Magenta,Spring,3.5,Yes,Free Shipping,Yes,Yes,2,Debit Card,Fortnightly,2025
1438,69,Male,Boots,Footwear,97,Montana,XL,Orange,Winter,4.2,No,Free Shipping,Yes,Yes,14,Cash,Annually,2025
3772,21,Female,T-shirt,Clothing,86,Oklahoma,M,Red,Winter,2.6,No,Express,No,No,28,Venmo,Bi-Weekly,2025
2000,39,Male,Socks,Clothing,89,Tennessee,L,Indigo,Winter,4.6,No,2-Day Shipping,No,No,26,Debit Card,Monthly,2025
506,61,Male,T-shirt,Clothing,63,Maine,L,Gray,Spring,4.3,Yes,Express,Yes,Yes,9,Cash,Bi-Weekly,2025
975,69,Male,Skirt,Clothing,90,North Carolina,M,Beige,Spring,3.6,Yes,2-Day Shipping,Yes,Yes,23,Bank Transfer,Monthly,2025
795,69,Male,Backpack,Accessories,50,Kentucky,XL,Yellow,Winter,4.2,Yes,Store Pickup,Yes,Yes,10,Debit Card,Fortnightly,2025
1928,40,Male,Pants,Clothing,29,Florida,M,Pink,Summer,2.9,No,Standard,No,No,8,Cash,Every 3 Months,2025
298,48,Male,Shoes,Footwear,26,Delaware,XL,Purple,Summer,4.4,Yes,Standard,Yes,Yes,4,Credit Card,Bi-Weekly,2025
2990,46,Female,Belt,Accessories,20,Rhode Island,XL,Teal,Summer,4.3,No,2-Day Shipping,No,No,6,Credit Card,Weekly,2025
1959,39,Male,Shorts,Clothing,67,Nevada,M,Gray,Winter,2.7,No,Store Pickup,No,No,47,Cash,Quarterly,2025
392,37,Male,Sweater,Clothing,86,Minnesota,L,Gray,Spring,4.8,Yes,Standard,Yes,Yes,25,Cash,Fortnightly,2025
2733,21,Female,Socks,Clothing,75,Delaware,L,Orange,Winter,4.2,No,Store Pickup,No,No,27,Debit Card,Every 3 Months,2025
3422,57,Female,Shoes,Footwear,30,New Jersey,M,Maroon,Summer,2.9,No,Free Shipping,No,No,27,PayPal,Weekly,2025
2522,29,Male,Handbag,Accessories,33,Minnesota,M,Magenta,Fall,4.4,No,Standard,No,No,18,PayPal,Every 3 Months,2025
818,25,Male,Handbag,Accessories,21,Nevada,S,Gray,Spring,4.7,Yes,Store Pickup,Yes,Yes,30,PayPal,Fortnightly,2025
3495,62,Female,Scarf,Accessories,38,Washington,M,Silver,Winter,3.5,No,Free Shipping,No,No,41,PayPal,Quarterly,2025
1360,27,Male,Hoodie,Clothing,68,North Carolina,S,Cyan,Winter,4.3,No,Store Pickup,Yes,Yes,26,Bank Transfer,Fortnightly,2025
3023,58,Female,Sandals,Footwear,26,Georgia,M,Lavender,Fall,4.0,No,Free Shipping,No,No,23,PayPal,Weekly,2025
706,25,Male,Pants,Clothing,90,Arkansas,XL,Indigo,Summer,4.5,Yes,Free Shipping,Yes,Yes,49,Cash,Quarterly,2025
722,43,Male,Blouse,Clothing,57,California,L,Silver,Summer,4.4,Yes,Next Day Air,Yes,Yes,41,Debit Card,Every 3 Months,2025
2665,22,Female,Jewelry,Accessories,84,Illinois,L,Silver,Winter,3.2,No,Store Pickup,No,No,37,PayPal,Weekly,2025
3467,49,Female,Socks,Clothing,42,Maryland,S,Purple,Summer,4.6,No,Standard,No,No,43,Bank Transfer,Annually,2025
393,26,Male,T-shirt,Clothing,82,Idaho,XL,Black,Spring,3.3,Yes,Next Day Air,Yes,Yes,38,Credit Card,Annually,2025
3235,49,Female,Jewelry,Accessories,96,Washington,M,Black,Winter,2.5,No,2-Day Shipping,No,No,16,Debit Card,Quarterly,2025
2464,60,Male,Blouse,Clothing,21,Mississippi,XL,Indigo,Summer,3.3,No,Standard,No,No,25,Cash,Bi-Weekly,2025
92,44,Male,Scarf,Accessories,99,South Carolina,S,Green,Winter,4.6,Yes,Standard,Yes,Yes,18,Credit Card,Every 3 Months,2025
1889,62,Male,Hoodie,Clothing,89,South Dakota,XL,Turquoise,Winter,3.4,No,Free Shipping,No,No,48,Credit Card,Weekly,2025
2436,21,Male,Sneakers,Footwear,27,Hawaii,S,Black,Fall,4.5,No,Free Shipping,No,No,29,Cash,Bi-Weekly,2025
2436,21,Male,Sneakers,Footwear,27,Hawaii,S,Black,Fall,4.5,No,Free Shipping,No,No,29,Cash,Bi-Weekly,2025
2370,24,Male,Sweater,Clothing,23,Vermont,M,Cyan,Winter,4.6,No,Standard,No,No,24,PayPal,Monthly,2025
2656,26,Female,Sunglasses,Accessories,83,Wyoming,M,Gray,Summer,3.4,No,Standard,No,No,2,Credit Card,Fortnightly,2025
2048,58,Male,Jewelry,Accessories,82,Connecticut,M,Silver,Summer,3.1,No,Store Pickup,No,No,32,Cash,Annually,2025
762,57,Male,Jewelry,Accessories,91,Nevada,L,Yellow,Fall,4.2,Yes,Express,Yes,Yes,26,Bank Transfer,Weekly,2025
1411,61,Male,Hat,Accessories,93,Tennessee,M,Purple,Summer,4.0,No,Store Pickup,Yes,Yes,18,Debit Card,Annually,2025
3165,40,Female,Dress,Clothing,32,Arizona,L,Silver,Winter,2.6,No,Standard,No,No,16,Credit Card,Annually,2025
1611,20,Male,Socks,Clothing,31,Tennessee,L,Purple,Spring,3.4,No,2-Day Shipping,Yes,Yes,1,PayPal,Annually,2025
1248,65,Male,T-shirt,Clothing,99,Virginia,M,Charcoal,Spring,3.5,No,Express,Yes,Yes,18,Venmo,Bi-Weekly,2025
2558,70,Male,Shorts,Clothing,23,Oklahoma,L,Cyan,Spring,3.9,No,Standard,No,No,17,PayPal,Fortnightly,2025
3087,47,Female,Handbag,Accessories,73,Utah,M,Lavender,Summer,3.5,No,Next Day Air,No,No,26,Venmo,Every 3 Months,2025
3468,18,Female,Scarf,Accessories,45,Texas,M,Charcoal,Fall,5.0,No,Next Day Air,No,No,5,Credit Card,Annually,2025
663,24,Male,Gloves,Accessories,98,Illinois,L,Magenta,Fall,2.8,Yes,Express,Yes,Yes,39,Venmo,Bi-Weekly,2025
3570,35,Female,Sandals,Footwear,94,Alaska,M,Olive,Fall,3.3,No,Express,No,No,9,Bank Transfer,Fortnightly,2025
959,70,Male,Sneakers,Footwear,53,Washington,XL,Beige,Winter,4.4,Yes,Free Shipping,Yes,Yes,31,Credit Card,Bi-Weekly,2025
2869,45,Female,Backpack,Accessories,49,Colorado,M,Black,Winter,2.6,No,Next Day Air,No,No,42,PayPal,Every 3 Months,2025
3327,47,Female,Gloves,Accessories,95,North Dakota,M,Magenta,Summer,4.3,No,Standard,No,No,10,Debit Card,Annually,2025
1575,18,Male,Skirt,Clothing,25,Minnesota,S,Magenta,Spring,4.2,No,Free Shipping,Yes,Yes,32,PayPal,Bi-Weekly,2025
3388,53,Female,Pants,Clothing,78,New Jersey,S,Pink,Spring,3.4,No,2-Day Shipping,No,No,2,Credit Card,Bi-Weekly,2025
2057,55,Male,Backpack,Accessories,46,Minnesota,L,Blue,Spring,4.4,No,2-Day Shipping,No,No,29,PayPal,Monthly,2025
1257,45,Male,Coat,Outerwear,48,West Virginia,S,Olive,Winter,3.6,No,Express,Yes,Yes,4,Cash,Fortnightly,2025
3876,63,Female,Hat,Accessories,51,New Hampshire,M,Pink,Winter,3.3,No,2-Day Shipping,No,No,21,Credit Card,Annually,2025
2269,66,Male,Sweater,Clothing,26,Georgia,L,Charcoal,Spring,2.7,No,2-Day Shipping,No,No,15,Bank Transfer,Monthly,2025
1170,25,Male,Backpack,Accessories,94,Wyoming,S,Gray,Fall,4.5,No,2-Day Shipping,Yes,Yes,3,Cash,Annually,2025
2234,38,Male,Blouse,Clothing,31,Florida,XL,Gray,Summer,4.5,No,Express,No,No,48,Credit Card,Monthly,2025
3298,67,Female,Belt,Accessories,82,West Virginia,M,Violet,Fall,4.1,No,Free Shipping,No,No,47,PayPal,Monthly,2025
1328,52,Male,Coat,Outerwear,40,Florida,M,Turquoise,Winter,2.8,No,Standard,Yes,Yes,37,Cash,Weekly,2025
3004,51,Female,Blouse,Clothing,53,Oregon,M,Brown,Fall,2.8,No,Express,No,No,13,Credit Card,Every 3 Months,2025
2825,39,Female,Hat,Accessories,90,Utah,M,Purple,Fall,4.0,No,Free Shipping,No,No,49,Debit Card,Quarterly,2025
1704,39,Male,Backpack,Accessories,22,California,M,Black,Spring,4.0,No,Next Day Air,No,No,12,Bank Transfer,Annually,2025
692,60,Male,Backpack,Accessories,21,Massachusetts,L,Silver,Summer,2.9,Yes,Standard,Yes,Yes,37,PayPal,Bi-Weekly,2025
2023,59,Male,Jewelry,Accessories,38,Alabama,S,Black,Winter,4.0,No,Store Pickup,No,No,16,Cash,Bi-Weekly,2025
71,22,Male,Belt,Accessories,29,Alabama,M,Magenta,Fall,4.2,Yes,Express,Yes,Yes,32,Debit Card,Every 3 Months,2025
2010,37,Male,Boots,Footwear,99,Alabama,M,Indigo,Summer,3.8,No,Next Day Air,No,No,26,Venmo,Bi-Weekly,2025
1473,39,Male,Hat,Accessories,24,Indiana,L,Turquoise,Spring,3.5,No,Store Pickup,Yes,Yes,11,Cash,Weekly,2025
358,18,Male,Belt,Accessories,56,Arkansas,M,Olive,Spring,4.0,Yes,Standard,Yes,Yes,16,Credit Card,Bi-Weekly,2025
2925,47,Female,Shirt,Clothing,64,Rhode Island,L,Indigo,Winter,3.7,No,Free Shipping,No,No,37,Debit Card,Every 3 Months,2025
681,58,Male,Sneakers,Footwear,25,Tennessee,M,Magenta,Spring,4.2,Yes,Express,Yes,Yes,3,PayPal,Annually,2025
3512,69,Female,Jewelry,Accessories,81,Mississippi,M,Blue,Summer,3.9,No,2-Day Shipping,No,No,21,Credit Card,Every 3 Months,2025
3277,39,Female,Scarf,Accessories,99,South Dakota,M,White,Summer,4.0,No,Store Pickup,No,No,41,PayPal,Every 3 Months,2025
1570,20,Male,Skirt,Clothing,63,Hawaii,M,Orange,Summer,2.9,No,Standard,Yes,Yes,29,Debit Card,Weekly,2025
3812,46,Female,Belt,Accessories,30,Idaho,M,Maroon,Winter,4.0,No,Standard,No,No,14,Cash,Monthly,2025
3174,69,Female,Skirt,Clothing,46,Washington,L,Teal,Summer,4.9,No,Next Day Air,No,No,32,PayPal,Fortnightly,2025
1469,42,Male,Gloves,Accessories,39,Arkansas,S,Silver,Fall,3.9,No,Express,Yes,Yes,46,Cash,Fortnightly,2025
2879,63,Female,Dress,Clothing,86,California,L,Turquoise,Summer,4.3,No,Next Day Air,No,No,13,Bank Transfer,Annually,2025
542,52,Male,Jacket,Outerwear,27,Connecticut,L,Gray,Fall,2.8,Yes,Next Day Air,Yes,Yes,45,Cash,Bi-Weekly,2025
1845,60,Male,Shorts,Clothing,26,South Dakota,M,Purple,Spring,2.7,No,2-Day Shipping,No,No,31,Credit Card,Annually,2025
77,50,Male,Hat,Accessories,43,Delaware,S,Teal,Summer,4.2,Yes,Free Shipping,Yes,Yes,32,Venmo,Monthly,2025
3809,33,Female,Socks,Clothing,28,Washington,M,Pink,Winter,4.7,No,Express,No,No,6,Debit Card,Bi-Weekly,2025
592,47,Male,Backpack,Accessories,37,Kentucky,L,Olive,Fall,4.2,Yes,Store Pickup,Yes,Yes,6,Debit Card,Bi-Weekly,2025
1981,51,Male,Sandals,Footwear,94,Iowa,M,Green,Winter,4.4,No,Store Pickup,No,No,25,PayPal,Fortnightly,2025
1257,45,Male,Coat,Outerwear,48,West Virginia,S,Olive,Winter,3.6,No,Express,Yes,Yes,4,Cash,Fortnightly,2025
587,45,Male,Hoodie,Clothing,20,Wisconsin,S,Blue,Winter,4.9,Yes,2-Day Shipping,Yes,Yes,9,Venmo,Annually,2025
3336,44,Female,Hat,Accessories,94,Texas,XL,Cyan,Winter,3.5,No,Express,No,No,48,Bank Transfer,Quarterly,2025
3887,37,Female,Jewelry,Accessories,92,Iowa,S,Brown,Summer,3.9,No,Express,No,No,40,Debit Card,Quarterly,2025
320,47,Male,Shorts,Clothing,74,Maine,XL,White,Spring,2.6,Yes,Standard,Yes,Yes,1,Cash,Every 3 Months,2025
2532,43,Male,Sandals,Footwear,28,Texas,M,Violet,Summer,4.6,No,Free Shipping,No,No,7,Cash,Every 3 Months,2025
1849,19,Male,Jeans,Clothing,73,Maine,XL,Yellow,Winter,2.7,No,Express,No,No,34,Cash,Every 3 Months,2025
690,19,Male,Hoodie,Clothing,91,Pennsylvania,M,Orange,Summer,4.7,Yes,Express,Yes,Yes,35,Credit Card,Every 3 Months,2025
2756,59,Female,Belt,Accessories,97,Nevada,M,Indigo,Winter,3.3,No,Store Pickup,No,No,18,Credit Card,Annually,2025
2639,22,Male,Shirt,Clothing,34,Hawaii,S,Black,Spring,4.2,No,Store Pickup,No,No,35,Credit Card,Annually,2025
2983,33,Female,Dress,Clothing,45,Wisconsin,M,Orange,Summer,3.6,No,Store Pickup,No,No,4,Credit Card,Weekly,2025
1821,19,Male,Shirt,Clothing,94,Washington,XL,Gold,Fall,5.0,No,Express,No,No,31,PayPal,Monthly,2025
112,26,Male,Belt,Accessories,75,Massachusetts,L,Purple,Summer,5.0,Yes,Free Shipping,Yes,Yes,9,Credit Card,Annually,2025
212,69,Male,Skirt,Clothing,92,South Dakota,L,Maroon,Fall,4.2,Yes,2-Day Shipping,Yes,Yes,45,Debit Card,Fortnightly,2025
1320,65,Male,Sunglasses,Accessories,24,Oklahoma,M,Magenta,Spring,4.0,No,Standard,Yes,Yes,48,Bank Transfer,Weekly,2025
2507,57,Male,Dress,Clothing,82,New York,XL,Orange,Spring,4.4,No,Free Shipping,No,No,19,Venmo,Annually,2025
1883,44,Male,Scarf,Accessories,54,Tennessee,L,Blue,Winter,5.0,No,Store Pickup,No,No,25,Bank Transfer,Quarterly,2025
3040,59,Female,Blouse,Clothing,48,Alabama,L,Blue,Spring,3.2,No,Next Day Air,No,No,31,PayPal,Bi-Weekly,2025
801,32,Male,Socks,Clothing,20,Utah,S,Gold,Summer,2.6,Yes,Free Shipping,Yes,Yes,20,Cash,Every 3 Months,2025
3074,58,Female,Shirt,Clothing,63,Oregon,L,White,Winter,3.6,No,Free Shipping,No,No,7,Debit Card,Bi-Weekly,2025
1815,32,Male,Jeans,Clothing,92,Montana,M,White,Summer,3.8,No,Free Shipping,No,No,24,Cash,Quarterly,2025
178,21,Male,Hoodie,Clothing,42,Kansas,L,Magenta,Fall,3.7,Yes,Next Day Air,Yes,Yes,47,Bank Transfer,Monthly,2025
771,19,Male,Sneakers,Footwear,54,Vermont,M,Gray,Spring,3.3,Yes,Express,Yes,Yes,8,Credit Card,Annually,2025
3333,27,Female,T-shirt,Clothing,23,Washington,M,Silver,Summer,3.1,No,2-Day Shipping,No,No,1,PayPal,Bi-Weekly,2025
942,39,Male,Handbag,Accessories,35,Illinois,L,Black,Winter,4.5,Yes,2-Day Shipping,Yes,Yes,38,PayPal,Every 3 Months,2025
1504,50,Male,Jacket,Outerwear,30,Michigan,M,Maroon,Fall,3.9,No,2-Day Shipping,Yes,Yes,46,Cash,Quarterly,2025
3543,62,Female,Coat,Outerwear,28,Idaho,S,Olive,Spring,4.2,No,Express,No,No,5,Venmo,Weekly,2025
457,50,Male,Blouse,Clothing,96,North Carolina,S,Indigo,Fall,4.0,Yes,2-Day Shipping,Yes,Yes,33,Credit Card,Quarterly,2025
1556,43,Male,Shorts,Clothing,47,Ohio,S,Cyan,Winter,4.5,No,Free Shipping,Yes,Yes,44,Cash,Quarterly,2025
2001,26,Male,Belt,Accessories,27,California,M,Lavender,Winter,3.6,No,2-Day Shipping,No,No,25,Cash,Bi-Weekly,2025
3057,69,Female,Gloves,Accessories,59,New Jersey,M,Beige,Spring,3.8,No,Standard,No,No,15,Cash,Bi-Weekly,2025
2625,19,Male,Dress,Clothing,59,South Dakota,M,Indigo,Summer,3.3,No,Standard,No,No,19,Credit Card,Annually,2025
2738,57,Female,Jewelry,Accessories,76,North Carolina,S,Indigo,Spring,4.4,No,Free Shipping,No,No,35,Cash,Every 3 Months,2025
3340,20,Female,Gloves,Accessories,99,Nebraska,M,Cyan,Fall,3.6,No,Store Pickup,No,No,35,Cash,Fortnightly,2025
2702,49,Female,Sweater,Clothing,30,Idaho,L,Silver,Summer,2.8,No,Store Pickup,No,No,18,Bank Transfer,Fortnightly,2025
55,47,Male,Coat,Outerwear,94,New Mexico,M,Brown,Summer,4.2,Yes,Next Day Air,Yes,Yes,35,Debit Card,Bi-Weekly,2025
3341,42,Female,T-shirt,Clothing,36,Virginia,XL,Maroon,Fall,4.4,No,Free Shipping,No,No,47,Credit Card,Fortnightly,2025
3147,21,Female,Shirt,Clothing,83,Virginia,S,Yellow,Winter,4.9,No,Free Shipping,No,No,19,PayPal,Annually,2025
116,53,Male,Skirt,Clothing,94,Wyoming,M,Gray,Spring,3.8,Yes,Standard,Yes,Yes,48,Debit Card,Every 3 Months,2025
317,36,Male,Handbag,Accessories,22,California,M,Charcoal,Fall,3.3,Yes,Free Shipping,Yes,Yes,46,Venmo,Monthly,2025
1693,56,Male,Handbag,Accessories,75,Utah,M,Beige,Winter,2.6,No,Standard,No,No,33,Cash,Bi-Weekly,2025
2528,19,Male,Pants,Clothing,36,Illinois,M,Gold,Fall,3.6,No,Express,No,No,33,Bank Transfer,Every 3 Months,2025
182,32,Male,Pants,Clothing,61,Massachusetts,M,Beige,Summer,4.7,Yes,Next Day Air,Yes,Yes,4,Bank Transfer,Weekly,2025
2433,59,Male,Jacket,Outerwear,66,Hawaii,M,Peach,Winter,2.8,No,Store Pickup,No,No,43,Venmo,Monthly,2025
1540,32,Male,Belt,Accessories,55,Hawaii,M,Turquoise,Spring,5.0,No,2-Day Shipping,Yes,Yes,19,Cash,Every 3 Months,2025
474,34,Male,Coat,Outerwear,42,West Virginia,L,Olive,Spring,3.9,Yes,Store Pickup,Yes,Yes,29,PayPal,Every 3 Months,2025
844,65,Male,Hoodie,Clothing,80,Pennsylvania,S,Beige,Summer,3.2,Yes,Express,Yes,Yes,6,PayPal,Weekly,2025
3823,70,Female,Hat,Accessories,41,Kansas,S,Gold,Spring,3.2,No,Free Shipping,No,No,17,PayPal,Every 3 Months,2025
2646,23,Male,Scarf,Accessories,81,Louisiana,L,Olive,Spring,4.0,No,Store Pickup,No,No,24,Bank Transfer,Bi-Weekly,2025
2021,41,Male,Sweater,Clothing,23,Pennsylvania,M,Beige,Winter,4.8,No,Next Day Air,No,No,26,Cash,Quarterly,2025
1285,65,Male,Dress,Clothing,93,Arkansas,M,Black,Spring,3.9,No,Express,Yes,Yes,38,PayPal,Fortnightly,2025
1502,37,Male,Jeans,Clothing,55,Alaska,XL,Silver,Spring,2.7,No,Standard,Yes,Yes,13,Debit Card,Every 3 Months,2025
2112,41,Male,Sunglasses,Accessories,85,Missouri,XL,Pink,Spring,2.6,No,Free Shipping,No,No,15,Bank Transfer,Annually,2025
3294,19,Female,Coat,Outerwear,91,West Virginia,M,Gold,Spring,3.5,No,2-Day Shipping,No,No,47,Credit Card,Fortnightly,2025
1916,51,Male,Backpack,Accessories,74,Alabama,M,Magenta,Fall,4.7,No,2-Day Shipping,No,No,44,Cash,Weekly,2025
16,64,Male,Skirt,Clothing,81,Rhode Island,M,Teal,Winter,2.8,Yes,Store Pickup,Yes,Yes,8,PayPal,Monthly,2025
844,65,Male,Hoodie,Clothing,80,Pennsylvania,S,Beige,Summer,3.2,Yes,Express,Yes,Yes,6,PayPal,Weekly,2025
3840,66,Female,Sandals,Footwear,29,Connecticut,M,Peach,Spring,3.9,No,Free Shipping,No,No,14,Venmo,Quarterly,2025
509,27,Male,Jewelry,Accessories,20,Illinois,S,Yellow,Winter,3.7,Yes,Store Pickup,Yes,Yes,31,PayPal,Quarterly,2025
863,19,Male,Coat,Outerwear,84,Arkansas,M,Charcoal,Winter,4.9,Yes,Standard,Yes,Yes,13,PayPal,Fortnightly,2025
3818,66,Female,Scarf,Accessories,91,Missouri,M,Magenta,Fall,2.6,No,Express,No,No,40,PayPal,Annually,2025
784,63,Male,T-shirt,Clothing,65,Louisiana,L,Purple,Winter,4.5,Yes,Next Day Air,Yes,Yes,38,PayPal,Fortnightly,2025
1380,21,Male,T-shirt,Clothing,64,Minnesota,L,Purple,Fall,2.8,No,2-Day Shipping,Yes,Yes,38,Venmo,Bi-Weekly,2025
1868,45,Male,Skirt,Clothing,52,Delaware,M,Brown,Fall,3.4,No,2-Day Shipping,No,No,20,Venmo,Quarterly,2025
1832,62,Male,Blouse,Clothing,71,Maine,M,Cyan,Summer,3.3,No,Free Shipping,No,No,5,Bank Transfer,Every 3 Months,2025
2971,24,Female,Jewelry,Accessories,74,Kansas,M,White,Winter,3.4,No,Free Shipping,No,No,44,Credit Card,Bi-Weekly,2025
2984,60,Female,Pants,Clothing,44,West Virginia,M,Charcoal,Winter,2.8,No,2-Day Shipping,No,No,1,Credit Card,Quarterly,2025
236,43,Male,Sunglasses,Accessories,89,New Jersey,M,Cyan,Winter,3.7,Yes,Free Shipping,Yes,Yes,31,Debit Card,Quarterly,2025
3306,34,Female,Hoodie,Clothing,41,Nebraska,L,Cyan,Summer,4.9,No,Standard,No,No,31,PayPal,Bi-Weekly,2025
3877,60,Female,Shoes,Footwear,85,Wisconsin,S,Cyan,Fall,2.6,No,2-Day Shipping,No,No,7,Cash,Annually,2025
1710,45,Male,Skirt,Clothing,83,Indiana,M,Pink,Winter,3.8,No,Standard,No,No,19,Bank Transfer,Annually,2025
57,41,Male,Backpack,Accessories,73,Mississippi,XL,Brown,Summer,4.7,Yes,Store Pickup,Yes,Yes,46,Credit Card,Weekly,2025
2009,57,Male,Skirt,Clothing,48,Florida,M,Gray,Spring,2.5,No,Free Shipping,No,No,27,PayPal,Every 3 Months,2025
2142,24,Male,Dress,Clothing,98,Kentucky,M,Peach,Winter,4.1,No,2-Day Shipping,No,No,32,PayPal,Annually,2025
3309,55,Female,Jeans,Clothing,70,Utah,M,Pink,Fall,2.6,No,Express,No,No,29,Cash,Monthly,2025
2889,70,Female,Hoodie,Clothing,42,Wisconsin,L,Green,Spring,5.0,No,2-Day Shipping,No,No,25,Debit Card,Quarterly,2025
1712,21,Male,T-shirt,Clothing,93,North Carolina,M,Lavender,Spring,4.7,No,Express,No,No,19,Credit Card,Monthly,2025
537,44,Male,Jacket,Outerwear,84,Illinois,S,Maroon,Fall,4.4,Yes,Store Pickup,Yes,Yes,16,Debit Card,Every 3 Months,2025
1777,56,Male,Jacket,Outerwear,64,Arizona,L,Cyan,Summer,3.4,No,Free Shipping,No,No,10,Venmo,Every 3 Months,2025
3369,30,Female,Sandals,Footwear,25,Nebraska,M,Blue,Spring,4.8,No,Express,No,No,29,Bank Transfer,Every 3 Months,2025
2709,57,Female,Dress,Clothing,94,Alabama,M,Teal,Summer,3.3,No,Store Pickup,No,No,44,Debit Card,Weekly,2025
1419,18,Male,Shirt,Clothing,75,Alabama,M,Violet,Summer,4.1,No,2-Day Shipping,Yes,Yes,23,Venmo,Every 3 Months,2025
3895,66,Female,Skirt,Clothing,78,Connecticut,L,White,Spring,3.9,No,2-Day Shipping,No,No,44,Credit Card,Every 3 Months,2025
1736,58,Male,Dress,Clothing,34,Texas,M,Purple,Winter,3.6,No,Express,No,No,31,Venmo,Annually,2025
1742,41,Male,Pants,Clothing,51,Delaware,XL,Teal,Winter,3.6,No,Next Day Air,No,No,20,Bank Transfer,Monthly,2025
3272,35,Female,Socks,Clothing,55,Nevada,XL,Magenta,Spring,4.4,No,Standard,No,No,30,Credit Card,Weekly,2025
701,57,Male,Pants,Clothing,79,Wisconsin,L,Olive,Winter,4.1,Yes,Standard,Yes,Yes,5,PayPal,Monthly,2025
1335,46,Male,Coat,Outerwear,52,West Virginia,S,White,Spring,4.2,No,Store Pickup,Yes,Yes,12,Venmo,Monthly,2025
411,29,Male,Sweater,Clothing,26,Virginia,L,Lavender,Spring,4.8,Yes,2-Day Shipping,Yes,Yes,1,Credit Card,Quarterly,2025
968,27,Male,Hoodie,Clothing,26,Georgia,S,Silver,Summer,3.7,Yes,Store Pickup,Yes,Yes,4,Cash,Weekly,2025
97,32,Male,Gloves,Accessories,73,Delaware,S,Gold,Spring,3.6,Yes,Express,Yes,Yes,43,Venmo,Every 3 Months,2025
3356,40,Female,Blouse,Clothing,28,Delaware,M,Peach,Spring,2.6,No,Store Pickup,No,No,3,Bank Transfer,Bi-Weekly,2025
2329,45,Male,Pants,Clothing,36,North Dakota,M,Maroon,Fall,2.6,No,Express,No,No,29,Venmo,Bi-Weekly,2025
1609,26,Male,Sandals,Footwear,58,Nebraska,XL,Cyan,Fall,4.6,No,Next Day Air,Yes,Yes,12,Bank Transfer,Bi-Weekly,2025
2512,54,Male,Backpack,Accessories,33,Idaho,M,Cyan,Summer,2.7,No,Store Pickup,No,No,1,PayPal,Quarterly,2025
2572,45,Male,Sunglasses,Accessories,27,Mississippi,L,Black,Winter,3.5,No,Standard,No,No,48,Cash,Fortnightly,2025
2025,62,Male,Socks,Clothing,23,Arkansas,L,Silver,Fall,3.7,No,Express,No,No,39,PayPal,Weekly,2025
2809,49,Female,Skirt,Clothing,62,Tennessee,M,Beige,Spring,3.9,No,Free Shipping,No,No,45,PayPal,Every 3 Months,2025
1319,52,Male,Shorts,Clothing,93,Connecticut,M,Maroon,Spring,2.7,No,Express,Yes,Yes,19,Credit Card,Bi-Weekly,2025
948,57,Male,Blouse,Clothing,32,Indiana,M,Charcoal,Winter,3.9,Yes,Store Pickup,Yes,Yes,6,Cash,Every 3 Months,2025
732,43,Male,Coat,Outerwear,28,Arkansas,M,Red,Spring,3.5,Yes,Free Shipping,Yes,Yes,30,PayPal,Fortnightly,2025
2801,70,Female,Shirt,Clothing,76,Arkansas,L,Violet,Fall,3.4,No,Free Shipping,No,No,14,Cash,Bi-Weekly,2025
668,34,Male,Sunglasses,Accessories,76,Arizona,S,Blue,Winter,2.6,Yes,Standard,Yes,Yes,32,Bank Transfer,Quarterly,2025
2611,66,Male,Jeans,Clothing,93,West Virginia,M,Violet,Spring,3.1,No,Express,No,No,25,Cash,Quarterly,2025
3688,34,Female,Shirt,Clothing,44,Arkansas,L,Lavender,Summer,2.9,No,Next Day Air,No,No,28,Bank Transfer,Every 3 Months,2025
890,59,Male,Belt,Accessories,84,Arizona,S,Olive,Fall,2.8,Yes,Free Shipping,Yes,Yes,50,Venmo,Weekly,2025
860,47,Male,Hoodie,Clothing,73,Wisconsin,M,Teal,Winter,4.0,Yes,Next Day Air,Yes,Yes,7,Debit Card,Monthly,2025
1208,62,Male,Boots,Footwear,90,Washington,M,White,Summer,4.1,No,Next Day Air,Yes,Yes,48,Credit Card,Every 3 Months,2025
429,21,Male,Coat,Outerwear,64,Wyoming,XL,Gold,Winter,2.9,Yes,Free Shipping,Yes,Yes,2,Debit Card,Fortnightly,2025
1975,27,Male,Gloves,Accessories,44,Tennessee,M,Peach,Winter,4.6,No,2-Day Shipping,No,No,2,PayPal,Fortnightly,2025
2610,66,Male,Backpack,Accessories,95,Arkansas,M,Black,Summer,3.0,No,Store Pickup,No,No,18,Debit Card,Bi-Weekly,2025
2,19,Male,Sweater,Clothing,64,Maine,L,Maroon,Winter,3.1,Yes,Express,Yes,Yes,2,Cash,Fortnightly,2025
3506,48,Female,Jewelry,Accessories,42,Indiana,L,Red,Winter,3.7,No,2-Day Shipping,No,No,40,Bank Transfer,Every 3 Months,2025
3485,44,Female,Dress,Clothing,75,Illinois,L,Gray,Fall,4.2,No,Free Shipping,No,No,13,Credit Card,Bi-Weekly,2025
3122,63,Female,Hoodie,Clothing,38,Louisiana,L,Black,Fall,2.6,No,Standard,No,No,16,Venmo,Weekly,2025
3152,52,Female,T-shirt,Clothing,64,New Mexico,L,Orange,Fall,3.1,No,2-Day Shipping,No,No,47,Bank Transfer,Quarterly,2025
3150,18,Female,Belt,Accessories,40,North Carolina,M,Lavender,Winter,4.6,No,Free Shipping,No,No,9,Venmo,Annually,2025
389,22,Male,Handbag,Accessories,82,Washington,M,Orange,Summer,2.7,Yes,Store Pickup,Yes,Yes,10,PayPal,Quarterly,2025
1494,70,Male,Belt,Accessories,44,North Dakota,S,Gold,Fall,2.7,No,Standard,Yes,Yes,44,Credit Card,Quarterly,2025
164,54,Male,Skirt,Clothing,67,Virginia,M,Purple,Summer,3.4,Yes,Standard,Yes,Yes,8,Debit Card,Weekly,2025
135,43,Male,Hat,Accessories,94,Texas,L,Gray,Fall,4.9,Yes,Store Pickup,Yes,Yes,25,Cash,Monthly,2025
1396,47,Male,Scarf,Accessories,32,West Virginia,L,Turquoise,Spring,2.8,No,Next Day Air,Yes,Yes,40,PayPal,Bi-Weekly,2025
2606,41,Male,Hoodie,Clothing,93,Nevada,M,White,Spring,3.7,No,2-Day Shipping,No,No,32,Venmo,Fortnightly,2025
2551,53,Male,Boots,Footwear,52,New Hampshire,XL,Peach,Fall,3.0,No,Store Pickup,No,No,30,Debit Card,Fortnightly,2025
3191,41,Female,Jeans,Clothing,78,California,S,Purple,Fall,3.4,No,Free Shipping,No,No,5,Credit Card,Fortnightly,2025
1492,27,Male,Shirt,Clothing,54,Arkansas,S,Black,Summer,2.7,No,Free Shipping,Yes,Yes,10,Bank Transfer,Quarterly,2025
2976,61,Female,Scarf,Accessories,68,Georgia,XL,Lavender,Winter,4.5,No,2-Day Shipping,No,No,48,Cash,Every 3 Months,2025
3781,54,Female,Sneakers,Footwear,57,Mississippi,L,Yellow,Fall,4.1,No,Free Shipping,No,No,41,Venmo,Quarterly,2025
1512,34,Male,Dress,Clothing,91,Georgia,M,Violet,Winter,3.6,No,Express,Yes,Yes,48,Credit Card,Weekly,2025
2459,66,Male,T-shirt,Clothing,85,Texas,L,Turquoise,Fall,4.6,No,Free Shipping,No,No,17,Bank Transfer,Weekly,2025
3545,64,Female,Socks,Clothing,55,Wisconsin,XL,Charcoal,Fall,3.6,No,2-Day Shipping,No,No,42,Cash,Every 3 Months,2025
2905,41,Female,Sandals,Footwear,41,Iowa,M,Gray,Spring,4.0,No,2-Day Shipping,No,No,43,Venmo,Monthly,2025
3042,48,Female,Handbag,Accessories,79,Rhode Island,M,Orange,Winter,4.0,No,Express,No,No,27,PayPal,Monthly,2025
3658,58,Female,Shoes,Footwear,82,Alabama,L,Gold,Winter,3.7,No,Express,No,No,1,Debit Card,Every 3 Months,2025
462,18,Male,Boots,Footwear,93,Ohio,M,Yellow,Winter,3.9,Yes,Express,Yes,Yes,20,Venmo,Weekly,2025
476,21,Male,Sneakers,Footwear,66,Ohio,L,Magenta,Summer,2.7,Yes,Free Shipping,Yes,Yes,18,Debit Card,Annually,2025
3167,19,Female,Shirt,Clothing,80,Georgia,M,Gold,Winter,2.7,No,Next Day Air,No,No,37,Bank Transfer,Fortnightly,2025
1298,44,Male,Sandals,Footwear,85,New Jersey,M,Silver,Summer,4.6,No,Standard,Yes,Yes,32,Venmo,Annually,2025
2279,61,Male,Gloves,Accessories,25,Maryland,M,Maroon,Fall,3.8,No,Store Pickup,No,No,6,Cash,Every 3 Months,2025
1140,58,Male,Coat,Outerwear,53,Alabama,L,Purple,Spring,3.9,No,Standard,Yes,Yes,42,Debit Card,Bi-Weekly,2025
1664,43,Male,Shirt,Clothing,22,Maine,XL,Gold,Summer,3.5,No,Standard,Yes,Yes,1,Cash,Bi-Weekly,2025
242,36,Male,Hoodie,Clothing,88,Delaware,M,Peach,Winter,4.1,Yes,Free Shipping,Yes,Yes,43,Venmo,Bi-Weekly,2025
1926,59,Male,Sneakers,Footwear,32,Utah,L,Black,Winter,2.9,No,Express,No,No,44,Credit Card,Fortnightly,2025
2818,25,Female,Backpack,Accessories,65,South Carolina,XL,Yellow,Winter,3.4,No,Standard,No,No,6,Venmo,Weekly,2025
2807,45,Female,Blouse,Clothing,39,South Carolina,L,Purple,Spring,2.7,No,Standard,No,No,50,Credit Card,Annually,2025
1551,66,Male,Sunglasses,Accessories,26,Arkansas,S,Black,Summer,2.8,No,Free Shipping,Yes,Yes,40,Bank Transfer,Quarterly,2025
735,65,Male,Shirt,Clothing,69,New Jersey,S,Violet,Winter,3.1,Yes,Express,Yes,Yes,39,Bank Transfer,Every 3 Months,2025
3870,26,Female,Coat,Outerwear,64,Arizona,L,Cyan,Spring,3.8,No,Free Shipping,No,No,28,Bank Transfer,Annually,2025
1592,18,Male,Skirt,Clothing,100,South Dakota,L,Gold,Winter,2.9,No,Next Day Air,Yes,Yes,24,PayPal,Annually,2025
1694,63,Male,Jacket,Outerwear,88,Tennessee,XL,Olive,Fall,4.9,No,Standard,No,No,45,Bank Transfer,Fortnightly,2025
829,24,Male,Socks,Clothing,62,Nevada,M,Peach,Fall,3.7,Yes,2-Day Shipping,Yes,Yes,27,PayPal,Bi-Weekly,2025
2031,66,Male,Sunglasses,Accessories,67,New Mexico,S,Green,Summer,2.8,No,Standard,No,No,38,Credit Card,Monthly,2025
375,69,Male,Jewelry,Accessories,78,Ohio,S,Purple,Spring,5.0,Yes,Store Pickup,Yes,Yes,39,Bank Transfer,Monthly,2025
1712,21,Male,T-shirt,Clothing,93,North Carolina,M,Lavender,Spring,4.7,No,Express,No,No,19,Credit Card,Monthly,2025
1833,69,Male,Jewelry,Accessories,29,Louisiana,M,Blue,Fall,4.6,No,Free Shipping,No,No,48,Cash,Monthly,2025
1599,47,Male,Jewelry,Accessories,85,California,M,Teal,Fall,4.1,No,Express,Yes,Yes,21,Venmo,Bi-Weekly,2025
2127,63,Male,Shoes,Footwear,38,Alabama,XL,Magenta,Winter,4.1,No,Express,No,No,28,Credit Card,Monthly,2025
1444,58,Male,Sandals,Footwear,47,Idaho,L,Teal,Fall,4.2,No,Next Day Air,Yes,Yes,2,Cash,Monthly,2025
2376,60,Male,Backpack,Accessories,63,Virginia,L,Peach,Fall,2.9,No,Next Day Air,No,No,18,Credit Card,Quarterly,2025
3318,21,Female,Hat,Accessories,67,North Carolina,XL,Pink,Summer,4.7,No,Standard,No,No,30,Cash,Quarterly,2025
1602,65,Male,Shirt,Clothing,59,Indiana,XL,Red,Spring,2.9,No,Store Pickup,Yes,Yes,33,Credit Card,Monthly,2025
2961,57,Female,Coat,Outerwear,48,Indiana,S,Olive,Spring,3.6,No,Standard,No,No,47,Credit Card,Weekly,2025
1900,32,Male,Shorts,Clothing,40,New York,L,Maroon,Winter,4.2,No,Store Pickup,No,No,42,PayPal,Weekly,2025
375,69,Male,Jewelry,Accessories,78,Ohio,S,Purple,Spring,5.0,Yes,Store Pickup,Yes,Yes,39,Bank Transfer,Monthly,2025
833,58,Male,Jacket,Outerwear,80,California,L,Blue,Fall,2.5,Yes,Express,Yes,Yes,28,Cash,Bi-Weekly,2025
575,54,Male,Sneakers,Footwear,79,Maine,L,Red,Fall,4.8,Yes,Free Shipping,Yes,Yes,20,Bank Transfer,Bi-Weekly,2025
3296,70,Female,Blouse,Clothing,34,West Virginia,S,Lavender,Summer,2.8,No,Next Day Air,No,No,15,Cash,Weekly,2025
1960,46,Male,Shoes,Footwear,90,Colorado,M,White,Fall,3.1,No,Store Pickup,No,No,7,Credit Card,Every 3 Months,2025
2198,33,Male,Boots,Footwear,88,Pennsylvania,M,Indigo,Summer,3.7,No,2-Day Shipping,No,No,40,Venmo,Monthly,2025
1759,27,Male,Hat,Accessories,56,Pennsylvania,M,Silver,Winter,4.3,No,Free Shipping,No,No,17,Venmo,Bi-Weekly,2025
3420,23,Female,Jewelry,Accessories,26,West Virginia,L,Indigo,Winter,3.1,No,Store Pickup,No,No,5,Venmo,Bi-Weekly,2025
3179,66,Female,Sandals,Footwear,34,Washington,L,Beige,Spring,2.7,No,Free Shipping,No,No,28,Credit Card,Annually,2025
2434,54,Male,T-shirt,Clothing,73,Oregon,M,Blue,Spring,3.4,No,Standard,No,No,16,Cash,Bi-Weekly,2025
432,43,Male,Hat,Accessories,76,New Hampshire,L,Cyan,Winter,3.4,Yes,Store Pickup,Yes,Yes,33,Cash,Fortnightly,2025
763,45,Male,Belt,Accessories,46,New Mexico,M,Pink,Fall,3.9,Yes,Standard,Yes,Yes,43,Debit Card,Fortnightly,2025
2990,46,Female,Belt,Accessories,20,Rhode Island,XL,Teal,Summer,4.3,No,2-Day Shipping,No,No,6,Credit Card,Weekly,2025
1982,69,Male,Shoes,Footwear,91,Michigan,L,Violet,Summer,4.7,No,Express,No,No,42,PayPal,Quarterly,2025
1318,28,Male,Pants,Clothing,43,Kentucky,M,Green,Spring,2.8,No,Free Shipping,Yes,Yes,19,Cash,Monthly,2025
2542,33,Male,Scarf,Accessories,58,Washington,M,Silver,Spring,2.7,No,Next Day Air,No,No,13,Venmo,Every 3 Months,2025
1340,36,Male,Belt,Accessories,56,Indiana,L,Olive,Winter,5.0,No,Next Day Air,Yes,Yes,5,Bank Transfer,Every 3 Months,2025
3716,63,Female,Sunglasses,Accessories,34,Nebraska,S,Orange,Fall,3.4,No,Free Shipping,No,No,2,Bank Transfer,Monthly,2025
3623,46,Female,Dress,Clothing,41,Wisconsin,M,Purple,Fall,4.3,No,Store Pickup,No,No,12,Credit Card,Annually,2025
3220,57,Female,Coat,Outerwear,40,Kansas,L,White,Summer,3.5,No,2-Day Shipping,No,No,39,Credit Card,Weekly,2025
895,44,Male,Hoodie,Clothing,60,Wyoming,L,Purple,Spring,3.8,Yes,Free Shipping,Yes,Yes,3,Debit Card,Quarterly,2025
2097,21,Male,Dress,Clothing,52,North Carolina,L,Blue,Summer,4.7,No,Free Shipping,No,No,27,Debit Card,Annually,2025
280,23,Male,Sneakers,Footwear,69,Arkansas,L,Turquoise,Summer,4.0,Yes,Standard,Yes,Yes,37,Bank Transfer,Monthly,2025
2627,50,Male,Jacket,Outerwear,46,Rhode Island,XL,Silver,Fall,4.2,No,Express,No,No,30,Credit Card,Every 3 Months,2025
667,35,Male,Hoodie,Clothing,26,Colorado,L,Turquoise,Winter,3.1,Yes,Free Shipping,Yes,Yes,30,Debit Card,Quarterly,2025
954,68,Male,Sunglasses,Accessories,50,Utah,S,Cyan,Spring,3.6,Yes,2-Day Shipping,Yes,Yes,36,Venmo,Quarterly,2025
410,35,Male,Shorts,Clothing,51,Minnesota,M,Brown,Winter,3.3,Yes,2-Day Shipping,Yes,Yes,32,Bank Transfer,Monthly,2025
2214,54,Male,Hat,Accessories,94,Hawaii,M,Maroon,Fall,2.9,No,Express,No,No,18,Debit Card,Quarterly,2025
2825,39,Female,Hat,Accessories,90,Utah,M,Purple,Fall,4.0,No,Free Shipping,No,No,49,Debit Card,Quarterly,2025
500,36,Male,Shoes,Footwear,99,Rhode Island,L,Silver,Winter,4.8,Yes,Express,Yes,Yes,24,PayPal,Monthly,2025
2125,47,Male,Skirt,Clothing,60,Rhode Island,M,Teal,Fall,4.2,No,Next Day Air,No,No,22,Venmo,Quarterly,2025
3246,63,Female,Pants,Clothing,76,Kansas,M,Purple,Fall,3.2,No,Next Day Air,No,No,20,Cash,Weekly,2025
365,62,Male,Shoes,Footwear,88,North Dakota,L,Charcoal,Summer,3.0,Yes,Free Shipping,Yes,Yes,7,Venmo,Every 3 Months,2025
394,33,Male,Shoes,Footwear,65,Vermont,L,Maroon,Fall,4.2,Yes,Standard,Yes,Yes,6,PayPal,Fortnightly,2025
1964,52,Male,Shorts,Clothing,30,Michigan,L,Pink,Spring,3.9,No,Standard,No,No,11,Credit Card,Weekly,2025
3078,60,Female,Sweater,Clothing,88,Illinois,S,Red,Spring,3.0,No,Store Pickup,No,No,33,Debit Card,Bi-Weekly,2025
1670,42,Male,T-shirt,Clothing,59,Wisconsin,L,Maroon,Winter,2.7,No,Store Pickup,Yes,Yes,22,Bank Transfer,Quarterly,2025
11,53,Male,Shoes,Footwear,34,Arkansas,L,Purple,Fall,4.1,Yes,Store Pickup,Yes,Yes,26,Bank Transfer,Bi-Weekly,2025
2221,19,Male,Belt,Accessories,62,Wyoming,XL,Beige,Fall,4.5,No,Store Pickup,No,No,47,Cash,Annually,2025
1216,66,Male,Blouse,Clothing,20,Oregon,L,Pink,Winter,2.6,No,2-Day Shipping,Yes,Yes,15,Credit Card,Every 3 Months,2025
3105,43,Female,Pants,Clothing,56,Georgia,S,Turquoise,Summer,5.0,No,2-Day Shipping,No,No,41,Debit Card,Fortnightly,2025
3385,39,Female,Hoodie,Clothing,24,Minnesota,L,Maroon,Summer,3.8,No,Free Shipping,No,No,9,Venmo,Quarterly,2025
3408,46,Female,Dress,Clothing,46,Alabama,S,Purple,Spring,2.6,No,Store Pickup,No,No,20,Cash,Quarterly,2025
3554,62,Female,Shoes,Footwear,99,Minnesota,M,Charcoal,Spring,4.9,No,Free Shipping,No,No,32,Bank Transfer,Weekly,2025
496,33,Male,Handbag,Accessories,36,Michigan,XL,Cyan,Fall,3.3,Yes,Free Shipping,Yes,Yes,6,Debit Card,Fortnightly,2025
1294,23,Male,Sweater,Clothing,74,Florida,XL,Yellow,Fall,4.1,No,Standard,Yes,Yes,30,Debit Card,Annually,2025
3297,20,Female,Blouse,Clothing,23,Alaska,M,Green,Spring,4.2,No,Next Day Air,No,No,47,Venmo,Quarterly,2025
616,67,Male,Sandals,Footwear,100,Maryland,L,Olive,Summer,2.6,Yes,Next Day Air,Yes,Yes,23,Venmo,Annually,2025
2026,42,Male,Shirt,Clothing,29,Delaware,M,Turquoise,Summer,3.0,No,Express,No,No,43,Debit Card,Fortnightly,2025
1421,22,Male,Jeans,Clothing,53,California,XL,Gray,Summer,4.6,No,Store Pickup,Yes,Yes,45,PayPal,Every 3 Months,2025
101,62,Male,Sunglasses,Accessories,98,South Dakota,M,Maroon,Fall,2.7,Yes,Express,Yes,Yes,31,Cash,Fortnightly,2025
1821,19,Male,Shirt,Clothing,94,Washington,XL,Gold,Fall,5.0,No,Express,No,No,31,PayPal,Monthly,2025
3137,58,Female,Skirt,Clothing,32,Minnesota,M,Gray,Fall,3.1,No,Next Day Air,No,No,29,Cash,Bi-Weekly,2025
1597,42,Male,Jewelry,Accessories,30,Mississippi,S,Pink,Fall,4.7,No,Store Pickup,Yes,Yes,15,Debit Card,Monthly,2025
3861,57,Female,Sunglasses,Accessories,64,Pennsylvania,M,Turquoise,Summer,4.4,No,Next Day Air,No,No,44,Cash,Annually,2025
2802,64,Female,Shirt,Clothing,56,New Mexico,M,Indigo,Winter,2.6,No,Express,No,No,30,PayPal,Annually,2025
1795,60,Male,Backpack,Accessories,40,Ohio,L,Indigo,Spring,3.7,No,Express,No,No,21,Debit Card,Fortnightly,2025
3077,66,Female,Handbag,Accessories,46,New Hampshire,M,Blue,Summer,3.6,No,Express,No,No,13,Venmo,Bi-Weekly,2025
1769,25,Male,Sandals,Footwear,45,Nebraska,M,Indigo,Summer,3.9,No,2-Day Shipping,No,No,2,PayPal,Every 3 Months,2025
806,41,Male,Dress,Clothing,30,Connecticut,L,White,Summer,3.7,Yes,Next Day Air,Yes,Yes,40,Debit Card,Monthly,2025
760,51,Male,Dress,Clothing,49,Rhode Island,XL,Green,Winter,2.6,Yes,Next Day Air,Yes,Yes,25,Credit Card,Fortnightly,2025
1452,54,Male,Jacket,Outerwear,34,Utah,M,Maroon,Fall,2.5,No,Next Day Air,Yes,Yes,35,PayPal,Quarterly,2025
1724,70,Male,Scarf,Accessories,20,New York,XL,Gold,Spring,3.3,No,Standard,No,No,39,PayPal,Annually,2025
393,26,Male,T-shirt,Clothing,82,Idaho,XL,Black,Spring,3.3,Yes,Next Day Air,Yes,Yes,38,Credit Card,Annually,2025
13,61,Male,Coat,Outerwear,72,Delaware,M,Gold,Winter,4.5,Yes,Express,Yes,Yes,37,Venmo,Fortnightly,2025
2942,38,Female,Skirt,Clothing,86,Pennsylvania,L,Purple,Spring,3.7,No,Free Shipping,No,No,27,PayPal,Monthly,2025
671,63,Male,Sweater,Clothing,41,Louisiana,XL,Purple,Spring,4.8,Yes,Next Day Air,Yes,Yes,37,Cash,Bi-Weekly,2025
1307,54,Male,Sweater,Clothing,33,Alaska,L,Brown,Winter,4.5,No,Next Day Air,Yes,Yes,40,PayPal,Annually,2025
3642,51,Female,Jacket,Outerwear,45,New York,M,Cyan,Fall,2.7,No,Free Shipping,No,No,39,Bank Transfer,Every 3 Months,2025
1790,52,Male,Blouse,Clothing,34,Arizona,L,Peach,Spring,3.0,No,2-Day Shipping,No,No,43,Debit Card,Quarterly,2025
944,32,Male,Hat,Accessories,63,Oklahoma,L,Cyan,Winter,3.8,Yes,Next Day Air,Yes,Yes,13,Venmo,Fortnightly,2025
483,41,Male,Belt,Accessories,42,Connecticut,M,Yellow,Winter,2.5,Yes,2-Day Shipping,Yes,Yes,11,Venmo,Annually,2025
2658,52,Female,Dress,Clothing,81,Texas,M,Pink,Summer,2.7,No,Express,No,No,7,Credit Card,Fortnightly,2025
784,63,Male,T-shirt,Clothing,65,Louisiana,L,Purple,Winter,4.5,Yes,Next Day Air,Yes,Yes,38,PayPal,Fortnightly,2025
1198,54,Male,Sneakers,Footwear,92,Vermont,L,Violet,Fall,3.9,No,Standard,Yes,Yes,26,PayPal,Annually,2025
3172,68,Female,Jewelry,Accessories,26,Tennessee,M,Maroon,Spring,3.1,No,Express,No,No,26,Bank Transfer,Bi-Weekly,2025
2975,57,Female,Sneakers,Footwear,99,Tennessee,XL,Peach,Summer,4.1,No,Store Pickup,No,No,34,Credit Card,Weekly,2025
1280,63,Male,Hoodie,Clothing,56,Maryland,L,Charcoal,Fall,3.7,No,Express,Yes,Yes,18,Debit Card,Annually,2025
1814,40,Male,Shorts,Clothing,62,Illinois,M,Olive,Spring,3.5,No,Free Shipping,No,No,24,PayPal,Weekly,2025
925,52,Male,Socks,Clothing,78,Kansas,XL,Beige,Winter,3.1,Yes,Standard,Yes,Yes,37,Cash,Quarterly,2025
1394,46,Male,Gloves,Accessories,58,Idaho,L,Yellow,Spring,3.9,No,Express,Yes,Yes,14,PayPal,Fortnightly,2025
3504,31,Female,Shirt,Clothing,96,Nebraska,M,Pink,Spring,3.9,No,Free Shipping,No,No,39,Cash,Weekly,2025
3263,42,Female,T-shirt,Clothing,35,Indiana,M,Violet,Spring,2.7,No,Standard,No,No,21,Cash,Every 3 Months,2025
634,66,Male,Sandals,Footwear,33,Minnesota,M,Orange,Spring,2.9,Yes,Express,Yes,Yes,50,Debit Card,Quarterly,2025
3829,42,Female,Blouse,Clothing,82,Mississippi,M,Charcoal,Spring,3.4,No,Free Shipping,No,No,8,Cash,Weekly,2025
1255,54,Male,Sneakers,Footwear,56,California,XL,Black,Spring,3.3,No,2-Day Shipping,Yes,Yes,2,Credit Card,Bi-Weekly,2025
663,24,Male,Gloves,Accessories,98,Illinois,L,Magenta,Fall,2.8,Yes,Express,Yes,Yes,39,Venmo,Bi-Weekly,2025
847,49,Male,Boots,Footwear,72,Kentucky,M,Pink,Spring,3.7,Yes,Express,Yes,Yes,42,Debit Card,Quarterly,2025
2290,70,Male,Shorts,Clothing,82,Nevada,M,Orange,Fall,4.1,No,Free Shipping,No,No,47,Venmo,Weekly,2025
3190,25,Female,Boots,Footwear,87,Kansas,M,Beige,Summer,4.2,No,Store Pickup,No,No,30,PayPal,Bi-Weekly,2025
2069,70,Male,Jewelry,Accessories,81,Vermont,XL,Black,Summer,3.9,No,Store Pickup,No,No,44,Venmo,Monthly,2025
2319,69,Male,Hoodie,Clothing,28,Wyoming,L,White,Spring,3.1,No,Store Pickup,No,No,30,Credit Card,Annually,2025
3527,20,Female,Sweater,Clothing,99,Massachusetts,M,Olive,Spring,3.8,No,Express,No,No,1,PayPal,Every 3 Months,2025
2025,62,Male,Socks,Clothing,23,Arkansas,L,Silver,Fall,3.7,No,Express,No,No,39,PayPal,Weekly,2025
3342,55,Female,Jacket,Outerwear,50,Connecticut,XL,Olive,Summer,4.5,No,Standard,No,No,35,Credit Card,Monthly,2025
3531,62,Female,Sunglasses,Accessories,45,Oklahoma,L,Black,Spring,3.4,No,Express,No,No,37,PayPal,Weekly,2025
1067,49,Male,Coat,Outerwear,96,Mississippi,M,Red,Winter,4.0,No,Store Pickup,Yes,Yes,11,PayPal,Bi-Weekly,2025
1857,63,Male,Jewelry,Accessories,55,Arizona,XL,Beige,Summer,3.2,No,Free Shipping,No,No,30,PayPal,Bi-Weekly,2025
430,42,Male,Sandals,Footwear,94,Washington,M,Gold,Winter,4.1,Yes,2-Day Shipping,Yes,Yes,21,Cash,Fortnightly,2025
3667,67,Female,Jewelry,Accessories,50,Alabama,M,Olive,Winter,3.0,No,2-Day Shipping,No,No,47,Cash,Every 3 Months,2025
1921,51,Male,Blouse,Clothing,84,Connecticut,M,Purple,Spring,2.8,No,Standard,No,No,40,Cash,Every 3 Months,2025
975,69,Male,Skirt,Clothing,90,North Carolina,M,Beige,Spring,3.6,Yes,2-Day Shipping,Yes,Yes,23,Bank Transfer,Monthly,2025
2200,39,Male,Scarf,Accessories,47,North Carolina,M,Maroon,Summer,4.9,No,Store Pickup,No,No,40,Debit Card,Monthly,2025
2392,42,Male,Shirt,Clothing,74,Michigan,M,Black,Winter,4.6,No,Next Day Air,No,No,31,Bank Transfer,Quarterly,2025
2460,47,Male,Socks,Clothing,36,Missouri,L,Violet,Fall,4.3,No,2-Day Shipping,No,No,14,Cash,Weekly,2025
1991,32,Male,Backpack,Accessories,95,Connecticut,L,White,Spring,3.4,No,2-Day Shipping,No,No,15,PayPal,Annually,2025
3152,52,Female,T-shirt,Clothing,64,New Mexico,L,Orange,Fall,3.1,No,2-Day Shipping,No,No,47,Bank Transfer,Quarterly,2025
199,57,Male,Jewelry,Accessories,45,Utah,M,Turquoise,Winter,4.8,Yes,Standard,Yes,Yes,39,Credit Card,Fortnightly,2025
531,48,Male,Coat,Outerwear,37,Montana,XL,Magenta,Winter,3.2,Yes,Store Pickup,Yes,Yes,25,Credit Card,Bi-Weekly,2025
2761,41,Female,Skirt,Clothing,82,Alaska,S,Violet,Fall,5.0,No,Next Day Air,No,No,41,Credit Card,Bi-Weekly,2025
1591,54,Male,Jeans,Clothing,80,Wisconsin,S,Pink,Winter,3.0,No,Free Shipping,Yes,Yes,8,PayPal,Annually,2025
1320,65,Male,Sunglasses,Accessories,24,Oklahoma,M,Magenta,Spring,4.0,No,Standard,Yes,Yes,48,Bank Transfer,Weekly,2025
1070,38,Male,Skirt,Clothing,81,Maryland,XL,White,Fall,4.3,No,Next Day Air,Yes,Yes,33,Venmo,Every 3 Months,2025
2582,57,Male,Dress,Clothing,81,Wyoming,M,Gold,Winter,4.7,No,Express,No,No,48,Credit Card,Monthly,2025
3283,24,Female,T-shirt,Clothing,94,California,M,Red,Fall,4.8,No,Next Day Air,No,No,5,Credit Card,Monthly,2025
1888,64,Male,Hoodie,Clothing,44,North Dakota,XL,Gold,Fall,3.5,No,Express,No,No,3,PayPal,Monthly,2025
1176,35,Male,Belt,Accessories,81,New Jersey,M,Beige,Spring,4.1,No,Store Pickup,Yes,Yes,26,PayPal,Quarterly,2025
3415,27,Female,Boots,Footwear,94,Connecticut,M,Maroon,Spring,4.9,No,Next Day Air,No,No,3,Bank Transfer,Quarterly,2025
2702,49,Female,Sweater,Clothing,30,Idaho,L,Silver,Summer,2.8,No,Store Pickup,No,No,18,Bank Transfer,Fortnightly,2025
2344,58,Male,Socks,Clothing,49,Maryland,M,Red,Summer,4.4,No,2-Day Shipping,No,No,44,PayPal,Monthly,2025
837,23,Male,Gloves,Accessories,90,West Virginia,L,Violet,Winter,3.9,Yes,Store Pickup,Yes,Yes,22,Cash,Bi-Weekly,2025
9,26,Male,Coat,Outerwear,97,West Virginia,L,Silver,Summer,2.6,Yes,Express,Yes,Yes,8,Venmo,Annually,2025
2316,69,Male,Socks,Clothing,79,Vermont,M,Indigo,Winter,3.5,No,2-Day Shipping,No,No,49,Debit Card,Quarterly,2025
3578,66,Female,Belt,Accessories,35,Missouri,S,Yellow,Winter,2.6,No,Standard,No,No,13,Bank Transfer,Weekly,2025
81,19,Male,Sandals,Footwear,72,New York,XL,Blue,Summer,3.3,Yes,Store Pickup,Yes,Yes,24,Credit Card,Every 3 Months,2025
385,70,Male,Sweater,Clothing,33,California,M,Beige,Fall,4.5,Yes,2-Day Shipping,Yes,Yes,6,Venmo,Annually,2025
2698,42,Female,Jacket,Outerwear,52,Delaware,L,Red,Winter,3.2,No,Standard,No,No,36,Bank Transfer,Quarterly,2025
2987,62,Female,Belt,Accessories,85,Arizona,S,Silver,Summer,3.3,No,2-Day Shipping,No,No,16,Credit Card,Monthly,2025
10,57,Male,Handbag,Accessories,31,Missouri,M,Pink,Spring,4.8,Yes,2-Day Shipping,Yes,Yes,4,Cash,Quarterly,2025
39,29,Male,Dress,Clothing,37,Florida,M,Red,Winter,3.7,Yes,2-Day Shipping,Yes,Yes,44,Venmo,Every 3 Months,2025
2155,46,Male,Scarf,Accessories,74,Wyoming,M,Violet,Spring,3.4,No,Store Pickup,No,No,33,Cash,Every 3 Months,2025
2634,51,Male,Sunglasses,Accessories,90,Alaska,M,Purple,Fall,4.7,No,Next Day Air,No,No,32,Credit Card,Fortnightly,2025
1226,28,Male,Gloves,Accessories,97,North Carolina,S,Turquoise,Fall,2.6,No,Free Shipping,Yes,Yes,16,Debit Card,Weekly,2025
2427,70,Male,Jacket,Outerwear,42,Florida,M,Olive,Fall,4.6,No,Free Shipping,No,No,26,Debit Card,Every 3 Months,2025
3237,63,Female,Belt,Accessories,84,South Carolina,L,Olive,Fall,4.1,No,Next Day Air,No,No,8,Cash,Monthly,2025
1265,52,Male,Sweater,Clothing,92,Vermont,S,Blue,Winter,2.5,No,Next Day Air,Yes,Yes,1,Venmo,Bi-Weekly,2025
2282,28,Male,Hoodie,Clothing,27,Kansas,XL,Maroon,Summer,3.0,No,Store Pickup,No,No,41,Bank Transfer,Annually,2025
1144,68,Male,Boots,Footwear,23,Nevada,L,Teal,Winter,4.4,No,Standard,Yes,Yes,43,PayPal,Quarterly,2025
3351,45,Female,Handbag,Accessories,33,Mississippi,S,Olive,Fall,4.9,No,2-Day Shipping,No,No,15,Cash,Bi-Weekly,2025
1851,51,Male,Gloves,Accessories,76,Wyoming,S,Black,Winter,2.8,No,Store Pickup,No,No,50,Debit Card,Weekly,2025
1037,68,Male,Handbag,Accessories,47,Hawaii,M,Yellow,Fall,3.7,Yes,2-Day Shipping,Yes,Yes,13,Bank Transfer,Monthly,2025
3282,27,Female,Pants,Clothing,69,Oregon,L,Gold,Winter,3.1,No,Free Shipping,No,No,41,Bank Transfer,Annually,2025
3900,52,Female,Handbag,Accessories,81,California,M,Beige,Spring,3.1,No,Store Pickup,No,No,33,Venmo,Quarterly,2025
518,61,Male,Boots,Footwear,49,North Dakota,L,Silver,Fall,2.7,Yes,Free Shipping,Yes,Yes,44,Cash,Every 3 Months,2025
2277,31,Male,Jeans,Clothing,82,Wyoming,L,Red,Summer,4.1,No,2-Day Shipping,No,No,25,Debit Card,Weekly,2025
2878,32,Female,Socks,Clothing,46,New Jersey,M,Silver,Summer,3.6,No,Standard,No,No,34,Venmo,Monthly,2025
967,58,Male,Dress,Clothing,55,Kentucky,M,Brown,Spring,4.9,Yes,Express,Yes,Yes,19,Cash,Annually,2025
1376,42,Male,Sneakers,Footwear,31,Maine,L,Brown,Spring,4.1,No,2-Day Shipping,Yes,Yes,8,Credit Card,Annually,2025
1139,18,Male,Pants,Clothing,36,Iowa,M,Purple,Summer,4.7,No,Express,Yes,Yes,32,Venmo,Fortnightly,2025
3003,70,Female,Belt,Accessories,29,Louisiana,M,Maroon,Fall,3.6,No,Next Day Air,No,No,19,Bank Transfer,Quarterly,2025
3164,49,Female,Pants,Clothing,66,Nebraska,XL,Turquoise,Summer,2.8,No,Express,No,No,36,Cash,Monthly,2025
68,45,Male,Coat,Outerwear,33,Connecticut,L,Gray,Winter,4.4,Yes,Store Pickup,Yes,Yes,49,Debit Card,Monthly,2025
3440,43,Female,Gloves,Accessories,93,Idaho,M,Gray,Summer,4.5,No,Express,No,No,25,Venmo,Quarterly,2025
3600,37,Female,Scarf,Accessories,34,Kansas,S,Peach,Spring,4.6,No,Express,No,No,4,Cash,Weekly,2025
3164,49,Female,Pants,Clothing,66,Nebraska,XL,Turquoise,Summer,2.8,No,Express,No,No,36,Cash,Monthly,2025
1909,18,Male,Scarf,Accessories,71,Georgia,XL,Charcoal,Winter,2.7,No,Next Day Air,No,No,19,Debit Card,Bi-Weekly,2025
1636,68,Male,Sunglasses,Accessories,24,North Carolina,L,Violet,Summer,3.2,No,Standard,Yes,Yes,40,Cash,Annually,2025
400,60,Male,Scarf,Accessories,35,Idaho,L,Blue,Fall,3.5,Yes,2-Day Shipping,Yes,Yes,10,Debit Card,Monthly,2025
2502,49,Male,Shorts,Clothing,94,West Virginia,M,Violet,Fall,4.6,No,Free Shipping,No,No,30,Venmo,Bi-Weekly,2025
247,35,Male,Sunglasses,Accessories,86,Nevada,XL,Beige,Spring,3.2,Yes,Express,Yes,Yes,20,Venmo,Bi-Weekly,2025
2328,20,Male,Skirt,Clothing,94,Alabama,M,Red,Winter,4.2,No,2-Day Shipping,No,No,22,Venmo,Bi-Weekly,2025
2254,62,Male,Hoodie,Clothing,31,Oklahoma,M,Brown,Spring,2.6,No,Store Pickup,No,No,22,PayPal,Monthly,2025
2582,57,Male,Dress,Clothing,81,Wyoming,M,Gold,Winter,4.7,No,Express,No,No,48,Credit Card,Monthly,2025
175,41,Male,Shoes,Footwear,35,Vermont,L,Brown,Winter,3.5,Yes,Express,Yes,Yes,37,Venmo,Annually,2025
3859,30,Female,T-shirt,Clothing,77,Missouri,M,Olive,Winter,3.5,No,Store Pickup,No,No,26,Credit Card,Quarterly,2025
704,63,Male,Dress,Clothing,87,Connecticut,L,Pink,Summer,3.0,Yes,Standard,Yes,Yes,21,Venmo,Weekly,2025
2674,67,Female,Hoodie,Clothing,21,Nevada,M,Olive,Summer,2.6,No,2-Day Shipping,No,No,4,Cash,Monthly,2025
1147,48,Male,Sneakers,Footwear,38,Wisconsin,M,Indigo,Summer,4.2,No,Standard,Yes,Yes,7,Bank Transfer,Every 3 Months,2025
3408,46,Female,Dress,Clothing,46,Alabama,S,Purple,Spring,2.6,No,Store Pickup,No,No,20,Cash,Quarterly,2025
3013,42,Female,Belt,Accessories,65,Idaho,M,Teal,Fall,3.5,No,Standard,No,No,16,PayPal,Annually,2025
1470,28,Male,Jewelry,Accessories,98,Mississippi,M,Purple,Winter,4.4,No,Standard,Yes,Yes,31,PayPal,Every 3 Months,2025
982,27,Male,Belt,Accessories,42,Maryland,M,Silver,Spring,3.5,Yes,Next Day Air,Yes,Yes,47,Credit Card,Quarterly,2025
1115,55,Male,Skirt,Clothing,25,New Hampshire,L,Violet,Fall,2.6,No,Next Day Air,Yes,Yes,47,Bank Transfer,Every 3 Months,2025
1880,56,Male,T-shirt,Clothing,33,Tennessee,L,Charcoal,Spring,3.5,No,Express,No,No,46,Cash,Bi-Weekly,2025
3213,27,Female,Sneakers,Footwear,22,Wyoming,M,Indigo,Winter,3.6,No,2-Day Shipping,No,No,21,Debit Card,Weekly,2025
389,22,Male,Handbag,Accessories,82,Washington,M,Orange,Summer,2.7,Yes,Store Pickup,Yes,Yes,10,PayPal,Quarterly,2025
880,62,Male,Skirt,Clothing,76,Wyoming,S,Lavender,Spring,4.1,Yes,Free Shipping,Yes,Yes,14,PayPal,Quarterly,2025
2295,54,Male,Sunglasses,Accessories,95,Maryland,M,Red,Winter,5.0,No,Express,No,No,40,Debit Card,Annually,2025
2695,66,Female,Sunglasses,Accessories,27,Louisiana,M,Olive,Spring,4.9,No,Express,No,No,34,Credit Card,Every 3 Months,2025
1431,48,Male,Sandals,Footwear,30,Michigan,S,Orange,Summer,4.9,No,Free Shipping,Yes,Yes,3,Credit Card,Fortnightly,2025
1007,21,Male,Pants,Clothing,83,Michigan,S,Lavender,Summer,4.5,Yes,Next Day Air,Yes,Yes,50,Venmo,Quarterly,2025
1148,59,Male,Hat,Accessories,36,Tennessee,XL,Red,Winter,4.3,No,Next Day Air,Yes,Yes,17,Debit Card,Annually,2025
3259,31,Female,Shoes,Footwear,51,New Jersey,M,Magenta,Spring,4.3,No,Express,No,No,11,Credit Card,Bi-Weekly,2025
113,37,Male,Gloves,Accessories,65,Florida,M,Red,Spring,4.3,Yes,Free Shipping,Yes,Yes,28,PayPal,Bi-Weekly,2025
3230,54,Female,Pants,Clothing,67,Connecticut,M,Teal,Fall,2.7,No,Express,No,No,24,Cash,Monthly,2025
3341,42,Female,T-shirt,Clothing,36,Virginia,XL,Maroon,Fall,4.4,No,Free Shipping,No,No,47,Credit Card,Fortnightly,2025
2478,25,Male,Gloves,Accessories,40,California,L,Turquoise,Spring,3.8,No,2-Day Shipping,No,No,29,PayPal,Weekly,2025
546,33,Male,Coat,Outerwear,32,Alabama,L,Magenta,Summer,3.5,Yes,2-Day Shipping,Yes,Yes,48,Debit Card,Annually,2025
414,70,Male,Jewelry,Accessories,99,Nevada,S,White,Summer,4.6,Yes,Free Shipping,Yes,Yes,48,Cash,Monthly,2025
3029,62,Female,Dress,Clothing,100,California,L,Charcoal,Summer,3.0,No,Free Shipping,No,No,7,PayPal,Every 3 Months,2025
3476,48,Female,Sneakers,Footwear,88,South Carolina,M,Orange,Spring,4.4,No,Express,No,No,9,Cash,Quarterly,2025
61,50,Male,Sweater,Clothing,37,Idaho,L,Brown,Summer,4.0,Yes,Express,Yes,Yes,17,Cash,Weekly,2025
233,54,Male,Jewelry,Accessories,27,Hawaii,L,Purple,Winter,4.2,Yes,Express,Yes,Yes,32,Bank Transfer,Bi-Weekly,2025
1790,52,Male,Blouse,Clothing,34,Arizona,L,Peach,Spring,3.0,No,2-Day Shipping,No,No,43,Debit Card,Quarterly,2025
1261,63,Male,Shirt,Clothing,93,Virginia,XL,Green,Spring,4.1,No,Store Pickup,Yes,Yes,30,Debit Card,Quarterly,2025
1707,37,Male,Sunglasses,Accessories,87,North Dakota,M,Brown,Spring,3.0,No,Standard,No,No,25,Venmo,Fortnightly,2025
1487,25,Male,Sneakers,Footwear,73,Idaho,S,Yellow,Spring,5.0,No,Free Shipping,Yes,Yes,23,Venmo,Every 3 Months,2025
3115,21,Female,Handbag,Accessories,56,Arkansas,M,Olive,Spring,4.7,No,Store Pickup,No,No,45,Venmo,Bi-Weekly,2025
763,45,Male,Belt,Accessories,46,New Mexico,M,Pink,Fall,3.9,Yes,Standard,Yes,Yes,43,Debit Card,Fortnightly,2025
1177,36,Male,Dress,Clothing,83,Oregon,M,Red,Winter,4.6,No,Free Shipping,Yes,Yes,39,PayPal,Quarterly,2025
2606,41,Male,Hoodie,Clothing,93,Nevada,M,White,Spring,3.7,No,2-Day Shipping,No,No,32,Venmo,Fortnightly,2025
906,46,Male,Dress,Clothing,68,Mississippi,S,Cyan,Spring,2.8,Yes,Standard,Yes,Yes,16,Venmo,Annually,2025
2903,27,Female,Boots,Footwear,32,North Carolina,S,Orange,Spring,4.6,No,Standard,No,No,19,PayPal,Bi-Weekly,2025
2661,24,Female,Pants,Clothing,85,South Carolina,L,Yellow,Spring,4.9,No,Express,No,No,44,Venmo,Annually,2025
2643,39,Male,Belt,Accessories,87,Iowa,L,Peach,Summer,4.0,No,Store Pickup,No,No,48,Bank Transfer,Annually,2025
1595,40,Male,Handbag,Accessories,41,Colorado,XL,Charcoal,Summer,3.7,No,Store Pickup,Yes,Yes,3,Cash,Fortnightly,2025
961,18,Male,Jewelry,Accessories,48,Louisiana,XL,Indigo,Spring,4.4,Yes,Standard,Yes,Yes,20,Venmo,Quarterly,2025
1751,31,Male,Sunglasses,Accessories,85,Missouri,M,White,Fall,3.1,No,Express,No,No,38,Venmo,Every 3 Months,2025
3469,36,Female,Sunglasses,Accessories,89,Ohio,S,Indigo,Winter,3.5,No,Standard,No,No,36,Debit Card,Quarterly,2025
2175,42,Male,Backpack,Accessories,49,Colorado,S,Olive,Spring,2.9,No,Store Pickup,No,No,1,Cash,Annually,2025
3456,49,Female,T-shirt,Clothing,89,Ohio,M,Orange,Fall,4.7,No,Standard,No,No,13,Venmo,Annually,2025
2110,59,Male,Jewelry,Accessories,31,California,L,Peach,Fall,2.7,No,Free Shipping,No,No,28,Venmo,Every 3 Months,2025
2601,21,Male,Belt,Accessories,83,New York,M,Gray,Fall,3.9,No,Express,No,No,6,Bank Transfer,Bi-Weekly,2025
2991,69,Female,Shirt,Clothing,91,Illinois,M,Teal,Fall,4.2,No,Free Shipping,No,No,24,Venmo,Monthly,2025
1863,59,Male,Gloves,Accessories,36,New Hampshire,M,Turquoise,Winter,4.6,No,Express,No,No,10,PayPal,Fortnightly,2025
2683,59,Female,Sneakers,Footwear,65,North Carolina,L,Maroon,Winter,3.9,No,2-Day Shipping,No,No,5,Venmo,Every 3 Months,2025
2517,46,Male,Shorts,Clothing,73,Utah,XL,Brown,Spring,4.6,No,Standard,No,No,36,Debit Card,Quarterly,2025
1855,25,Male,Sweater,Clothing,61,Kentucky,M,Teal,Spring,3.8,No,Express,No,No,49,Credit Card,Annually,2025
3637,50,Female,Sandals,Footwear,38,California,L,Lavender,Summer,4.2,No,2-Day Shipping,No,No,36,Cash,Weekly,2025
3481,21,Female,Sandals,Footwear,79,New Hampshire,L,Peach,Winter,3.5,No,Free Shipping,No,No,45,PayPal,Monthly,2025
418,23,Male,Sandals,Footwear,81,Mississippi,L,Beige,Fall,4.5,Yes,Free Shipping,Yes,Yes,48,Debit Card,Quarterly,2025
137,39,Male,Blouse,Clothing,86,South Carolina,M,White,Winter,3.3,Yes,Free Shipping,Yes,Yes,4,Debit Card,Quarterly,2025
1312,32,Male,Shoes,Footwear,87,Tennessee,M,Maroon,Fall,4.2,No,Express,Yes,Yes,12,Venmo,Annually,2025
2215,50,Male,Belt,Accessories,100,Idaho,L,Gold,Fall,4.1,No,Standard,No,No,20,Debit Card,Weekly,2025
1852,28,Male,Skirt,Clothing,80,Delaware,S,Lavender,Fall,3.1,No,Free Shipping,No,No,4,Bank Transfer,Fortnightly,2025
1966,67,Male,Sweater,Clothing,90,Indiana,M,White,Fall,4.9,No,Express,No,No,25,Debit Card,Quarterly,2025
1842,31,Male,Socks,Clothing,57,Vermont,L,Blue,Winter,3.0,No,Standard,No,No,7,PayPal,Every 3 Months,2025
1230,34,Male,Jewelry,Accessories,52,Kansas,XL,Maroon,Winter,3.6,No,Express,Yes,Yes,39,Bank Transfer,Annually,2025
690,19,Male,Hoodie,Clothing,91,Pennsylvania,M,Orange,Summer,4.7,Yes,Express,Yes,Yes,35,Credit Card,Every 3 Months,2025
2788,36,Female,Boots,Footwear,79,West Virginia,XL,Pink,Spring,4.1,No,Next Day Air,No,No,4,Venmo,Fortnightly,2025
2946,32,Female,Belt,Accessories,49,Delaware,M,Charcoal,Summer,4.8,No,Free Shipping,No,No,1,Credit Card,Every 3 Months,2025
5,45,Male,Blouse,Clothing,49,Oregon,M,Turquoise,Spring,2.7,Yes,Free Shipping,Yes,Yes,31,PayPal,Annually,2025
2119,60,Male,Socks,Clothing,44,Georgia,M,Olive,Fall,4.2,No,2-Day Shipping,No,No,28,Debit Card,Quarterly,2025
2370,24,Male,Sweater,Clothing,23,Vermont,M,Cyan,Winter,4.6,No,Standard,No,No,24,PayPal,Monthly,2025
704,63,Male,Dress,Clothing,87,Connecticut,L,Pink,Summer,3.0,Yes,Standard,Yes,Yes,21,Venmo,Weekly,2025
104,54,Male,Boots,Footwear,89,West Virginia,L,Red,Winter,4.0,Yes,Next Day Air,Yes,Yes,22,Venmo,Bi-Weekly,2025
388,45,Male,Coat,Outerwear,93,Georgia,L,Silver,Summer,4.6,Yes,Store Pickup,Yes,Yes,38,PayPal,Fortnightly,2025
2655,23,Female,Coat,Outerwear,70,Idaho,S,Pink,Fall,4.1,No,Next Day Air,No,No,4,PayPal,Annually,2025
1512,34,Male,Dress,Clothing,91,Georgia,M,Violet,Winter,3.6,No,Express,Yes,Yes,48,Credit Card,Weekly,2025
837,23,Male,Gloves,Accessories,90,West Virginia,L,Violet,Winter,3.9,Yes,Store Pickup,Yes,Yes,22,Cash,Bi-Weekly,2025
431,24,Male,Shirt,Clothing,40,Texas,M,Brown,Summer,3.5,Yes,Store Pickup,Yes,Yes,40,Debit Card,Annually,2025
3744,62,Female,Pants,Clothing,28,Idaho,L,Cyan,Fall,3.6,No,Free Shipping,No,No,36,Debit Card,Quarterly,2025
1252,56,Male,Shorts,Clothing,86,Indiana,XL,Orange,Spring,5.0,No,Next Day Air,Yes,Yes,43,Credit Card,Monthly,2025
1879,34,Male,Socks,Clothing,29,Oklahoma,L,Magenta,Summer,3.4,No,Store Pickup,No,No,5,Credit Card,Monthly,2025
3325,37,Female,T-shirt,Clothing,32,Missouri,S,Red,Fall,3.3,No,Standard,No,No,41,Venmo,Weekly,2025
33,36,Male,Jacket,Outerwear,67,Kansas,M,Silver,Summer,4.9,Yes,Free Shipping,Yes,Yes,37,Venmo,Annually,2025
2948,52,Female,Jewelry,Accessories,63,Nebraska,L,Peach,Spring,4.4,No,Standard,No,No,50,Venmo,Annually,2025
1161,37,Male,Scarf,Accessories,42,North Dakota,S,Blue,Summer,3.2,No,Next Day Air,Yes,Yes,9,Venmo,Bi-Weekly,2025
368,52,Male,Dress,Clothing,40,Tennessee,XL,Cyan,Spring,2.8,Yes,Store Pickup,Yes,Yes,18,Bank Transfer,Monthly,2025
3010,62,Female,Belt,Accessories,73,Louisiana,M,Silver,Winter,4.6,No,Free Shipping,No,No,8,Venmo,Fortnightly,2025
1983,41,Male,Sunglasses,Accessories,77,Kansas,M,Turquoise,Summer,2.7,No,2-Day Shipping,No,No,32,PayPal,Monthly,2025
3833,64,Female,Boots,Footwear,38,Kansas,XL,Purple,Winter,4.8,No,2-Day Shipping,No,No,27,Cash,Weekly,2025
3001,57,Female,Sandals,Footwear,70,Ohio,M,Lavender,Winter,3.7,No,Express,No,No,7,PayPal,Weekly,2025
641,53,Male,Skirt,Clothing,88,Minnesota,M,Gray,Summer,4.4,Yes,Store Pickup,Yes,Yes,28,Debit Card,Fortnightly,2025
1000,50,Male,Socks,Clothing,28,New Mexico,L,Brown,Spring,2.9,Yes,Standard,Yes,Yes,23,Debit Card,Monthly,2025
3807,18,Female,Boots,Footwear,71,Missouri,M,Teal,Spring,3.0,No,Standard,No,No,41,PayPal,Weekly,2025
3773,44,Female,Pants,Clothing,26,New Hampshire,L,Yellow,Fall,3.1,No,Next Day Air,No,No,35,Cash,Annually,2025
1266,32,Male,Shirt,Clothing,79,Louisiana,M,Lavender,Spring,2.7,No,Next Day Air,Yes,Yes,27,Bank Transfer,Weekly,2025
3603,58,Female,Skirt,Clothing,36,Wyoming,S,Magenta,Summer,3.3,No,Store Pickup,No,No,40,Debit Card,Quarterly,2025
3267,49,Female,Coat,Outerwear,74,Alabama,S,Gray,Winter,4.2,No,Next Day Air,No,No,33,Bank Transfer,Weekly,2025
1825,58,Male,Pants,Clothing,47,Illinois,XL,Magenta,Winter,3.8,No,Express,No,No,31,Cash,Monthly,2025
2652,51,Male,Sneakers,Footwear,43,Tennessee,M,Cyan,Summer,4.6,No,Store Pickup,No,No,27,PayPal,Quarterly,2025
2141,53,Male,Handbag,Accessories,90,New Mexico,M,Brown,Fall,3.7,No,Standard,No,No,36,Cash,Fortnightly,2025
2219,67,Male,Sunglasses,Accessories,67,Idaho,M,Magenta,Winter,3.5,No,Store Pickup,No,No,20,Debit Card,Quarterly,2025
3685,29,Female,Skirt,Clothing,86,Pennsylvania,L,Charcoal,Spring,4.4,No,Free Shipping,No,No,47,Credit Card,Bi-Weekly,2025
2201,60,Male,Gloves,Accessories,51,Wyoming,L,Charcoal,Summer,4.7,No,Next Day Air,No,No,27,Debit Card,Every 3 Months,2025
2543,61,Male,Jewelry,Accessories,22,Arkansas,M,White,Winter,3.7,No,Express,No,No,27,PayPal,Annually,2025
1271,67,Male,Hoodie,Clothing,98,West Virginia,M,Green,Fall,3.3,No,Standard,Yes,Yes,20,Cash,Annually,2025
1686,33,Male,Blouse,Clothing,48,Minnesota,M,Pink,Winter,4.6,No,Standard,No,No,43,PayPal,Bi-Weekly,2025
2203,42,Male,Dress,Clothing,36,Alabama,M,Red,Summer,4.3,No,Next Day Air,No,No,23,Credit Card,Weekly,2025
592,47,Male,Backpack,Accessories,37,Kentucky,L,Olive,Fall,4.2,Yes,Store Pickup,Yes,Yes,6,Debit Card,Bi-Weekly,2025
201,25,Male,Dress,Clothing,61,Pennsylvania,S,Teal,Summer,3.3,Yes,Next Day Air,Yes,Yes,29,Venmo,Monthly,2025
1687,22,Male,Gloves,Accessories,75,Illinois,L,Red,Fall,4.2,No,Store Pickup,No,No,25,Cash,Annually,2025
3357,39,Female,Jeans,Clothing,48,Tennessee,M,Silver,Summer,3.5,No,Store Pickup,No,No,13,PayPal,Bi-Weekly,2025
2229,54,Male,Gloves,Accessories,50,Kansas,M,Green,Fall,3.7,No,Free Shipping,No,No,5,Credit Card,Weekly,2025
3606,68,Female,Jeans,Clothing,41,Alabama,M,Gold,Fall,4.3,No,Store Pickup,No,No,36,Bank Transfer,Every 3 Months,2025
28,56,Male,Shorts,Clothing,56,Kentucky,L,Cyan,Summer,5.0,Yes,Next Day Air,Yes,Yes,7,Bank Transfer,Every 3 Months,2025
2321,28,Male,Shoes,Footwear,55,New Mexico,M,Olive,Spring,3.7,No,Free Shipping,No,No,9,Debit Card,Every 3 Months,2025
1329,37,Male,Sweater,Clothing,97,Rhode Island,M,Orange,Winter,3.7,No,Standard,Yes,Yes,40,Bank Transfer,Weekly,2025
448,60,Male,Shorts,Clothing,82,Washington,S,Turquoise,Spring,3.6,Yes,Standard,Yes,Yes,7,Bank Transfer,Every 3 Months,2025
1462,54,Male,Sunglasses,Accessories,95,Oregon,S,Red,Summer,5.0,No,2-Day Shipping,Yes,Yes,42,Venmo,Quarterly,2025
1391,25,Male,Hat,Accessories,38,Arkansas,M,Maroon,Summer,4.3,No,Standard,Yes,Yes,42,Debit Card,Weekly,2025
3769,50,Female,Sweater,Clothing,35,Vermont,M,Yellow,Winter,4.0,No,Free Shipping,No,No,34,Bank Transfer,Quarterly,2025
1772,46,Male,Shirt,Clothing,82,Indiana,XL,Turquoise,Fall,4.7,No,Store Pickup,No,No,9,Credit Card,Annually,2025
3351,45,Female,Handbag,Accessories,33,Mississippi,S,Olive,Fall,4.9,No,2-Day Shipping,No,No,15,Cash,Bi-Weekly,2025
2426,58,Male,Shoes,Footwear,49,North Dakota,S,Olive,Summer,3.0,No,2-Day Shipping,No,No,34,Bank Transfer,Quarterly,2025
880,62,Male,Skirt,Clothing,76,Wyoming,S,Lavender,Spring,4.1,Yes,Free Shipping,Yes,Yes,14,PayPal,Quarterly,2025
2383,39,Male,Sweater,Clothing,60,California,M,Turquoise,Spring,3.9,No,Express,No,No,44,Debit Card,Weekly,2025
3203,65,Female,Scarf,Accessories,37,Wisconsin,L,Green,Fall,4.5,No,Standard,No,No,38,Venmo,Annually,2025
2459,66,Male,T-shirt,Clothing,85,Texas,L,Turquoise,Fall,4.6,No,Free Shipping,No,No,17,Bank Transfer,Weekly,2025
3473,31,Female,Blouse,Clothing,42,Georgia,S,White,Summer,4.0,No,Free Shipping,No,No,15,Debit Card,Weekly,2025
3754,39,Female,Sunglasses,Accessories,26,Louisiana,S,Turquoise,Winter,4.2,No,Next Day Air,No,No,22,Bank Transfer,Fortnightly,2025
56,40,Male,Jacket,Outerwear,28,South Carolina,M,Lavender,Winter,3.0,Yes,2-Day Shipping,Yes,Yes,49,Credit Card,Annually,2025
3641,47,Female,Sunglasses,Accessories,31,Minnesota,L,Pink,Spring,4.0,No,Next Day Air,No,No,17,PayPal,Monthly,2025
1281,30,Male,Pants,Clothing,78,Georgia,L,White,Winter,4.4,No,2-Day Shipping,Yes,Yes,39,Venmo,Every 3 Months,2025
3355,42,Female,Skirt,Clothing,45,Maryland,M,Orange,Fall,2.8,No,Next Day Air,No,No,15,PayPal,Weekly,2025
971,45,Male,Jeans,Clothing,66,California,S,Maroon,Winter,4.4,Yes,Free Shipping,Yes,Yes,4,Cash,Monthly,2025
3182,31,Female,Jacket,Outerwear,51,Montana,M,Charcoal,Summer,4.4,No,Free Shipping,No,No,27,PayPal,Every 3 Months,2025
3307,63,Female,Jacket,Outerwear,39,Colorado,L,Orange,Summer,3.6,No,Store Pickup,No,No,6,Venmo,Fortnightly,2025
1035,68,Male,Socks,Clothing,29,Maryland,M,Olive,Fall,4.2,Yes,Next Day Air,Yes,Yes,44,Bank Transfer,Weekly,2025
3650,68,Female,Skirt,Clothing,57,Minnesota,M,Brown,Fall,4.4,No,Standard,No,No,33,Credit Card,Fortnightly,2025
1993,33,Male,Hoodie,Clothing,98,New Jersey,L,Gold,Winter,4.9,No,2-Day Shipping,No,No,28,Venmo,Monthly,2025
3096,62,Female,Hat,Accessories,53,Minnesota,S,Beige,Fall,3.4,No,Standard,No,No,13,Venmo,Fortnightly,2025
3284,47,Female,Jacket,Outerwear,24,North Carolina,L,Purple,Spring,2.9,No,Express,No,No,10,Debit Card,Every 3 Months,2025
1893,39,Male,Jacket,Outerwear,30,California,M,Blue,Fall,4.6,No,2-Day Shipping,No,No,12,Venmo,Weekly,2025
2758,39,Female,Hat,Accessories,98,Delaware,XL,Brown,Fall,4.3,No,Next Day Air,No,No,11,Venmo,Monthly,2025
1460,20,Male,Shoes,Footwear,35,Maine,L,Yellow,Winter,4.8,No,Express,Yes,Yes,18,Venmo,Fortnightly,2025
3093,52,Female,Sunglasses,Accessories,54,Utah,L,Silver,Fall,3.5,No,Next Day Air,No,No,14,Bank Transfer,Bi-Weekly,2025
1510,20,Male,Dress,Clothing,54,New Hampshire,XL,White,Summer,4.6,No,Free Shipping,Yes,Yes,44,Debit Card,Annually,2025
450,26,Male,Jewelry,Accessories,45,New York,L,Peach,Summer,2.9,Yes,2-Day Shipping,Yes,Yes,35,Bank Transfer,Monthly,2025
3669,59,Female,Blouse,Clothing,71,Michigan,XL,Magenta,Summer,3.2,No,Store Pickup,No,No,18,Venmo,Annually,2025
3374,70,Female,Sandals,Footwear,52,Minnesota,M,Purple,Spring,3.5,No,Store Pickup,No,No,12,Debit Card,Every 3 Months,2025
2723,23,Female,Hat,Accessories,83,Maine,M,Green,Spring,2.8,No,2-Day Shipping,No,No,22,PayPal,Fortnightly,2025
3406,28,Female,Blouse,Clothing,87,Washington,M,White,Summer,4.2,No,Store Pickup,No,No,47,Bank Transfer,Bi-Weekly,2025
914,37,Male,Sneakers,Footwear,47,Utah,M,Yellow,Fall,2.6,Yes,Next Day Air,Yes,Yes,29,Cash,Every 3 Months,2025
2472,30,Male,Sandals,Footwear,83,Oklahoma,M,Gray,Spring,4.3,No,Store Pickup,No,No,1,Cash,Annually,2025
3423,19,Female,Coat,Outerwear,91,New York,L,Beige,Winter,3.2,No,Next Day Air,No,No,9,Venmo,Monthly,2025
1479,28,Male,Gloves,Accessories,23,Washington,M,Blue,Summer,4.2,No,Free Shipping,Yes,Yes,13,Venmo,Bi-Weekly,2025
1741,69,Male,Pants,Clothing,21,Wisconsin,L,Charcoal,Fall,3.3,No,Next Day Air,No,No,10,Bank Transfer,Every 3 Months,2025
3558,52,Female,Jacket,Outerwear,26,Nevada,M,Peach,Summer,4.9,No,Next Day Air,No,No,1,PayPal,Every 3 Months,2025
2648,60,Male,Shoes,Footwear,58,South Carolina,M,Red,Summer,3.3,No,2-Day Shipping,No,No,25,Debit Card,Annually,2025
2080,32,Male,Jeans,Clothing,24,Montana,L,Violet,Summer,3.1,No,Next Day Air,No,No,16,PayPal,Quarterly,2025
2178,24,Male,Gloves,Accessories,93,Montana,XL,Green,Winter,3.0,No,Express,No,No,9,PayPal,Bi-Weekly,2025
758,41,Male,Hoodie,Clothing,32,Minnesota,M,Red,Fall,3.8,Yes,Store Pickup,Yes,Yes,18,Debit Card,Quarterly,2025
1309,59,Male,Dress,Clothing,38,Rhode Island,L,Red,Summer,4.4,No,Next Day Air,Yes,Yes,14,Credit Card,Every 3 Months,2025
358,18,Male,Belt,Accessories,56,Arkansas,M,Olive,Spring,4.0,Yes,Standard,Yes,Yes,16,Credit Card,Bi-Weekly,2025
2274,55,Male,Coat,Outerwear,96,New Mexico,L,Silver,Winter,4.8,No,Express,No,No,13,PayPal,Bi-Weekly,2025
323,41,Male,Belt,Accessories,95,Tennessee,S,Cyan,Winter,3.0,Yes,Standard,Yes,Yes,47,Credit Card,Monthly,2025
2016,57,Male,Belt,Accessories,82,Virginia,S,Pink,Summer,4.5,No,Next Day Air,No,No,8,Credit Card,Fortnightly,2025
2422,37,Male,Sneakers,Footwear,46,Minnesota,L,Pink,Spring,4.6,No,Standard,No,No,2,Debit Card,Every 3 Months,2025
508,65,Male,Shorts,Clothing,20,Maine,M,Magenta,Spring,5.0,Yes,Store Pickup,Yes,Yes,33,Debit Card,Fortnightly,2025
7,63,Male,Shirt,Clothing,85,Montana,M,Gray,Fall,3.2,Yes,Free Shipping,Yes,Yes,49,Cash,Quarterly,2025
1525,22,Male,Socks,Clothing,76,Massachusetts,L,Pink,Summer,4.4,No,Free Shipping,Yes,Yes,6,Cash,Bi-Weekly,2025
1383,68,Male,Jacket,Outerwear,55,Michigan,L,Brown,Winter,4.8,No,Express,Yes,Yes,16,Bank Transfer,Quarterly,2025
2023,59,Male,Jewelry,Accessories,38,Alabama,S,Black,Winter,4.0,No,Store Pickup,No,No,16,Cash,Bi-Weekly,2025
1149,34,Male,Pants,Clothing,66,Florida,M,Violet,Spring,2.6,No,Store Pickup,Yes,Yes,10,PayPal,Fortnightly,2025
3240,33,Female,Sunglasses,Accessories,32,Colorado,M,Charcoal,Fall,2.7,No,2-Day Shipping,No,No,30,Cash,Monthly,2025
1956,50,Male,Hoodie,Clothing,56,Maine,M,Pink,Winter,4.9,No,Express,No,No,37,Cash,Monthly,2025
190,36,Male,Blouse,Clothing,82,West Virginia,M,Maroon,Fall,4.4,Yes,Next Day Air,Yes,Yes,4,Credit Card,Weekly,2025
2137,47,Male,Sunglasses,Accessories,93,New York,M,Red,Summer,2.8,No,Standard,No,No,25,Bank Transfer,Fortnightly,2025
2635,26,Male,Sandals,Footwear,58,North Carolina,S,Black,Summer,3.2,No,Store Pickup,No,No,20,PayPal,Every 3 Months,2025
836,35,Male,Boots,Footwear,26,Maryland,L,Indigo,Summer,2.5,Yes,Next Day Air,Yes,Yes,21,Debit Card,Weekly,2025
915,43,Male,Dress,Clothing,67,Washington,L,Purple,Summer,4.1,Yes,Standard,Yes,Yes,27,Venmo,Every 3 Months,2025
781,34,Male,Shoes,Footwear,26,New York,M,Turquoise,Spring,3.6,Yes,Free Shipping,Yes,Yes,38,Cash,Quarterly,2025
1690,32,Male,Shirt,Clothing,73,North Carolina,L,Turquoise,Winter,4.6,No,Store Pickup,No,No,32,Bank Transfer,Monthly,2025
1985,26,Male,Skirt,Clothing,58,West Virginia,M,Black,Summer,3.4,No,2-Day Shipping,No,No,26,PayPal,Fortnightly,2025
1784,42,Male,Handbag,Accessories,49,Ohio,L,Lavender,Winter,3.3,No,Free Shipping,No,No,30,Credit Card,Monthly,2025
3166,49,Female,Jacket,Outerwear,92,Hawaii,M,Lavender,Spring,3.0,No,Store Pickup,No,No,38,Bank Transfer,Every 3 Months,2025
1262,20,Male,Shirt,Clothing,29,Connecticut,L,Maroon,Summer,2.8,No,Next Day Air,Yes,Yes,2,Credit Card,Fortnightly,2025
3833,64,Female,Boots,Footwear,38,Kansas,XL,Purple,Winter,4.8,No,2-Day Shipping,No,No,27,Cash,Weekly,2025
3263,42,Female,T-shirt,Clothing,35,Indiana,M,Violet,Spring,2.7,No,Standard,No,No,21,Cash,Every 3 Months,2025
779,29,Male,Socks,Clothing,50,Massachusetts,M,Yellow,Summer,2.9,Yes,Store Pickup,Yes,Yes,23,Debit Card,Annually,2025
2093,42,Male,Sandals,Footwear,45,Minnesota,M,Silver,Fall,2.6,No,Next Day Air,No,No,27,Bank Transfer,Weekly,2025
2360,19,Male,Scarf,Accessories,81,Pennsylvania,S,Gold,Spring,3.3,No,2-Day Shipping,No,No,44,Bank Transfer,Every 3 Months,2025
1575,18,Male,Skirt,Clothing,25,Minnesota,S,Magenta,Spring,4.2,No,Free Shipping,Yes,Yes,32,PayPal,Bi-Weekly,2025
2333,36,Male,Scarf,Accessories,53,South Carolina,XL,Olive,Fall,2.6,No,Store Pickup,No,No,10,Venmo,Monthly,2025
1061,27,Male,Sweater,Clothing,35,Iowa,S,Gray,Summer,2.6,No,Next Day Air,Yes,Yes,21,Debit Card,Every 3 Months,2025
159,25,Male,Shirt,Clothing,73,Connecticut,XL,Teal,Fall,4.1,Yes,Standard,Yes,Yes,50,Bank Transfer,Monthly,2025
848,53,Male,Hoodie,Clothing,44,New Jersey,L,Blue,Fall,4.1,Yes,Standard,Yes,Yes,30,PayPal,Monthly,2025
3251,23,Female,Coat,Outerwear,90,Minnesota,M,Teal,Spring,2.9,No,2-Day Shipping,No,No,15,Venmo,Weekly,2025
1209,20,Male,Boots,Footwear,100,Wisconsin,S,Red,Winter,2.9,No,2-Day Shipping,Yes,Yes,8,Debit Card,Annually,2025
3289,67,Female,Handbag,Accessories,61,South Carolina,XL,White,Spring,4.9,No,Next Day Air,No,No,19,Credit Card,Bi-Weekly,2025
803,38,Male,Pants,Clothing,41,Delaware,M,Teal,Winter,3.5,Yes,Next Day Air,Yes,Yes,2,Bank Transfer,Weekly,2025
1809,67,Male,Jacket,Outerwear,71,Tennessee,M,Lavender,Spring,4.3,No,Next Day Air,No,No,7,Debit Card,Monthly,2025
561,25,Male,Jewelry,Accessories,48,Louisiana,L,Red,Fall,3.3,Yes,Free Shipping,Yes,Yes,12,Debit Card,Annually,2025
3192,62,Female,Hoodie,Clothing,68,Mississippi,XL,Maroon,Winter,4.7,No,Store Pickup,No,No,42,Credit Card,Every 3 Months,2025
60,63,Male,Belt,Accessories,79,Louisiana,L,Yellow,Spring,4.6,Yes,Standard,Yes,Yes,4,Debit Card,Weekly,2025
3018,58,Female,Sunglasses,Accessories,71,Wisconsin,S,Purple,Summer,3.3,No,Next Day Air,No,No,24,Cash,Bi-Weekly,2025
3356,40,Female,Blouse,Clothing,28,Delaware,M,Peach,Spring,2.6,No,Store Pickup,No,No,3,Bank Transfer,Bi-Weekly,2025
1869,23,Male,Gloves,Accessories,58,Indiana,M,Silver,Spring,4.7,No,Next Day Air,No,No,44,Cash,Fortnightly,2025
2775,56,Female,Boots,Footwear,40,Oklahoma,L,Yellow,Fall,4.1,No,Standard,No,No,42,Credit Card,Quarterly,2025
2783,41,Female,Gloves,Accessories,34,Idaho,S,Cyan,Spring,3.8,No,Free Shipping,No,No,30,PayPal,Annually,2025
1661,59,Male,T-shirt,Clothing,45,Louisiana,L,Yellow,Winter,4.1,No,Standard,Yes,Yes,37,Venmo,Monthly,2025
26,18,Male,Hoodie,Clothing,25,Texas,M,Silver,Summer,3.6,Yes,Express,Yes,Yes,14,PayPal,Annually,2025
2149,19,Male,T-shirt,Clothing,45,Nebraska,XL,Turquoise,Winter,4.6,No,2-Day Shipping,No,No,19,PayPal,Bi-Weekly,2025
2348,37,Male,Belt,Accessories,64,California,S,Gray,Fall,4.2,No,Express,No,No,46,Cash,Every 3 Months,2025
600,51,Male,Boots,Footwear,26,Massachusetts,L,Teal,Spring,4.2,Yes,Standard,Yes,Yes,27,Debit Card,Every 3 Months,2025
1961,57,Male,Jeans,Clothing,72,Massachusetts,L,Red,Summer,3.3,No,2-Day Shipping,No,No,40,Credit Card,Annually,2025
1318,28,Male,Pants,Clothing,43,Kentucky,M,Green,Spring,2.8,No,Free Shipping,Yes,Yes,19,Cash,Monthly,2025
2301,18,Male,Coat,Outerwear,88,Pennsylvania,XL,Lavender,Summer,4.4,No,2-Day Shipping,No,No,38,Credit Card,Monthly,2025
2532,43,Male,Sandals,Footwear,28,Texas,M,Violet,Summer,4.6,No,Free Shipping,No,No,7,Cash,Every 3 Months,2025
1318,28,Male,Pants,Clothing,43,Kentucky,M,Green,Spring,2.8,No,Free Shipping,Yes,Yes,19,Cash,Monthly,2025
3047,60,Female,Shoes,Footwear,49,Pennsylvania,M,White,Spring,3.2,No,Store Pickup,No,No,25,Cash,Every 3 Months,2025
3728,41,Female,Socks,Clothing,83,Maine,M,Gold,Summer,3.5,No,Next Day Air,No,No,17,Debit Card,Bi-Weekly,2025
1207,22,Male,Handbag,Accessories,59,Mississippi,S,Cyan,Fall,3.0,No,Free Shipping,Yes,Yes,16,Venmo,Every 3 Months,2025
2274,55,Male,Coat,Outerwear,96,New Mexico,L,Silver,Winter,4.8,No,Express,No,No,13,PayPal,Bi-Weekly,2025
3691,24,Female,Blouse,Clothing,23,Kansas,S,Violet,Fall,3.7,No,Store Pickup,No,No,4,Bank Transfer,Bi-Weekly,2025
2531,25,Male,Skirt,Clothing,98,Massachusetts,S,Cyan,Spring,3.6,No,Free Shipping,No,No,28,Debit Card,Weekly,2025
1833,69,Male,Jewelry,Accessories,29,Louisiana,M,Blue,Fall,4.6,No,Free Shipping,No,No,48,Cash,Monthly,2025
70,48,Male,Belt,Accessories,70,Tennessee,S,Cyan,Summer,4.4,Yes,Express,Yes,Yes,5,Cash,Weekly,2025
646,62,Male,Hoodie,Clothing,42,Oklahoma,S,Purple,Summer,4.2,Yes,Express,Yes,Yes,15,Venmo,Bi-Weekly,2025
3844,64,Female,Hat,Accessories,71,Georgia,L,Silver,Winter,4.0,No,Free Shipping,No,No,48,Venmo,Every 3 Months,2025
3755,46,Female,Shoes,Footwear,41,Nebraska,M,Turquoise,Summer,4.4,No,Express,No,No,10,Cash,Every 3 Months,2025
2962,33,Female,Hoodie,Clothing,43,New Hampshire,S,Gold,Fall,2.8,No,Free Shipping,No,No,21,Debit Card,Bi-Weekly,2025
324,66,Male,Hoodie,Clothing,78,Tennessee,M,Orange,Winter,3.5,Yes,Next Day Air,Yes,Yes,29,PayPal,Bi-Weekly,2025
668,34,Male,Sunglasses,Accessories,76,Arizona,S,Blue,Winter,2.6,Yes,Standard,Yes,Yes,32,Bank Transfer,Quarterly,2025
3483,66,Female,Gloves,Accessories,61,Hawaii,M,Gold,Winter,3.9,No,Next Day Air,No,No,35,Debit Card,Weekly,2025
2180,49,Male,Socks,Clothing,82,Delaware,L,Lavender,Fall,2.9,No,Next Day Air,No,No,14,PayPal,Monthly,2025
288,56,Male,Scarf,Accessories,37,Delaware,L,Blue,Spring,3.4,Yes,2-Day Shipping,Yes,Yes,18,Venmo,Fortnightly,2025
1128,50,Male,Shirt,Clothing,53,Delaware,XL,Maroon,Spring,4.8,No,Store Pickup,Yes,Yes,22,Debit Card,Monthly,2025
643,64,Male,Skirt,Clothing,25,Arkansas,L,Red,Spring,2.8,Yes,2-Day Shipping,Yes,Yes,14,Debit Card,Bi-Weekly,2025
679,27,Male,Blouse,Clothing,74,Maine,M,Teal,Fall,3.3,Yes,Store Pickup,Yes,Yes,25,Debit Card,Every 3 Months,2025
183,38,Male,Gloves,Accessories,96,Alabama,XL,Purple,Summer,2.8,Yes,Store Pickup,Yes,Yes,10,Debit Card,Annually,2025
184,58,Male,Skirt,Clothing,29,Ohio,XL,Beige,Spring,3.6,Yes,2-Day Shipping,Yes,Yes,26,Credit Card,Weekly,2025
2764,28,Female,Handbag,Accessories,52,West Virginia,M,Green,Fall,2.9,No,2-Day Shipping,No,No,35,Venmo,Quarterly,2025
8,27,Male,Shorts,Clothing,34,Louisiana,L,Charcoal,Winter,3.2,Yes,Free Shipping,Yes,Yes,19,Credit Card,Weekly,2025
1467,58,Male,Shorts,Clothing,71,Alabama,M,Green,Summer,4.5,No,Store Pickup,Yes,Yes,3,PayPal,Annually,2025
2005,44,Male,Shoes,Footwear,70,Georgia,L,Blue,Fall,3.2,No,2-Day Shipping,No,No,13,Cash,Bi-Weekly,2025
1859,22,Male,Scarf,Accessories,69,Maine,S,Peach,Spring,4.9,No,2-Day Shipping,No,No,8,Debit Card,Annually,2025
3339,29,Female,Skirt,Clothing,94,Minnesota,L,White,Winter,2.9,No,2-Day Shipping,No,No,46,Credit Card,Monthly,2025
3523,27,Female,Pants,Clothing,85,New Jersey,M,Yellow,Spring,3.2,No,Store Pickup,No,No,13,Cash,Quarterly,2025
3013,42,Female,Belt,Accessories,65,Idaho,M,Teal,Fall,3.5,No,Standard,No,No,16,PayPal,Annually,2025
3357,39,Female,Jeans,Clothing,48,Tennessee,M,Silver,Summer,3.5,No,Store Pickup,No,No,13,PayPal,Bi-Weekly,2025
2225,18,Male,Gloves,Accessories,25,Nebraska,L,Charcoal,Winter,4.3,No,Standard,No,No,38,Cash,Quarterly,2025
858,43,Male,Shorts,Clothing,60,Missouri,L,Cyan,Fall,3.0,Yes,Standard,Yes,Yes,50,Debit Card,Every 3 Months,2025
1200,49,Male,Sandals,Footwear,89,Maryland,M,Indigo,Fall,4.5,No,Free Shipping,Yes,Yes,3,Debit Card,Weekly,2025
280,23,Male,Sneakers,Footwear,69,Arkansas,L,Turquoise,Summer,4.0,Yes,Standard,Yes,Yes,37,Bank Transfer,Monthly,2025
2243,18,Male,Skirt,Clothing,66,Nevada,M,Orange,Spring,3.8,No,Next Day Air,No,No,5,Credit Card,Bi-Weekly,2025
3646,38,Female,Backpack,Accessories,90,Colorado,L,Silver,Summer,3.4,No,Free Shipping,No,No,31,Credit Card,Every 3 Months,2025
729,29,Male,Jeans,Clothing,78,Nebraska,M,Pink,Winter,3.7,Yes,Next Day Air,Yes,Yes,12,PayPal,Every 3 Months,2025
1464,54,Male,Jewelry,Accessories,49,Oklahoma,M,Beige,Summer,4.9,No,Store Pickup,Yes,Yes,1,Bank Transfer,Monthly,2025
2087,65,Male,Dress,Clothing,89,North Dakota,L,Beige,Summer,4.7,No,2-Day Shipping,No,No,36,Cash,Every 3 Months,2025
255,67,Male,Sunglasses,Accessories,42,Indiana,M,White,Winter,3.5,Yes,Store Pickup,Yes,Yes,4,PayPal,Bi-Weekly,2025
2843,28,Female,Coat,Outerwear,100,Arizona,L,Green,Fall,4.3,No,Standard,No,No,48,Debit Card,Quarterly,2025
188,19,Male,Shoes,Footwear,94,Georgia,S,Purple,Spring,3.3,Yes,Store Pickup,Yes,Yes,1,Bank Transfer,Bi-Weekly,2025
656,20,Male,Handbag,Accessories,36,Mississippi,S,Purple,Fall,3.1,Yes,Free Shipping,Yes,Yes,19,Venmo,Monthly,2025
3443,28,Female,Skirt,Clothing,78,Michigan,M,Violet,Spring,4.3,No,Next Day Air,No,No,12,PayPal,Weekly,2025
2085,32,Male,Blouse,Clothing,94,Vermont,S,Brown,Summer,4.0,No,Standard,No,No,43,Bank Transfer,Quarterly,2025
1582,69,Male,Jewelry,Accessories,77,Ohio,L,Teal,Fall,4.2,No,Free Shipping,Yes,Yes,46,Cash,Quarterly,2025
3631,65,Female,Hat,Accessories,73,Oklahoma,M,Lavender,Winter,4.8,No,Store Pickup,No,No,29,Cash,Weekly,2025
1475,31,Male,Sweater,Clothing,72,New Jersey,S,Pink,Fall,3.9,No,Next Day Air,Yes,Yes,6,Credit Card,Monthly,2025
1739,60,Male,Handbag,Accessories,61,Tennessee,M,Green,Spring,2.9,No,2-Day Shipping,No,No,37,Credit Card,Weekly,2025
1716,23,Male,Dress,Clothing,69,Idaho,XL,Gray,Spring,3.4,No,2-Day Shipping,No,No,30,PayPal,Bi-Weekly,2025
2243,18,Male,Skirt,Clothing,66,Nevada,M,Orange,Spring,3.8,No,Next Day Air,No,No,5,Credit Card,Bi-Weekly,2025
1791,50,Male,Gloves,Accessories,26,North Carolina,S,Violet,Summer,3.7,No,Store Pickup,No,No,31,PayPal,Bi-Weekly,2025
2456,20,Male,Belt,Accessories,98,Alaska,L,Lavender,Spring,3.4,No,Express,No,No,25,Cash,Every 3 Months,2025
1819,58,Male,Sunglasses,Accessories,39,North Carolina,M,White,Fall,3.8,No,Express,No,No,47,Debit Card,Every 3 Months,2025
3382,57,Female,Hat,Accessories,66,Minnesota,L,Turquoise,Winter,4.7,No,Standard,No,No,27,Credit Card,Quarterly,2025
2026,42,Male,Shirt,Clothing,29,Delaware,M,Turquoise,Summer,3.0,No,Express,No,No,43,Debit Card,Fortnightly,2025
1882,58,Male,Blouse,Clothing,41,New Jersey,M,Red,Winter,4.3,No,Standard,No,No,13,Cash,Bi-Weekly,2025
3478,53,Female,Handbag,Accessories,85,Kentucky,S,Teal,Spring,3.8,No,Store Pickup,No,No,38,Debit Card,Bi-Weekly,2025
1240,62,Male,Coat,Outerwear,37,New Jersey,XL,Magenta,Spring,4.8,No,Standard,Yes,Yes,32,Debit Card,Every 3 Months,2025
1600,48,Male,Shirt,Clothing,54,Delaware,M,Orange,Winter,2.8,No,2-Day Shipping,Yes,Yes,22,Debit Card,Bi-Weekly,2025
2517,46,Male,Shorts,Clothing,73,Utah,XL,Brown,Spring,4.6,No,Standard,No,No,36,Debit Card,Quarterly,2025
2966,48,Female,Scarf,Accessories,45,Delaware,M,Blue,Summer,4.4,No,Standard,No,No,25,PayPal,Fortnightly,2025
2957,52,Female,Dress,Clothing,88,Montana,M,Olive,Fall,3.7,No,Standard,No,No,30,Venmo,Monthly,2025
2186,40,Male,Shorts,Clothing,32,North Carolina,M,Violet,Winter,2.5,No,Express,No,No,50,Debit Card,Every 3 Months,2025
105,55,Male,Sunglasses,Accessories,24,New Hampshire,L,Pink,Spring,4.4,Yes,2-Day Shipping,Yes,Yes,1,PayPal,Monthly,2025
2149,19,Male,T-shirt,Clothing,45,Nebraska,XL,Turquoise,Winter,4.6,No,2-Day Shipping,No,No,19,PayPal,Bi-Weekly,2025
627,31,Male,Sunglasses,Accessories,79,New Hampshire,M,Indigo,Spring,3.9,Yes,Standard,Yes,Yes,10,Venmo,Annually,2025
301,29,Male,Hat,Accessories,98,Iowa,M,Teal,Spring,4.4,Yes,Store Pickup,Yes,Yes,24,PayPal,Weekly,2025
813,64,Male,Boots,Footwear,56,Alaska,M,Olive,Summer,3.2,Yes,Standard,Yes,Yes,32,Credit Card,Weekly,2025
2943,54,Female,Socks,Clothing,63,Hawaii,M,Brown,Summer,2.6,No,Free Shipping,No,No,37,Bank Transfer,Weekly,2025
1467,58,Male,Shorts,Clothing,71,Alabama,M,Green,Summer,4.5,No,Store Pickup,Yes,Yes,3,PayPal,Annually,2025
2954,45,Female,Dress,Clothing,82,Maryland,M,Silver,Summer,4.8,No,Next Day Air,No,No,11,Credit Card,Annually,2025
734,45,Male,Dress,Clothing,36,Rhode Island,L,Cyan,Fall,2.7,Yes,2-Day Shipping,Yes,Yes,20,Debit Card,Bi-Weekly,2025
387,64,Male,Jewelry,Accessories,39,Louisiana,L,Brown,Spring,3.4,Yes,Express,Yes,Yes,40,PayPal,Quarterly,2025
2261,38,Male,Scarf,Accessories,82,Missouri,M,Blue,Fall,4.9,No,Express,No,No,16,PayPal,Quarterly,2025
1702,69,Male,Handbag,Accessories,41,Mississippi,XL,Blue,Winter,3.8,No,Next Day Air,No,No,44,Debit Card,Every 3 Months,2025
3151,55,Female,Blouse,Clothing,25,Georgia,M,Peach,Spring,2.6,No,Express,No,No,7,Bank Transfer,Bi-Weekly,2025
2460,47,Male,Socks,Clothing,36,Missouri,L,Violet,Fall,4.3,No,2-Day Shipping,No,No,14,Cash,Weekly,2025
880,62,Male,Skirt,Clothing,76,Wyoming,S,Lavender,Spring,4.1,Yes,Free Shipping,Yes,Yes,14,PayPal,Quarterly,2025
426,40,Male,Jeans,Clothing,87,North Dakota,S,Teal,Winter,3.3,Yes,Store Pickup,Yes,Yes,4,Credit Card,Quarterly,2025
3594,63,Female,Sandals,Footwear,80,Wyoming,M,Black,Spring,4.6,No,Next Day Air,No,No,24,PayPal,Monthly,2025
3084,22,Female,Pants,Clothing,20,Illinois,S,Purple,Summer,3.5,No,Store Pickup,No,No,28,PayPal,Quarterly,2025
3273,58,Female,Shoes,Footwear,99,Texas,M,Lavender,Winter,3.1,No,Next Day Air,No,No,34,PayPal,Quarterly,2025
3091,29,Female,Shirt,Clothing,36,Texas,M,Peach,Summer,4.9,No,Store Pickup,No,No,15,Bank Transfer,Quarterly,2025
1638,35,Male,Dress,Clothing,21,Massachusetts,M,Peach,Spring,3.5,No,Next Day Air,Yes,Yes,32,Venmo,Fortnightly,2025
3473,31,Female,Blouse,Clothing,42,Georgia,S,White,Summer,4.0,No,Free Shipping,No,No,15,Debit Card,Weekly,2025
1250,62,Male,Boots,Footwear,50,Oregon,M,Peach,Winter,4.5,No,Express,Yes,Yes,48,Venmo,Fortnightly,2025
1752,57,Male,Sweater,Clothing,40,Ohio,M,Silver,Winter,3.2,No,2-Day Shipping,No,No,34,Cash,Annually,2025
3678,32,Female,Backpack,Accessories,30,Michigan,M,Gray,Fall,2.8,No,Standard,No,No,43,Cash,Annually,2025
1594,61,Male,Dress,Clothing,95,Maryland,M,Black,Spring,4.9,No,2-Day Shipping,Yes,Yes,25,Bank Transfer,Monthly,2025
1769,25,Male,Sandals,Footwear,45,Nebraska,M,Indigo,Summer,3.9,No,2-Day Shipping,No,No,2,PayPal,Every 3 Months,2025
784,63,Male,T-shirt,Clothing,65,Louisiana,L,Purple,Winter,4.5,Yes,Next Day Air,Yes,Yes,38,PayPal,Fortnightly,2025
959,70,Male,Sneakers,Footwear,53,Washington,XL,Beige,Winter,4.4,Yes,Free Shipping,Yes,Yes,31,Credit Card,Bi-Weekly,2025
856,70,Male,Socks,Clothing,76,Oregon,L,Gold,Spring,3.0,Yes,2-Day Shipping,Yes,Yes,14,Credit Card,Quarterly,2025
821,56,Male,Sneakers,Footwear,39,Louisiana,M,Turquoise,Spring,2.5,Yes,2-Day Shipping,Yes,Yes,27,Debit Card,Monthly,2025
712,64,Male,Boots,Footwear,60,New Hampshire,M,Maroon,Spring,3.5,Yes,2-Day Shipping,Yes,Yes,13,Bank Transfer,Bi-Weekly,2025
743,64,Male,Pants,Clothing,39,Nevada,M,Charcoal,Summer,3.1,Yes,Express,Yes,Yes,21,Debit Card,Quarterly,2025
2978,38,Female,Shorts,Clothing,47,Washington,L,Gold,Winter,3.4,No,Standard,No,No,20,Venmo,Annually,2025
507,28,Male,Scarf,Accessories,40,Georgia,M,Olive,Fall,2.7,Yes,2-Day Shipping,Yes,Yes,48,Debit Card,Annually,2025
2682,23,Female,Shoes,Footwear,23,Massachusetts,L,Olive,Summer,4.8,No,Standard,No,No,17,Debit Card,Monthly,2025
3888,40,Female,Shirt,Clothing,34,Kansas,M,Charcoal,Spring,2.7,No,Express,No,No,1,Credit Card,Quarterly,2025
2240,42,Male,Jewelry,Accessories,96,Alabama,L,Indigo,Summer,3.8,No,2-Day Shipping,No,No,41,Credit Card,Every 3 Months,2025
1841,42,Male,Sandals,Footwear,98,Wyoming,M,Gold,Winter,2.6,No,Store Pickup,No,No,46,Bank Transfer,Every 3 Months,2025
1065,34,Male,Hat,Accessories,28,Wyoming,M,Violet,Spring,3.5,No,Express,Yes,Yes,42,Credit Card,Every 3 Months,2025
2090,37,Male,Jacket,Outerwear,57,Maryland,L,Gold,Spring,3.6,No,Free Shipping,No,No,41,Credit Card,Every 3 Months,2025
3619,28,Female,Gloves,Accessories,67,Nevada,M,Maroon,Fall,4.0,No,2-Day Shipping,No,No,47,PayPal,Bi-Weekly,2025
1908,69,Male,Skirt,Clothing,74,New Mexico,L,Orange,Fall,4.8,No,Store Pickup,No,No,36,Credit Card,Every 3 Months,2025
1353,65,Male,Hat,Accessories,89,Indiana,XL,Orange,Spring,4.5,No,Next Day Air,Yes,Yes,37,Credit Card,Bi-Weekly,2025
2192,26,Male,Blouse,Clothing,69,Pennsylvania,S,Maroon,Summer,3.8,No,Next Day Air,No,No,46,Cash,Bi-Weekly,2025
938,32,Male,Shorts,Clothing,24,Iowa,M,Magenta,Summer,2.7,Yes,Express,Yes,Yes,18,Venmo,Quarterly,2025
3888,40,Female,Shirt,Clothing,34,Kansas,M,Charcoal,Spring,2.7,No,Express,No,No,1,Credit Card,Quarterly,2025
2669,59,Female,Coat,Outerwear,75,Texas,M,Black,Summer,4.8,No,Next Day Air,No,No,9,PayPal,Quarterly,2025
3506,48,Female,Jewelry,Accessories,42,Indiana,L,Red,Winter,3.7,No,2-Day Shipping,No,No,40,Bank Transfer,Every 3 Months,2025
1598,43,Male,Hat,Accessories,21,Mississippi,XL,Maroon,Winter,2.6,No,Store Pickup,Yes,Yes,34,Bank Transfer,Quarterly,2025
2333,36,Male,Scarf,Accessories,53,South Carolina,XL,Olive,Fall,2.6,No,Store Pickup,No,No,10,Venmo,Monthly,2025
3754,39,Female,Sunglasses,Accessories,26,Louisiana,S,Turquoise,Winter,4.2,No,Next Day Air,No,No,22,Bank Transfer,Fortnightly,2025
3750,24,Female,Blouse,Clothing,95,Alaska,L,Yellow,Winter,2.9,No,2-Day Shipping,No,No,38,Venmo,Every 3 Months,2025
3219,37,Female,Skirt,Clothing,34,Florida,M,Teal,Fall,3.9,No,Express,No,No,49,PayPal,Monthly,2025
509,27,Male,Jewelry,Accessories,20,Illinois,S,Yellow,Winter,3.7,Yes,Store Pickup,Yes,Yes,31,PayPal,Quarterly,2025
171,52,Male,Shirt,Clothing,25,Wyoming,M,Maroon,Fall,2.6,Yes,Store Pickup,Yes,Yes,46,Venmo,Bi-Weekly,2025
2383,39,Male,Sweater,Clothing,60,California,M,Turquoise,Spring,3.9,No,Express,No,No,44,Debit Card,Weekly,2025
1596,34,Male,Backpack,Accessories,35,Wisconsin,S,Magenta,Spring,3.5,No,Standard,Yes,Yes,45,Debit Card,Fortnightly,2025
502,64,Male,Boots,Footwear,45,Florida,M,Cyan,Spring,2.9,Yes,Next Day Air,Yes,Yes,21,Venmo,Annually,2025
3494,48,Female,Pants,Clothing,82,New Mexico,XL,Black,Winter,4.7,No,Store Pickup,No,No,35,Credit Card,Weekly,2025
2244,56,Male,Shirt,Clothing,21,Massachusetts,M,Teal,Winter,3.7,No,2-Day Shipping,No,No,13,Debit Card,Annually,2025
1628,69,Male,Sunglasses,Accessories,21,Maine,M,Olive,Winter,2.9,No,Next Day Air,Yes,Yes,8,Credit Card,Annually,2025
1192,34,Male,T-shirt,Clothing,70,Indiana,L,Charcoal,Winter,4.1,No,Free Shipping,Yes,Yes,50,Venmo,Quarterly,2025
2261,38,Male,Scarf,Accessories,82,Missouri,M,Blue,Fall,4.9,No,Express,No,No,16,PayPal,Quarterly,2025
2297,46,Male,Gloves,Accessories,88,Washington,M,Green,Fall,2.5,No,Next Day Air,No,No,50,Venmo,Every 3 Months,2025
214,30,Male,Handbag,Accessories,93,Nevada,L,Peach,Fall,4.4,Yes,Store Pickup,Yes,Yes,11,Debit Card,Every 3 Months,2025
2831,63,Female,Skirt,Clothing,90,Oregon,L,Cyan,Spring,2.9,No,Store Pickup,No,No,13,Venmo,Every 3 Months,2025
2058,66,Male,Socks,Clothing,37,South Dakota,L,Yellow,Spring,4.2,No,Standard,No,No,5,PayPal,Every 3 Months,2025
1320,65,Male,Sunglasses,Accessories,24,Oklahoma,M,Magenta,Spring,4.0,No,Standard,Yes,Yes,48,Bank Transfer,Weekly,2025
2921,33,Female,Sunglasses,Accessories,72,Texas,XL,Brown,Spring,4.9,No,Free Shipping,No,No,3,Debit Card,Bi-Weekly,2025
691,25,Male,Shorts,Clothing,68,Alaska,XL,Red,Spring,4.8,Yes,Standard,Yes,Yes,45,Bank Transfer,Weekly,2025
3267,49,Female,Coat,Outerwear,74,Alabama,S,Gray,Winter,4.2,No,Next Day Air,No,No,33,Bank Transfer,Weekly,2025
1493,62,Male,Jacket,Outerwear,38,North Carolina,M,Maroon,Summer,4.5,No,Free Shipping,Yes,Yes,3,Venmo,Quarterly,2025
426,40,Male,Jeans,Clothing,87,North Dakota,S,Teal,Winter,3.3,Yes,Store Pickup,Yes,Yes,4,Credit Card,Quarterly,2025
1754,25,Male,Skirt,Clothing,27,Colorado,L,Black,Fall,4.8,No,Next Day Air,No,No,23,Credit Card,Fortnightly,2025
40,70,Male,Pants,Clothing,60,Arizona,S,Turquoise,Summer,4.2,Yes,Express,Yes,Yes,18,Credit Card,Monthly,2025
1924,64,Male,Sandals,Footwear,36,Nebraska,XL,Blue,Summer,4.3,No,Standard,No,No,7,Cash,Annually,2025
3604,45,Female,Jeans,Clothing,51,Louisiana,M,Gold,Spring,2.7,No,Free Shipping,No,No,5,Cash,Weekly,2025
983,35,Male,Coat,Outerwear,62,Texas,S,Red,Summer,3.2,Yes,Standard,Yes,Yes,37,PayPal,Monthly,2025
931,26,Male,T-shirt,Clothing,78,Hawaii,L,Green,Fall,4.5,Yes,Store Pickup,Yes,Yes,20,Credit Card,Bi-Weekly,2025
3791,27,Female,Handbag,Accessories,45,Alaska,XL,Beige,Summer,4.4,No,Standard,No,No,31,Credit Card,Weekly,2025
3551,63,Female,Shoes,Footwear,74,West Virginia,S,Orange,Winter,4.8,No,Standard,No,No,32,Cash,Weekly,2025
2686,56,Female,Boots,Footwear,25,Virginia,M,Gray,Winter,2.7,No,Express,No,No,49,Credit Card,Quarterly,2025
2705,52,Female,Dress,Clothing,54,Tennessee,L,Beige,Spring,3.4,No,Next Day Air,No,No,35,Debit Card,Weekly,2025
2478,25,Male,Gloves,Accessories,40,California,L,Turquoise,Spring,3.8,No,2-Day Shipping,No,No,29,PayPal,Weekly,2025
1066,59,Male,T-shirt,Clothing,20,Alabama,XL,Blue,Spring,4.1,No,Store Pickup,Yes,Yes,3,PayPal,Every 3 Months,2025
2509,23,Male,Sneakers,Footwear,90,California,XL,Indigo,Spring,3.1,No,2-Day Shipping,No,No,5,Debit Card,Bi-Weekly,2025
1973,54,Male,Backpack,Accessories,31,Louisiana,M,Silver,Summer,3.3,No,Express,No,No,48,PayPal,Every 3 Months,2025
3086,24,Female,Sweater,Clothing,50,Nevada,L,Gray,Winter,2.8,No,Store Pickup,No,No,10,Venmo,Every 3 Months,2025
1500,19,Male,Boots,Footwear,85,Georgia,S,Olive,Fall,3.4,No,Free Shipping,Yes,Yes,24,Credit Card,Every 3 Months,2025
999,51,Male,Shoes,Footwear,90,Connecticut,M,White,Spring,3.8,Yes,Next Day Air,Yes,Yes,48,Bank Transfer,Bi-Weekly,2025
1800,32,Male,Hoodie,Clothing,48,California,M,Charcoal,Fall,3.9,No,Express,No,No,47,Venmo,Weekly,2025
3252,25,Female,Coat,Outerwear,20,Nevada,M,Gold,Winter,3.7,No,Standard,No,No,39,Venmo,Quarterly,2025
1399,30,Male,Dress,Clothing,45,Texas,M,Cyan,Summer,2.5,No,Free Shipping,Yes,Yes,25,Credit Card,Weekly,2025
1457,59,Male,Coat,Outerwear,100,Montana,S,Olive,Spring,2.7,No,Store Pickup,Yes,Yes,30,PayPal,Every 3 Months,2025
2000,39,Male,Socks,Clothing,89,Tennessee,L,Indigo,Winter,4.6,No,2-Day Shipping,No,No,26,Debit Card,Monthly,2025
2608,41,Male,Shoes,Footwear,36,Oklahoma,XL,Teal,Spring,3.1,No,Express,No,No,38,PayPal,Every 3 Months,2025
2062,32,Male,Sweater,Clothing,70,Michigan,S,Magenta,Summer,2.6,No,Store Pickup,No,No,22,Debit Card,Annually,2025
899,54,Male,Belt,Accessories,70,Nevada,L,Red,Spring,3.5,Yes,2-Day Shipping,Yes,Yes,19,Bank Transfer,Every 3 Months,2025
556,63,Male,Gloves,Accessories,57,Maine,M,White,Fall,4.8,Yes,Express,Yes,Yes,37,Venmo,Annually,2025
3415,27,Female,Boots,Footwear,94,Connecticut,M,Maroon,Spring,4.9,No,Next Day Air,No,No,3,Bank Transfer,Quarterly,2025
1255,54,Male,Sneakers,Footwear,56,California,XL,Black,Spring,3.3,No,2-Day Shipping,Yes,Yes,2,Credit Card,Bi-Weekly,2025
249,47,Male,Belt,Accessories,100,Pennsylvania,M,Blue,Winter,4.8,Yes,Express,Yes,Yes,33,PayPal,Weekly,2025
3085,46,Female,Scarf,Accessories,37,Idaho,S,Indigo,Spring,3.2,No,Store Pickup,No,No,43,PayPal,Monthly,2025
3460,68,Female,Hoodie,Clothing,37,Ohio,L,Green,Fall,3.8,No,Express,No,No,21,PayPal,Annually,2025
1214,68,Male,Handbag,Accessories,52,Kentucky,XL,Black,Spring,3.7,No,Express,Yes,Yes,14,Debit Card,Every 3 Months,2025
1895,42,Male,Hoodie,Clothing,90,Arizona,M,Purple,Fall,2.5,No,Free Shipping,No,No,48,Debit Card,Bi-Weekly,2025
2599,64,Male,Backpack,Accessories,86,Nevada,XL,Olive,Fall,3.3,No,Express,No,No,31,Debit Card,Annually,2025
26,18,Male,Hoodie,Clothing,25,Texas,M,Silver,Summer,3.6,Yes,Express,Yes,Yes,14,PayPal,Annually,2025
1623,31,Male,Shorts,Clothing,43,Missouri,S,Brown,Winter,4.0,No,Store Pickup,Yes,Yes,37,Bank Transfer,Every 3 Months,2025
3094,29,Female,Socks,Clothing,63,Pennsylvania,L,Red,Summer,4.8,No,Store Pickup,No,No,17,Cash,Every 3 Months,2025
2440,55,Male,Handbag,Accessories,44,Arkansas,M,Maroon,Summer,2.8,No,Standard,No,No,45,Bank Transfer,Annually,2025
2848,68,Female,Jewelry,Accessories,21,Connecticut,L,Charcoal,Winter,2.8,No,Free Shipping,No,No,3,PayPal,Every 3 Months,2025
186,46,Male,T-shirt,Clothing,32,Wisconsin,XL,Silver,Summer,4.5,Yes,Store Pickup,Yes,Yes,34,Bank Transfer,Fortnightly,2025
2965,44,Female,Coat,Outerwear,25,Ohio,S,White,Fall,3.8,No,2-Day Shipping,No,No,13,Venmo,Fortnightly,2025
3338,23,Female,Jacket,Outerwear,23,Arizona,L,Blue,Winter,4.4,No,2-Day Shipping,No,No,45,Bank Transfer,Bi-Weekly,2025
718,21,Male,Socks,Clothing,90,Alaska,L,Green,Spring,4.2,Yes,Express,Yes,Yes,7,Venmo,Every 3 Months,2025
1005,33,Male,Backpack,Accessories,79,Tennessee,M,Black,Summer,4.8,Yes,2-Day Shipping,Yes,Yes,44,Cash,Annually,2025
1732,21,Male,Backpack,Accessories,87,Idaho,M,Gray,Fall,3.1,No,Next Day Air,No,No,12,Cash,Monthly,2025
1442,34,Male,Pants,Clothing,25,Nebraska,S,Turquoise,Summer,3.4,No,Free Shipping,Yes,Yes,3,Venmo,Every 3 Months,2025
422,38,Male,Shirt,Clothing,40,Kentucky,M,Violet,Winter,3.5,Yes,Standard,Yes,Yes,48,Cash,Bi-Weekly,2025
1538,68,Male,Shoes,Footwear,89,Alaska,L,Black,Spring,3.2,No,Next Day Air,Yes,Yes,50,Venmo,Annually,2025
3762,60,Female,Backpack,Accessories,30,Nevada,M,Green,Summer,2.8,No,Next Day Air,No,No,3,Venmo,Every 3 Months,2025
451,25,Male,Boots,Footwear,21,Connecticut,L,Beige,Summer,2.7,Yes,Store Pickup,Yes,Yes,19,Credit Card,Monthly,2025
1048,31,Male,Socks,Clothing,36,Utah,S,Olive,Fall,4.2,Yes,Standard,Yes,Yes,7,Credit Card,Fortnightly,2025
3253,69,Female,Sandals,Footwear,21,Montana,L,Brown,Spring,2.7,No,Store Pickup,No,No,48,Credit Card,Fortnightly,2025
3402,44,Female,Backpack,Accessories,71,Nevada,L,Peach,Winter,3.4,No,Standard,No,No,39,Credit Card,Weekly,2025
991,48,Male,Sunglasses,Accessories,63,Washington,S,Yellow,Spring,4.8,Yes,Store Pickup,Yes,Yes,24,Cash,Weekly,2025
2331,60,Male,Backpack,Accessories,63,Arizona,L,Orange,Summer,2.9,No,Store Pickup,No,No,47,PayPal,Every 3 Months,2025
62,55,Male,Scarf,Accessories,68,Texas,M,Orange,Winter,4.7,Yes,Store Pickup,Yes,Yes,21,Credit Card,Every 3 Months,2025
133,30,Male,Backpack,Accessories,58,New Mexico,M,Orange,Fall,4.7,Yes,2-Day Shipping,Yes,Yes,42,PayPal,Weekly,2025
2152,70,Male,Jeans,Clothing,58,Vermont,L,Brown,Fall,2.6,No,2-Day Shipping,No,No,18,Venmo,Monthly,2025
1598,43,Male,Hat,Accessories,21,Mississippi,XL,Maroon,Winter,2.6,No,Store Pickup,Yes,Yes,34,Bank Transfer,Quarterly,2025
2014,39,Male,Backpack,Accessories,70,Virginia,M,Peach,Winter,4.9,No,Standard,No,No,25,Debit Card,Quarterly,2025
3630,52,Female,T-shirt,Clothing,43,Kansas,L,Lavender,Summer,4.5,No,Standard,No,No,44,Debit Card,Fortnightly,2025
1804,60,Male,Sneakers,Footwear,97,New Hampshire,S,Gray,Summer,3.5,No,Free Shipping,No,No,33,Venmo,Fortnightly,2025
3374,70,Female,Sandals,Footwear,52,Minnesota,M,Purple,Spring,3.5,No,Store Pickup,No,No,12,Debit Card,Every 3 Months,2025
1068,18,Male,Dress,Clothing,43,Pennsylvania,S,Peach,Summer,2.7,No,2-Day Shipping,Yes,Yes,22,PayPal,Quarterly,2025
2068,60,Male,Pants,Clothing,21,Maryland,XL,Beige,Fall,3.1,No,2-Day Shipping,No,No,23,Cash,Fortnightly,2025
736,61,Male,Sunglasses,Accessories,48,Montana,M,Orange,Fall,3.6,Yes,2-Day Shipping,Yes,Yes,48,Cash,Bi-Weekly,2025
2511,40,Male,Jacket,Outerwear,42,South Dakota,L,Purple,Winter,4.4,No,Standard,No,No,48,Credit Card,Weekly,2025
1269,23,Male,Jacket,Outerwear,88,Idaho,XL,Charcoal,Winter,2.9,No,Next Day Air,Yes,Yes,25,Debit Card,Bi-Weekly,2025
3069,32,Female,Boots,Footwear,40,California,M,Indigo,Winter,4.2,No,Express,No,No,4,Debit Card,Weekly,2025
2089,39,Male,Sandals,Footwear,89,California,L,Orange,Spring,4.0,No,Standard,No,No,49,Debit Card,Annually,2025
371,59,Male,Scarf,Accessories,34,Oregon,M,Olive,Winter,3.4,Yes,Express,Yes,Yes,13,PayPal,Weekly,2025
1937,70,Male,Jewelry,Accessories,60,Minnesota,S,Teal,Summer,4.3,No,2-Day Shipping,No,No,44,PayPal,Every 3 Months,2025
1566,58,Male,Sunglasses,Accessories,93,Idaho,L,Peach,Fall,4.2,No,Free Shipping,Yes,Yes,48,PayPal,Annually,2025
3704,30,Female,Sandals,Footwear,83,Michigan,S,Teal,Fall,2.9,No,Standard,No,No,23,PayPal,Every 3 Months,2025
1138,46,Male,Shirt,Clothing,91,New Mexico,XL,Pink,Winter,2.8,No,2-Day Shipping,Yes,Yes,16,Bank Transfer,Every 3 Months,2025
1986,23,Male,Gloves,Accessories,97,Tennessee,M,Gold,Spring,3.9,No,2-Day Shipping,No,No,6,Credit Card,Fortnightly,2025
3880,26,Female,Skirt,Clothing,63,Florida,L,Maroon,Winter,4.1,No,Free Shipping,No,No,6,Debit Card,Quarterly,2025
1786,47,Male,Gloves,Accessories,29,Iowa,S,Peach,Fall,4.1,No,Next Day Air,No,No,22,Venmo,Monthly,2025
369,24,Male,Handbag,Accessories,39,Oklahoma,M,Charcoal,Spring,4.5,Yes,Standard,Yes,Yes,29,Cash,Monthly,2025
112,26,Male,Belt,Accessories,75,Massachusetts,L,Purple,Summer,5.0,Yes,Free Shipping,Yes,Yes,9,Credit Card,Annually,2025
1574,36,Male,T-shirt,Clothing,31,North Dakota,L,Indigo,Summer,4.3,No,2-Day Shipping,Yes,Yes,25,Debit Card,Weekly,2025
2055,65,Male,Sweater,Clothing,56,New Jersey,XL,Gold,Spring,2.9,No,Express,No,No,14,PayPal,Annually,2025
3330,34,Female,Backpack,Accessories,54,New Jersey,M,Gray,Winter,3.8,No,Express,No,No,1,Debit Card,Bi-Weekly,2025
3823,70,Female,Hat,Accessories,41,Kansas,S,Gold,Spring,3.2,No,Free Shipping,No,No,17,PayPal,Every 3 Months,2025
2190,38,Male,Blouse,Clothing,94,Wisconsin,XL,Brown,Fall,4.0,No,Express,No,No,47,Credit Card,Bi-Weekly,2025
2099,49,Male,T-shirt,Clothing,28,Louisiana,M,White,Summer,3.3,No,2-Day Shipping,No,No,20,Venmo,Quarterly,2025
2867,54,Female,Blouse,Clothing,75,Connecticut,S,Violet,Summer,3.1,No,Free Shipping,No,No,19,Cash,Annually,2025
2798,63,Female,Jewelry,Accessories,42,Oklahoma,M,Green,Winter,3.5,No,Express,No,No,10,Venmo,Every 3 Months,2025
318,58,Male,Sweater,Clothing,82,West Virginia,L,Teal,Fall,4.3,Yes,Standard,Yes,Yes,42,Cash,Every 3 Months,2025
1269,23,Male,Jacket,Outerwear,88,Idaho,XL,Charcoal,Winter,2.9,No,Next Day Air,Yes,Yes,25,Debit Card,Bi-Weekly,2025
1738,42,Male,Jewelry,Accessories,98,Ohio,L,Gray,Summer,4.2,No,Store Pickup,No,No,50,Venmo,Bi-Weekly,2025
2691,44,Female,Belt,Accessories,32,New Mexico,L,Yellow,Summer,4.7,No,Free Shipping,No,No,18,Bank Transfer,Weekly,2025
3086,24,Female,Sweater,Clothing,50,Nevada,L,Gray,Winter,2.8,No,Store Pickup,No,No,10,Venmo,Every 3 Months,2025
3199,61,Female,Gloves,Accessories,94,Pennsylvania,L,Peach,Winter,2.8,No,Free Shipping,No,No,39,Debit Card,Weekly,2025
843,59,Male,Shirt,Clothing,87,Missouri,M,Violet,Spring,3.6,Yes,Express,Yes,Yes,25,PayPal,Weekly,2025
13,61,Male,Coat,Outerwear,72,Delaware,M,Gold,Winter,4.5,Yes,Express,Yes,Yes,37,Venmo,Fortnightly,2025
2963,57,Female,Pants,Clothing,40,California,L,Pink,Fall,4.0,No,Express,No,No,42,Credit Card,Every 3 Months,2025
2002,51,Male,Sunglasses,Accessories,90,Wyoming,S,Purple,Winter,2.6,No,Free Shipping,No,No,2,Debit Card,Fortnightly,2025
18,53,Male,Dress,Clothing,38,Mississippi,XL,Lavender,Winter,4.7,Yes,2-Day Shipping,Yes,Yes,36,Venmo,Quarterly,2025
620,19,Male,Backpack,Accessories,34,Nebraska,M,Charcoal,Summer,4.6,Yes,Store Pickup,Yes,Yes,1,Debit Card,Every 3 Months,2025
1481,39,Male,Jewelry,Accessories,74,New Hampshire,M,Gold,Fall,3.6,No,Express,Yes,Yes,26,Cash,Quarterly,2025
2910,27,Female,Backpack,Accessories,78,Louisiana,M,Indigo,Winter,3.0,No,Next Day Air,No,No,40,Credit Card,Every 3 Months,2025
2962,33,Female,Hoodie,Clothing,43,New Hampshire,S,Gold,Fall,2.8,No,Free Shipping,No,No,21,Debit Card,Bi-Weekly,2025
167,46,Male,Sneakers,Footwear,31,Delaware,XL,Indigo,Fall,4.0,Yes,Store Pickup,Yes,Yes,30,Cash,Monthly,2025
3794,62,Female,Sunglasses,Accessories,20,Delaware,M,Pink,Fall,4.0,No,Standard,No,No,46,Bank Transfer,Annually,2025
1891,36,Male,Sunglasses,Accessories,57,Hawaii,M,Lavender,Spring,3.4,No,Store Pickup,No,No,5,Credit Card,Weekly,2025
2322,50,Male,Sandals,Footwear,31,Colorado,M,Beige,Winter,3.0,No,Next Day Air,No,No,27,Debit Card,Fortnightly,2025
675,48,Male,Jewelry,Accessories,33,Washington,XL,Beige,Winter,4.7,Yes,Store Pickup,Yes,Yes,36,Bank Transfer,Annually,2025
729,29,Male,Jeans,Clothing,78,Nebraska,M,Pink,Winter,3.7,Yes,Next Day Air,Yes,Yes,12,PayPal,Every 3 Months,2025
1245,70,Male,Socks,Clothing,76,Indiana,S,Silver,Summer,3.9,No,2-Day Shipping,Yes,Yes,2,Cash,Monthly,2025
514,22,Male,Scarf,Accessories,65,New Mexico,M,Peach,Fall,3.6,Yes,Store Pickup,Yes,Yes,45,Venmo,Annually,2025
3557,70,Female,Sweater,Clothing,88,Arizona,M,Brown,Fall,4.2,No,Express,No,No,43,Cash,Bi-Weekly,2025
3603,58,Female,Skirt,Clothing,36,Wyoming,S,Magenta,Summer,3.3,No,Store Pickup,No,No,40,Debit Card,Quarterly,2025
3365,50,Female,Scarf,Accessories,33,Oregon,M,Peach,Fall,3.2,No,Standard,No,No,7,Credit Card,Monthly,2025
3098,48,Female,Shoes,Footwear,33,Delaware,M,Silver,Fall,3.7,No,Free Shipping,No,No,39,Bank Transfer,Quarterly,2025
2383,39,Male,Sweater,Clothing,60,California,M,Turquoise,Spring,3.9,No,Express,No,No,44,Debit Card,Weekly,2025
2589,44,Male,Backpack,Accessories,49,Delaware,M,Peach,Summer,3.2,No,Free Shipping,No,No,38,Venmo,Bi-Weekly,2025
3324,54,Female,Handbag,Accessories,78,North Dakota,M,Yellow,Winter,3.8,No,Free Shipping,No,No,4,Credit Card,Monthly,2025
2184,30,Male,Shorts,Clothing,37,Kansas,M,Maroon,Spring,4.7,No,Store Pickup,No,No,2,Cash,Monthly,2025
3124,57,Female,Handbag,Accessories,77,Iowa,XL,Red,Fall,3.3,No,Next Day Air,No,No,40,Venmo,Bi-Weekly,2025
2718,18,Female,Sunglasses,Accessories,62,Nebraska,XL,Beige,Winter,4.3,No,Free Shipping,No,No,19,Credit Card,Every 3 Months,2025
366,55,Male,Gloves,Accessories,88,West Virginia,XL,Gray,Summer,3.7,Yes,Standard,Yes,Yes,50,PayPal,Quarterly,2025
1261,63,Male,Shirt,Clothing,93,Virginia,XL,Green,Spring,4.1,No,Store Pickup,Yes,Yes,30,Debit Card,Quarterly,2025
3295,62,Female,Sweater,Clothing,60,South Carolina,S,Magenta,Spring,4.5,No,Store Pickup,No,No,15,Bank Transfer,Bi-Weekly,2025
3391,32,Female,Socks,Clothing,70,Oregon,S,Red,Summer,3.0,No,Next Day Air,No,No,38,PayPal,Annually,2025
2767,66,Female,Dress,Clothing,91,Tennessee,M,Cyan,Winter,2.8,No,Standard,No,No,47,Credit Card,Monthly,2025
3861,57,Female,Sunglasses,Accessories,64,Pennsylvania,M,Turquoise,Summer,4.4,No,Next Day Air,No,No,44,Cash,Annually,2025
502,64,Male,Boots,Footwear,45,Florida,M,Cyan,Spring,2.9,Yes,Next Day Air,Yes,Yes,21,Venmo,Annually,2025
1497,63,Male,T-shirt,Clothing,98,Idaho,M,Purple,Winter,5.0,No,Standard,Yes,Yes,9,Venmo,Bi-Weekly,2025
223,47,Male,Gloves,Accessories,94,New York,XL,Gray,Spring,4.5,Yes,2-Day Shipping,Yes,Yes,14,PayPal,Fortnightly,2025
3200,59,Female,Handbag,Accessories,40,Maine,XL,Pink,Winter,4.2,No,Express,No,No,16,PayPal,Monthly,2025
353,27,Male,Jeans,Clothing,71,Texas,XL,Yellow,Fall,4.9,Yes,Next Day Air,Yes,Yes,12,Cash,Every 3 Months,2025
856,70,Male,Socks,Clothing,76,Oregon,L,Gold,Spring,3.0,Yes,2-Day Shipping,Yes,Yes,14,Credit Card,Quarterly,2025
1674,21,Male,Blouse,Clothing,62,Hawaii,M,Violet,Fall,3.4,No,Next Day Air,Yes,Yes,49,Venmo,Bi-Weekly,2025
2266,36,Male,Coat,Outerwear,94,Montana,XL,Yellow,Fall,3.9,No,Store Pickup,No,No,10,PayPal,Quarterly,2025
3380,61,Female,Handbag,Accessories,51,Tennessee,L,Turquoise,Summer,5.0,No,Store Pickup,No,No,40,Cash,Weekly,2025
3512,69,Female,Jewelry,Accessories,81,Mississippi,M,Blue,Summer,3.9,No,2-Day Shipping,No,No,21,Credit Card,Every 3 Months,2025
115,70,Male,Coat,Outerwear,95,Massachusetts,S,Blue,Summer,3.7,Yes,Store Pickup,Yes,Yes,9,Cash,Weekly,2025
1722,34,Male,Jewelry,Accessories,28,Delaware,S,Magenta,Spring,4.3,No,Free Shipping,No,No,24,Credit Card,Monthly,2025
1801,22,Male,Coat,Outerwear,58,Mississippi,XL,Indigo,Winter,2.7,No,Express,No,No,30,Credit Card,Weekly,2025
2362,44,Male,Scarf,Accessories,64,Alabama,M,Gray,Spring,4.3,No,2-Day Shipping,No,No,30,Credit Card,Every 3 Months,2025
1583,28,Male,Belt,Accessories,41,Hawaii,L,Red,Spring,2.5,No,Next Day Air,Yes,Yes,39,Cash,Monthly,2025
2319,69,Male,Hoodie,Clothing,28,Wyoming,L,White,Spring,3.1,No,Store Pickup,No,No,30,Credit Card,Annually,2025
328,61,Male,Coat,Outerwear,42,Iowa,M,Teal,Summer,3.1,Yes,Free Shipping,Yes,Yes,36,PayPal,Weekly,2025
286,29,Male,Handbag,Accessories,39,Kentucky,XL,Yellow,Summer,4.8,Yes,Express,Yes,Yes,3,Debit Card,Bi-Weekly,2025
420,53,Male,Shorts,Clothing,91,Utah,S,Teal,Winter,3.5,Yes,Free Shipping,Yes,Yes,14,Credit Card,Every 3 Months,2025
648,54,Male,Blouse,Clothing,70,Mississippi,XL,Charcoal,Summer,3.7,Yes,Express,Yes,Yes,23,Credit Card,Fortnightly,2025
1379,37,Male,Jacket,Outerwear,49,Kentucky,XL,Lavender,Fall,3.6,No,Free Shipping,Yes,Yes,24,Venmo,Weekly,2025
3317,42,Female,Socks,Clothing,45,New Mexico,M,Olive,Summer,3.1,No,Free Shipping,No,No,5,Debit Card,Fortnightly,2025
2905,41,Female,Sandals,Footwear,41,Iowa,M,Gray,Spring,4.0,No,2-Day Shipping,No,No,43,Venmo,Monthly,2025
2810,66,Female,Shorts,Clothing,98,Arkansas,XL,Teal,Summer,3.0,No,Standard,No,No,27,Debit Card,Quarterly,2025
3154,56,Female,Socks,Clothing,88,Alabama,L,Red,Fall,3.1,No,Next Day Air,No,No,46,Venmo,Fortnightly,2025
3608,50,Female,Hat,Accessories,93,New Mexico,L,Charcoal,Fall,3.3,No,Standard,No,No,20,Venmo,Bi-Weekly,2025
116,53,Male,Skirt,Clothing,94,Wyoming,M,Gray,Spring,3.8,Yes,Standard,Yes,Yes,48,Debit Card,Every 3 Months,2025
774,29,Male,Hat,Accessories,84,California,L,Indigo,Winter,2.6,Yes,Express,Yes,Yes,14,Debit Card,Bi-Weekly,2025
227,29,Male,Shoes,Footwear,74,Texas,L,Violet,Spring,3.3,Yes,Free Shipping,Yes,Yes,5,PayPal,Monthly,2025
2908,19,Female,Sunglasses,Accessories,82,Maryland,XL,Lavender,Summer,3.7,No,Next Day Air,No,No,50,PayPal,Bi-Weekly,2025
498,43,Male,Sneakers,Footwear,39,Oklahoma,S,Silver,Winter,4.6,Yes,Free Shipping,Yes,Yes,31,Cash,Weekly,2025
1279,28,Male,Shorts,Clothing,98,Utah,M,Violet,Fall,2.8,No,Next Day Air,Yes,Yes,31,Venmo,Fortnightly,2025
692,60,Male,Backpack,Accessories,21,Massachusetts,L,Silver,Summer,2.9,Yes,Standard,Yes,Yes,37,PayPal,Bi-Weekly,2025
694,46,Male,Shorts,Clothing,52,Vermont,L,Turquoise,Spring,3.1,Yes,Free Shipping,Yes,Yes,30,Cash,Every 3 Months,2025
871,66,Male,Hoodie,Clothing,66,West Virginia,M,Blue,Fall,2.5,Yes,Standard,Yes,Yes,6,Bank Transfer,Bi-Weekly,2025
1180,20,Male,T-shirt,Clothing,33,Indiana,M,Blue,Summer,2.8,No,Free Shipping,Yes,Yes,44,Bank Transfer,Annually,2025
717,30,Male,Jewelry,Accessories,29,Missouri,M,Olive,Spring,3.6,Yes,Express,Yes,Yes,9,Venmo,Bi-Weekly,2025
715,26,Male,Jacket,Outerwear,70,South Dakota,M,Magenta,Fall,4.4,Yes,Store Pickup,Yes,Yes,40,Debit Card,Fortnightly,2025
3592,48,Female,Jacket,Outerwear,89,South Dakota,M,Gold,Winter,3.2,No,2-Day Shipping,No,No,38,Bank Transfer,Quarterly,2025
3438,22,Female,Jacket,Outerwear,62,Oklahoma,S,Green,Winter,3.5,No,2-Day Shipping,No,No,50,PayPal,Annually,2025
92,44,Male,Scarf,Accessories,99,South Carolina,S,Green,Winter,4.6,Yes,Standard,Yes,Yes,18,Credit Card,Every 3 Months,2025
2521,64,Male,Jacket,Outerwear,56,Illinois,L,Magenta,Summer,3.1,No,Next Day Air,No,No,16,Cash,Every 3 Months,2025
1652,59,Male,Coat,Outerwear,80,Texas,M,Blue,Winter,3.9,No,Standard,Yes,Yes,42,Debit Card,Monthly,2025
1108,69,Male,Sneakers,Footwear,62,Texas,M,Peach,Fall,2.8,No,Store Pickup,Yes,Yes,26,Bank Transfer,Weekly,2025
3458,64,Female,Jewelry,Accessories,87,Maryland,M,Gray,Summer,3.0,No,Express,No,No,29,Cash,Fortnightly,2025
110,58,Male,T-shirt,Clothing,85,Alabama,M,Violet,Spring,2.6,Yes,Next Day Air,Yes,Yes,43,Bank Transfer,Fortnightly,2025
1085,34,Male,T-shirt,Clothing,36,Arkansas,S,Purple,Fall,4.1,No,Next Day Air,Yes,Yes,48,Cash,Quarterly,2025
2033,46,Male,Blouse,Clothing,36,South Carolina,M,Maroon,Winter,4.2,No,Next Day Air,No,No,13,Cash,Annually,2025
218,35,Male,Sunglasses,Accessories,48,Oklahoma,M,Purple,Winter,3.5,Yes,Next Day Air,Yes,Yes,24,Bank Transfer,Annually,2025
722,43,Male,Blouse,Clothing,57,California,L,Silver,Summer,4.4,Yes,Next Day Air,Yes,Yes,41,Debit Card,Every 3 Months,2025
2685,46,Female,Dress,Clothing,45,Washington,M,Gray,Summer,4.7,No,Free Shipping,No,No,42,Credit Card,Bi-Weekly,2025
1165,68,Male,Dress,Clothing,96,Montana,M,Green,Winter,4.2,No,Standard,Yes,Yes,47,PayPal,Quarterly,2025
1813,50,Male,Boots,Footwear,63,Nevada,S,Blue,Summer,4.9,No,Express,No,No,18,PayPal,Bi-Weekly,2025
1257,45,Male,Coat,Outerwear,48,West Virginia,S,Olive,Winter,3.6,No,Express,Yes,Yes,4,Cash,Fortnightly,2025
2882,38,Female,Backpack,Accessories,90,Texas,M,Cyan,Winter,4.2,No,Free Shipping,No,No,6,Bank Transfer,Annually,2025
160,58,Male,Gloves,Accessories,27,New Hampshire,M,Charcoal,Fall,3.8,Yes,Store Pickup,Yes,Yes,39,Bank Transfer,Every 3 Months,2025
2197,25,Male,Dress,Clothing,58,Vermont,M,Gray,Spring,4.8,No,Next Day Air,No,No,31,PayPal,Weekly,2025
2801,70,Female,Shirt,Clothing,76,Arkansas,L,Violet,Fall,3.4,No,Free Shipping,No,No,14,Cash,Bi-Weekly,2025
1763,36,Male,Sandals,Footwear,42,Idaho,M,Brown,Summer,3.1,No,Express,No,No,41,Bank Transfer,Fortnightly,2025
1770,32,Male,Socks,Clothing,75,Alaska,L,Brown,Winter,4.3,No,Free Shipping,No,No,45,Cash,Monthly,2025
1057,20,Male,Sweater,Clothing,64,Idaho,L,Black,Winter,2.9,No,2-Day Shipping,Yes,Yes,42,Venmo,Fortnightly,2025
2808,56,Female,Hoodie,Clothing,100,Maryland,M,Charcoal,Spring,4.4,No,2-Day Shipping,No,No,10,Debit Card,Fortnightly,2025
548,38,Male,Jacket,Outerwear,50,Nevada,M,Blue,Winter,2.8,Yes,Free Shipping,Yes,Yes,26,Venmo,Weekly,2025
3011,70,Female,Belt,Accessories,45,Ohio,M,Violet,Winter,3.3,No,Free Shipping,No,No,15,Credit Card,Annually,2025
959,70,Male,Sneakers,Footwear,53,Washington,XL,Beige,Winter,4.4,Yes,Free Shipping,Yes,Yes,31,Credit Card,Bi-Weekly,2025
3276,43,Female,Pants,Clothing,88,Alabama,XL,Green,Summer,2.6,No,2-Day Shipping,No,No,2,Debit Card,Weekly,2025
2775,56,Female,Boots,Footwear,40,Oklahoma,L,Yellow,Fall,4.1,No,Standard,No,No,42,Credit Card,Quarterly,2025
2809,49,Female,Skirt,Clothing,62,Tennessee,M,Beige,Spring,3.9,No,Free Shipping,No,No,45,PayPal,Every 3 Months,2025
851,68,Male,Shoes,Footwear,20,Connecticut,L,Turquoise,Winter,2.6,Yes,Store Pickup,Yes,Yes,13,Venmo,Monthly,2025
2993,41,Female,Socks,Clothing,64,North Dakota,M,Charcoal,Spring,3.9,No,Store Pickup,No,No,25,Venmo,Weekly,2025
3552,66,Female,Gloves,Accessories,31,Montana,L,Black,Spring,2.6,No,Store Pickup,No,No,20,Venmo,Weekly,2025
2593,23,Male,Shorts,Clothing,23,Iowa,XL,Peach,Summer,4.4,No,Store Pickup,No,No,13,Venmo,Quarterly,2025
1976,53,Male,Jacket,Outerwear,77,Illinois,L,Turquoise,Fall,2.9,No,Express,No,No,4,Cash,Quarterly,2025
2815,31,Female,T-shirt,Clothing,32,Minnesota,L,Gold,Winter,3.6,No,Standard,No,No,14,Bank Transfer,Monthly,2025
1958,68,Male,Gloves,Accessories,54,South Carolina,M,Cyan,Spring,4.5,No,Store Pickup,No,No,26,Cash,Bi-Weekly,2025
2695,66,Female,Sunglasses,Accessories,27,Louisiana,M,Olive,Spring,4.9,No,Express,No,No,34,Credit Card,Every 3 Months,2025
2684,68,Female,Backpack,Accessories,30,Montana,M,Indigo,Summer,4.2,No,Next Day Air,No,No,21,Cash,Fortnightly,2025
804,32,Male,Shorts,Clothing,38,Connecticut,L,Silver,Winter,2.8,Yes,Express,Yes,Yes,30,Venmo,Every 3 Months,2025
972,47,Male,Sunglasses,Accessories,67,Indiana,M,Cyan,Summer,4.3,Yes,Next Day Air,Yes,Yes,15,Credit Card,Weekly,2025
998,64,Male,Pants,Clothing,30,Kentucky,M,Cyan,Spring,3.6,Yes,Express,Yes,Yes,31,Cash,Fortnightly,2025
2993,41,Female,Socks,Clothing,64,North Dakota,M,Charcoal,Spring,3.9,No,Store Pickup,No,No,25,Venmo,Weekly,2025
1862,29,Male,Sneakers,Footwear,60,South Dakota,S,Peach,Fall,3.6,No,Standard,No,No,19,Debit Card,Monthly,2025
3666,28,Female,Socks,Clothing,77,North Carolina,M,Peach,Fall,3.4,No,Next Day Air,No,No,11,Credit Card,Quarterly,2025
3865,55,Female,T-shirt,Clothing,99,Wyoming,S,Blue,Winter,4.9,No,Express,No,No,1,Debit Card,Fortnightly,2025
2262,58,Male,Backpack,Accessories,76,South Carolina,L,Gold,Spring,4.4,No,Standard,No,No,12,Bank Transfer,Fortnightly,2025
99,20,Male,Jeans,Clothing,67,New York,XL,Teal,Spring,2.6,Yes,Next Day Air,Yes,Yes,20,Bank Transfer,Annually,2025
750,56,Male,Scarf,Accessories,71,Oklahoma,M,Olive,Winter,3.7,Yes,Standard,Yes,Yes,11,Debit Card,Quarterly,2025
1822,57,Male,Shorts,Clothing,53,Maine,M,Teal,Spring,2.8,No,Express,No,No,29,PayPal,Quarterly,2025
3,50,Male,Jeans,Clothing,73,Massachusetts,S,Maroon,Spring,3.1,Yes,Free Shipping,Yes,Yes,23,Credit Card,Weekly,2025
2572,45,Male,Sunglasses,Accessories,27,Mississippi,L,Black,Winter,3.5,No,Standard,No,No,48,Cash,Fortnightly,2025
852,35,Male,Sandals,Footwear,86,Massachusetts,M,Red,Summer,2.9,Yes,Express,Yes,Yes,19,Debit Card,Monthly,2025
2250,42,Male,Gloves,Accessories,45,Wyoming,XL,Indigo,Spring,4.3,No,Next Day Air,No,No,29,Debit Card,Weekly,2025
579,69,Male,Sandals,Footwear,90,Maine,M,Purple,Fall,4.6,Yes,Next Day Air,Yes,Yes,22,Credit Card,Fortnightly,2025
1877,54,Male,Skirt,Clothing,36,Illinois,M,Gray,Fall,2.6,No,Standard,No,No,20,Venmo,Quarterly,2025
3108,65,Female,Blouse,Clothing,31,Hawaii,L,Gray,Winter,4.6,No,Standard,No,No,18,Credit Card,Bi-Weekly,2025
904,44,Male,Jacket,Outerwear,45,Washington,M,Blue,Winter,3.3,Yes,Express,Yes,Yes,3,PayPal,Quarterly,2025
20,66,Male,Pants,Clothing,90,Rhode Island,M,Green,Summer,3.3,Yes,Standard,Yes,Yes,46,Debit Card,Bi-Weekly,2025
3836,58,Female,Sandals,Footwear,58,Pennsylvania,L,Silver,Winter,2.6,No,Express,No,No,28,PayPal,Bi-Weekly,2025
1276,55,Male,Sweater,Clothing,32,Arkansas,S,Turquoise,Fall,4.5,No,Standard,Yes,Yes,1,PayPal,Monthly,2025
1150,21,Male,Jewelry,Accessories,42,Georgia,L,Cyan,Spring,3.3,No,Store Pickup,Yes,Yes,40,Venmo,Annually,2025
2992,66,Female,Dress,Clothing,71,Utah,L,Green,Summer,3.9,No,Standard,No,No,7,PayPal,Bi-Weekly,2025
3714,49,Female,Shoes,Footwear,87,Arizona,M,Peach,Spring,2.6,No,Express,No,No,31,Debit Card,Every 3 Months,2025
2435,36,Male,Gloves,Accessories,45,Utah,M,Brown,Spring,5.0,No,Store Pickup,No,No,40,Credit Card,Monthly,2025
401,39,Male,Boots,Footwear,66,Utah,M,Green,Winter,4.8,Yes,Free Shipping,Yes,Yes,14,PayPal,Fortnightly,2025
2885,55,Female,Boots,Footwear,50,Arkansas,M,Purple,Summer,3.4,No,2-Day Shipping,No,No,47,Credit Card,Every 3 Months,2025
2988,63,Female,Skirt,Clothing,36,Louisiana,L,Black,Winter,2.5,No,Store Pickup,No,No,42,Cash,Monthly,2025
2219,67,Male,Sunglasses,Accessories,67,Idaho,M,Magenta,Winter,3.5,No,Store Pickup,No,No,20,Debit Card,Quarterly,2025
243,55,Male,Coat,Outerwear,85,New York,L,Gray,Summer,4.3,Yes,Store Pickup,Yes,Yes,40,Debit Card,Every 3 Months,2025
2982,21,Female,Pants,Clothing,36,Delaware,L,Pink,Winter,4.9,No,Standard,No,No,37,Venmo,Annually,2025
3005,45,Female,Skirt,Clothing,79,Arizona,M,Lavender,Winter,3.7,No,Store Pickup,No,No,23,Venmo,Fortnightly,2025
2108,46,Male,Pants,Clothing,75,Delaware,M,Black,Winter,3.3,No,Standard,No,No,35,PayPal,Quarterly,2025
58,21,Male,Coat,Outerwear,64,West Virginia,M,White,Summer,4.4,Yes,Store Pickup,Yes,Yes,17,Debit Card,Fortnightly,2025
537,44,Male,Jacket,Outerwear,84,Illinois,S,Maroon,Fall,4.4,Yes,Store Pickup,Yes,Yes,16,Debit Card,Every 3 Months,2025
2289,28,Male,Jewelry,Accessories,91,California,M,Orange,Fall,3.8,No,Next Day Air,No,No,50,PayPal,Weekly,2025
3495,62,Female,Scarf,Accessories,38,Washington,M,Silver,Winter,3.5,No,Free Shipping,No,No,41,PayPal,Quarterly,2025
3369,30,Female,Sandals,Footwear,25,Nebraska,M,Blue,Spring,4.8,No,Express,No,No,29,Bank Transfer,Every 3 Months,2025
3291,52,Female,Coat,Outerwear,82,North Dakota,L,Black,Spring,3.1,No,Free Shipping,No,No,2,PayPal,Monthly,2025
2763,58,Female,T-shirt,Clothing,41,Georgia,M,Charcoal,Fall,3.8,No,Store Pickup,No,No,10,Debit Card,Every 3 Months,2025
1805,30,Male,Sweater,Clothing,42,Louisiana,L,Peach,Winter,4.4,No,Next Day Air,No,No,39,Credit Card,Weekly,2025
2387,19,Male,Socks,Clothing,33,Illinois,L,Blue,Summer,2.9,No,Standard,No,No,14,Venmo,Monthly,2025
1896,31,Male,Jeans,Clothing,61,Washington,L,Indigo,Fall,4.5,No,Express,No,No,3,Debit Card,Monthly,2025
91,25,Male,Hat,Accessories,48,South Carolina,L,Violet,Summer,2.9,Yes,Express,Yes,Yes,29,Credit Card,Monthly,2025
3371,30,Female,Belt,Accessories,31,Illinois,M,Charcoal,Summer,2.8,No,Store Pickup,No,No,46,Cash,Fortnightly,2025
1251,52,Male,Jeans,Clothing,26,New Hampshire,XL,Purple,Winter,4.1,No,Free Shipping,Yes,Yes,24,Cash,Monthly,2025
3102,32,Female,Jewelry,Accessories,82,Idaho,S,Brown,Summer,2.7,No,Express,No,No,9,PayPal,Fortnightly,2025
1815,32,Male,Jeans,Clothing,92,Montana,M,White,Summer,3.8,No,Free Shipping,No,No,24,Cash,Quarterly,2025
1490,24,Male,Jewelry,Accessories,26,Missouri,XL,Magenta,Summer,4.1,No,Next Day Air,Yes,Yes,42,Venmo,Quarterly,2025
202,69,Male,Blouse,Clothing,22,Missouri,S,Beige,Fall,4.3,Yes,Free Shipping,Yes,Yes,15,Bank Transfer,Annually,2025
3882,56,Female,Scarf,Accessories,25,Georgia,L,Silver,Spring,2.8,No,2-Day Shipping,No,No,17,Debit Card,Weekly,2025
3279,59,Female,Dress,Clothing,70,Montana,M,Black,Summer,3.3,No,2-Day Shipping,No,No,18,Bank Transfer,Weekly,2025
355,58,Male,Jewelry,Accessories,76,Pennsylvania,S,Olive,Fall,3.0,Yes,Free Shipping,Yes,Yes,42,Venmo,Weekly,2025
1256,30,Male,Hat,Accessories,68,Indiana,M,Peach,Fall,4.1,No,Standard,Yes,Yes,38,Cash,Fortnightly,2025
1695,20,Male,Shirt,Clothing,67,Mississippi,M,Turquoise,Summer,2.7,No,Express,No,No,20,Debit Card,Fortnightly,2025
1673,18,Male,Boots,Footwear,73,South Carolina,L,Gold,Fall,3.8,No,Free Shipping,Yes,Yes,15,Venmo,Quarterly,2025
2403,45,Male,Scarf,Accessories,89,Utah,M,Brown,Winter,3.8,No,Free Shipping,No,No,31,Cash,Weekly,2025
2429,65,Male,T-shirt,Clothing,38,Idaho,M,Violet,Spring,4.4,No,Next Day Air,No,No,34,Debit Card,Annually,2025
2505,56,Male,Shorts,Clothing,94,Rhode Island,M,Turquoise,Winter,4.0,No,Store Pickup,No,No,31,Cash,Bi-Weekly,2025
1030,29,Male,Gloves,Accessories,22,Ohio,M,Purple,Spring,3.6,Yes,2-Day Shipping,Yes,Yes,33,Venmo,Bi-Weekly,2025
1371,27,Male,Scarf,Accessories,67,Montana,L,Peach,Summer,2.9,No,2-Day Shipping,Yes,Yes,41,Bank Transfer,Every 3 Months,2025
1090,40,Male,Backpack,Accessories,61,Arizona,M,Silver,Spring,3.8,No,Next Day Air,Yes,Yes,33,PayPal,Bi-Weekly,2025
1778,18,Male,Sneakers,Footwear,44,Minnesota,L,Purple,Winter,4.7,No,Free Shipping,No,No,4,Cash,Fortnightly,2025
3809,33,Female,Socks,Clothing,28,Washington,M,Pink,Winter,4.7,No,Express,No,No,6,Debit Card,Bi-Weekly,2025
1529,69,Male,T-shirt,Clothing,75,Oregon,S,Red,Spring,4.0,No,Store Pickup,Yes,Yes,47,Venmo,Bi-Weekly,2025
582,32,Male,Sweater,Clothing,100,Iowa,XL,Charcoal,Winter,2.7,Yes,Store Pickup,Yes,Yes,12,Bank Transfer,Every 3 Months,2025
143,37,Male,Jacket,Outerwear,58,Nebraska,L,Violet,Fall,3.1,Yes,Free Shipping,Yes,Yes,33,Credit Card,Fortnightly,2025
3619,28,Female,Gloves,Accessories,67,Nevada,M,Maroon,Fall,4.0,No,2-Day Shipping,No,No,47,PayPal,Bi-Weekly,2025
2808,56,Female,Hoodie,Clothing,100,Maryland,M,Charcoal,Spring,4.4,No,2-Day Shipping,No,No,10,Debit Card,Fortnightly,2025
1465,33,Male,Belt,Accessories,92,Montana,M,Peach,Winter,4.6,No,2-Day Shipping,Yes,Yes,23,Bank Transfer,Quarterly,2025
2410,26,Male,Jewelry,Accessories,37,Washington,L,Yellow,Spring,3.0,No,Store Pickup,No,No,47,Cash,Every 3 Months,2025
3123,23,Female,Socks,Clothing,45,Georgia,M,Pink,Fall,3.0,No,Express,No,No,34,Credit Card,Fortnightly,2025
2729,26,Female,Skirt,Clothing,28,Florida,M,Pink,Winter,4.0,No,Express,No,No,17,Debit Card,Weekly,2025
2726,64,Female,Backpack,Accessories,99,Mississippi,S,Violet,Summer,2.7,No,Free Shipping,No,No,4,Debit Card,Annually,2025
3313,55,Female,Sneakers,Footwear,75,Louisiana,L,Black,Summer,3.9,No,Next Day Air,No,No,45,Cash,Quarterly,2025
3760,44,Female,Sneakers,Footwear,61,Missouri,M,Pink,Spring,3.5,No,Store Pickup,No,No,30,Venmo,Quarterly,2025
3017,30,Female,Blouse,Clothing,26,Indiana,L,Lavender,Summer,4.9,No,Store Pickup,No,No,31,Bank Transfer,Quarterly,2025
539,27,Male,Socks,Clothing,22,Virginia,XL,Green,Spring,3.2,Yes,Free Shipping,Yes,Yes,43,Cash,Weekly,2025
1869,23,Male,Gloves,Accessories,58,Indiana,M,Silver,Spring,4.7,No,Next Day Air,No,No,44,Cash,Fortnightly,2025
3314,55,Female,Hat,Accessories,30,Kansas,XL,Black,Fall,3.9,No,Express,No,No,45,Credit Card,Monthly,2025
1148,59,Male,Hat,Accessories,36,Tennessee,XL,Red,Winter,4.3,No,Next Day Air,Yes,Yes,17,Debit Card,Annually,2025
1086,25,Male,Jewelry,Accessories,85,Utah,M,Turquoise,Winter,3.0,No,Store Pickup,Yes,Yes,23,Venmo,Fortnightly,2025
459,47,Male,Shorts,Clothing,91,Arkansas,L,Black,Winter,4.0,Yes,2-Day Shipping,Yes,Yes,48,PayPal,Monthly,2025
2853,40,Female,Belt,Accessories,71,New York,M,Magenta,Spring,3.0,No,Store Pickup,No,No,30,Venmo,Weekly,2025
419,18,Male,Sweater,Clothing,73,Illinois,L,Purple,Spring,3.0,Yes,Standard,Yes,Yes,27,Venmo,Bi-Weekly,2025
1954,25,Male,Skirt,Clothing,33,Colorado,XL,Green,Spring,4.8,No,Standard,No,No,3,PayPal,Fortnightly,2025
3418,54,Female,Coat,Outerwear,35,Massachusetts,M,Blue,Summer,2.9,No,2-Day Shipping,No,No,22,Debit Card,Fortnightly,2025
1185,63,Male,Belt,Accessories,73,South Carolina,S,Indigo,Fall,3.4,No,Express,Yes,Yes,19,Credit Card,Annually,2025
1924,64,Male,Sandals,Footwear,36,Nebraska,XL,Blue,Summer,4.3,No,Standard,No,No,7,Cash,Annually,2025
373,24,Male,Sweater,Clothing,85,Pennsylvania,L,Orange,Summer,3.7,Yes,Standard,Yes,Yes,7,Debit Card,Weekly,2025
1321,56,Male,Hat,Accessories,31,California,XL,Teal,Fall,3.1,No,Free Shipping,Yes,Yes,19,Debit Card,Annually,2025
2301,18,Male,Coat,Outerwear,88,Pennsylvania,XL,Lavender,Summer,4.4,No,2-Day Shipping,No,No,38,Credit Card,Monthly,2025
3653,27,Female,Handbag,Accessories,29,Kentucky,S,Magenta,Fall,3.8,No,Store Pickup,No,No,23,Debit Card,Monthly,2025
3044,45,Female,Belt,Accessories,98,Illinois,S,Peach,Fall,2.6,No,Store Pickup,No,No,17,Credit Card,Monthly,2025
1233,57,Male,Handbag,Accessories,23,New York,M,Charcoal,Summer,3.6,No,Free Shipping,Yes,Yes,31,Debit Card,Every 3 Months,2025
3250,26,Female,Backpack,Accessories,83,Virginia,M,Pink,Summer,3.4,No,Express,No,No,32,Credit Card,Quarterly,2025
541,49,Male,Dress,Clothing,37,South Carolina,M,Lavender,Spring,3.1,Yes,Next Day Air,Yes,Yes,33,Cash,Every 3 Months,2025
677,28,Male,Pants,Clothing,60,Connecticut,M,Peach,Winter,2.9,Yes,2-Day Shipping,Yes,Yes,38,Venmo,Bi-Weekly,2025
1128,50,Male,Shirt,Clothing,53,Delaware,XL,Maroon,Spring,4.8,No,Store Pickup,Yes,Yes,22,Debit Card,Monthly,2025
959,70,Male,Sneakers,Footwear,53,Washington,XL,Beige,Winter,4.4,Yes,Free Shipping,Yes,Yes,31,Credit Card,Bi-Weekly,2025
3436,68,Female,Socks,Clothing,91,Montana,M,Beige,Summer,2.7,No,2-Day Shipping,No,No,50,Debit Card,Bi-Weekly,2025
1296,30,Male,Sneakers,Footwear,60,New Mexico,M,Olive,Fall,2.8,No,Standard,Yes,Yes,50,PayPal,Weekly,2025
1673,18,Male,Boots,Footwear,73,South Carolina,L,Gold,Fall,3.8,No,Free Shipping,Yes,Yes,15,Venmo,Quarterly,2025
3843,35,Female,Jacket,Outerwear,84,Colorado,L,Lavender,Winter,4.2,No,Next Day Air,No,No,42,Debit Card,Monthly,2025
125,44,Male,Sweater,Clothing,86,Nevada,M,Gray,Spring,3.1,Yes,Next Day Air,Yes,Yes,50,PayPal,Annually,2025
2405,28,Male,Shorts,Clothing,33,West Virginia,L,Cyan,Winter,3.1,No,2-Day Shipping,No,No,23,Credit Card,Bi-Weekly,2025
3246,63,Female,Pants,Clothing,76,Kansas,M,Purple,Fall,3.2,No,Next Day Air,No,No,20,Cash,Weekly,2025
3250,26,Female,Backpack,Accessories,83,Virginia,M,Pink,Summer,3.4,No,Express,No,No,32,Credit Card,Quarterly,2025
1550,19,Male,Sneakers,Footwear,55,Kansas,M,Black,Spring,2.9,No,2-Day Shipping,Yes,Yes,19,Debit Card,Every 3 Months,2025
2634,51,Male,Sunglasses,Accessories,90,Alaska,M,Purple,Fall,4.7,No,Next Day Air,No,No,32,Credit Card,Fortnightly,2025
1066,59,Male,T-shirt,Clothing,20,Alabama,XL,Blue,Spring,4.1,No,Store Pickup,Yes,Yes,3,PayPal,Every 3 Months,2025
3495,62,Female,Scarf,Accessories,38,Washington,M,Silver,Winter,3.5,No,Free Shipping,No,No,41,PayPal,Quarterly,2025
2841,40,Female,T-shirt,Clothing,47,West Virginia,L,Pink,Spring,3.5,No,Store Pickup,No,No,41,Cash,Annually,2025
1515,26,Male,Shoes,Footwear,90,Utah,L,Brown,Winter,3.9,No,2-Day Shipping,Yes,Yes,1,Venmo,Weekly,2025
2751,51,Female,Sandals,Footwear,66,Alaska,L,Pink,Spring,2.7,No,2-Day Shipping,No,No,26,PayPal,Every 3 Months,2025
3750,24,Female,Blouse,Clothing,95,Alaska,L,Yellow,Winter,2.9,No,2-Day Shipping,No,No,38,Venmo,Every 3 Months,2025
3623,46,Female,Dress,Clothing,41,Wisconsin,M,Purple,Fall,4.3,No,Store Pickup,No,No,12,Credit Card,Annually,2025
3333,27,Female,T-shirt,Clothing,23,Washington,M,Silver,Summer,3.1,No,2-Day Shipping,No,No,1,PayPal,Bi-Weekly,2025
3774,25,Female,Sweater,Clothing,60,Wisconsin,M,Violet,Summer,3.5,No,Store Pickup,No,No,41,Cash,Quarterly,2025
831,41,Male,Shorts,Clothing,76,Wyoming,M,Maroon,Fall,4.2,Yes,Express,Yes,Yes,5,Credit Card,Annually,2025
69,57,Male,Handbag,Accessories,46,Utah,L,Silver,Summer,3.9,Yes,Next Day Air,Yes,Yes,21,Cash,Every 3 Months,2025
3509,52,Female,Pants,Clothing,54,Pennsylvania,M,Gray,Fall,4.7,No,Standard,No,No,49,Bank Transfer,Weekly,2025
1639,68,Male,Jacket,Outerwear,51,Tennessee,M,Black,Spring,4.6,No,Free Shipping,Yes,Yes,18,Venmo,Weekly,2025
600,51,Male,Boots,Footwear,26,Massachusetts,L,Teal,Spring,4.2,Yes,Standard,Yes,Yes,27,Debit Card,Every 3 Months,2025
678,60,Male,Socks,Clothing,62,Washington,S,Turquoise,Summer,2.7,Yes,Express,Yes,Yes,41,PayPal,Annually,2025
1703,54,Male,Jeans,Clothing,83,Alabama,XL,Yellow,Summer,5.0,No,Express,No,No,48,Bank Transfer,Weekly,2025
471,50,Male,Dress,Clothing,63,Minnesota,L,Teal,Summer,4.6,Yes,Express,Yes,Yes,6,Cash,Every 3 Months,2025
2056,28,Male,Handbag,Accessories,33,Texas,M,Silver,Fall,3.4,No,2-Day Shipping,No,No,28,Bank Transfer,Weekly,2025
3654,67,Female,Coat,Outerwear,20,Minnesota,M,Blue,Spring,3.9,No,Next Day Air,No,No,39,Credit Card,Fortnightly,2025
525,59,Male,Shirt,Clothing,39,Pennsylvania,M,Gold,Summer,4.8,Yes,Free Shipping,Yes,Yes,44,PayPal,Annually,2025
933,62,Male,Skirt,Clothing,24,Indiana,L,Blue,Winter,3.2,Yes,Standard,Yes,Yes,45,Debit Card,Bi-Weekly,2025
3162,66,Female,Dress,Clothing,77,Massachusetts,S,Charcoal,Winter,4.2,No,2-Day Shipping,No,No,43,Cash,Monthly,2025
2746,28,Female,Boots,Footwear,98,Michigan,M,Magenta,Summer,4.1,No,Standard,No,No,44,PayPal,Bi-Weekly,2025
125,44,Male,Sweater,Clothing,86,Nevada,M,Gray,Spring,3.1,Yes,Next Day Air,Yes,Yes,50,PayPal,Annually,2025
2721,55,Female,Scarf,Accessories,52,Maryland,M,Peach,Spring,2.8,No,Store Pickup,No,No,45,Bank Transfer,Quarterly,2025
3392,47,Female,Hoodie,Clothing,57,Montana,M,Silver,Fall,3.7,No,2-Day Shipping,No,No,6,Debit Card,Every 3 Months,2025
1618,43,Male,Blouse,Clothing,64,Wisconsin,M,Peach,Winter,4.3,No,Standard,Yes,Yes,50,Credit Card,Fortnightly,2025
2201,60,Male,Gloves,Accessories,51,Wyoming,L,Charcoal,Summer,4.7,No,Next Day Air,No,No,27,Debit Card,Every 3 Months,2025
3851,27,Female,Jewelry,Accessories,74,Mississippi,L,Indigo,Summer,4.4,No,2-Day Shipping,No,No,25,Debit Card,Every 3 Months,2025
418,23,Male,Sandals,Footwear,81,Mississippi,L,Beige,Fall,4.5,Yes,Free Shipping,Yes,Yes,48,Debit Card,Quarterly,2025
2288,66,Male,Blouse,Clothing,45,Nebraska,L,Green,Summer,3.0,No,Store Pickup,No,No,6,Debit Card,Annually,2025
493,50,Male,Shirt,Clothing,62,Michigan,M,Black,Fall,3.9,Yes,Standard,Yes,Yes,11,Debit Card,Weekly,2025
2773,18,Female,Backpack,Accessories,94,Pennsylvania,L,Blue,Spring,3.5,No,Store Pickup,No,No,10,Bank Transfer,Every 3 Months,2025
1773,58,Male,Shoes,Footwear,34,Hawaii,M,Gold,Summer,3.1,No,2-Day Shipping,No,No,1,Bank Transfer,Annually,2025
3374,70,Female,Sandals,Footwear,52,Minnesota,M,Purple,Spring,3.5,No,Store Pickup,No,No,12,Debit Card,Every 3 Months,2025
422,38,Male,Shirt,Clothing,40,Kentucky,M,Violet,Winter,3.5,Yes,Standard,Yes,Yes,48,Cash,Bi-Weekly,2025
3381,41,Female,Dress,Clothing,52,North Dakota,L,Blue,Summer,3.8,No,Standard,No,No,6,PayPal,Every 3 Months,2025
3300,45,Female,Shorts,Clothing,32,South Dakota,L,Teal,Spring,4.0,No,2-Day Shipping,No,No,18,Venmo,Monthly,2025
3673,51,Female,Sandals,Footwear,81,New York,S,Pink,Fall,4.5,No,Free Shipping,No,No,7,PayPal,Monthly,2025
3635,59,Female,Socks,Clothing,22,Ohio,M,Pink,Winter,3.3,No,Standard,No,No,17,PayPal,Annually,2025
195,51,Male,Backpack,Accessories,94,Missouri,M,Olive,Spring,3.1,Yes,Express,Yes,Yes,15,Debit Card,Quarterly,2025
328,61,Male,Coat,Outerwear,42,Iowa,M,Teal,Summer,3.1,Yes,Free Shipping,Yes,Yes,36,PayPal,Weekly,2025
2294,37,Male,Sweater,Clothing,68,Georgia,L,Green,Fall,3.3,No,Express,No,No,16,Debit Card,Every 3 Months,2025
1313,66,Male,T-shirt,Clothing,79,Missouri,M,Violet,Winter,3.0,No,Store Pickup,Yes,Yes,19,Bank Transfer,Monthly,2025
780,60,Male,Dress,Clothing,94,Utah,M,Blue,Spring,4.6,Yes,Express,Yes,Yes,38,Cash,Annually,2025
1081,65,Male,Scarf,Accessories,59,Pennsylvania,L,Blue,Fall,3.8,No,Express,Yes,Yes,22,Cash,Every 3 Months,2025
2015,51,Male,Skirt,Clothing,26,Wisconsin,L,Black,Summer,3.9,No,Standard,No,No,47,PayPal,Bi-Weekly,2025
1409,58,Male,Blouse,Clothing,58,Maine,M,Yellow,Winter,4.1,No,Free Shipping,Yes,Yes,38,Venmo,Weekly,2025
990,70,Male,Shoes,Footwear,31,Texas,M,Beige,Spring,3.1,Yes,Store Pickup,Yes,Yes,2,Bank Transfer,Monthly,2025
1241,41,Male,Scarf,Accessories,79,New Jersey,L,White,Winter,2.9,No,Store Pickup,Yes,Yes,48,Debit Card,Annually,2025
2240,42,Male,Jewelry,Accessories,96,Alabama,L,Indigo,Summer,3.8,No,2-Day Shipping,No,No,41,Credit Card,Every 3 Months,2025
2479,18,Male,Socks,Clothing,93,Vermont,S,Maroon,Winter,4.8,No,2-Day Shipping,No,No,9,Bank Transfer,Every 3 Months,2025
2898,43,Female,Jacket,Outerwear,59,Montana,L,Violet,Fall,2.5,No,Free Shipping,No,No,2,Cash,Fortnightly,2025
1051,48,Male,Sneakers,Footwear,64,Florida,M,Beige,Winter,3.8,Yes,Next Day Air,Yes,Yes,19,Venmo,Monthly,2025
2926,54,Female,Sweater,Clothing,91,Illinois,M,Maroon,Spring,2.8,No,Store Pickup,No,No,43,Credit Card,Every 3 Months,2025
2217,41,Male,Pants,Clothing,36,Vermont,XL,Silver,Winter,4.0,No,Store Pickup,No,No,15,Venmo,Bi-Weekly,2025
1999,20,Male,Pants,Clothing,45,Vermont,M,Orange,Fall,3.4,No,2-Day Shipping,No,No,19,Cash,Quarterly,2025
3655,21,Female,Jewelry,Accessories,98,Arkansas,M,Green,Winter,3.3,No,Next Day Air,No,No,10,Credit Card,Annually,2025
2545,46,Male,Pants,Clothing,70,Delaware,M,Red,Spring,2.5,No,Next Day Air,No,No,39,Venmo,Quarterly,2025
3631,65,Female,Hat,Accessories,73,Oklahoma,M,Lavender,Winter,4.8,No,Store Pickup,No,No,29,Cash,Weekly,2025
3701,28,Female,Handbag,Accessories,84,North Dakota,XL,Charcoal,Summer,3.4,No,Store Pickup,No,No,2,Bank Transfer,Every 3 Months,2025
983,35,Male,Coat,Outerwear,62,Texas,S,Red,Summer,3.2,Yes,Standard,Yes,Yes,37,PayPal,Monthly,2025
2148,47,Male,Skirt,Clothing,43,Missouri,S,Charcoal,Fall,4.8,No,Standard,No,No,4,Cash,Fortnightly,2025
1016,68,Male,Gloves,Accessories,24,North Carolina,M,Cyan,Summer,4.1,Yes,Standard,Yes,Yes,34,Cash,Weekly,2025
2167,31,Male,Jacket,Outerwear,88,New Jersey,S,Purple,Spring,3.5,No,Express,No,No,50,Credit Card,Bi-Weekly,2025
2146,38,Male,Skirt,Clothing,73,Connecticut,S,White,Winter,4.8,No,Standard,No,No,32,PayPal,Annually,2025
2659,52,Female,Handbag,Accessories,47,Ohio,XL,Indigo,Summer,3.2,No,Next Day Air,No,No,39,PayPal,Monthly,2025
2301,18,Male,Coat,Outerwear,88,Pennsylvania,XL,Lavender,Summer,4.4,No,2-Day Shipping,No,No,38,Credit Card,Monthly,2025
3334,55,Female,Jeans,Clothing,35,Minnesota,M,Violet,Spring,4.2,No,Express,No,No,3,PayPal,Monthly,2025
1422,68,Male,Dress,Clothing,100,Pennsylvania,S,Gold,Spring,3.0,No,Standard,Yes,Yes,24,Bank Transfer,Fortnightly,2025
1345,56,Male,T-shirt,Clothing,37,New York,S,Violet,Fall,4.9,No,Next Day Air,Yes,Yes,14,Cash,Annually,2025
1711,19,Male,Pants,Clothing,59,Arkansas,XL,Orange,Fall,3.8,No,Store Pickup,No,No,7,Credit Card,Quarterly,2025
3503,31,Female,Backpack,Accessories,62,Massachusetts,M,Green,Fall,4.7,No,Next Day Air,No,No,26,Bank Transfer,Quarterly,2025
594,67,Male,Coat,Outerwear,35,Alaska,S,Green,Winter,4.4,Yes,Store Pickup,Yes,Yes,9,PayPal,Every 3 Months,2025
3047,60,Female,Shoes,Footwear,49,Pennsylvania,M,White,Spring,3.2,No,Store Pickup,No,No,25,Cash,Every 3 Months,2025
863,19,Male,Coat,Outerwear,84,Arkansas,M,Charcoal,Winter,4.9,Yes,Standard,Yes,Yes,13,PayPal,Fortnightly,2025
3009,39,Female,Shoes,Footwear,86,New Mexico,M,Gold,Winter,4.9,No,Free Shipping,No,No,19,PayPal,Weekly,2025
1591,54,Male,Jeans,Clothing,80,Wisconsin,S,Pink,Winter,3.0,No,Free Shipping,Yes,Yes,8,PayPal,Annually,2025
3696,38,Female,Skirt,Clothing,33,Florida,M,White,Fall,4.6,No,Standard,No,No,18,Bank Transfer,Fortnightly,2025
1439,58,Male,Coat,Outerwear,38,Washington,M,Cyan,Spring,2.9,No,Standard,Yes,Yes,24,Debit Card,Monthly,2025
3326,29,Female,Sandals,Footwear,97,Alaska,M,Maroon,Fall,3.7,No,2-Day Shipping,No,No,16,Venmo,Monthly,2025
1741,69,Male,Pants,Clothing,21,Wisconsin,L,Charcoal,Fall,3.3,No,Next Day Air,No,No,10,Bank Transfer,Every 3 Months,2025
3879,60,Female,Hat,Accessories,42,South Carolina,M,Pink,Summer,3.4,No,2-Day Shipping,No,No,24,Credit Card,Annually,2025
3319,45,Female,Jacket,Outerwear,46,North Dakota,M,Olive,Summer,3.9,No,Free Shipping,No,No,15,PayPal,Monthly,2025
1415,29,Male,Socks,Clothing,51,Minnesota,M,Black,Summer,4.5,No,Store Pickup,Yes,Yes,3,Credit Card,Bi-Weekly,2025
708,59,Male,Shirt,Clothing,38,Louisiana,L,Purple,Spring,3.7,Yes,Next Day Air,Yes,Yes,21,Venmo,Annually,2025
2315,42,Male,Handbag,Accessories,95,Virginia,XL,Brown,Winter,4.4,No,Express,No,No,12,Bank Transfer,Every 3 Months,2025
2469,65,Male,Skirt,Clothing,21,Connecticut,L,Cyan,Winter,3.7,No,2-Day Shipping,No,No,6,Venmo,Weekly,2025
383,28,Male,Jeans,Clothing,76,California,M,Peach,Winter,3.2,Yes,Store Pickup,Yes,Yes,47,PayPal,Quarterly,2025
3663,69,Female,Shorts,Clothing,80,Rhode Island,M,Indigo,Spring,4.9,No,Next Day Air,No,No,11,Debit Card,Weekly,2025
31,57,Male,Jewelry,Accessories,31,North Carolina,L,Black,Winter,4.7,Yes,Standard,Yes,Yes,16,Credit Card,Monthly,2025
113,37,Male,Gloves,Accessories,65,Florida,M,Red,Spring,4.3,Yes,Free Shipping,Yes,Yes,28,PayPal,Bi-Weekly,2025
178,21,Male,Hoodie,Clothing,42,Kansas,L,Magenta,Fall,3.7,Yes,Next Day Air,Yes,Yes,47,Bank Transfer,Monthly,2025
3290,31,Female,Backpack,Accessories,50,Montana,M,Maroon,Summer,4.0,No,2-Day Shipping,No,No,16,Venmo,Every 3 Months,2025
2022,62,Male,Handbag,Accessories,33,Maine,M,Green,Winter,4.4,No,Standard,No,No,48,Venmo,Quarterly,2025
13,61,Male,Coat,Outerwear,72,Delaware,M,Gold,Winter,4.5,Yes,Express,Yes,Yes,37,Venmo,Fortnightly,2025
1982,69,Male,Shoes,Footwear,91,Michigan,L,Violet,Summer,4.7,No,Express,No,No,42,PayPal,Quarterly,2025
3096,62,Female,Hat,Accessories,53,Minnesota,S,Beige,Fall,3.4,No,Standard,No,No,13,Venmo,Fortnightly,2025
607,27,Male,Scarf,Accessories,90,Colorado,M,Blue,Spring,4.5,Yes,Standard,Yes,Yes,44,PayPal,Monthly,2025
1808,34,Male,Sneakers,Footwear,46,Vermont,L,Gold,Summer,3.5,No,Standard,No,No,37,Venmo,Fortnightly,2025
3048,21,Female,Sneakers,Footwear,74,Vermont,M,Violet,Fall,4.1,No,2-Day Shipping,No,No,3,PayPal,Bi-Weekly,2025
2514,69,Male,Handbag,Accessories,53,Washington,L,Teal,Winter,3.5,No,2-Day Shipping,No,No,42,Cash,Annually,2025
1918,38,Male,Skirt,Clothing,71,Hawaii,L,Black,Winter,3.4,No,Free Shipping,No,No,35,PayPal,Bi-Weekly,2025
2505,56,Male,Shorts,Clothing,94,Rhode Island,M,Turquoise,Winter,4.0,No,Store Pickup,No,No,31,Cash,Bi-Weekly,2025
1285,65,Male,Dress,Clothing,93,Arkansas,M,Black,Spring,3.9,No,Express,Yes,Yes,38,PayPal,Fortnightly,2025
2271,27,Male,Blouse,Clothing,72,Georgia,L,Purple,Spring,3.5,No,Express,No,No,7,Venmo,Weekly,2025
2679,33,Female,Belt,Accessories,91,Montana,M,Magenta,Spring,3.4,No,2-Day Shipping,No,No,34,Credit Card,Bi-Weekly,2025
2753,48,Female,Sweater,Clothing,64,Colorado,S,Peach,Winter,4.0,No,Free Shipping,No,No,30,Venmo,Bi-Weekly,2025
3877,60,Female,Shoes,Footwear,85,Wisconsin,S,Cyan,Fall,2.6,No,2-Day Shipping,No,No,7,Cash,Annually,2025
1106,33,Male,T-shirt,Clothing,83,Massachusetts,S,Olive,Spring,3.0,No,Next Day Air,Yes,Yes,6,Venmo,Every 3 Months,2025
1662,64,Male,Gloves,Accessories,86,Iowa,S,Beige,Summer,2.7,No,2-Day Shipping,Yes,Yes,21,Debit Card,Quarterly,2025
3067,58,Female,Skirt,Clothing,48,Michigan,L,Teal,Summer,4.3,No,Free Shipping,No,No,13,Venmo,Every 3 Months,2025
1007,21,Male,Pants,Clothing,83,Michigan,S,Lavender,Summer,4.5,Yes,Next Day Air,Yes,Yes,50,Venmo,Quarterly,2025
421,32,Male,Socks,Clothing,54,North Carolina,S,Peach,Spring,3.8,Yes,Free Shipping,Yes,Yes,18,Debit Card,Bi-Weekly,2025
1749,34,Male,Skirt,Clothing,93,Montana,L,Teal,Winter,3.9,No,2-Day Shipping,No,No,41,Bank Transfer,Annually,2025
2133,25,Male,Skirt,Clothing,87,Vermont,M,Magenta,Fall,4.7,No,2-Day Shipping,No,No,15,Debit Card,Weekly,2025
3629,53,Female,Blouse,Clothing,88,Georgia,L,Purple,Summer,3.8,No,Free Shipping,No,No,35,Credit Card,Monthly,2025
2423,30,Male,Jewelry,Accessories,82,Georgia,M,Peach,Winter,4.8,No,Store Pickup,No,No,45,Credit Card,Weekly,2025
1258,68,Male,Dress,Clothing,67,Minnesota,L,Gold,Spring,3.0,No,Free Shipping,Yes,Yes,31,Cash,Every 3 Months,2025
579,69,Male,Sandals,Footwear,90,Maine,M,Purple,Fall,4.6,Yes,Next Day Air,Yes,Yes,22,Credit Card,Fortnightly,2025
228,50,Male,Jeans,Clothing,90,Rhode Island,M,Turquoise,Winter,4.2,Yes,Standard,Yes,Yes,25,Venmo,Fortnightly,2025
308,29,Male,Gloves,Accessories,32,Florida,M,Orange,Winter,3.2,Yes,Free Shipping,Yes,Yes,3,Credit Card,Every 3 Months,2025
3646,38,Female,Backpack,Accessories,90,Colorado,L,Silver,Summer,3.4,No,Free Shipping,No,No,31,Credit Card,Every 3 Months,2025
110,58,Male,T-shirt,Clothing,85,Alabama,M,Violet,Spring,2.6,Yes,Next Day Air,Yes,Yes,43,Bank Transfer,Fortnightly,2025
2213,59,Male,Pants,Clothing,77,Nebraska,M,Brown,Winter,3.3,No,Next Day Air,No,No,22,Bank Transfer,Quarterly,2025
1928,40,Male,Pants,Clothing,29,Florida,M,Pink,Summer,2.9,No,Standard,No,No,8,Cash,Every 3 Months,2025
2635,26,Male,Sandals,Footwear,58,North Carolina,S,Black,Summer,3.2,No,Store Pickup,No,No,20,PayPal,Every 3 Months,2025
1262,20,Male,Shirt,Clothing,29,Connecticut,L,Maroon,Summer,2.8,No,Next Day Air,Yes,Yes,2,Credit Card,Fortnightly,2025
436,51,Male,Coat,Outerwear,28,Montana,XL,Olive,Winter,3.6,Yes,Next Day Air,Yes,Yes,42,Bank Transfer,Monthly,2025
2606,41,Male,Hoodie,Clothing,93,Nevada,M,White,Spring,3.7,No,2-Day Shipping,No,No,32,Venmo,Fortnightly,2025
943,26,Male,Dress,Clothing,91,Arizona,M,Cyan,Winter,3.2,Yes,Express,Yes,Yes,38,PayPal,Bi-Weekly,2025
2780,61,Female,Sunglasses,Accessories,66,Montana,L,Blue,Winter,4.3,No,Express,No,No,14,Credit Card,Fortnightly,2025
3507,18,Female,Shirt,Clothing,57,Illinois,L,Olive,Winter,3.7,No,2-Day Shipping,No,No,12,Cash,Fortnightly,2025
807,56,Male,Jeans,Clothing,56,Florida,L,Charcoal,Summer,2.7,Yes,Standard,Yes,Yes,46,PayPal,Quarterly,2025
2603,65,Male,Coat,Outerwear,44,South Carolina,M,Black,Fall,2.9,No,Free Shipping,No,No,1,Venmo,Quarterly,2025
3411,50,Female,Sandals,Footwear,76,Ohio,L,Teal,Summer,4.3,No,Free Shipping,No,No,38,Bank Transfer,Bi-Weekly,2025
1208,62,Male,Boots,Footwear,90,Washington,M,White,Summer,4.1,No,Next Day Air,Yes,Yes,48,Credit Card,Every 3 Months,2025
1512,34,Male,Dress,Clothing,91,Georgia,M,Violet,Winter,3.6,No,Express,Yes,Yes,48,Credit Card,Weekly,2025
430,42,Male,Sandals,Footwear,94,Washington,M,Gold,Winter,4.1,Yes,2-Day Shipping,Yes,Yes,21,Cash,Fortnightly,2025
3271,59,Female,Socks,Clothing,25,Illinois,M,Indigo,Winter,4.7,No,Express,No,No,48,PayPal,Annually,2025
67,31,Male,Blouse,Clothing,94,Pennsylvania,S,Magenta,Winter,4.7,Yes,2-Day Shipping,Yes,Yes,3,Venmo,Every 3 Months,2025
1857,63,Male,Jewelry,Accessories,55,Arizona,XL,Beige,Summer,3.2,No,Free Shipping,No,No,30,PayPal,Bi-Weekly,2025
909,26,Male,Sunglasses,Accessories,99,New Jersey,M,Turquoise,Winter,3.6,Yes,Free Shipping,Yes,Yes,9,PayPal,Every 3 Months,2025
1273,35,Male,Sandals,Footwear,80,Wisconsin,M,Orange,Winter,4.4,No,Express,Yes,Yes,16,Bank Transfer,Monthly,2025
1718,29,Male,Hoodie,Clothing,50,Hawaii,L,Orange,Summer,2.9,No,Express,No,No,16,Debit Card,Bi-Weekly,2025
1354,39,Male,Pants,Clothing,83,Oregon,M,Teal,Winter,4.1,No,Next Day Air,Yes,Yes,4,Cash,Every 3 Months,2025
1955,26,Male,Gloves,Accessories,77,Colorado,M,Pink,Winter,4.2,No,Free Shipping,No,No,3,Venmo,Quarterly,2025
2600,63,Male,Jewelry,Accessories,99,Vermont,M,Gold,Winter,3.4,No,Express,No,No,48,Credit Card,Monthly,2025
2827,32,Female,Handbag,Accessories,43,Florida,L,Brown,Fall,3.6,No,Express,No,No,23,Venmo,Annually,2025
3445,53,Female,Pants,Clothing,63,Rhode Island,S,Green,Summer,3.8,No,2-Day Shipping,No,No,12,Bank Transfer,Bi-Weekly,2025
3485,44,Female,Dress,Clothing,75,Illinois,L,Gray,Fall,4.2,No,Free Shipping,No,No,13,Credit Card,Bi-Weekly,2025
3436,68,Female,Socks,Clothing,91,Montana,M,Beige,Summer,2.7,No,2-Day Shipping,No,No,50,Debit Card,Bi-Weekly,2025
700,50,Male,Handbag,Accessories,46,Connecticut,M,Charcoal,Fall,2.6,Yes,2-Day Shipping,Yes,Yes,5,PayPal,Weekly,2025
310,66,Male,Dress,Clothing,22,Minnesota,M,Yellow,Spring,4.5,Yes,Standard,Yes,Yes,21,Cash,Fortnightly,2025
2786,53,Female,Blouse,Clothing,80,Louisiana,S,Green,Summer,2.9,No,Next Day Air,No,No,13,Bank Transfer,Monthly,2025
184,58,Male,Skirt,Clothing,29,Ohio,XL,Beige,Spring,3.6,Yes,2-Day Shipping,Yes,Yes,26,Credit Card,Weekly,2025
912,53,Male,Pants,Clothing,74,Vermont,M,Black,Winter,2.8,Yes,2-Day Shipping,Yes,Yes,2,Bank Transfer,Quarterly,2025
1544,56,Male,Jeans,Clothing,89,Wisconsin,M,Indigo,Fall,4.0,No,Standard,Yes,Yes,24,Venmo,Annually,2025
1554,27,Male,Blouse,Clothing,45,Delaware,M,Indigo,Spring,4.8,No,Free Shipping,Yes,Yes,21,Debit Card,Quarterly,2025
289,30,Male,T-shirt,Clothing,62,North Carolina,M,Lavender,Winter,3.7,Yes,2-Day Shipping,Yes,Yes,34,Venmo,Bi-Weekly,2025
389,22,Male,Handbag,Accessories,82,Washington,M,Orange,Summer,2.7,Yes,Store Pickup,Yes,Yes,10,PayPal,Quarterly,2025
3134,58,Female,T-shirt,Clothing,68,Arkansas,M,Orange,Spring,4.1,No,Next Day Air,No,No,29,Cash,Bi-Weekly,2025
1883,44,Male,Scarf,Accessories,54,Tennessee,L,Blue,Winter,5.0,No,Store Pickup,No,No,25,Bank Transfer,Quarterly,2025
3319,45,Female,Jacket,Outerwear,46,North Dakota,M,Olive,Summer,3.9,No,Free Shipping,No,No,15,PayPal,Monthly,2025
2412,49,Male,Hoodie,Clothing,96,Virginia,M,Cyan,Summer,2.7,No,Free Shipping,No,No,35,Cash,Every 3 Months,2025
2330,49,Male,Hat,Accessories,97,Nebraska,S,Teal,Spring,4.8,No,Free Shipping,No,No,42,Bank Transfer,Annually,2025
2871,47,Female,Jewelry,Accessories,34,North Dakota,M,Blue,Winter,4.8,No,Free Shipping,No,No,49,Debit Card,Every 3 Months,2025
1452,54,Male,Jacket,Outerwear,34,Utah,M,Maroon,Fall,2.5,No,Next Day Air,Yes,Yes,35,PayPal,Quarterly,2025
1651,60,Male,Scarf,Accessories,36,Arkansas,M,Silver,Winter,3.4,No,Next Day Air,Yes,Yes,46,Credit Card,Fortnightly,2025
3541,24,Female,Shorts,Clothing,95,Nevada,M,Magenta,Spring,4.6,No,Free Shipping,No,No,5,Bank Transfer,Weekly,2025
2797,55,Female,Jacket,Outerwear,73,Oklahoma,M,Red,Winter,3.8,No,Store Pickup,No,No,21,Cash,Annually,2025
530,32,Male,Shorts,Clothing,84,California,M,Orange,Fall,3.7,Yes,Standard,Yes,Yes,6,Credit Card,Monthly,2025
3146,57,Female,Handbag,Accessories,29,Texas,XL,Purple,Spring,4.6,No,Standard,No,No,16,PayPal,Fortnightly,2025
2965,44,Female,Coat,Outerwear,25,Ohio,S,White,Fall,3.8,No,2-Day Shipping,No,No,13,Venmo,Fortnightly,2025
2603,65,Male,Coat,Outerwear,44,South Carolina,M,Black,Fall,2.9,No,Free Shipping,No,No,1,Venmo,Quarterly,2025
2144,53,Male,Sandals,Footwear,66,Arkansas,L,Red,Fall,3.8,No,Next Day Air,No,No,48,Venmo,Bi-Weekly,2025
3216,34,Female,Coat,Outerwear,90,Rhode Island,M,Magenta,Summer,2.7,No,Free Shipping,No,No,10,PayPal,Every 3 Months,2025
3851,27,Female,Jewelry,Accessories,74,Mississippi,L,Indigo,Summer,4.4,No,2-Day Shipping,No,No,25,Debit Card,Every 3 Months,2025
3542,59,Female,Blouse,Clothing,66,Virginia,M,Olive,Winter,4.0,No,Next Day Air,No,No,22,PayPal,Annually,2025
2263,53,Male,Backpack,Accessories,22,Arizona,M,Green,Winter,3.1,No,2-Day Shipping,No,No,50,PayPal,Monthly,2025
1799,40,Male,Dress,Clothing,82,North Dakota,L,Magenta,Winter,3.7,No,Express,No,No,1,Cash,Weekly,2025
3594,63,Female,Sandals,Footwear,80,Wyoming,M,Black,Spring,4.6,No,Next Day Air,No,No,24,PayPal,Monthly,2025
592,47,Male,Backpack,Accessories,37,Kentucky,L,Olive,Fall,4.2,Yes,Store Pickup,Yes,Yes,6,Debit Card,Bi-Weekly,2025
1850,30,Male,Skirt,Clothing,40,New Mexico,M,Maroon,Winter,4.5,No,Store Pickup,No,No,35,Bank Transfer,Monthly,2025
2915,45,Female,Sweater,Clothing,72,Pennsylvania,M,Yellow,Fall,3.8,No,Express,No,No,1,Debit Card,Bi-Weekly,2025
1868,45,Male,Skirt,Clothing,52,Delaware,M,Brown,Fall,3.4,No,2-Day Shipping,No,No,20,Venmo,Quarterly,2025
1041,68,Male,Jeans,Clothing,22,North Carolina,S,Magenta,Fall,4.0,Yes,Next Day Air,Yes,Yes,7,Cash,Fortnightly,2025
1781,67,Male,Jewelry,Accessories,81,North Dakota,S,Gray,Summer,4.2,No,Next Day Air,No,No,49,Credit Card,Weekly,2025
2534,66,Male,Jewelry,Accessories,46,Pennsylvania,S,Blue,Summer,3.1,No,Standard,No,No,49,Cash,Bi-Weekly,2025
2362,44,Male,Scarf,Accessories,64,Alabama,M,Gray,Spring,4.3,No,2-Day Shipping,No,No,30,Credit Card,Every 3 Months,2025
3892,36,Female,Dress,Clothing,30,Colorado,L,Peach,Winter,4.7,No,Free Shipping,No,No,6,Bank Transfer,Quarterly,2025
1408,56,Male,Handbag,Accessories,61,Nevada,XL,Charcoal,Spring,4.5,No,Express,Yes,Yes,11,Credit Card,Annually,2025
1679,41,Male,Pants,Clothing,71,Ohio,S,Magenta,Summer,4.8,No,2-Day Shipping,No,No,30,Venmo,Fortnightly,2025
1242,58,Male,Hoodie,Clothing,51,Hawaii,XL,Pink,Winter,3.1,No,Express,Yes,Yes,34,Credit Card,Weekly,2025
434,49,Male,Skirt,Clothing,92,Alabama,M,Orange,Fall,3.2,Yes,Store Pickup,Yes,Yes,23,Credit Card,Fortnightly,2025
165,59,Male,Handbag,Accessories,65,Delaware,S,Purple,Spring,2.6,Yes,Free Shipping,Yes,Yes,5,Credit Card,Fortnightly,2025
1638,35,Male,Dress,Clothing,21,Massachusetts,M,Peach,Spring,3.5,No,Next Day Air,Yes,Yes,32,Venmo,Fortnightly,2025
3156,22,Female,Handbag,Accessories,90,Montana,M,Brown,Fall,4.3,No,Free Shipping,No,No,34,Cash,Annually,2025
2692,43,Female,Pants,Clothing,25,Nebraska,L,Blue,Winter,3.3,No,2-Day Shipping,No,No,48,Cash,Monthly,2025
302,46,Male,Skirt,Clothing,95,Pennsylvania,M,Green,Spring,3.8,Yes,Standard,Yes,Yes,25,Credit Card,Every 3 Months,2025
2878,32,Female,Socks,Clothing,46,New Jersey,M,Silver,Summer,3.6,No,Standard,No,No,34,Venmo,Monthly,2025
2964,52,Female,Boots,Footwear,97,Maine,M,Brown,Spring,3.6,No,Free Shipping,No,No,28,Credit Card,Weekly,2025
403,31,Male,Backpack,Accessories,78,California,L,Cyan,Fall,3.0,Yes,Express,Yes,Yes,26,PayPal,Monthly,2025
3187,38,Female,Jewelry,Accessories,93,Virginia,S,Cyan,Winter,4.8,No,Store Pickup,No,No,43,Venmo,Annually,2025
309,66,Male,Handbag,Accessories,29,Maryland,M,Beige,Fall,3.7,Yes,Standard,Yes,Yes,45,Venmo,Bi-Weekly,2025
3696,38,Female,Skirt,Clothing,33,Florida,M,White,Fall,4.6,No,Standard,No,No,18,Bank Transfer,Fortnightly,2025
976,58,Male,Sweater,Clothing,40,Washington,M,Olive,Summer,3.8,Yes,2-Day Shipping,Yes,Yes,2,Bank Transfer,Weekly,2025
3799,63,Female,Jewelry,Accessories,72,Rhode Island,S,Brown,Winter,3.2,No,Next Day Air,No,No,23,Credit Card,Annually,2025
1345,56,Male,T-shirt,Clothing,37,New York,S,Violet,Fall,4.9,No,Next Day Air,Yes,Yes,14,Cash,Annually,2025
970,40,Male,Coat,Outerwear,31,California,S,Pink,Fall,3.2,Yes,Express,Yes,Yes,37,PayPal,Monthly,2025
990,70,Male,Shoes,Footwear,31,Texas,M,Beige,Spring,3.1,Yes,Store Pickup,Yes,Yes,2,Bank Transfer,Monthly,2025
883,50,Male,Boots,Footwear,35,Virginia,M,Cyan,Fall,3.8,Yes,Next Day Air,Yes,Yes,37,Cash,Every 3 Months,2025
1889,62,Male,Hoodie,Clothing,89,South Dakota,XL,Turquoise,Winter,3.4,No,Free Shipping,No,No,48,Credit Card,Weekly,2025
3498,35,Female,Handbag,Accessories,48,Colorado,M,Red,Spring,4.3,No,Store Pickup,No,No,16,Venmo,Every 3 Months,2025
3253,69,Female,Sandals,Footwear,21,Montana,L,Brown,Spring,2.7,No,Store Pickup,No,No,48,Credit Card,Fortnightly,2025
319,45,Male,Backpack,Accessories,67,South Dakota,M,Beige,Winter,2.5,Yes,Standard,Yes,Yes,10,Cash,Annually,2025
3572,70,Female,Skirt,Clothing,27,North Dakota,M,White,Summer,3.2,No,Standard,No,No,15,Bank Transfer,Every 3 Months,2025
944,32,Male,Hat,Accessories,63,Oklahoma,L,Cyan,Winter,3.8,Yes,Next Day Air,Yes,Yes,13,Venmo,Fortnightly,2025
2309,49,Male,Sunglasses,Accessories,81,North Dakota,M,Teal,Winter,3.4,No,2-Day Shipping,No,No,22,Bank Transfer,Quarterly,2025
2013,48,Male,Jeans,Clothing,53,Nevada,L,Green,Fall,3.2,No,Store Pickup,No,No,5,Cash,Fortnightly,2025
2978,38,Female,Shorts,Clothing,47,Washington,L,Gold,Winter,3.4,No,Standard,No,No,20,Venmo,Annually,2025
2970,36,Female,Belt,Accessories,62,Vermont,S,Blue,Fall,4.3,No,Next Day Air,No,No,20,Cash,Every 3 Months,2025
1276,55,Male,Sweater,Clothing,32,Arkansas,S,Turquoise,Fall,4.5,No,Standard,Yes,Yes,1,PayPal,Monthly,2025
2792,43,Female,Gloves,Accessories,60,Iowa,M,Yellow,Fall,2.8,No,Express,No,No,14,Venmo,Fortnightly,2025
534,57,Male,Sandals,Footwear,60,North Carolina,L,Pink,Spring,4.5,Yes,Next Day Air,Yes,Yes,17,Debit Card,Weekly,2025
3365,50,Female,Scarf,Accessories,33,Oregon,M,Peach,Fall,3.2,No,Standard,No,No,7,Credit Card,Monthly,2025
1923,18,Male,Gloves,Accessories,63,Kentucky,S,Peach,Summer,4.6,No,Standard,No,No,9,PayPal,Monthly,2025
3129,65,Female,Jacket,Outerwear,32,Arkansas,S,Indigo,Fall,4.4,No,Standard,No,No,20,Cash,Annually,2025
2068,60,Male,Pants,Clothing,21,Maryland,XL,Beige,Fall,3.1,No,2-Day Shipping,No,No,23,Cash,Fortnightly,2025
3144,68,Female,Hoodie,Clothing,22,Arizona,M,Purple,Summer,2.9,No,Store Pickup,No,No,26,Cash,Quarterly,2025
384,50,Male,Sunglasses,Accessories,77,West Virginia,S,Magenta,Fall,2.9,Yes,Standard,Yes,Yes,6,PayPal,Quarterly,2025
2078,64,Male,Scarf,Accessories,34,Nebraska,L,Orange,Fall,3.3,No,Free Shipping,No,No,26,Bank Transfer,Annually,2025
1758,19,Male,Dress,Clothing,94,Michigan,L,Yellow,Fall,3.6,No,Standard,No,No,48,Debit Card,Annually,2025
2810,66,Female,Shorts,Clothing,98,Arkansas,XL,Teal,Summer,3.0,No,Standard,No,No,27,Debit Card,Quarterly,2025
2043,19,Male,Shoes,Footwear,52,Alabama,M,Red,Spring,4.0,No,2-Day Shipping,No,No,35,Venmo,Monthly,2025
3740,38,Female,Sunglasses,Accessories,31,Idaho,M,Olive,Fall,4.2,No,Free Shipping,No,No,43,Credit Card,Weekly,2025
1377,57,Male,Sandals,Footwear,65,New Jersey,L,Pink,Spring,5.0,No,Free Shipping,Yes,Yes,24,PayPal,Annually,2025
1712,21,Male,T-shirt,Clothing,93,North Carolina,M,Lavender,Spring,4.7,No,Express,No,No,19,Credit Card,Monthly,2025
465,23,Male,Sunglasses,Accessories,52,Alabama,M,Silver,Winter,4.7,Yes,Next Day Air,Yes,Yes,45,PayPal,Monthly,2025
1979,45,Male,Sunglasses,Accessories,78,Massachusetts,L,Magenta,Spring,3.8,No,Store Pickup,No,No,1,Cash,Quarterly,2025
105,55,Male,Sunglasses,Accessories,24,New Hampshire,L,Pink,Spring,4.4,Yes,2-Day Shipping,Yes,Yes,1,PayPal,Monthly,2025
1825,58,Male,Pants,Clothing,47,Illinois,XL,Magenta,Winter,3.8,No,Express,No,No,31,Cash,Monthly,2025
778,55,Male,Socks,Clothing,32,Wyoming,XL,Silver,Spring,2.5,Yes,Express,Yes,Yes,37,Venmo,Weekly,2025
187,39,Male,Backpack,Accessories,56,Minnesota,S,Lavender,Summer,2.9,Yes,Standard,Yes,Yes,31,Debit Card,Annually,2025
2130,40,Male,Skirt,Clothing,57,Minnesota,L,Orange,Fall,2.8,No,Store Pickup,No,No,12,PayPal,Every 3 Months,2025
2789,56,Female,Boots,Footwear,92,Rhode Island,M,Olive,Summer,3.1,No,Free Shipping,No,No,2,Credit Card,Annually,2025
815,31,Male,Shirt,Clothing,62,Minnesota,M,Pink,Winter,3.8,Yes,Express,Yes,Yes,8,PayPal,Monthly,2025
2174,23,Male,Gloves,Accessories,97,Delaware,S,Cyan,Summer,5.0,No,2-Day Shipping,No,No,36,Venmo,Quarterly,2025
2028,50,Male,Shoes,Footwear,73,Nebraska,S,Gold,Fall,4.8,No,Standard,No,No,50,Credit Card,Every 3 Months,2025
1327,40,Male,Shoes,Footwear,50,Texas,M,Indigo,Spring,4.6,No,Free Shipping,Yes,Yes,17,Cash,Monthly,2025
691,25,Male,Shorts,Clothing,68,Alaska,XL,Red,Spring,4.8,Yes,Standard,Yes,Yes,45,Bank Transfer,Weekly,2025
1302,42,Male,Shirt,Clothing,54,Maine,M,Orange,Fall,5.0,No,Express,Yes,Yes,21,Debit Card,Weekly,2025
1928,40,Male,Pants,Clothing,29,Florida,M,Pink,Summer,2.9,No,Standard,No,No,8,Cash,Every 3 Months,2025
818,25,Male,Handbag,Accessories,21,Nevada,S,Gray,Spring,4.7,Yes,Store Pickup,Yes,Yes,30,PayPal,Fortnightly,2025
3291,52,Female,Coat,Outerwear,82,North Dakota,L,Black,Spring,3.1,No,Free Shipping,No,No,2,PayPal,Monthly,2025
1762,21,Male,Hoodie,Clothing,95,Hawaii,S,Green,Fall,4.9,No,2-Day Shipping,No,No,24,Cash,Weekly,2025
3253,69,Female,Sandals,Footwear,21,Montana,L,Brown,Spring,2.7,No,Store Pickup,No,No,48,Credit Card,Fortnightly,2025
2548,47,Male,Jacket,Outerwear,97,Mississippi,M,Beige,Summer,3.2,No,2-Day Shipping,No,No,16,Cash,Weekly,2025
803,38,Male,Pants,Clothing,41,Delaware,M,Teal,Winter,3.5,Yes,Next Day Air,Yes,Yes,2,Bank Transfer,Weekly,2025
1805,30,Male,Sweater,Clothing,42,Louisiana,L,Peach,Winter,4.4,No,Next Day Air,No,No,39,Credit Card,Weekly,2025
3296,70,Female,Blouse,Clothing,34,West Virginia,S,Lavender,Summer,2.8,No,Next Day Air,No,No,15,Cash,Weekly,2025
1070,38,Male,Skirt,Clothing,81,Maryland,XL,White,Fall,4.3,No,Next Day Air,Yes,Yes,33,Venmo,Every 3 Months,2025
2877,65,Female,Hoodie,Clothing,84,New Mexico,M,Charcoal,Spring,3.4,No,2-Day Shipping,No,No,5,Bank Transfer,Fortnightly,2025
2780,61,Female,Sunglasses,Accessories,66,Montana,L,Blue,Winter,4.3,No,Express,No,No,14,Credit Card,Fortnightly,2025
3700,51,Female,Backpack,Accessories,55,Oklahoma,M,Olive,Fall,2.6,No,Store Pickup,No,No,24,Bank Transfer,Weekly,2025
976,58,Male,Sweater,Clothing,40,Washington,M,Olive,Summer,3.8,Yes,2-Day Shipping,Yes,Yes,2,Bank Transfer,Weekly,2025
78,22,Male,Dress,Clothing,53,Delaware,L,Gold,Summer,3.3,Yes,Next Day Air,Yes,Yes,36,Debit Card,Fortnightly,2025
1602,65,Male,Shirt,Clothing,59,Indiana,XL,Red,Spring,2.9,No,Store Pickup,Yes,Yes,33,Credit Card,Monthly,2025
258,20,Male,Handbag,Accessories,53,West Virginia,M,Red,Summer,4.5,Yes,Express,Yes,Yes,5,Credit Card,Quarterly,2025
2906,58,Female,Sunglasses,Accessories,53,New York,L,Black,Winter,4.8,No,Standard,No,No,14,Debit Card,Fortnightly,2025
1051,48,Male,Sneakers,Footwear,64,Florida,M,Beige,Winter,3.8,Yes,Next Day Air,Yes,Yes,19,Venmo,Monthly,2025
255,67,Male,Sunglasses,Accessories,42,Indiana,M,White,Winter,3.5,Yes,Store Pickup,Yes,Yes,4,PayPal,Bi-Weekly,2025
2196,58,Male,Jeans,Clothing,62,New York,M,Brown,Fall,3.7,No,Next Day Air,No,No,2,Cash,Monthly,2025
534,57,Male,Sandals,Footwear,60,North Carolina,L,Pink,Spring,4.5,Yes,Next Day Air,Yes,Yes,17,Debit Card,Weekly,2025
1772,46,Male,Shirt,Clothing,82,Indiana,XL,Turquoise,Fall,4.7,No,Store Pickup,No,No,9,Credit Card,Annually,2025
2840,70,Female,Scarf,Accessories,80,South Dakota,L,Teal,Summer,2.8,No,Store Pickup,No,No,30,Bank Transfer,Monthly,2025
2497,67,Male,Scarf,Accessories,79,Illinois,S,Yellow,Summer,3.2,No,Store Pickup,No,No,37,Credit Card,Weekly,2025
119,50,Male,Sweater,Clothing,45,Kentucky,L,Orange,Fall,4.8,Yes,2-Day Shipping,Yes,Yes,27,Cash,Bi-Weekly,2025
3464,27,Female,Jewelry,Accessories,27,Maine,M,Yellow,Fall,2.8,No,2-Day Shipping,No,No,45,PayPal,Fortnightly,2025
109,70,Male,Socks,Clothing,79,Montana,L,Purple,Spring,3.4,Yes,Next Day Air,Yes,Yes,32,Bank Transfer,Bi-Weekly,2025
637,41,Male,Handbag,Accessories,30,Wisconsin,M,Indigo,Summer,2.8,Yes,Store Pickup,Yes,Yes,14,Bank Transfer,Every 3 Months,2025
3526,45,Female,Sunglasses,Accessories,38,Wyoming,L,Olive,Winter,3.5,No,Standard,No,No,47,Bank Transfer,Annually,2025
455,37,Male,Jacket,Outerwear,97,New Jersey,S,Gold,Summer,3.2,Yes,Next Day Air,Yes,Yes,14,Cash,Bi-Weekly,2025
2243,18,Male,Skirt,Clothing,66,Nevada,M,Orange,Spring,3.8,No,Next Day Air,No,No,5,Credit Card,Bi-Weekly,2025
2646,23,Male,Scarf,Accessories,81,Louisiana,L,Olive,Spring,4.0,No,Store Pickup,No,No,24,Bank Transfer,Bi-Weekly,2025
1230,34,Male,Jewelry,Accessories,52,Kansas,XL,Maroon,Winter,3.6,No,Express,Yes,Yes,39,Bank Transfer,Annually,2025
3533,61,Female,Pants,Clothing,68,Connecticut,L,Indigo,Fall,4.6,No,Standard,No,No,12,Credit Card,Annually,2025
1480,48,Male,Coat,Outerwear,100,Washington,L,Black,Spring,4.0,No,Standard,Yes,Yes,2,Bank Transfer,Weekly,2025
82,67,Male,Shoes,Footwear,96,Virginia,L,Maroon,Summer,2.6,Yes,Express,Yes,Yes,36,Credit Card,Every 3 Months,2025
46,50,Male,Socks,Clothing,21,Tennessee,XL,Indigo,Fall,2.9,Yes,2-Day Shipping,Yes,Yes,25,PayPal,Annually,2025
1862,29,Male,Sneakers,Footwear,60,South Dakota,S,Peach,Fall,3.6,No,Standard,No,No,19,Debit Card,Monthly,2025
2819,46,Female,Shorts,Clothing,73,California,M,Turquoise,Fall,4.7,No,Next Day Air,No,No,12,Debit Card,Annually,2025
1399,30,Male,Dress,Clothing,45,Texas,M,Cyan,Summer,2.5,No,Free Shipping,Yes,Yes,25,Credit Card,Weekly,2025
97,32,Male,Gloves,Accessories,73,Delaware,S,Gold,Spring,3.6,Yes,Express,Yes,Yes,43,Venmo,Every 3 Months,2025
2465,47,Male,Jacket,Outerwear,84,Hawaii,L,Teal,Winter,2.8,No,Express,No,No,4,Cash,Bi-Weekly,2025
2436,21,Male,Sneakers,Footwear,27,Hawaii,S,Black,Fall,4.5,No,Free Shipping,No,No,29,Cash,Bi-Weekly,2025
2360,19,Male,Scarf,Accessories,81,Pennsylvania,S,Gold,Spring,3.3,No,2-Day Shipping,No,No,44,Bank Transfer,Every 3 Months,2025
1371,27,Male,Scarf,Accessories,67,Montana,L,Peach,Summer,2.9,No,2-Day Shipping,Yes,Yes,41,Bank Transfer,Every 3 Months,2025
1208,62,Male,Boots,Footwear,90,Washington,M,White,Summer,4.1,No,Next Day Air,Yes,Yes,48,Credit Card,Every 3 Months,2025
81,19,Male,Sandals,Footwear,72,New York,XL,Blue,Summer,3.3,Yes,Store Pickup,Yes,Yes,24,Credit Card,Every 3 Months,2025
1563,37,Male,Scarf,Accessories,75,Alabama,M,Purple,Winter,3.2,No,Next Day Air,Yes,Yes,23,Venmo,Bi-Weekly,2025
795,69,Male,Backpack,Accessories,50,Kentucky,XL,Yellow,Winter,4.2,Yes,Store Pickup,Yes,Yes,10,Debit Card,Fortnightly,2025
1597,42,Male,Jewelry,Accessories,30,Mississippi,S,Pink,Fall,4.7,No,Store Pickup,Yes,Yes,15,Debit Card,Monthly,2025
1297,48,Male,Jeans,Clothing,29,South Dakota,S,Teal,Spring,2.8,No,Express,Yes,Yes,16,Cash,Bi-Weekly,2025
3638,32,Female,Boots,Footwear,66,Utah,L,Yellow,Winter,3.6,No,Express,No,No,32,Credit Card,Fortnightly,2025
1172,41,Male,Socks,Clothing,55,Louisiana,M,Lavender,Spring,3.9,No,Next Day Air,Yes,Yes,15,Debit Card,Annually,2025
2475,23,Male,T-shirt,Clothing,76,North Carolina,M,Olive,Fall,3.2,No,Store Pickup,No,No,19,Bank Transfer,Quarterly,2025
3885,47,Female,Sandals,Footwear,29,Maryland,M,Brown,Fall,4.9,No,Express,No,No,3,PayPal,Weekly,2025
1245,70,Male,Socks,Clothing,76,Indiana,S,Silver,Summer,3.9,No,2-Day Shipping,Yes,Yes,2,Cash,Monthly,2025
2552,29,Male,Shoes,Footwear,32,Minnesota,M,Maroon,Winter,4.1,No,Next Day Air,No,No,40,Debit Card,Annually,2025
1002,61,Male,Dress,Clothing,60,Washington,M,Orange,Fall,3.6,Yes,Standard,Yes,Yes,4,Debit Card,Fortnightly,2025
3248,53,Female,Gloves,Accessories,91,Arkansas,M,Teal,Summer,3.7,No,Express,No,No,12,PayPal,Fortnightly,2025
2878,32,Female,Socks,Clothing,46,New Jersey,M,Silver,Summer,3.6,No,Standard,No,No,34,Venmo,Monthly,2025
2502,49,Male,Shorts,Clothing,94,West Virginia,M,Violet,Fall,4.6,No,Free Shipping,No,No,30,Venmo,Bi-Weekly,2025
1041,68,Male,Jeans,Clothing,22,North Carolina,S,Magenta,Fall,4.0,Yes,Next Day Air,Yes,Yes,7,Cash,Fortnightly,2025
2913,48,Female,Shoes,Footwear,37,Oregon,M,Yellow,Winter,4.0,No,Standard,No,No,27,Cash,Bi-Weekly,2025
2335,49,Male,Boots,Footwear,79,Kansas,L,Green,Summer,4.2,No,Standard,No,No,7,Credit Card,Monthly,2025
425,66,Male,Sweater,Clothing,23,Illinois,M,Gold,Winter,4.3,Yes,Standard,Yes,Yes,42,PayPal,Fortnightly,2025
2106,65,Male,Gloves,Accessories,35,South Carolina,M,Silver,Spring,4.5,No,Free Shipping,No,No,38,Venmo,Bi-Weekly,2025
1314,70,Male,Shoes,Footwear,28,Missouri,M,Lavender,Summer,2.6,No,Free Shipping,Yes,Yes,23,Credit Card,Bi-Weekly,2025
1699,25,Male,Belt,Accessories,41,Iowa,XL,Turquoise,Winter,4.8,No,Standard,No,No,46,Bank Transfer,Quarterly,2025
779,29,Male,Socks,Clothing,50,Massachusetts,M,Yellow,Summer,2.9,Yes,Store Pickup,Yes,Yes,23,Debit Card,Annually,2025
1174,44,Male,Jewelry,Accessories,76,South Dakota,M,Indigo,Winter,2.5,No,Express,Yes,Yes,42,Cash,Bi-Weekly,2025
3275,46,Female,Sweater,Clothing,20,Oklahoma,M,Cyan,Spring,3.9,No,Store Pickup,No,No,14,Cash,Fortnightly,2025
2909,43,Female,Blouse,Clothing,87,Texas,M,Beige,Winter,3.1,No,Store Pickup,No,No,15,Debit Card,Every 3 Months,2025
2518,64,Male,Shirt,Clothing,38,Wyoming,L,Orange,Spring,2.9,No,Standard,No,No,10,Venmo,Annually,2025
248,29,Male,Sweater,Clothing,66,Montana,XL,Brown,Spring,4.4,Yes,Standard,Yes,Yes,14,Debit Card,Weekly,2025
88,52,Male,Shoes,Footwear,53,Ohio,M,Green,Fall,3.7,Yes,2-Day Shipping,Yes,Yes,44,Debit Card,Fortnightly,2025
3691,24,Female,Blouse,Clothing,23,Kansas,S,Violet,Fall,3.7,No,Store Pickup,No,No,4,Bank Transfer,Bi-Weekly,2025
2509,23,Male,Sneakers,Footwear,90,California,XL,Indigo,Spring,3.1,No,2-Day Shipping,No,No,5,Debit Card,Bi-Weekly,2025
618,50,Male,Backpack,Accessories,57,Colorado,M,Maroon,Fall,2.6,Yes,Standard,Yes,Yes,2,Bank Transfer,Quarterly,2025
2448,59,Male,Pants,Clothing,47,South Dakota,L,Peach,Fall,3.2,No,Store Pickup,No,No,10,Venmo,Fortnightly,2025
3422,57,Female,Shoes,Footwear,30,New Jersey,M,Maroon,Summer,2.9,No,Free Shipping,No,No,27,PayPal,Weekly,2025
120,38,Male,Coat,Outerwear,76,Wyoming,M,Orange,Fall,4.3,Yes,Express,Yes,Yes,44,Cash,Annually,2025
1091,38,Male,Scarf,Accessories,58,Connecticut,M,Violet,Spring,4.2,No,Store Pickup,Yes,Yes,27,Cash,Fortnightly,2025
1172,41,Male,Socks,Clothing,55,Louisiana,M,Lavender,Spring,3.9,No,Next Day Air,Yes,Yes,15,Debit Card,Annually,2025
3274,58,Female,Belt,Accessories,45,Nevada,S,Orange,Summer,2.6,No,Free Shipping,No,No,34,PayPal,Every 3 Months,2025
3833,64,Female,Boots,Footwear,38,Kansas,XL,Purple,Winter,4.8,No,2-Day Shipping,No,No,27,Cash,Weekly,2025
646,62,Male,Hoodie,Clothing,42,Oklahoma,S,Purple,Summer,4.2,Yes,Express,Yes,Yes,15,Venmo,Bi-Weekly,2025
2675,40,Female,Hat,Accessories,41,Florida,S,Charcoal,Fall,3.3,No,Express,No,No,15,Cash,Every 3 Months,2025
992,20,Male,Shorts,Clothing,97,Wisconsin,XL,White,Spring,2.7,Yes,Standard,Yes,Yes,40,Bank Transfer,Bi-Weekly,2025
2040,35,Male,T-shirt,Clothing,51,Minnesota,M,Olive,Spring,3.1,No,Next Day Air,No,No,31,Debit Card,Bi-Weekly,2025
1420,43,Male,Handbag,Accessories,75,Montana,M,Orange,Summer,2.6,No,Free Shipping,Yes,Yes,4,Debit Card,Quarterly,2025
3116,26,Female,Scarf,Accessories,53,South Dakota,M,Charcoal,Fall,4.1,No,Free Shipping,No,No,9,Bank Transfer,Bi-Weekly,2025
1167,48,Male,Dress,Clothing,48,Connecticut,S,Lavender,Winter,3.7,No,Store Pickup,Yes,Yes,22,Venmo,Fortnightly,2025
1400,19,Male,Hat,Accessories,81,Nebraska,M,Olive,Winter,3.1,No,Store Pickup,Yes,Yes,48,Venmo,Annually,2025
2462,28,Male,Scarf,Accessories,86,Pennsylvania,L,Red,Summer,4.8,No,Next Day Air,No,No,19,Credit Card,Weekly,2025
2255,24,Male,Belt,Accessories,79,North Dakota,M,Gold,Winter,4.2,No,Store Pickup,No,No,44,PayPal,Every 3 Months,2025
492,49,Male,Coat,Outerwear,69,Vermont,M,Silver,Summer,3.7,Yes,2-Day Shipping,Yes,Yes,24,Credit Card,Bi-Weekly,2025
3624,39,Female,Jewelry,Accessories,89,Arkansas,M,Violet,Winter,2.7,No,2-Day Shipping,No,No,4,PayPal,Weekly,2025
2072,69,Male,Jacket,Outerwear,100,South Carolina,S,Yellow,Fall,4.8,No,Store Pickup,No,No,37,PayPal,Quarterly,2025
153,30,Male,Shirt,Clothing,85,South Carolina,S,Brown,Summer,4.3,Yes,Express,Yes,Yes,42,Venmo,Annually,2025
2452,41,Male,Socks,Clothing,60,Oklahoma,M,Purple,Fall,3.4,No,Store Pickup,No,No,27,Venmo,Monthly,2025
3728,41,Female,Socks,Clothing,83,Maine,M,Gold,Summer,3.5,No,Next Day Air,No,No,17,Debit Card,Bi-Weekly,2025
1386,41,Male,Jewelry,Accessories,64,Mississippi,M,Indigo,Fall,2.6,No,Store Pickup,Yes,Yes,1,Bank Transfer,Bi-Weekly,2025
3034,22,Female,Sweater,Clothing,56,Alabama,L,Orange,Spring,2.6,No,Store Pickup,No,No,9,PayPal,Weekly,2025
1830,30,Male,Hat,Accessories,96,Oregon,M,White,Spring,4.9,No,2-Day Shipping,No,No,50,Credit Card,Quarterly,2025
3110,60,Female,Jacket,Outerwear,92,Illinois,M,Gray,Winter,4.3,No,Free Shipping,No,No,47,Bank Transfer,Fortnightly,2025
1794,65,Male,Hat,Accessories,92,Iowa,S,White,Fall,3.8,No,Store Pickup,No,No,45,Cash,Every 3 Months,2025
3782,52,Female,Boots,Footwear,99,Tennessee,M,Pink,Winter,3.7,No,Standard,No,No,40,PayPal,Fortnightly,2025
2811,27,Female,Jeans,Clothing,31,Arizona,M,Purple,Summer,4.0,No,Standard,No,No,10,Debit Card,Fortnightly,2025
3347,30,Female,Jeans,Clothing,99,Oklahoma,M,Black,Summer,3.4,No,Express,No,No,30,Venmo,Quarterly,2025
495,38,Male,Boots,Footwear,68,Indiana,M,Indigo,Winter,4.5,Yes,Express,Yes,Yes,42,Debit Card,Weekly,2025
1620,57,Male,Handbag,Accessories,78,Hawaii,L,Beige,Winter,3.5,No,Store Pickup,Yes,Yes,50,Venmo,Bi-Weekly,2025
3800,60,Female,Jacket,Outerwear,26,Oklahoma,L,Violet,Winter,2.6,No,Store Pickup,No,No,13,Credit Card,Monthly,2025
1644,38,Male,Scarf,Accessories,77,Ohio,L,Pink,Summer,3.9,No,2-Day Shipping,Yes,Yes,6,PayPal,Monthly,2025
3845,30,Female,Shorts,Clothing,87,Montana,S,Cyan,Fall,5.0,No,Next Day Air,No,No,40,Venmo,Quarterly,2025
61,50,Male,Sweater,Clothing,37,Idaho,L,Brown,Summer,4.0,Yes,Express,Yes,Yes,17,Cash,Weekly,2025
2156,32,Male,Handbag,Accessories,51,Hawaii,L,Yellow,Fall,3.7,No,Store Pickup,No,No,46,PayPal,Monthly,2025
3137,58,Female,Skirt,Clothing,32,Minnesota,M,Gray,Fall,3.1,No,Next Day Air,No,No,29,Cash,Bi-Weekly,2025
969,57,Male,Shorts,Clothing,67,North Carolina,L,Gray,Summer,3.1,Yes,Next Day Air,Yes,Yes,48,Bank Transfer,Quarterly,2025
2691,44,Female,Belt,Accessories,32,New Mexico,L,Yellow,Summer,4.7,No,Free Shipping,No,No,18,Bank Transfer,Weekly,2025
941,48,Male,Belt,Accessories,44,Colorado,S,Maroon,Spring,2.6,Yes,Store Pickup,Yes,Yes,15,PayPal,Every 3 Months,2025
2966,48,Female,Scarf,Accessories,45,Delaware,M,Blue,Summer,4.4,No,Standard,No,No,25,PayPal,Fortnightly,2025
1406,33,Male,Socks,Clothing,100,New Hampshire,M,Peach,Winter,2.7,No,Store Pickup,Yes,Yes,39,Credit Card,Monthly,2025
2563,57,Male,Shorts,Clothing,62,Arizona,XL,Yellow,Spring,4.7,No,Standard,No,No,27,Cash,Fortnightly,2025
2951,22,Female,Jeans,Clothing,91,Iowa,S,Maroon,Winter,4.1,No,2-Day Shipping,No,No,44,Debit Card,Every 3 Months,2025
2170,31,Male,Coat,Outerwear,42,Florida,M,Brown,Fall,2.9,No,Next Day Air,No,No,32,Bank Transfer,Bi-Weekly,2025
1248,65,Male,T-shirt,Clothing,99,Virginia,M,Charcoal,Spring,3.5,No,Express,Yes,Yes,18,Venmo,Bi-Weekly,2025
1397,37,Male,Pants,Clothing,30,Wisconsin,XL,Lavender,Winter,3.0,No,Next Day Air,Yes,Yes,49,Debit Card,Monthly,2025
3574,43,Female,Jeans,Clothing,67,Connecticut,L,Maroon,Fall,4.9,No,Free Shipping,No,No,27,PayPal,Monthly,2025
2528,19,Male,Pants,Clothing,36,Illinois,M,Gold,Fall,3.6,No,Express,No,No,33,Bank Transfer,Every 3 Months,2025
1298,44,Male,Sandals,Footwear,85,New Jersey,M,Silver,Summer,4.6,No,Standard,Yes,Yes,32,Venmo,Annually,2025
3575,29,Female,Socks,Clothing,70,New York,M,Cyan,Fall,4.9,No,Express,No,No,39,Bank Transfer,Quarterly,2025
596,30,Male,Shoes,Footwear,77,Delaware,M,Silver,Summer,3.6,Yes,Next Day Air,Yes,Yes,47,PayPal,Quarterly,2025
2676,24,Female,Shorts,Clothing,38,Virginia,M,Peach,Winter,3.4,No,Free Shipping,No,No,38,Cash,Bi-Weekly,2025
2389,21,Male,Dress,Clothing,68,Alabama,M,Peach,Fall,4.1,No,Store Pickup,No,No,10,Debit Card,Annually,2025
471,50,Male,Dress,Clothing,63,Minnesota,L,Teal,Summer,4.6,Yes,Express,Yes,Yes,6,Cash,Every 3 Months,2025
1664,43,Male,Shirt,Clothing,22,Maine,XL,Gold,Summer,3.5,No,Standard,Yes,Yes,1,Cash,Bi-Weekly,2025
1301,67,Male,T-shirt,Clothing,100,West Virginia,M,Charcoal,Spring,4.5,No,Next Day Air,Yes,Yes,47,Credit Card,Every 3 Months,2025
3567,28,Female,Jeans,Clothing,88,Alaska,S,Orange,Spring,3.1,No,Next Day Air,No,No,14,Venmo,Monthly,2025
1775,46,Male,Sweater,Clothing,78,New York,M,Lavender,Spring,3.7,No,Express,No,No,6,PayPal,Weekly,2025
541,49,Male,Dress,Clothing,37,South Carolina,M,Lavender,Spring,3.1,Yes,Next Day Air,Yes,Yes,33,Cash,Every 3 Months,2025
1183,37,Male,Jewelry,Accessories,21,New Mexico,M,Maroon,Spring,3.8,No,Express,Yes,Yes,45,PayPal,Quarterly,2025
3312,29,Female,Hat,Accessories,52,Florida,L,Blue,Summer,4.0,No,Express,No,No,18,Bank Transfer,Annually,2025
2836,33,Female,T-shirt,Clothing,84,Vermont,S,Pink,Winter,4.9,No,Free Shipping,No,No,7,Venmo,Annually,2025
1081,65,Male,Scarf,Accessories,59,Pennsylvania,L,Blue,Fall,3.8,No,Express,Yes,Yes,22,Cash,Every 3 Months,2025
3036,69,Female,Handbag,Accessories,64,Kentucky,M,Gold,Spring,4.5,No,Free Shipping,No,No,18,Cash,Bi-Weekly,2025
2460,47,Male,Socks,Clothing,36,Missouri,L,Violet,Fall,4.3,No,2-Day Shipping,No,No,14,Cash,Weekly,2025
505,42,Male,Shoes,Footwear,22,Missouri,M,Maroon,Winter,3.9,Yes,Free Shipping,Yes,Yes,26,PayPal,Annually,2025
2733,21,Female,Socks,Clothing,75,Delaware,L,Orange,Winter,4.2,No,Store Pickup,No,No,27,Debit Card,Every 3 Months,2025
1652,59,Male,Coat,Outerwear,80,Texas,M,Blue,Winter,3.9,No,Standard,Yes,Yes,42,Debit Card,Monthly,2025
2680,53,Female,Shorts,Clothing,68,Montana,S,Yellow,Spring,3.8,No,Express,No,No,7,Debit Card,Quarterly,2025
2185,38,Male,Shoes,Footwear,34,Nevada,S,Gold,Spring,3.2,No,Free Shipping,No,No,16,PayPal,Every 3 Months,2025
363,53,Male,Sneakers,Footwear,64,Texas,M,Charcoal,Fall,3.4,Yes,Free Shipping,Yes,Yes,1,Venmo,Fortnightly,2025
3020,19,Female,Jacket,Outerwear,44,Utah,M,Yellow,Winter,3.9,No,2-Day Shipping,No,No,15,PayPal,Annually,2025
3366,43,Female,Skirt,Clothing,58,Tennessee,L,Teal,Fall,3.9,No,Express,No,No,45,Credit Card,Every 3 Months,2025
2523,20,Male,Belt,Accessories,53,Massachusetts,S,Olive,Winter,2.5,No,2-Day Shipping,No,No,20,Debit Card,Weekly,2025
2601,21,Male,Belt,Accessories,83,New York,M,Gray,Fall,3.9,No,Express,No,No,6,Bank Transfer,Bi-Weekly,2025
2048,58,Male,Jewelry,Accessories,82,Connecticut,M,Silver,Summer,3.1,No,Store Pickup,No,No,32,Cash,Annually,2025
114,44,Male,Hat,Accessories,54,New Jersey,L,Maroon,Winter,3.1,Yes,Next Day Air,Yes,Yes,20,PayPal,Quarterly,2025
1796,68,Male,Jeans,Clothing,20,Wisconsin,S,Violet,Fall,4.0,No,2-Day Shipping,No,No,9,Debit Card,Fortnightly,2025
368,52,Male,Dress,Clothing,40,Tennessee,XL,Cyan,Spring,2.8,Yes,Store Pickup,Yes,Yes,18,Bank Transfer,Monthly,2025
1970,64,Male,Dress,Clothing,32,Louisiana,S,Cyan,Winter,3.5,No,Next Day Air,No,No,11,Bank Transfer,Fortnightly,2025
2369,29,Male,Sunglasses,Accessories,38,New Jersey,M,Lavender,Summer,3.3,No,Standard,No,No,6,Debit Card,Every 3 Months,2025
852,35,Male,Sandals,Footwear,86,Massachusetts,M,Red,Summer,2.9,Yes,Express,Yes,Yes,19,Debit Card,Monthly,2025
265,36,Male,Pants,Clothing,78,Colorado,S,Charcoal,Fall,3.9,Yes,Store Pickup,Yes,Yes,15,Cash,Annually,2025
294,69,Male,Handbag,Accessories,39,Connecticut,M,White,Spring,2.7,Yes,Express,Yes,Yes,33,PayPal,Annually,2025
3853,65,Female,Hat,Accessories,79,Mississippi,M,Peach,Fall,4.0,No,2-Day Shipping,No,No,19,PayPal,Weekly,2025
38,35,Male,Jeans,Clothing,45,Indiana,S,Cyan,Summer,2.8,Yes,Store Pickup,Yes,Yes,10,PayPal,Weekly,2025
316,66,Male,Jewelry,Accessories,24,Wisconsin,XL,Orange,Spring,4.5,Yes,Express,Yes,Yes,24,Debit Card,Annually,2025
1846,51,Male,Sandals,Footwear,78,Delaware,M,Orange,Winter,2.8,No,2-Day Shipping,No,No,39,Bank Transfer,Quarterly,2025
3164,49,Female,Pants,Clothing,66,Nebraska,XL,Turquoise,Summer,2.8,No,Express,No,No,36,Cash,Monthly,2025
2082,24,Male,Coat,Outerwear,78,Alabama,S,Cyan,Spring,4.3,No,Standard,No,No,48,Bank Transfer,Bi-Weekly,2025
3284,47,Female,Jacket,Outerwear,24,North Carolina,L,Purple,Spring,2.9,No,Express,No,No,10,Debit Card,Every 3 Months,2025
2748,18,Female,Jeans,Clothing,62,West Virginia,M,Teal,Winter,3.1,No,Free Shipping,No,No,21,Credit Card,Every 3 Months,2025
18,53,Male,Dress,Clothing,38,Mississippi,XL,Lavender,Winter,4.7,Yes,2-Day Shipping,Yes,Yes,36,Venmo,Quarterly,2025
374,23,Male,Coat,Outerwear,27,North Dakota,L,White,Summer,4.6,Yes,Express,Yes,Yes,11,Venmo,Bi-Weekly,2025
539,27,Male,Socks,Clothing,22,Virginia,XL,Green,Spring,3.2,Yes,Free Shipping,Yes,Yes,43,Cash,Weekly,2025
605,44,Male,Sunglasses,Accessories,92,West Virginia,S,Pink,Fall,4.4,Yes,Store Pickup,Yes,Yes,11,Credit Card,Every 3 Months,2025
3395,31,Female,Sandals,Footwear,98,Vermont,S,Yellow,Spring,4.2,No,Store Pickup,No,No,9,PayPal,Annually,2025
1877,54,Male,Skirt,Clothing,36,Illinois,M,Gray,Fall,2.6,No,Standard,No,No,20,Venmo,Quarterly,2025
1158,37,Male,Belt,Accessories,66,Maryland,M,Charcoal,Fall,4.4,No,Standard,Yes,Yes,11,Cash,Quarterly,2025
3417,25,Female,Sandals,Footwear,53,Alabama,M,Purple,Spring,3.2,No,Store Pickup,No,No,11,Bank Transfer,Every 3 Months,2025
2251,41,Male,Shoes,Footwear,89,Colorado,L,Pink,Summer,4.6,No,Store Pickup,No,No,19,Credit Card,Weekly,2025
624,19,Male,Shoes,Footwear,70,Nevada,M,White,Fall,4.7,Yes,Standard,Yes,Yes,48,PayPal,Bi-Weekly,2025
1879,34,Male,Socks,Clothing,29,Oklahoma,L,Magenta,Summer,3.4,No,Store Pickup,No,No,5,Credit Card,Monthly,2025
2602,61,Male,Dress,Clothing,33,Mississippi,L,Orange,Winter,2.9,No,Store Pickup,No,No,43,Cash,Monthly,2025
2115,37,Male,Shirt,Clothing,51,Vermont,M,Magenta,Winter,2.9,No,Standard,No,No,12,Debit Card,Annually,2025
903,43,Male,Hat,Accessories,44,Kentucky,M,Beige,Summer,2.8,Yes,Next Day Air,Yes,Yes,5,Cash,Monthly,2025
3606,68,Female,Jeans,Clothing,41,Alabama,M,Gold,Fall,4.3,No,Store Pickup,No,No,36,Bank Transfer,Every 3 Months,2025
3434,62,Female,Socks,Clothing,93,Alaska,M,Yellow,Spring,4.5,No,Free Shipping,No,No,28,PayPal,Annually,2025
191,65,Male,Coat,Outerwear,70,Indiana,XL,Beige,Fall,3.0,Yes,Free Shipping,Yes,Yes,48,Venmo,Quarterly,2025
2117,67,Male,Jacket,Outerwear,23,Kansas,M,Teal,Summer,2.9,No,Express,No,No,50,Debit Card,Bi-Weekly,2025
121,64,Male,Hat,Accessories,84,West Virginia,L,Red,Summer,4.0,Yes,Express,Yes,Yes,32,Bank Transfer,Annually,2025
11,53,Male,Shoes,Footwear,34,Arkansas,L,Purple,Fall,4.1,Yes,Store Pickup,Yes,Yes,26,Bank Transfer,Bi-Weekly,2025
3003,70,Female,Belt,Accessories,29,Louisiana,M,Maroon,Fall,3.6,No,Next Day Air,No,No,19,Bank Transfer,Quarterly,2025
2560,48,Male,Belt,Accessories,71,Mississippi,S,Green,Winter,4.0,No,Free Shipping,No,No,21,Debit Card,Every 3 Months,2025
1024,61,Male,Sunglasses,Accessories,71,Maine,S,Turquoise,Winter,3.5,Yes,Free Shipping,Yes,Yes,29,Bank Transfer,Every 3 Months,2025
1675,35,Male,Coat,Outerwear,56,Alaska,M,Peach,Winter,3.2,No,Free Shipping,Yes,Yes,10,Debit Card,Fortnightly,2025
2907,58,Female,Coat,Outerwear,27,Virginia,M,Indigo,Spring,3.9,No,Standard,No,No,7,Venmo,Annually,2025
112,26,Male,Belt,Accessories,75,Massachusetts,L,Purple,Summer,5.0,Yes,Free Shipping,Yes,Yes,9,Credit Card,Annually,2025
3578,66,Female,Belt,Accessories,35,Missouri,S,Yellow,Winter,2.6,No,Standard,No,No,13,Bank Transfer,Weekly,2025
3513,36,Female,Shirt,Clothing,46,Kentucky,M,White,Fall,3.4,No,Free Shipping,No,No,31,Debit Card,Quarterly,2025
3197,24,Female,Belt,Accessories,59,Wisconsin,L,Maroon,Winter,2.8,No,Express,No,No,21,Debit Card,Fortnightly,2025
3578,66,Female,Belt,Accessories,35,Missouri,S,Yellow,Winter,2.6,No,Standard,No,No,13,Bank Transfer,Weekly,2025
1664,43,Male,Shirt,Clothing,22,Maine,XL,Gold,Summer,3.5,No,Standard,Yes,Yes,1,Cash,Bi-Weekly,2025
2239,40,Male,Sneakers,Footwear,84,Florida,L,Beige,Winter,3.8,No,Standard,No,No,18,Debit Card,Weekly,2025
2904,38,Female,Scarf,Accessories,39,Delaware,S,Teal,Spring,3.5,No,2-Day Shipping,No,No,24,Credit Card,Every 3 Months,2025
2238,45,Male,Sandals,Footwear,34,Alabama,S,Black,Summer,3.8,No,Next Day Air,No,No,31,Venmo,Every 3 Months,2025
2401,43,Male,Sunglasses,Accessories,88,Oregon,M,Peach,Winter,4.2,No,Next Day Air,No,No,11,Credit Card,Bi-Weekly,2025
1284,69,Male,Shirt,Clothing,94,Oregon,M,Violet,Winter,3.9,No,2-Day Shipping,Yes,Yes,23,Debit Card,Every 3 Months,2025
227,29,Male,Shoes,Footwear,74,Texas,L,Violet,Spring,3.3,Yes,Free Shipping,Yes,Yes,5,PayPal,Monthly,2025
1539,56,Male,Dress,Clothing,65,Illinois,L,Charcoal,Fall,3.2,No,Standard,Yes,Yes,22,Venmo,Bi-Weekly,2025
2025,62,Male,Socks,Clothing,23,Arkansas,L,Silver,Fall,3.7,No,Express,No,No,39,PayPal,Weekly,2025
2520,40,Male,Jacket,Outerwear,90,Michigan,L,Magenta,Spring,4.9,No,Standard,No,No,21,Credit Card,Quarterly,2025
962,62,Male,Boots,Footwear,72,Pennsylvania,L,Olive,Fall,3.7,Yes,Next Day Air,Yes,Yes,37,Debit Card,Quarterly,2025
1079,37,Male,Sweater,Clothing,59,Arizona,M,Silver,Fall,4.4,No,Express,Yes,Yes,49,Credit Card,Fortnightly,2025
2071,56,Male,Jewelry,Accessories,88,Nebraska,XL,Red,Spring,3.1,No,Express,No,No,14,Cash,Monthly,2025
1670,42,Male,T-shirt,Clothing,59,Wisconsin,L,Maroon,Winter,2.7,No,Store Pickup,Yes,Yes,22,Bank Transfer,Quarterly,2025
2855,36,Female,Sandals,Footwear,28,Delaware,M,Beige,Fall,2.7,No,Store Pickup,No,No,25,Venmo,Monthly,2025
166,42,Male,Handbag,Accessories,60,Kentucky,S,Yellow,Winter,2.8,Yes,Store Pickup,Yes,Yes,7,Cash,Monthly,2025
404,19,Male,Sneakers,Footwear,45,Nevada,M,Orange,Winter,4.5,Yes,Next Day Air,Yes,Yes,12,Bank Transfer,Annually,2025
2664,46,Female,Sneakers,Footwear,52,Wisconsin,L,Silver,Fall,2.9,No,Free Shipping,No,No,23,Bank Transfer,Annually,2025
2313,19,Male,T-shirt,Clothing,30,Vermont,L,Violet,Summer,3.7,No,Free Shipping,No,No,19,Cash,Every 3 Months,2025
3392,47,Female,Hoodie,Clothing,57,Montana,M,Silver,Fall,3.7,No,2-Day Shipping,No,No,6,Debit Card,Every 3 Months,2025
773,18,Male,Jeans,Clothing,22,Illinois,L,Teal,Fall,3.6,Yes,Free Shipping,Yes,Yes,40,Debit Card,Bi-Weekly,2025
2349,54,Male,Shoes,Footwear,84,Maine,M,Orange,Spring,4.9,No,Next Day Air,No,No,16,PayPal,Every 3 Months,2025
1923,18,Male,Gloves,Accessories,63,Kentucky,S,Peach,Summer,4.6,No,Standard,No,No,9,PayPal,Monthly,2025
2623,63,Male,Backpack,Accessories,75,New Hampshire,M,Yellow,Spring,4.9,No,2-Day Shipping,No,No,15,Credit Card,Annually,2025
3844,64,Female,Hat,Accessories,71,Georgia,L,Silver,Winter,4.0,No,Free Shipping,No,No,48,Venmo,Every 3 Months,2025
2504,69,Male,Boots,Footwear,77,Ohio,M,Violet,Summer,2.5,No,Store Pickup,No,No,5,Debit Card,Bi-Weekly,2025
1749,34,Male,Skirt,Clothing,93,Montana,L,Teal,Winter,3.9,No,2-Day Shipping,No,No,41,Bank Transfer,Annually,2025
2059,29,Male,Shirt,Clothing,98,Washington,M,Brown,Winter,3.3,No,Store Pickup,No,No,17,Bank Transfer,Quarterly,2025
3600,37,Female,Scarf,Accessories,34,Kansas,S,Peach,Spring,4.6,No,Express,No,No,4,Cash,Weekly,2025
492,49,Male,Coat,Outerwear,69,Vermont,M,Silver,Summer,3.7,Yes,2-Day Shipping,Yes,Yes,24,Credit Card,Bi-Weekly,2025
2381,41,Male,Scarf,Accessories,66,Pennsylvania,M,Black,Fall,2.5,No,Next Day Air,No,No,36,PayPal,Fortnightly,2025
111,56,Male,Backpack,Accessories,26,New York,M,Black,Summer,4.0,Yes,Standard,Yes,Yes,26,Venmo,Fortnightly,2025
530,32,Male,Shorts,Clothing,84,California,M,Orange,Fall,3.7,Yes,Standard,Yes,Yes,6,Credit Card,Monthly,2025
1039,41,Male,Pants,Clothing,74,Nebraska,XL,Cyan,Fall,3.0,Yes,Express,Yes,Yes,3,Bank Transfer,Weekly,2025
959,70,Male,Sneakers,Footwear,53,Washington,XL,Beige,Winter,4.4,Yes,Free Shipping,Yes,Yes,31,Credit Card,Bi-Weekly,2025
1602,65,Male,Shirt,Clothing,59,Indiana,XL,Red,Spring,2.9,No,Store Pickup,Yes,Yes,33,Credit Card,Monthly,2025
1973,54,Male,Backpack,Accessories,31,Louisiana,M,Silver,Summer,3.3,No,Express,No,No,48,PayPal,Every 3 Months,2025
